solid OpenSCAD_Model
  facet normal -0.997265 -0.0522655 0.0522645
    outer loop
      vertex -8.32912 -0.875425 30
      vertex -8.17393 -0.875425 32.9612
      vertex -8.375 0 30
    endloop
  endfacet
  facet normal -0.997265 -0.0522672 0.0522639
    outer loop
      vertex -8.17393 -0.875425 32.9612
      vertex -8.21956 0 32.966
      vertex -8.375 0 30
    endloop
  endfacet
  facet normal -0.986369 -0.15622 0.0516932
    outer loop
      vertex -8.19199 -1.74126 30
      vertex -8.03755 -1.74126 32.9469
      vertex -8.32912 -0.875425 30
    endloop
  endfacet
  facet normal -0.986369 -0.156219 0.0516934
    outer loop
      vertex -8.03755 -1.74126 32.9469
      vertex -8.17393 -0.875425 32.9612
      vertex -8.32912 -0.875425 30
    endloop
  endfacet
  facet normal -0.96469 -0.258489 0.0505595
    outer loop
      vertex -7.9651 -2.58802 30
      vertex -7.8119 -2.58802 32.9231
      vertex -8.19199 -1.74126 30
    endloop
  endfacet
  facet normal -0.964688 -0.258497 0.050557
    outer loop
      vertex -7.8119 -2.58802 32.9231
      vertex -8.03755 -1.74126 32.9469
      vertex -8.19199 -1.74126 30
    endloop
  endfacet
  facet normal -0.932463 -0.357945 0.048867
    outer loop
      vertex -7.65094 -3.40642 30
      vertex -7.49947 -3.40642 32.8903
      vertex -7.9651 -2.58802 30
    endloop
  endfacet
  facet normal -0.932467 -0.357935 0.0488707
    outer loop
      vertex -7.49947 -3.40642 32.8903
      vertex -7.8119 -2.58802 32.9231
      vertex -7.9651 -2.58802 30
    endloop
  endfacet
  facet normal -0.890037 -0.453496 0.0466436
    outer loop
      vertex -7.25296 -4.1875 30
      vertex -7.10367 -4.1875 32.8487
      vertex -7.65094 -3.40642 30
    endloop
  endfacet
  facet normal -0.890037 -0.453496 0.0466436
    outer loop
      vertex -7.10367 -4.1875 32.8487
      vertex -7.49947 -3.40642 32.8903
      vertex -7.65094 -3.40642 30
    endloop
  endfacet
  facet normal -0.837864 -0.54411 0.0439109
    outer loop
      vertex -6.77552 -4.9227 30
      vertex -6.62884 -4.9227 32.7988
      vertex -7.25296 -4.1875 30
    endloop
  endfacet
  facet normal -0.837861 -0.544114 0.0439093
    outer loop
      vertex -6.62884 -4.9227 32.7988
      vertex -7.10367 -4.1875 32.8487
      vertex -7.25296 -4.1875 30
    endloop
  endfacet
  facet normal -0.776503 -0.628798 0.0406962
    outer loop
      vertex -6.22384 -5.60397 30
      vertex -6.08018 -5.60397 32.7411
      vertex -6.77552 -4.9227 30
    endloop
  endfacet
  facet normal -0.776501 -0.628801 0.040695
    outer loop
      vertex -6.08018 -5.60397 32.7411
      vertex -6.62884 -4.9227 32.7988
      vertex -6.77552 -4.9227 30
    endloop
  endfacet
  facet normal -0.706622 -0.706622 0.0370328
    outer loop
      vertex -5.60397 -6.22384 30
      vertex -5.46371 -6.22384 32.6763
      vertex -6.22384 -5.60397 30
    endloop
  endfacet
  facet normal -0.706624 -0.70662 0.0370339
    outer loop
      vertex -5.46371 -6.22384 32.6763
      vertex -6.08018 -5.60397 32.7411
      vertex -6.22384 -5.60397 30
    endloop
  endfacet
  facet normal -0.628977 -0.776724 0.0329639
    outer loop
      vertex -4.9227 -6.77552 30
      vertex -4.78617 -6.77552 32.6051
      vertex -5.60397 -6.22384 30
    endloop
  endfacet
  facet normal -0.628976 -0.776725 0.0329635
    outer loop
      vertex -4.78617 -6.77552 32.6051
      vertex -5.46371 -6.22384 32.6763
      vertex -5.60397 -6.22384 30
    endloop
  endfacet
  facet normal -0.544414 -0.838331 0.028531
    outer loop
      vertex -4.1875 -7.25296 30
      vertex -4.055 -7.25296 32.5283
      vertex -4.9227 -6.77552 30
    endloop
  endfacet
  facet normal -0.544416 -0.83833 0.0285322
    outer loop
      vertex -4.055 -7.25296 32.5283
      vertex -4.78617 -6.77552 32.6051
      vertex -4.9227 -6.77552 30
    endloop
  endfacet
  facet normal -0.453862 -0.890755 0.0237857
    outer loop
      vertex -3.40642 -7.65094 30
      vertex -3.2782 -7.65094 32.4466
      vertex -4.1875 -7.25296 30
    endloop
  endfacet
  facet normal -0.453861 -0.890755 0.0237854
    outer loop
      vertex -3.2782 -7.65094 32.4466
      vertex -4.055 -7.25296 32.5283
      vertex -4.1875 -7.25296 30
    endloop
  endfacet
  facet normal -0.35831 -0.933414 0.0187783
    outer loop
      vertex -2.58802 -7.9651 30
      vertex -2.46428 -7.9651 32.3611
      vertex -3.40642 -7.65094 30
    endloop
  endfacet
  facet normal -0.35831 -0.933414 0.0187781
    outer loop
      vertex -2.46428 -7.9651 32.3611
      vertex -3.2782 -7.65094 32.4466
      vertex -3.40642 -7.65094 30
    endloop
  endfacet
  facet normal -0.258797 -0.965837 0.0135627
    outer loop
      vertex -1.74126 -8.19199 30
      vertex -1.62216 -8.19199 32.2726
      vertex -2.58802 -7.9651 30
    endloop
  endfacet
  facet normal -0.258797 -0.965836 0.013563
    outer loop
      vertex -1.62216 -8.19199 32.2726
      vertex -2.46428 -7.9651 32.3611
      vertex -2.58802 -7.9651 30
    endloop
  endfacet
  facet normal -0.156424 -0.987656 0.00819776
    outer loop
      vertex -0.875425 -8.32912 30
      vertex -0.761067 -8.32912 32.1821
      vertex -1.74126 -8.19199 30
    endloop
  endfacet
  facet normal -0.156424 -0.987656 0.00819769
    outer loop
      vertex -0.761067 -8.32912 32.1821
      vertex -1.62216 -8.19199 32.2726
      vertex -1.74126 -8.19199 30
    endloop
  endfacet
  facet normal -0.0523368 -0.998626 0.00274284
    outer loop
      vertex 0 -8.375 30
      vertex 0.109563 -8.375 32.0906
      vertex -0.875425 -8.32912 30
    endloop
  endfacet
  facet normal -0.0523368 -0.998626 0.00274283
    outer loop
      vertex 0.109563 -8.375 32.0906
      vertex -0.761067 -8.32912 32.1821
      vertex -0.875425 -8.32912 30
    endloop
  endfacet
  facet normal 0.0523367 -0.998626 -0.00274282
    outer loop
      vertex 0.875426 -8.32912 30
      vertex 0.980193 -8.32912 31.9991
      vertex 0 -8.375 30
    endloop
  endfacet
  facet normal 0.0523368 -0.998626 -0.00274284
    outer loop
      vertex 0.980193 -8.32912 31.9991
      vertex 0.109563 -8.375 32.0906
      vertex 0 -8.375 30
    endloop
  endfacet
  facet normal 0.156424 -0.987656 -0.00819739
    outer loop
      vertex 1.74126 -8.19199 30
      vertex 1.84128 -8.19199 31.9086
      vertex 0.875426 -8.32912 30
    endloop
  endfacet
  facet normal 0.156425 -0.987656 -0.00819777
    outer loop
      vertex 1.84128 -8.19199 31.9086
      vertex 0.980193 -8.32912 31.9991
      vertex 0.875426 -8.32912 30
    endloop
  endfacet
  facet normal 0.258797 -0.965837 -0.0135627
    outer loop
      vertex 2.58802 -7.9651 30
      vertex 2.6834 -7.9651 31.82
      vertex 1.74126 -8.19199 30
    endloop
  endfacet
  facet normal 0.258796 -0.965837 -0.0135622
    outer loop
      vertex 2.6834 -7.9651 31.82
      vertex 1.84128 -8.19199 31.9086
      vertex 1.74126 -8.19199 30
    endloop
  endfacet
  facet normal 0.35831 -0.933414 -0.018778
    outer loop
      vertex 3.40642 -7.65094 30
      vertex 3.49732 -7.65094 31.7345
      vertex 2.58802 -7.9651 30
    endloop
  endfacet
  facet normal 0.35831 -0.933414 -0.0187778
    outer loop
      vertex 3.49732 -7.65094 31.7345
      vertex 2.6834 -7.9651 31.82
      vertex 2.58802 -7.9651 30
    endloop
  endfacet
  facet normal 0.453862 -0.890755 -0.0237846
    outer loop
      vertex 4.1875 -7.25296 30
      vertex 4.27412 -7.25296 31.6529
      vertex 3.40642 -7.65094 30
    endloop
  endfacet
  facet normal 0.453864 -0.890754 -0.0237856
    outer loop
      vertex 4.27412 -7.25296 31.6529
      vertex 3.49732 -7.65094 31.7345
      vertex 3.40642 -7.65094 30
    endloop
  endfacet
  facet normal 0.544414 -0.838331 -0.0285334
    outer loop
      vertex 4.9227 -6.77552 30
      vertex 5.0053 -6.77552 31.576
      vertex 4.1875 -7.25296 30
    endloop
  endfacet
  facet normal 0.544409 -0.838335 -0.0285297
    outer loop
      vertex 5.0053 -6.77552 31.576
      vertex 4.27412 -7.25296 31.6529
      vertex 4.1875 -7.25296 30
    endloop
  endfacet
  facet normal 0.628977 -0.776725 -0.032962
    outer loop
      vertex 5.60397 -6.22384 30
      vertex 5.68283 -6.22384 31.5048
      vertex 4.9227 -6.77552 30
    endloop
  endfacet
  facet normal 0.628982 -0.776721 -0.0329657
    outer loop
      vertex 5.68283 -6.22384 31.5048
      vertex 5.0053 -6.77552 31.576
      vertex 4.9227 -6.77552 30
    endloop
  endfacet
  facet normal 0.706622 -0.706622 -0.0370338
    outer loop
      vertex 6.22384 -5.60397 30
      vertex 6.29931 -5.60397 31.44
      vertex 5.60397 -6.22384 30
    endloop
  endfacet
  facet normal 0.706618 -0.706625 -0.0370308
    outer loop
      vertex 6.29931 -5.60397 31.44
      vertex 5.68283 -6.22384 31.5048
      vertex 5.60397 -6.22384 30
    endloop
  endfacet
  facet normal 0.776503 -0.628798 -0.040693
    outer loop
      vertex 6.77552 -4.9227 30
      vertex 6.84796 -4.9227 31.3823
      vertex 6.22384 -5.60397 30
    endloop
  endfacet
  facet normal 0.776506 -0.628794 -0.0406965
    outer loop
      vertex 6.84796 -4.9227 31.3823
      vertex 6.29931 -5.60397 31.44
      vertex 6.22384 -5.60397 30
    endloop
  endfacet
  facet normal 0.837864 -0.54411 -0.0439118
    outer loop
      vertex 7.25296 -4.1875 30
      vertex 7.32279 -4.1875 31.3324
      vertex 6.77552 -4.9227 30
    endloop
  endfacet
  facet normal 0.837861 -0.544114 -0.0439085
    outer loop
      vertex 7.32279 -4.1875 31.3324
      vertex 6.84796 -4.9227 31.3823
      vertex 6.77552 -4.9227 30
    endloop
  endfacet
  facet normal 0.890037 -0.453496 -0.0466463
    outer loop
      vertex 7.65094 -3.40642 30
      vertex 7.71859 -3.40642 31.2908
      vertex 7.25296 -4.1875 30
    endloop
  endfacet
  facet normal 0.890037 -0.453496 -0.0466461
    outer loop
      vertex 7.71859 -3.40642 31.2908
      vertex 7.32279 -4.1875 31.3324
      vertex 7.25296 -4.1875 30
    endloop
  endfacet
  facet normal 0.932463 -0.357945 -0.0488691
    outer loop
      vertex 7.9651 -2.58802 30
      vertex 8.03103 -2.58802 31.258
      vertex 7.65094 -3.40642 30
    endloop
  endfacet
  facet normal 0.932463 -0.357944 -0.0488698
    outer loop
      vertex 8.03103 -2.58802 31.258
      vertex 7.71859 -3.40642 31.2908
      vertex 7.65094 -3.40642 30
    endloop
  endfacet
  facet normal 0.96469 -0.25849 -0.0505519
    outer loop
      vertex 8.19199 -1.74126 30
      vertex 8.25667 -1.74126 31.2343
      vertex 7.9651 -2.58802 30
    endloop
  endfacet
  facet normal 0.964692 -0.258481 -0.0505582
    outer loop
      vertex 8.25667 -1.74126 31.2343
      vertex 8.03103 -2.58802 31.258
      vertex 7.9651 -2.58802 30
    endloop
  endfacet
  facet normal 0.986368 -0.15622 -0.0516996
    outer loop
      vertex 8.32912 -0.875425 30
      vertex 8.39306 -0.875425 31.2199
      vertex 8.19199 -1.74126 30
    endloop
  endfacet
  facet normal 0.986366 -0.156236 -0.0516877
    outer loop
      vertex 8.39306 -0.875425 31.2199
      vertex 8.25667 -1.74126 31.2343
      vertex 8.19199 -1.74126 30
    endloop
  endfacet
  facet normal 0.997265 -0.0522655 -0.0522639
    outer loop
      vertex 8.375 0 30
      vertex 8.43868 0 31.2151
      vertex 8.32912 -0.875425 30
    endloop
  endfacet
  facet normal 0.997265 -0.0522559 -0.0522708
    outer loop
      vertex 8.43868 0 31.2151
      vertex 8.39306 -0.875425 31.2199
      vertex 8.32912 -0.875425 30
    endloop
  endfacet
  facet normal 0.997264 0.0522655 -0.0522707
    outer loop
      vertex 8.39306 0.875425 31.2199
      vertex 8.375 0 30
      vertex 8.32912 0.875425 30
    endloop
  endfacet
  facet normal 0.997265 0.0522559 -0.0522639
    outer loop
      vertex 8.39306 0.875425 31.2199
      vertex 8.43868 0 31.2151
      vertex 8.375 0 30
    endloop
  endfacet
  facet normal 0.986369 0.15622 -0.0516879
    outer loop
      vertex 8.25667 1.74126 31.2343
      vertex 8.32912 0.875425 30
      vertex 8.19199 1.74126 30
    endloop
  endfacet
  facet normal 0.986366 0.156236 -0.0516995
    outer loop
      vertex 8.39306 0.875425 31.2199
      vertex 8.32912 0.875425 30
      vertex 8.25667 1.74126 31.2343
    endloop
  endfacet
  facet normal 0.96469 0.258489 -0.050558
    outer loop
      vertex 8.03103 2.58802 31.258
      vertex 8.19199 1.74126 30
      vertex 7.9651 2.58802 30
    endloop
  endfacet
  facet normal 0.964693 0.258481 -0.050552
    outer loop
      vertex 8.25667 1.74126 31.2343
      vertex 8.19199 1.74126 30
      vertex 8.03103 2.58802 31.258
    endloop
  endfacet
  facet normal 0.932463 0.357945 -0.0488698
    outer loop
      vertex 7.71859 3.40642 31.2908
      vertex 7.9651 2.58802 30
      vertex 7.65094 3.40642 30
    endloop
  endfacet
  facet normal 0.932463 0.357944 -0.0488691
    outer loop
      vertex 8.03103 2.58802 31.258
      vertex 7.9651 2.58802 30
      vertex 7.71859 3.40642 31.2908
    endloop
  endfacet
  facet normal 0.890037 0.453496 -0.0466461
    outer loop
      vertex 7.32279 4.1875 31.3324
      vertex 7.65094 3.40642 30
      vertex 7.25296 4.1875 30
    endloop
  endfacet
  facet normal 0.890037 0.453496 -0.0466462
    outer loop
      vertex 7.71859 3.40642 31.2908
      vertex 7.65094 3.40642 30
      vertex 7.32279 4.1875 31.3324
    endloop
  endfacet
  facet normal 0.837864 0.54411 -0.0439086
    outer loop
      vertex 6.84796 4.9227 31.3823
      vertex 7.25296 4.1875 30
      vertex 6.77552 4.9227 30
    endloop
  endfacet
  facet normal 0.837861 0.544114 -0.0439116
    outer loop
      vertex 7.32279 4.1875 31.3324
      vertex 7.25296 4.1875 30
      vertex 6.84796 4.9227 31.3823
    endloop
  endfacet
  facet normal 0.776503 0.628798 -0.0406963
    outer loop
      vertex 6.29931 5.60397 31.44
      vertex 6.77552 4.9227 30
      vertex 6.22384 5.60397 30
    endloop
  endfacet
  facet normal 0.776507 0.628794 -0.0406931
    outer loop
      vertex 6.84796 4.9227 31.3823
      vertex 6.77552 4.9227 30
      vertex 6.29931 5.60397 31.44
    endloop
  endfacet
  facet normal 0.706622 0.706622 -0.037031
    outer loop
      vertex 5.68283 6.22384 31.5048
      vertex 6.22384 5.60397 30
      vertex 5.60397 6.22384 30
    endloop
  endfacet
  facet normal 0.706618 0.706625 -0.0370337
    outer loop
      vertex 6.29931 5.60397 31.44
      vertex 6.22384 5.60397 30
      vertex 5.68283 6.22384 31.5048
    endloop
  endfacet
  facet normal 0.628977 0.776724 -0.0329654
    outer loop
      vertex 5.0053 6.77552 31.576
      vertex 5.60397 6.22384 30
      vertex 4.9227 6.77552 30
    endloop
  endfacet
  facet normal 0.628982 0.776721 -0.0329622
    outer loop
      vertex 5.68283 6.22384 31.5048
      vertex 5.60397 6.22384 30
      vertex 5.0053 6.77552 31.576
    endloop
  endfacet
  facet normal 0.544414 0.838332 -0.0285299
    outer loop
      vertex 4.27412 7.25296 31.6529
      vertex 4.9227 6.77552 30
      vertex 4.1875 7.25296 30
    endloop
  endfacet
  facet normal 0.544408 0.838335 -0.0285331
    outer loop
      vertex 5.0053 6.77552 31.576
      vertex 4.9227 6.77552 30
      vertex 4.27412 7.25296 31.6529
    endloop
  endfacet
  facet normal 0.453862 0.890755 -0.0237856
    outer loop
      vertex 3.49732 7.65094 31.7345
      vertex 4.1875 7.25296 30
      vertex 3.40642 7.65094 30
    endloop
  endfacet
  facet normal 0.453864 0.890754 -0.0237847
    outer loop
      vertex 4.27412 7.25296 31.6529
      vertex 4.1875 7.25296 30
      vertex 3.49732 7.65094 31.7345
    endloop
  endfacet
  facet normal 0.35831 0.933414 -0.0187778
    outer loop
      vertex 2.6834 7.9651 31.82
      vertex 3.40642 7.65094 30
      vertex 2.58802 7.9651 30
    endloop
  endfacet
  facet normal 0.35831 0.933414 -0.018778
    outer loop
      vertex 3.49732 7.65094 31.7345
      vertex 3.40642 7.65094 30
      vertex 2.6834 7.9651 31.82
    endloop
  endfacet
  facet normal 0.258797 0.965837 -0.0135622
    outer loop
      vertex 1.84128 8.19199 31.9086
      vertex 2.58802 7.9651 30
      vertex 1.74126 8.19199 30
    endloop
  endfacet
  facet normal 0.258796 0.965837 -0.0135626
    outer loop
      vertex 2.6834 7.9651 31.82
      vertex 2.58802 7.9651 30
      vertex 1.84128 8.19199 31.9086
    endloop
  endfacet
  facet normal 0.156424 0.987656 -0.00819773
    outer loop
      vertex 0.980193 8.32912 31.9991
      vertex 1.74126 8.19199 30
      vertex 0.875426 8.32912 30
    endloop
  endfacet
  facet normal 0.156425 0.987656 -0.00819743
    outer loop
      vertex 1.84128 8.19199 31.9086
      vertex 1.74126 8.19199 30
      vertex 0.980193 8.32912 31.9991
    endloop
  endfacet
  facet normal 0.0523367 0.998626 -0.00274284
    outer loop
      vertex 0.109563 8.375 32.0906
      vertex 0.875426 8.32912 30
      vertex 0 8.375 30
    endloop
  endfacet
  facet normal 0.0523368 0.998626 -0.00274282
    outer loop
      vertex 0.980193 8.32912 31.9991
      vertex 0.875426 8.32912 30
      vertex 0.109563 8.375 32.0906
    endloop
  endfacet
  facet normal -0.0523368 0.998626 0.00274283
    outer loop
      vertex -0.761067 8.32912 32.1821
      vertex 0 8.375 30
      vertex -0.875425 8.32912 30
    endloop
  endfacet
  facet normal -0.0523368 0.998626 0.00274284
    outer loop
      vertex 0.109563 8.375 32.0906
      vertex 0 8.375 30
      vertex -0.761067 8.32912 32.1821
    endloop
  endfacet
  facet normal -0.156424 0.987656 0.0081977
    outer loop
      vertex -1.62216 8.19199 32.2726
      vertex -0.875425 8.32912 30
      vertex -1.74126 8.19199 30
    endloop
  endfacet
  facet normal -0.156424 0.987656 0.00819775
    outer loop
      vertex -0.761067 8.32912 32.1821
      vertex -0.875425 8.32912 30
      vertex -1.62216 8.19199 32.2726
    endloop
  endfacet
  facet normal -0.258797 0.965837 0.013563
    outer loop
      vertex -2.46428 7.9651 32.3611
      vertex -1.74126 8.19199 30
      vertex -2.58802 7.9651 30
    endloop
  endfacet
  facet normal -0.258797 0.965836 0.0135628
    outer loop
      vertex -1.62216 8.19199 32.2726
      vertex -1.74126 8.19199 30
      vertex -2.46428 7.9651 32.3611
    endloop
  endfacet
  facet normal -0.35831 0.933414 0.0187781
    outer loop
      vertex -3.2782 7.65094 32.4466
      vertex -2.58802 7.9651 30
      vertex -3.40642 7.65094 30
    endloop
  endfacet
  facet normal -0.35831 0.933414 0.0187782
    outer loop
      vertex -2.46428 7.9651 32.3611
      vertex -2.58802 7.9651 30
      vertex -3.2782 7.65094 32.4466
    endloop
  endfacet
  facet normal -0.453862 0.890755 0.0237854
    outer loop
      vertex -4.055 7.25296 32.5283
      vertex -3.40642 7.65094 30
      vertex -4.1875 7.25296 30
    endloop
  endfacet
  facet normal -0.453861 0.890755 0.0237857
    outer loop
      vertex -3.2782 7.65094 32.4466
      vertex -3.40642 7.65094 30
      vertex -4.055 7.25296 32.5283
    endloop
  endfacet
  facet normal -0.544414 0.838331 0.028532
    outer loop
      vertex -4.78617 6.77552 32.6051
      vertex -4.1875 7.25296 30
      vertex -4.9227 6.77552 30
    endloop
  endfacet
  facet normal -0.544416 0.83833 0.0285311
    outer loop
      vertex -4.055 7.25296 32.5283
      vertex -4.1875 7.25296 30
      vertex -4.78617 6.77552 32.6051
    endloop
  endfacet
  facet normal -0.628977 0.776724 0.0329636
    outer loop
      vertex -5.46371 6.22384 32.6763
      vertex -4.9227 6.77552 30
      vertex -5.60397 6.22384 30
    endloop
  endfacet
  facet normal -0.628976 0.776725 0.0329639
    outer loop
      vertex -4.78617 6.77552 32.6051
      vertex -4.9227 6.77552 30
      vertex -5.46371 6.22384 32.6763
    endloop
  endfacet
  facet normal -0.706622 0.706622 0.0370338
    outer loop
      vertex -6.08018 5.60397 32.7411
      vertex -5.60397 6.22384 30
      vertex -6.22384 5.60397 30
    endloop
  endfacet
  facet normal -0.706624 0.706619 0.0370329
    outer loop
      vertex -5.46371 6.22384 32.6763
      vertex -5.60397 6.22384 30
      vertex -6.08018 5.60397 32.7411
    endloop
  endfacet
  facet normal -0.776503 0.628798 0.0406951
    outer loop
      vertex -6.62884 4.9227 32.7988
      vertex -6.22384 5.60397 30
      vertex -6.77552 4.9227 30
    endloop
  endfacet
  facet normal -0.776501 0.628801 0.0406961
    outer loop
      vertex -6.08018 5.60397 32.7411
      vertex -6.22384 5.60397 30
      vertex -6.62884 4.9227 32.7988
    endloop
  endfacet
  facet normal -0.837864 0.54411 0.0439094
    outer loop
      vertex -7.10367 4.1875 32.8487
      vertex -6.77552 4.9227 30
      vertex -7.25296 4.1875 30
    endloop
  endfacet
  facet normal -0.837861 0.544114 0.0439108
    outer loop
      vertex -6.62884 4.9227 32.7988
      vertex -6.77552 4.9227 30
      vertex -7.10367 4.1875 32.8487
    endloop
  endfacet
  facet normal -0.890037 0.453496 0.0466436
    outer loop
      vertex -7.49947 3.40642 32.8903
      vertex -7.25296 4.1875 30
      vertex -7.65094 3.40642 30
    endloop
  endfacet
  facet normal -0.890037 0.453496 0.0466436
    outer loop
      vertex -7.10367 4.1875 32.8487
      vertex -7.25296 4.1875 30
      vertex -7.49947 3.40642 32.8903
    endloop
  endfacet
  facet normal -0.932463 0.357945 0.0488705
    outer loop
      vertex -7.8119 2.58802 32.9231
      vertex -7.65094 3.40642 30
      vertex -7.9651 2.58802 30
    endloop
  endfacet
  facet normal -0.932467 0.357934 0.0488672
    outer loop
      vertex -7.49947 3.40642 32.8903
      vertex -7.65094 3.40642 30
      vertex -7.8119 2.58802 32.9231
    endloop
  endfacet
  facet normal -0.96469 0.258489 0.0505571
    outer loop
      vertex -8.03755 1.74126 32.9469
      vertex -7.9651 2.58802 30
      vertex -8.19199 1.74126 30
    endloop
  endfacet
  facet normal -0.964688 0.258497 0.0505594
    outer loop
      vertex -7.8119 2.58802 32.9231
      vertex -7.9651 2.58802 30
      vertex -8.03755 1.74126 32.9469
    endloop
  endfacet
  facet normal -0.986369 0.15622 0.0516934
    outer loop
      vertex -8.17393 0.875425 32.9612
      vertex -8.19199 1.74126 30
      vertex -8.32912 0.875425 30
    endloop
  endfacet
  facet normal -0.986369 0.156219 0.0516932
    outer loop
      vertex -8.17393 0.875425 32.9612
      vertex -8.03755 1.74126 32.9469
      vertex -8.19199 1.74126 30
    endloop
  endfacet
  facet normal -0.997265 0.0522655 0.0522639
    outer loop
      vertex -8.21956 0 32.966
      vertex -8.32912 0.875425 30
      vertex -8.375 0 30
    endloop
  endfacet
  facet normal -0.997265 0.0522672 0.0522644
    outer loop
      vertex -8.21956 0 32.966
      vertex -8.17393 0.875425 32.9612
      vertex -8.32912 0.875425 30
    endloop
  endfacet
  facet normal -0.986339 -0.0522677 0.156219
    outer loop
      vertex -8.17393 -0.875425 32.9612
      vertex -7.71006 -0.875425 35.89
      vertex -8.21956 0 32.966
    endloop
  endfacet
  facet normal -0.986339 -0.0522614 0.15622
    outer loop
      vertex -7.71006 -0.875425 35.89
      vertex -7.75494 0 35.8995
      vertex -8.21956 0 32.966
    endloop
  endfacet
  facet normal -0.975562 -0.156215 0.15452
    outer loop
      vertex -8.03755 -1.74126 32.9469
      vertex -7.57592 -1.74126 35.8614
      vertex -8.17393 -0.875425 32.9612
    endloop
  endfacet
  facet normal -0.975559 -0.156243 0.154511
    outer loop
      vertex -7.57592 -1.74126 35.8614
      vertex -7.71006 -0.875425 35.89
      vertex -8.17393 -0.875425 32.9612
    endloop
  endfacet
  facet normal -0.954117 -0.258507 0.151114
    outer loop
      vertex -7.8119 -2.58802 32.9231
      vertex -7.35399 -2.58802 35.8143
      vertex -8.03755 -1.74126 32.9469
    endloop
  endfacet
  facet normal -0.954124 -0.258475 0.151124
    outer loop
      vertex -7.35399 -2.58802 35.8143
      vertex -7.57592 -1.74126 35.8614
      vertex -8.03755 -1.74126 32.9469
    endloop
  endfacet
  facet normal -0.922252 -0.357931 0.146069
    outer loop
      vertex -7.49947 -3.40642 32.8903
      vertex -7.0467 -3.40642 35.749
      vertex -7.8119 -2.58802 32.9231
    endloop
  endfacet
  facet normal -0.92225 -0.357938 0.146067
    outer loop
      vertex -7.0467 -3.40642 35.749
      vertex -7.35399 -2.58802 35.8143
      vertex -7.8119 -2.58802 32.9231
    endloop
  endfacet
  facet normal -0.880285 -0.453496 0.139424
    outer loop
      vertex -7.10367 -4.1875 32.8487
      vertex -6.65742 -4.1875 35.6662
      vertex -7.49947 -3.40642 32.8903
    endloop
  endfacet
  facet normal -0.880283 -0.453501 0.139422
    outer loop
      vertex -6.65742 -4.1875 35.6662
      vertex -7.0467 -3.40642 35.749
      vertex -7.49947 -3.40642 32.8903
    endloop
  endfacet
  facet normal -0.828682 -0.544114 0.131252
    outer loop
      vertex -6.62884 -4.9227 32.7988
      vertex -6.19041 -4.9227 35.5669
      vertex -7.10367 -4.1875 32.8487
    endloop
  endfacet
  facet normal -0.82868 -0.544117 0.131251
    outer loop
      vertex -6.19041 -4.9227 35.5669
      vertex -6.65742 -4.1875 35.6662
      vertex -7.10367 -4.1875 32.8487
    endloop
  endfacet
  facet normal -0.767991 -0.628803 0.121639
    outer loop
      vertex -6.08018 -5.60397 32.7411
      vertex -5.65078 -5.60397 35.4522
      vertex -6.62884 -4.9227 32.7988
    endloop
  endfacet
  facet normal -0.767992 -0.628802 0.12164
    outer loop
      vertex -5.65078 -5.60397 35.4522
      vertex -6.19041 -4.9227 35.5669
      vertex -6.62884 -4.9227 32.7988
    endloop
  endfacet
  facet normal -0.698882 -0.70662 0.11069
    outer loop
      vertex -5.46371 -6.22384 32.6763
      vertex -5.04446 -6.22384 35.3234
      vertex -6.08018 -5.60397 32.7411
    endloop
  endfacet
  facet normal -0.698889 -0.706612 0.110694
    outer loop
      vertex -5.04446 -6.22384 35.3234
      vertex -5.65078 -5.60397 35.4522
      vertex -6.08018 -5.60397 32.7411
    endloop
  endfacet
  facet normal -0.622086 -0.776725 0.098528
    outer loop
      vertex -4.78617 -6.77552 32.6051
      vertex -4.37808 -6.77552 35.1817
      vertex -5.46371 -6.22384 32.6763
    endloop
  endfacet
  facet normal -0.622083 -0.776727 0.0985261
    outer loop
      vertex -4.37808 -6.77552 35.1817
      vertex -5.04446 -6.22384 35.3234
      vertex -5.46371 -6.22384 32.6763
    endloop
  endfacet
  facet normal -0.538454 -0.838328 0.0852815
    outer loop
      vertex -4.055 -7.25296 32.5283
      vertex -3.65895 -7.25296 35.0289
      vertex -4.78617 -6.77552 32.6051
    endloop
  endfacet
  facet normal -0.538456 -0.838327 0.0852823
    outer loop
      vertex -3.65895 -7.25296 35.0289
      vertex -4.37808 -6.77552 35.1817
      vertex -4.78617 -6.77552 32.6051
    endloop
  endfacet
  facet normal -0.448886 -0.890756 0.0710957
    outer loop
      vertex -3.2782 -7.65094 32.4466
      vertex -2.89493 -7.65094 34.8665
      vertex -4.055 -7.25296 32.5283
    endloop
  endfacet
  facet normal -0.448885 -0.890757 0.0710954
    outer loop
      vertex -2.89493 -7.65094 34.8665
      vertex -3.65895 -7.25296 35.0289
      vertex -4.055 -7.25296 32.5283
    endloop
  endfacet
  facet normal -0.354386 -0.933413 0.0561308
    outer loop
      vertex -2.46428 -7.9651 32.3611
      vertex -2.09441 -7.9651 34.6963
      vertex -3.2782 -7.65094 32.4466
    endloop
  endfacet
  facet normal -0.354381 -0.933415 0.0561277
    outer loop
      vertex -2.09441 -7.9651 34.6963
      vertex -2.89493 -7.65094 34.8665
      vertex -3.2782 -7.65094 32.4466
    endloop
  endfacet
  facet normal -0.255962 -0.965836 0.0405403
    outer loop
      vertex -1.62216 -8.19199 32.2726
      vertex -1.26616 -8.19199 34.5203
      vertex -2.46428 -7.9651 32.3611
    endloop
  endfacet
  facet normal -0.255965 -0.965836 0.040542
    outer loop
      vertex -1.26616 -8.19199 34.5203
      vertex -2.09441 -7.9651 34.6963
      vertex -2.46428 -7.9651 32.3611
    endloop
  endfacet
  facet normal -0.15471 -0.987656 0.0245043
    outer loop
      vertex -0.761067 -8.32912 32.1821
      vertex -0.419248 -8.32912 34.3402
      vertex -1.62216 -8.19199 32.2726
    endloop
  endfacet
  facet normal -0.154708 -0.987656 0.0245033
    outer loop
      vertex -0.419248 -8.32912 34.3402
      vertex -1.26616 -8.19199 34.5203
      vertex -1.62216 -8.19199 32.2726
    endloop
  endfacet
  facet normal -0.0517634 -0.998626 0.00819877
    outer loop
      vertex 0.109563 -8.375 32.0906
      vertex 0.437049 -8.375 34.1582
      vertex -0.761067 -8.32912 32.1821
    endloop
  endfacet
  facet normal -0.0517633 -0.998626 0.00819873
    outer loop
      vertex 0.437049 -8.375 34.1582
      vertex -0.419248 -8.32912 34.3402
      vertex -0.761067 -8.32912 32.1821
    endloop
  endfacet
  facet normal 0.0517634 -0.998626 -0.00819865
    outer loop
      vertex 0.980193 -8.32912 31.9991
      vertex 1.29334 -8.32912 33.9762
      vertex 0.109563 -8.375 32.0906
    endloop
  endfacet
  facet normal 0.0517637 -0.998626 -0.00819882
    outer loop
      vertex 1.29334 -8.32912 33.9762
      vertex 0.437049 -8.375 34.1582
      vertex 0.109563 -8.375 32.0906
    endloop
  endfacet
  facet normal 0.154711 -0.987656 -0.0245049
    outer loop
      vertex 1.84128 -8.19199 31.9086
      vertex 2.14026 -8.19199 33.7962
      vertex 0.980193 -8.32912 31.9991
    endloop
  endfacet
  facet normal 0.154709 -0.987656 -0.024504
    outer loop
      vertex 2.14026 -8.19199 33.7962
      vertex 1.29334 -8.32912 33.9762
      vertex 0.980193 -8.32912 31.9991
    endloop
  endfacet
  facet normal 0.255958 -0.965838 -0.0405378
    outer loop
      vertex 2.6834 -7.9651 31.82
      vertex 2.96851 -7.9651 33.6202
      vertex 1.84128 -8.19199 31.9086
    endloop
  endfacet
  facet normal 0.255965 -0.965836 -0.0405427
    outer loop
      vertex 2.96851 -7.9651 33.6202
      vertex 2.14026 -8.19199 33.7962
      vertex 1.84128 -8.19199 31.9086
    endloop
  endfacet
  facet normal 0.354386 -0.933413 -0.0561296
    outer loop
      vertex 3.49732 -7.65094 31.7345
      vertex 3.76903 -7.65094 33.45
      vertex 2.6834 -7.9651 31.82
    endloop
  endfacet
  facet normal 0.354381 -0.933415 -0.0561258
    outer loop
      vertex 3.76903 -7.65094 33.45
      vertex 2.96851 -7.9651 33.6202
      vertex 2.6834 -7.9651 31.82
    endloop
  endfacet
  facet normal 0.448893 -0.890753 -0.0711001
    outer loop
      vertex 4.27412 -7.25296 31.6529
      vertex 4.53304 -7.25296 33.2876
      vertex 3.49732 -7.65094 31.7345
    endloop
  endfacet
  facet normal 0.44889 -0.890754 -0.0710975
    outer loop
      vertex 4.53304 -7.25296 33.2876
      vertex 3.76903 -7.65094 33.45
      vertex 3.49732 -7.65094 31.7345
    endloop
  endfacet
  facet normal 0.538441 -0.838337 -0.0852828
    outer loop
      vertex 5.0053 -6.77552 31.576
      vertex 5.25218 -6.77552 33.1347
      vertex 4.27412 -7.25296 31.6529
    endloop
  endfacet
  facet normal 0.538442 -0.838336 -0.0852838
    outer loop
      vertex 5.25218 -6.77552 33.1347
      vertex 4.53304 -7.25296 33.2876
      vertex 4.27412 -7.25296 31.6529
    endloop
  endfacet
  facet normal 0.622091 -0.77672 -0.0985322
    outer loop
      vertex 5.68283 -6.22384 31.5048
      vertex 5.91856 -6.22384 32.9931
      vertex 5.0053 -6.77552 31.576
    endloop
  endfacet
  facet normal 0.622091 -0.77672 -0.098532
    outer loop
      vertex 5.91856 -6.22384 32.9931
      vertex 5.25218 -6.77552 33.1347
      vertex 5.0053 -6.77552 31.576
    endloop
  endfacet
  facet normal 0.698876 -0.706626 -0.110691
    outer loop
      vertex 6.29931 -5.60397 31.44
      vertex 6.52488 -5.60397 32.8642
      vertex 5.68283 -6.22384 31.5048
    endloop
  endfacet
  facet normal 0.69888 -0.706621 -0.110695
    outer loop
      vertex 6.52488 -5.60397 32.8642
      vertex 5.91856 -6.22384 32.9931
      vertex 5.68283 -6.22384 31.5048
    endloop
  endfacet
  facet normal 0.767997 -0.628796 -0.121637
    outer loop
      vertex 6.84796 -4.9227 31.3823
      vertex 7.0645 -4.9227 32.7495
      vertex 6.29931 -5.60397 31.44
    endloop
  endfacet
  facet normal 0.767998 -0.628795 -0.121638
    outer loop
      vertex 7.0645 -4.9227 32.7495
      vertex 6.52488 -5.60397 32.8642
      vertex 6.29931 -5.60397 31.44
    endloop
  endfacet
  facet normal 0.828682 -0.544114 -0.131247
    outer loop
      vertex 7.32279 -4.1875 31.3324
      vertex 7.53152 -4.1875 32.6503
      vertex 6.84796 -4.9227 31.3823
    endloop
  endfacet
  facet normal 0.828683 -0.544112 -0.131249
    outer loop
      vertex 7.53152 -4.1875 32.6503
      vertex 7.0645 -4.9227 32.7495
      vertex 6.84796 -4.9227 31.3823
    endloop
  endfacet
  facet normal 0.880285 -0.453496 -0.139424
    outer loop
      vertex 7.71859 -3.40642 31.2908
      vertex 7.9208 -3.40642 32.5675
      vertex 7.32279 -4.1875 31.3324
    endloop
  endfacet
  facet normal 0.880283 -0.453501 -0.13942
    outer loop
      vertex 7.9208 -3.40642 32.5675
      vertex 7.53152 -4.1875 32.6503
      vertex 7.32279 -4.1875 31.3324
    endloop
  endfacet
  facet normal 0.922249 -0.35794 -0.146068
    outer loop
      vertex 8.03103 -2.58802 31.258
      vertex 8.22809 -2.58802 32.5022
      vertex 7.71859 -3.40642 31.2908
    endloop
  endfacet
  facet normal 0.922249 -0.357938 -0.14607
    outer loop
      vertex 8.22809 -2.58802 32.5022
      vertex 7.9208 -3.40642 32.5675
      vertex 7.71859 -3.40642 31.2908
    endloop
  endfacet
  facet normal 0.954122 -0.258479 -0.151126
    outer loop
      vertex 8.25667 -1.74126 31.2343
      vertex 8.45002 -1.74126 32.455
      vertex 8.03103 -2.58802 31.258
    endloop
  endfacet
  facet normal 0.95412 -0.258492 -0.151116
    outer loop
      vertex 8.45002 -1.74126 32.455
      vertex 8.22809 -2.58802 32.5022
      vertex 8.03103 -2.58802 31.258
    endloop
  endfacet
  facet normal 0.975559 -0.156244 -0.154508
    outer loop
      vertex 8.39306 -0.875425 31.2199
      vertex 8.58416 -0.875425 32.4265
      vertex 8.25667 -1.74126 31.2343
    endloop
  endfacet
  facet normal 0.97556 -0.156225 -0.154522
    outer loop
      vertex 8.58416 -0.875425 32.4265
      vertex 8.45002 -1.74126 32.455
      vertex 8.25667 -1.74126 31.2343
    endloop
  endfacet
  facet normal 0.98634 -0.0522565 -0.156211
    outer loop
      vertex 8.43868 0 31.2151
      vertex 8.62903 0 32.417
      vertex 8.39306 -0.875425 31.2199
    endloop
  endfacet
  facet normal 0.98634 -0.0522502 -0.156215
    outer loop
      vertex 8.62903 0 32.417
      vertex 8.58416 -0.875425 32.4265
      vertex 8.39306 -0.875425 31.2199
    endloop
  endfacet
  facet normal 0.98634 0.0522565 -0.156215
    outer loop
      vertex 8.58416 0.875425 32.4265
      vertex 8.43868 0 31.2151
      vertex 8.39306 0.875425 31.2199
    endloop
  endfacet
  facet normal 0.986341 0.0522502 -0.156211
    outer loop
      vertex 8.58416 0.875425 32.4265
      vertex 8.62903 0 32.417
      vertex 8.43868 0 31.2151
    endloop
  endfacet
  facet normal 0.975557 0.156244 -0.154521
    outer loop
      vertex 8.45002 1.74126 32.455
      vertex 8.39306 0.875425 31.2199
      vertex 8.25667 1.74126 31.2343
    endloop
  endfacet
  facet normal 0.975562 0.156225 -0.154508
    outer loop
      vertex 8.45002 1.74126 32.455
      vertex 8.58416 0.875425 32.4265
      vertex 8.39306 0.875425 31.2199
    endloop
  endfacet
  facet normal 0.954124 0.258479 -0.151117
    outer loop
      vertex 8.22809 2.58802 32.5022
      vertex 8.25667 1.74126 31.2343
      vertex 8.03103 2.58802 31.258
    endloop
  endfacet
  facet normal 0.954119 0.258492 -0.151125
    outer loop
      vertex 8.45002 1.74126 32.455
      vertex 8.25667 1.74126 31.2343
      vertex 8.22809 2.58802 32.5022
    endloop
  endfacet
  facet normal 0.922248 0.35794 -0.14607
    outer loop
      vertex 7.9208 3.40642 32.5675
      vertex 8.03103 2.58802 31.258
      vertex 7.71859 3.40642 31.2908
    endloop
  endfacet
  facet normal 0.92225 0.357938 -0.146069
    outer loop
      vertex 8.22809 2.58802 32.5022
      vertex 8.03103 2.58802 31.258
      vertex 7.9208 3.40642 32.5675
    endloop
  endfacet
  facet normal 0.880286 0.453496 -0.13942
    outer loop
      vertex 7.53152 4.1875 32.6503
      vertex 7.71859 3.40642 31.2908
      vertex 7.32279 4.1875 31.3324
    endloop
  endfacet
  facet normal 0.880283 0.453501 -0.139423
    outer loop
      vertex 7.9208 3.40642 32.5675
      vertex 7.71859 3.40642 31.2908
      vertex 7.53152 4.1875 32.6503
    endloop
  endfacet
  facet normal 0.828682 0.544114 -0.131248
    outer loop
      vertex 7.0645 4.9227 32.7495
      vertex 7.32279 4.1875 31.3324
      vertex 6.84796 4.9227 31.3823
    endloop
  endfacet
  facet normal 0.828683 0.544112 -0.131247
    outer loop
      vertex 7.53152 4.1875 32.6503
      vertex 7.32279 4.1875 31.3324
      vertex 7.0645 4.9227 32.7495
    endloop
  endfacet
  facet normal 0.767997 0.628796 -0.121638
    outer loop
      vertex 6.52488 5.60397 32.8642
      vertex 6.84796 4.9227 31.3823
      vertex 6.29931 5.60397 31.44
    endloop
  endfacet
  facet normal 0.767998 0.628795 -0.121637
    outer loop
      vertex 7.0645 4.9227 32.7495
      vertex 6.84796 4.9227 31.3823
      vertex 6.52488 5.60397 32.8642
    endloop
  endfacet
  facet normal 0.698876 0.706625 -0.110694
    outer loop
      vertex 5.91856 6.22384 32.9931
      vertex 6.29931 5.60397 31.44
      vertex 5.68283 6.22384 31.5048
    endloop
  endfacet
  facet normal 0.69888 0.706621 -0.110691
    outer loop
      vertex 6.52488 5.60397 32.8642
      vertex 6.29931 5.60397 31.44
      vertex 5.91856 6.22384 32.9931
    endloop
  endfacet
  facet normal 0.622091 0.77672 -0.098532
    outer loop
      vertex 5.25218 6.77552 33.1347
      vertex 5.68283 6.22384 31.5048
      vertex 5.0053 6.77552 31.576
    endloop
  endfacet
  facet normal 0.622091 0.77672 -0.0985322
    outer loop
      vertex 5.91856 6.22384 32.9931
      vertex 5.68283 6.22384 31.5048
      vertex 5.25218 6.77552 33.1347
    endloop
  endfacet
  facet normal 0.538441 0.838337 -0.0852836
    outer loop
      vertex 4.53304 7.25296 33.2876
      vertex 5.0053 6.77552 31.576
      vertex 4.27412 7.25296 31.6529
    endloop
  endfacet
  facet normal 0.538442 0.838336 -0.085283
    outer loop
      vertex 5.25218 6.77552 33.1347
      vertex 5.0053 6.77552 31.576
      vertex 4.53304 7.25296 33.2876
    endloop
  endfacet
  facet normal 0.448893 0.890753 -0.0710981
    outer loop
      vertex 3.76903 7.65094 33.45
      vertex 4.27412 7.25296 31.6529
      vertex 3.49732 7.65094 31.7345
    endloop
  endfacet
  facet normal 0.448889 0.890754 -0.0710995
    outer loop
      vertex 4.53304 7.25296 33.2876
      vertex 4.27412 7.25296 31.6529
      vertex 3.76903 7.65094 33.45
    endloop
  endfacet
  facet normal 0.354386 0.933413 -0.0561266
    outer loop
      vertex 2.96851 7.9651 33.6202
      vertex 3.49732 7.65094 31.7345
      vertex 2.6834 7.9651 31.82
    endloop
  endfacet
  facet normal 0.35438 0.933415 -0.0561287
    outer loop
      vertex 3.76903 7.65094 33.45
      vertex 3.49732 7.65094 31.7345
      vertex 2.96851 7.9651 33.6202
    endloop
  endfacet
  facet normal 0.255957 0.965838 -0.0405415
    outer loop
      vertex 2.14026 8.19199 33.7962
      vertex 2.6834 7.9651 31.82
      vertex 1.84128 8.19199 31.9086
    endloop
  endfacet
  facet normal 0.255966 0.965835 -0.040539
    outer loop
      vertex 2.96851 7.9651 33.6202
      vertex 2.6834 7.9651 31.82
      vertex 2.14026 8.19199 33.7962
    endloop
  endfacet
  facet normal 0.154711 0.987656 -0.0245042
    outer loop
      vertex 1.29334 8.32912 33.9762
      vertex 1.84128 8.19199 31.9086
      vertex 0.980193 8.32912 31.9991
    endloop
  endfacet
  facet normal 0.154709 0.987656 -0.0245047
    outer loop
      vertex 2.14026 8.19199 33.7962
      vertex 1.84128 8.19199 31.9086
      vertex 1.29334 8.32912 33.9762
    endloop
  endfacet
  facet normal 0.0517634 0.998626 -0.00819877
    outer loop
      vertex 0.437049 8.375 34.1582
      vertex 0.980193 8.32912 31.9991
      vertex 0.109563 8.375 32.0906
    endloop
  endfacet
  facet normal 0.0517637 0.998626 -0.0081987
    outer loop
      vertex 1.29334 8.32912 33.9762
      vertex 0.980193 8.32912 31.9991
      vertex 0.437049 8.375 34.1582
    endloop
  endfacet
  facet normal -0.0517634 0.998626 0.00819874
    outer loop
      vertex -0.419248 8.32912 34.3402
      vertex 0.109563 8.375 32.0906
      vertex -0.761067 8.32912 32.1821
    endloop
  endfacet
  facet normal -0.0517633 0.998626 0.00819876
    outer loop
      vertex 0.437049 8.375 34.1582
      vertex 0.109563 8.375 32.0906
      vertex -0.419248 8.32912 34.3402
    endloop
  endfacet
  facet normal -0.15471 0.987656 0.0245036
    outer loop
      vertex -1.26616 8.19199 34.5203
      vertex -0.761067 8.32912 32.1821
      vertex -1.62216 8.19199 32.2726
    endloop
  endfacet
  facet normal -0.154708 0.987656 0.024504
    outer loop
      vertex -0.419248 8.32912 34.3402
      vertex -0.761067 8.32912 32.1821
      vertex -1.26616 8.19199 34.5203
    endloop
  endfacet
  facet normal -0.255962 0.965836 0.0405416
    outer loop
      vertex -2.09441 7.9651 34.6963
      vertex -1.62216 8.19199 32.2726
      vertex -2.46428 7.9651 32.3611
    endloop
  endfacet
  facet normal -0.255965 0.965836 0.0405408
    outer loop
      vertex -1.26616 8.19199 34.5203
      vertex -1.62216 8.19199 32.2726
      vertex -2.09441 7.9651 34.6963
    endloop
  endfacet
  facet normal -0.354386 0.933413 0.0561286
    outer loop
      vertex -2.89493 7.65094 34.8665
      vertex -2.46428 7.9651 32.3611
      vertex -3.2782 7.65094 32.4466
    endloop
  endfacet
  facet normal -0.35438 0.933415 0.0561299
    outer loop
      vertex -2.09441 7.9651 34.6963
      vertex -2.46428 7.9651 32.3611
      vertex -2.89493 7.65094 34.8665
    endloop
  endfacet
  facet normal -0.448886 0.890756 0.0710955
    outer loop
      vertex -3.65895 7.25296 35.0289
      vertex -3.2782 7.65094 32.4466
      vertex -4.055 7.25296 32.5283
    endloop
  endfacet
  facet normal -0.448885 0.890757 0.0710956
    outer loop
      vertex -2.89493 7.65094 34.8665
      vertex -3.2782 7.65094 32.4466
      vertex -3.65895 7.25296 35.0289
    endloop
  endfacet
  facet normal -0.538454 0.838328 0.0852821
    outer loop
      vertex -4.37808 6.77552 35.1817
      vertex -4.055 7.25296 32.5283
      vertex -4.78617 6.77552 32.6051
    endloop
  endfacet
  facet normal -0.538456 0.838327 0.0852817
    outer loop
      vertex -3.65895 7.25296 35.0289
      vertex -4.055 7.25296 32.5283
      vertex -4.37808 6.77552 35.1817
    endloop
  endfacet
  facet normal -0.622086 0.776725 0.0985266
    outer loop
      vertex -5.04446 6.22384 35.3234
      vertex -4.78617 6.77552 32.6051
      vertex -5.46371 6.22384 32.6763
    endloop
  endfacet
  facet normal -0.622083 0.776727 0.0985274
    outer loop
      vertex -4.37808 6.77552 35.1817
      vertex -4.78617 6.77552 32.6051
      vertex -5.04446 6.22384 35.3234
    endloop
  endfacet
  facet normal -0.698882 0.70662 0.110693
    outer loop
      vertex -5.65078 5.60397 35.4522
      vertex -5.46371 6.22384 32.6763
      vertex -6.08018 5.60397 32.7411
    endloop
  endfacet
  facet normal -0.69889 0.706612 0.110691
    outer loop
      vertex -5.04446 6.22384 35.3234
      vertex -5.46371 6.22384 32.6763
      vertex -5.65078 5.60397 35.4522
    endloop
  endfacet
  facet normal -0.767991 0.628803 0.12164
    outer loop
      vertex -6.19041 4.9227 35.5669
      vertex -6.08018 5.60397 32.7411
      vertex -6.62884 4.9227 32.7988
    endloop
  endfacet
  facet normal -0.767992 0.628802 0.121639
    outer loop
      vertex -5.65078 5.60397 35.4522
      vertex -6.08018 5.60397 32.7411
      vertex -6.19041 4.9227 35.5669
    endloop
  endfacet
  facet normal -0.828682 0.544114 0.131251
    outer loop
      vertex -6.65742 4.1875 35.6662
      vertex -6.62884 4.9227 32.7988
      vertex -7.10367 4.1875 32.8487
    endloop
  endfacet
  facet normal -0.828679 0.544117 0.131252
    outer loop
      vertex -6.19041 4.9227 35.5669
      vertex -6.62884 4.9227 32.7988
      vertex -6.65742 4.1875 35.6662
    endloop
  endfacet
  facet normal -0.880285 0.453496 0.139422
    outer loop
      vertex -7.0467 3.40642 35.749
      vertex -7.10367 4.1875 32.8487
      vertex -7.49947 3.40642 32.8903
    endloop
  endfacet
  facet normal -0.880283 0.453501 0.139424
    outer loop
      vertex -7.0467 3.40642 35.749
      vertex -6.65742 4.1875 35.6662
      vertex -7.10367 4.1875 32.8487
    endloop
  endfacet
  facet normal -0.922253 0.357931 0.146067
    outer loop
      vertex -7.35399 2.58802 35.8143
      vertex -7.49947 3.40642 32.8903
      vertex -7.8119 2.58802 32.9231
    endloop
  endfacet
  facet normal -0.92225 0.357938 0.146069
    outer loop
      vertex -7.35399 2.58802 35.8143
      vertex -7.0467 3.40642 35.749
      vertex -7.49947 3.40642 32.8903
    endloop
  endfacet
  facet normal -0.954115 0.258506 0.151123
    outer loop
      vertex -7.57592 1.74126 35.8614
      vertex -7.8119 2.58802 32.9231
      vertex -8.03755 1.74126 32.9469
    endloop
  endfacet
  facet normal -0.954125 0.258475 0.151115
    outer loop
      vertex -7.57592 1.74126 35.8614
      vertex -7.35399 2.58802 35.8143
      vertex -7.8119 2.58802 32.9231
    endloop
  endfacet
  facet normal -0.975563 0.156215 0.154512
    outer loop
      vertex -7.71006 0.875425 35.89
      vertex -8.03755 1.74126 32.9469
      vertex -8.17393 0.875425 32.9612
    endloop
  endfacet
  facet normal -0.975557 0.156243 0.154519
    outer loop
      vertex -7.71006 0.875425 35.89
      vertex -7.57592 1.74126 35.8614
      vertex -8.03755 1.74126 32.9469
    endloop
  endfacet
  facet normal -0.986338 0.0522677 0.15622
    outer loop
      vertex -7.75494 0 35.8995
      vertex -8.17393 0.875425 32.9612
      vertex -8.21956 0 32.966
    endloop
  endfacet
  facet normal -0.986339 0.0522614 0.156219
    outer loop
      vertex -7.75494 0 35.8995
      vertex -7.71006 0.875425 35.89
      vertex -8.17393 0.875425 32.9612
    endloop
  endfacet
  facet normal -0.964605 -0.0522568 0.258469
    outer loop
      vertex -7.71006 -0.875425 35.89
      vertex -6.94259 -0.875425 38.7542
      vertex -7.75494 0 35.8995
    endloop
  endfacet
  facet normal -0.964606 -0.0522781 0.258462
    outer loop
      vertex -6.94259 -0.875425 38.7542
      vertex -6.98623 0 38.7684
      vertex -7.75494 0 35.8995
    endloop
  endfacet
  facet normal -0.954062 -0.156253 0.255636
    outer loop
      vertex -7.57592 -1.74126 35.8614
      vertex -6.81217 -1.74126 38.7118
      vertex -7.71006 -0.875425 35.89
    endloop
  endfacet
  facet normal -0.954064 -0.156229 0.255644
    outer loop
      vertex -6.81217 -1.74126 38.7118
      vertex -6.94259 -0.875425 38.7542
      vertex -7.71006 -0.875425 35.89
    endloop
  endfacet
  facet normal -0.933104 -0.258467 0.250025
    outer loop
      vertex -7.35399 -2.58802 35.8143
      vertex -6.59639 -2.58802 38.6417
      vertex -7.57592 -1.74126 35.8614
    endloop
  endfacet
  facet normal -0.933101 -0.258481 0.25002
    outer loop
      vertex -6.59639 -2.58802 38.6417
      vertex -6.81217 -1.74126 38.7118
      vertex -7.57592 -1.74126 35.8614
    endloop
  endfacet
  facet normal -0.901929 -0.357936 0.241675
    outer loop
      vertex -7.0467 -3.40642 35.749
      vertex -6.29761 -3.40642 38.5446
      vertex -7.35399 -2.58802 35.8143
    endloop
  endfacet
  facet normal -0.901926 -0.357947 0.24167
    outer loop
      vertex -6.29761 -3.40642 38.5446
      vertex -6.59639 -2.58802 38.6417
      vertex -7.35399 -2.58802 35.8143
    endloop
  endfacet
  facet normal -0.860884 -0.453506 0.230674
    outer loop
      vertex -6.65742 -4.1875 35.6662
      vertex -5.91911 -4.1875 38.4216
      vertex -7.0467 -3.40642 35.749
    endloop
  endfacet
  facet normal -0.860887 -0.453499 0.230677
    outer loop
      vertex -5.91911 -4.1875 38.4216
      vertex -6.29761 -3.40642 38.5446
      vertex -7.0467 -3.40642 35.749
    endloop
  endfacet
  facet normal -0.81042 -0.54412 0.217148
    outer loop
      vertex -6.19041 -4.9227 35.5669
      vertex -5.46503 -4.9227 38.2741
      vertex -6.65742 -4.1875 35.6662
    endloop
  endfacet
  facet normal -0.810426 -0.544108 0.217154
    outer loop
      vertex -5.46503 -4.9227 38.2741
      vertex -5.91911 -4.1875 38.4216
      vertex -6.65742 -4.1875 35.6662
    endloop
  endfacet
  facet normal -0.751072 -0.628802 0.201246
    outer loop
      vertex -5.65078 -5.60397 35.4522
      vertex -4.94035 -5.60397 38.1036
      vertex -6.19041 -4.9227 35.5669
    endloop
  endfacet
  facet normal -0.751071 -0.628803 0.201246
    outer loop
      vertex -4.94035 -5.60397 38.1036
      vertex -5.46503 -4.9227 38.2741
      vertex -6.19041 -4.9227 35.5669
    endloop
  endfacet
  facet normal -0.683494 -0.706608 0.183142
    outer loop
      vertex -5.04446 -6.22384 35.3234
      vertex -4.35082 -6.22384 37.9121
      vertex -5.65078 -5.60397 35.4522
    endloop
  endfacet
  facet normal -0.68349 -0.706613 0.183138
    outer loop
      vertex -4.35082 -6.22384 37.9121
      vertex -4.94035 -5.60397 38.1036
      vertex -5.65078 -5.60397 35.4522
    endloop
  endfacet
  facet normal -0.608373 -0.77673 0.163013
    outer loop
      vertex -4.37808 -6.77552 35.1817
      vertex -3.7029 -6.77552 37.7015
      vertex -5.04446 -6.22384 35.3234
    endloop
  endfacet
  facet normal -0.608372 -0.776731 0.163013
    outer loop
      vertex -3.7029 -6.77552 37.7015
      vertex -4.35082 -6.22384 37.9121
      vertex -5.04446 -6.22384 35.3234
    endloop
  endfacet
  facet normal -0.526593 -0.838325 0.141106
    outer loop
      vertex -3.65895 -7.25296 35.0289
      vertex -3.00368 -7.25296 37.4743
      vertex -4.37808 -6.77552 35.1817
    endloop
  endfacet
  facet normal -0.526582 -0.838333 0.141098
    outer loop
      vertex -3.00368 -7.25296 37.4743
      vertex -3.7029 -6.77552 37.7015
      vertex -4.37808 -6.77552 35.1817
    endloop
  endfacet
  facet normal -0.438995 -0.890757 0.117628
    outer loop
      vertex -2.89493 -7.65094 34.8665
      vertex -2.26083 -7.65094 37.233
      vertex -3.65895 -7.25296 35.0289
    endloop
  endfacet
  facet normal -0.439005 -0.89075 0.117636
    outer loop
      vertex -2.26083 -7.65094 37.233
      vertex -3.00368 -7.25296 37.4743
      vertex -3.65895 -7.25296 35.0289
    endloop
  endfacet
  facet normal -0.346571 -0.933416 0.0928615
    outer loop
      vertex -2.09441 -7.9651 34.6963
      vertex -1.48248 -7.9651 36.9801
      vertex -2.89493 -7.65094 34.8665
    endloop
  endfacet
  facet normal -0.346574 -0.933414 0.0928641
    outer loop
      vertex -1.48248 -7.9651 36.9801
      vertex -2.26083 -7.65094 37.233
      vertex -2.89493 -7.65094 34.8665
    endloop
  endfacet
  facet normal -0.250326 -0.965835 0.0670764
    outer loop
      vertex -1.26616 -8.19199 34.5203
      vertex -0.677167 -8.19199 36.7184
      vertex -2.09441 -7.9651 34.6963
    endloop
  endfacet
  facet normal -0.25032 -0.965837 0.0670717
    outer loop
      vertex -0.677167 -8.19199 36.7184
      vertex -1.48248 -7.9651 36.9801
      vertex -2.09441 -7.9651 34.6963
    endloop
  endfacet
  facet normal -0.151298 -0.987657 0.0405387
    outer loop
      vertex -0.419248 -8.32912 34.3402
      vertex 0.146291 -8.32912 36.4509
      vertex -1.26616 -8.19199 34.5203
    endloop
  endfacet
  facet normal -0.151303 -0.987656 0.0405426
    outer loop
      vertex 0.146291 -8.32912 36.4509
      vertex -0.677167 -8.19199 36.7184
      vertex -1.26616 -8.19199 34.5203
    endloop
  endfacet
  facet normal -0.0506229 -0.998626 0.0135644
    outer loop
      vertex 0.437049 -8.375 34.1582
      vertex 0.97887 -8.375 36.1803
      vertex -0.419248 -8.32912 34.3402
    endloop
  endfacet
  facet normal -0.0506218 -0.998626 0.0135636
    outer loop
      vertex 0.97887 -8.375 36.1803
      vertex 0.146291 -8.32912 36.4509
      vertex -0.419248 -8.32912 34.3402
    endloop
  endfacet
  facet normal 0.0506232 -0.998626 -0.0135645
    outer loop
      vertex 1.29334 -8.32912 33.9762
      vertex 1.81145 -8.32912 35.9098
      vertex 0.437049 -8.375 34.1582
    endloop
  endfacet
  facet normal 0.0506231 -0.998626 -0.0135644
    outer loop
      vertex 1.81145 -8.32912 35.9098
      vertex 0.97887 -8.375 36.1803
      vertex 0.437049 -8.375 34.1582
    endloop
  endfacet
  facet normal 0.151301 -0.987656 -0.0405401
    outer loop
      vertex 2.14026 -8.19199 33.7962
      vertex 2.63491 -8.19199 35.6423
      vertex 1.29334 -8.32912 33.9762
    endloop
  endfacet
  facet normal 0.151303 -0.987656 -0.0405419
    outer loop
      vertex 2.63491 -8.19199 35.6423
      vertex 1.81145 -8.32912 35.9098
      vertex 1.29334 -8.32912 33.9762
    endloop
  endfacet
  facet normal 0.250326 -0.965835 -0.0670765
    outer loop
      vertex 2.96851 -7.9651 33.6202
      vertex 3.44022 -7.9651 35.3806
      vertex 2.14026 -8.19199 33.7962
    endloop
  endfacet
  facet normal 0.250321 -0.965837 -0.0670718
    outer loop
      vertex 3.44022 -7.9651 35.3806
      vertex 2.63491 -8.19199 35.6423
      vertex 2.14026 -8.19199 33.7962
    endloop
  endfacet
  facet normal 0.34657 -0.933416 -0.0928636
    outer loop
      vertex 3.76903 -7.65094 33.45
      vertex 4.21857 -7.65094 35.1277
      vertex 2.96851 -7.9651 33.6202
    endloop
  endfacet
  facet normal 0.346574 -0.933414 -0.0928665
    outer loop
      vertex 4.21857 -7.65094 35.1277
      vertex 3.44022 -7.9651 35.3806
      vertex 2.96851 -7.9651 33.6202
    endloop
  endfacet
  facet normal 0.438998 -0.890754 -0.117632
    outer loop
      vertex 4.53304 -7.25296 33.2876
      vertex 4.96142 -7.25296 34.8863
      vertex 3.76903 -7.65094 33.45
    endloop
  endfacet
  facet normal 0.438995 -0.890756 -0.117629
    outer loop
      vertex 4.96142 -7.25296 34.8863
      vertex 4.21857 -7.65094 35.1277
      vertex 3.76903 -7.65094 33.45
    endloop
  endfacet
  facet normal 0.526577 -0.838337 -0.141095
    outer loop
      vertex 5.25218 -6.77552 33.1347
      vertex 5.66064 -6.77552 34.6591
      vertex 4.53304 -7.25296 33.2876
    endloop
  endfacet
  facet normal 0.526581 -0.838334 -0.1411
    outer loop
      vertex 5.66064 -6.77552 34.6591
      vertex 4.96142 -7.25296 34.8863
      vertex 4.53304 -7.25296 33.2876
    endloop
  endfacet
  facet normal 0.608387 -0.776718 -0.163017
    outer loop
      vertex 5.91856 -6.22384 32.9931
      vertex 6.30856 -6.22384 34.4486
      vertex 5.25218 -6.77552 33.1347
    endloop
  endfacet
  facet normal 0.608386 -0.776719 -0.163016
    outer loop
      vertex 6.30856 -6.22384 34.4486
      vertex 5.66064 -6.77552 34.6591
      vertex 5.25218 -6.77552 33.1347
    endloop
  endfacet
  facet normal 0.683482 -0.706623 -0.18313
    outer loop
      vertex 6.52488 -5.60397 32.8642
      vertex 6.89809 -5.60397 34.2571
      vertex 5.91856 -6.22384 32.9931
    endloop
  endfacet
  facet normal 0.683489 -0.706614 -0.18314
    outer loop
      vertex 6.89809 -5.60397 34.2571
      vertex 6.30856 -6.22384 34.4486
      vertex 5.91856 -6.22384 32.9931
    endloop
  endfacet
  facet normal 0.751077 -0.628795 -0.201248
    outer loop
      vertex 7.0645 -4.9227 32.7495
      vertex 7.42277 -4.9227 34.0866
      vertex 6.52488 -5.60397 32.8642
    endloop
  endfacet
  facet normal 0.751072 -0.628802 -0.20124
    outer loop
      vertex 7.42277 -4.9227 34.0866
      vertex 6.89809 -5.60397 34.2571
      vertex 6.52488 -5.60397 32.8642
    endloop
  endfacet
  facet normal 0.810424 -0.544106 -0.217167
    outer loop
      vertex 7.53152 -4.1875 32.6503
      vertex 7.87685 -4.1875 33.939
      vertex 7.0645 -4.9227 32.7495
    endloop
  endfacet
  facet normal 0.810414 -0.544129 -0.217147
    outer loop
      vertex 7.87685 -4.1875 33.939
      vertex 7.42277 -4.9227 34.0866
      vertex 7.0645 -4.9227 32.7495
    endloop
  endfacet
  facet normal 0.860886 -0.453507 -0.230666
    outer loop
      vertex 7.9208 -3.40642 32.5675
      vertex 8.25535 -3.40642 33.8161
      vertex 7.53152 -4.1875 32.6503
    endloop
  endfacet
  facet normal 0.860895 -0.453476 -0.230692
    outer loop
      vertex 8.25535 -3.40642 33.8161
      vertex 7.87685 -4.1875 33.939
      vertex 7.53152 -4.1875 32.6503
    endloop
  endfacet
  facet normal 0.90193 -0.357936 -0.241671
    outer loop
      vertex 8.22809 -2.58802 32.5022
      vertex 8.55413 -2.58802 33.719
      vertex 7.9208 -3.40642 32.5675
    endloop
  endfacet
  facet normal 0.901928 -0.357946 -0.241663
    outer loop
      vertex 8.55413 -2.58802 33.719
      vertex 8.25535 -3.40642 33.8161
      vertex 7.9208 -3.40642 32.5675
    endloop
  endfacet
  facet normal 0.933099 -0.258495 -0.250012
    outer loop
      vertex 8.45002 -1.74126 32.455
      vertex 8.76991 -1.74126 33.6489
      vertex 8.22809 -2.58802 32.5022
    endloop
  endfacet
  facet normal 0.9331 -0.258481 -0.250023
    outer loop
      vertex 8.76991 -1.74126 33.6489
      vertex 8.55413 -2.58802 33.719
      vertex 8.22809 -2.58802 32.5022
    endloop
  endfacet
  facet normal 0.954068 -0.156224 -0.255634
    outer loop
      vertex 8.58416 -0.875425 32.4265
      vertex 8.90033 -0.875425 33.6065
      vertex 8.45002 -1.74126 32.455
    endloop
  endfacet
  facet normal 0.954068 -0.156229 -0.25563
    outer loop
      vertex 8.90033 -0.875425 33.6065
      vertex 8.76991 -1.74126 33.6489
      vertex 8.45002 -1.74126 32.455
    endloop
  endfacet
  facet normal 0.964603 -0.0522458 -0.25848
    outer loop
      vertex 8.62903 0 32.417
      vertex 8.94397 0 33.5923
      vertex 8.58416 -0.875425 32.4265
    endloop
  endfacet
  facet normal 0.964607 -0.0522781 -0.258457
    outer loop
      vertex 8.94397 0 33.5923
      vertex 8.90033 -0.875425 33.6065
      vertex 8.58416 -0.875425 32.4265
    endloop
  endfacet
  facet normal 0.964609 0.0522459 -0.258458
    outer loop
      vertex 8.90033 0.875425 33.6065
      vertex 8.62903 0 32.417
      vertex 8.58416 0.875425 32.4265
    endloop
  endfacet
  facet normal 0.964601 0.0522782 -0.25848
    outer loop
      vertex 8.90033 0.875425 33.6065
      vertex 8.94397 0 33.5923
      vertex 8.62903 0 32.417
    endloop
  endfacet
  facet normal 0.954069 0.156224 -0.25563
    outer loop
      vertex 8.76991 1.74126 33.6489
      vertex 8.58416 0.875425 32.4265
      vertex 8.45002 1.74126 32.455
    endloop
  endfacet
  facet normal 0.954067 0.156229 -0.255633
    outer loop
      vertex 8.76991 1.74126 33.6489
      vertex 8.90033 0.875425 33.6065
      vertex 8.58416 0.875425 32.4265
    endloop
  endfacet
  facet normal 0.933097 0.258495 -0.250022
    outer loop
      vertex 8.55413 2.58802 33.719
      vertex 8.45002 1.74126 32.455
      vertex 8.22809 2.58802 32.5022
    endloop
  endfacet
  facet normal 0.933103 0.25848 -0.250013
    outer loop
      vertex 8.55413 2.58802 33.719
      vertex 8.76991 1.74126 33.6489
      vertex 8.45002 1.74126 32.455
    endloop
  endfacet
  facet normal 0.901931 0.357936 -0.241664
    outer loop
      vertex 8.25535 3.40642 33.8161
      vertex 8.22809 2.58802 32.5022
      vertex 7.9208 3.40642 32.5675
    endloop
  endfacet
  facet normal 0.901926 0.357947 -0.24167
    outer loop
      vertex 8.25535 3.40642 33.8161
      vertex 8.55413 2.58802 33.719
      vertex 8.22809 2.58802 32.5022
    endloop
  endfacet
  facet normal 0.86088 0.453506 -0.230688
    outer loop
      vertex 7.87685 4.1875 33.939
      vertex 7.9208 3.40642 32.5675
      vertex 7.53152 4.1875 32.6503
    endloop
  endfacet
  facet normal 0.860902 0.453475 -0.23067
    outer loop
      vertex 8.25535 3.40642 33.8161
      vertex 7.9208 3.40642 32.5675
      vertex 7.87685 4.1875 33.939
    endloop
  endfacet
  facet normal 0.810428 0.544107 -0.217151
    outer loop
      vertex 7.42277 4.9227 34.0866
      vertex 7.53152 4.1875 32.6503
      vertex 7.0645 4.9227 32.7495
    endloop
  endfacet
  facet normal 0.810409 0.544129 -0.217164
    outer loop
      vertex 7.87685 4.1875 33.939
      vertex 7.53152 4.1875 32.6503
      vertex 7.42277 4.9227 34.0866
    endloop
  endfacet
  facet normal 0.751078 0.628795 -0.201242
    outer loop
      vertex 6.89809 5.60397 34.2571
      vertex 7.0645 4.9227 32.7495
      vertex 6.52488 5.60397 32.8642
    endloop
  endfacet
  facet normal 0.751071 0.628803 -0.201246
    outer loop
      vertex 7.42277 4.9227 34.0866
      vertex 7.0645 4.9227 32.7495
      vertex 6.89809 5.60397 34.2571
    endloop
  endfacet
  facet normal 0.68348 0.706623 -0.183138
    outer loop
      vertex 6.30856 6.22384 34.4486
      vertex 6.52488 5.60397 32.8642
      vertex 5.91856 6.22384 32.9931
    endloop
  endfacet
  facet normal 0.683491 0.706613 -0.183133
    outer loop
      vertex 6.89809 5.60397 34.2571
      vertex 6.52488 5.60397 32.8642
      vertex 6.30856 6.22384 34.4486
    endloop
  endfacet
  facet normal 0.608387 0.776718 -0.163016
    outer loop
      vertex 5.66064 6.77552 34.6591
      vertex 5.91856 6.22384 32.9931
      vertex 5.25218 6.77552 33.1347
    endloop
  endfacet
  facet normal 0.608386 0.776719 -0.163016
    outer loop
      vertex 6.30856 6.22384 34.4486
      vertex 5.91856 6.22384 32.9931
      vertex 5.66064 6.77552 34.6591
    endloop
  endfacet
  facet normal 0.526576 0.838337 -0.141099
    outer loop
      vertex 4.96142 7.25296 34.8863
      vertex 5.25218 6.77552 33.1347
      vertex 4.53304 7.25296 33.2876
    endloop
  endfacet
  facet normal 0.526582 0.838333 -0.141097
    outer loop
      vertex 5.66064 6.77552 34.6591
      vertex 5.25218 6.77552 33.1347
      vertex 4.96142 7.25296 34.8863
    endloop
  endfacet
  facet normal 0.438999 0.890754 -0.11763
    outer loop
      vertex 4.21857 7.65094 35.1277
      vertex 4.53304 7.25296 33.2876
      vertex 3.76903 7.65094 33.45
    endloop
  endfacet
  facet normal 0.438995 0.890756 -0.117631
    outer loop
      vertex 4.96142 7.25296 34.8863
      vertex 4.53304 7.25296 33.2876
      vertex 4.21857 7.65094 35.1277
    endloop
  endfacet
  facet normal 0.34657 0.933416 -0.0928656
    outer loop
      vertex 3.44022 7.9651 35.3806
      vertex 3.76903 7.65094 33.45
      vertex 2.96851 7.9651 33.6202
    endloop
  endfacet
  facet normal 0.346574 0.933414 -0.0928646
    outer loop
      vertex 4.21857 7.65094 35.1277
      vertex 3.76903 7.65094 33.45
      vertex 3.44022 7.9651 35.3806
    endloop
  endfacet
  facet normal 0.250327 0.965835 -0.0670734
    outer loop
      vertex 2.63491 8.19199 35.6423
      vertex 2.96851 7.9651 33.6202
      vertex 2.14026 8.19199 33.7962
    endloop
  endfacet
  facet normal 0.25032 0.965837 -0.0670748
    outer loop
      vertex 3.44022 7.9651 35.3806
      vertex 2.96851 7.9651 33.6202
      vertex 2.63491 8.19199 35.6423
    endloop
  endfacet
  facet normal 0.151301 0.987656 -0.0405413
    outer loop
      vertex 1.81145 8.32912 35.9098
      vertex 2.14026 8.19199 33.7962
      vertex 1.29334 8.32912 33.9762
    endloop
  endfacet
  facet normal 0.151304 0.987656 -0.0405408
    outer loop
      vertex 2.63491 8.19199 35.6423
      vertex 2.14026 8.19199 33.7962
      vertex 1.81145 8.32912 35.9098
    endloop
  endfacet
  facet normal 0.0506232 0.998626 -0.0135645
    outer loop
      vertex 0.97887 8.375 36.1803
      vertex 1.29334 8.32912 33.9762
      vertex 0.437049 8.375 34.1582
    endloop
  endfacet
  facet normal 0.0506231 0.998626 -0.0135645
    outer loop
      vertex 1.81145 8.32912 35.9098
      vertex 1.29334 8.32912 33.9762
      vertex 0.97887 8.375 36.1803
    endloop
  endfacet
  facet normal -0.050623 0.998626 0.0135639
    outer loop
      vertex 0.146291 8.32912 36.4509
      vertex 0.437049 8.375 34.1582
      vertex -0.419248 8.32912 34.3402
    endloop
  endfacet
  facet normal -0.0506216 0.998626 0.0135641
    outer loop
      vertex 0.97887 8.375 36.1803
      vertex 0.437049 8.375 34.1582
      vertex 0.146291 8.32912 36.4509
    endloop
  endfacet
  facet normal -0.151298 0.987657 0.0405411
    outer loop
      vertex -0.677167 8.19199 36.7184
      vertex -0.419248 8.32912 34.3402
      vertex -1.26616 8.19199 34.5203
    endloop
  endfacet
  facet normal -0.151304 0.987656 0.0405403
    outer loop
      vertex 0.146291 8.32912 36.4509
      vertex -0.419248 8.32912 34.3402
      vertex -0.677167 8.19199 36.7184
    endloop
  endfacet
  facet normal -0.250327 0.965835 0.0670736
    outer loop
      vertex -1.48248 7.9651 36.9801
      vertex -1.26616 8.19199 34.5203
      vertex -2.09441 7.9651 34.6963
    endloop
  endfacet
  facet normal -0.250319 0.965837 0.0670744
    outer loop
      vertex -0.677167 8.19199 36.7184
      vertex -1.26616 8.19199 34.5203
      vertex -1.48248 7.9651 36.9801
    endloop
  endfacet
  facet normal -0.346571 0.933416 0.092863
    outer loop
      vertex -2.26083 7.65094 37.233
      vertex -2.09441 7.9651 34.6963
      vertex -2.89493 7.65094 34.8665
    endloop
  endfacet
  facet normal -0.346575 0.933414 0.0928626
    outer loop
      vertex -1.48248 7.9651 36.9801
      vertex -2.09441 7.9651 34.6963
      vertex -2.26083 7.65094 37.233
    endloop
  endfacet
  facet normal -0.438993 0.890757 0.117633
    outer loop
      vertex -3.00368 7.25296 37.4743
      vertex -2.89493 7.65094 34.8665
      vertex -3.65895 7.25296 35.0289
    endloop
  endfacet
  facet normal -0.439007 0.89075 0.117631
    outer loop
      vertex -2.26083 7.65094 37.233
      vertex -2.89493 7.65094 34.8665
      vertex -3.00368 7.25296 37.4743
    endloop
  endfacet
  facet normal -0.526594 0.838325 0.141101
    outer loop
      vertex -3.7029 6.77552 37.7015
      vertex -3.65895 7.25296 35.0289
      vertex -4.37808 6.77552 35.1817
    endloop
  endfacet
  facet normal -0.52658 0.838334 0.141103
    outer loop
      vertex -3.00368 7.25296 37.4743
      vertex -3.65895 7.25296 35.0289
      vertex -3.7029 6.77552 37.7015
    endloop
  endfacet
  facet normal -0.608373 0.77673 0.163013
    outer loop
      vertex -4.35082 6.22384 37.9121
      vertex -4.37808 6.77552 35.1817
      vertex -5.04446 6.22384 35.3234
    endloop
  endfacet
  facet normal -0.608372 0.776731 0.163013
    outer loop
      vertex -4.35082 6.22384 37.9121
      vertex -3.7029 6.77552 37.7015
      vertex -4.37808 6.77552 35.1817
    endloop
  endfacet
  facet normal -0.683495 0.706608 0.183139
    outer loop
      vertex -4.94035 5.60397 38.1036
      vertex -5.04446 6.22384 35.3234
      vertex -5.65078 5.60397 35.4522
    endloop
  endfacet
  facet normal -0.683489 0.706614 0.18314
    outer loop
      vertex -4.94035 5.60397 38.1036
      vertex -4.35082 6.22384 37.9121
      vertex -5.04446 6.22384 35.3234
    endloop
  endfacet
  facet normal -0.751072 0.628802 0.201246
    outer loop
      vertex -5.46503 4.9227 38.2741
      vertex -5.65078 5.60397 35.4522
      vertex -6.19041 4.9227 35.5669
    endloop
  endfacet
  facet normal -0.751071 0.628803 0.201246
    outer loop
      vertex -5.46503 4.9227 38.2741
      vertex -4.94035 5.60397 38.1036
      vertex -5.65078 5.60397 35.4522
    endloop
  endfacet
  facet normal -0.810419 0.54412 0.217152
    outer loop
      vertex -5.91911 4.1875 38.4216
      vertex -6.19041 4.9227 35.5669
      vertex -6.65742 4.1875 35.6662
    endloop
  endfacet
  facet normal -0.810427 0.544108 0.21715
    outer loop
      vertex -5.91911 4.1875 38.4216
      vertex -5.46503 4.9227 38.2741
      vertex -6.19041 4.9227 35.5669
    endloop
  endfacet
  facet normal -0.860883 0.453506 0.230676
    outer loop
      vertex -6.29761 3.40642 38.5446
      vertex -6.65742 4.1875 35.6662
      vertex -7.0467 3.40642 35.749
    endloop
  endfacet
  facet normal -0.860888 0.453499 0.230675
    outer loop
      vertex -6.29761 3.40642 38.5446
      vertex -5.91911 4.1875 38.4216
      vertex -6.65742 4.1875 35.6662
    endloop
  endfacet
  facet normal -0.901929 0.357936 0.241671
    outer loop
      vertex -6.59639 2.58802 38.6417
      vertex -7.0467 3.40642 35.749
      vertex -7.35399 2.58802 35.8143
    endloop
  endfacet
  facet normal -0.901925 0.357947 0.241674
    outer loop
      vertex -6.59639 2.58802 38.6417
      vertex -6.29761 3.40642 38.5446
      vertex -7.0467 3.40642 35.749
    endloop
  endfacet
  facet normal -0.933105 0.258467 0.250021
    outer loop
      vertex -6.81217 1.74126 38.7118
      vertex -7.35399 2.58802 35.8143
      vertex -7.57592 1.74126 35.8614
    endloop
  endfacet
  facet normal -0.9331 0.258481 0.250024
    outer loop
      vertex -6.81217 1.74126 38.7118
      vertex -6.59639 2.58802 38.6417
      vertex -7.35399 2.58802 35.8143
    endloop
  endfacet
  facet normal -0.954061 0.156253 0.255643
    outer loop
      vertex -6.94259 0.875425 38.7542
      vertex -7.57592 1.74126 35.8614
      vertex -7.71006 0.875425 35.89
    endloop
  endfacet
  facet normal -0.954066 0.156229 0.255637
    outer loop
      vertex -6.94259 0.875425 38.7542
      vertex -6.81217 1.74126 38.7118
      vertex -7.57592 1.74126 35.8614
    endloop
  endfacet
  facet normal -0.964607 0.0522568 0.258462
    outer loop
      vertex -6.98623 0 38.7684
      vertex -7.71006 0.875425 35.89
      vertex -7.75494 0 35.8995
    endloop
  endfacet
  facet normal -0.964604 0.0522781 0.258468
    outer loop
      vertex -6.98623 0 38.7684
      vertex -6.94259 0.875425 38.7542
      vertex -7.71006 0.875425 35.89
    endloop
  endfacet
  facet normal -0.932304 -0.0522804 0.357878
    outer loop
      vertex -6.94259 -0.875425 38.7542
      vertex -5.87994 -0.875425 41.5225
      vertex -6.98623 0 38.7684
    endloop
  endfacet
  facet normal -0.932304 -0.0522777 0.357878
    outer loop
      vertex -5.87994 -0.875425 41.5225
      vertex -5.92185 0 41.5412
      vertex -6.98623 0 38.7684
    endloop
  endfacet
  facet normal -0.922116 -0.156231 0.353968
    outer loop
      vertex -6.81217 -1.74126 38.7118
      vertex -5.75466 -1.74126 41.4667
      vertex -6.94259 -0.875425 38.7542
    endloop
  endfacet
  facet normal -0.922116 -0.156235 0.353967
    outer loop
      vertex -5.75466 -1.74126 41.4667
      vertex -5.87994 -0.875425 41.5225
      vertex -6.94259 -0.875425 38.7542
    endloop
  endfacet
  facet normal -0.901853 -0.258479 0.346194
    outer loop
      vertex -6.59639 -2.58802 38.6417
      vertex -5.54739 -2.58802 41.3744
      vertex -6.81217 -1.74126 38.7118
    endloop
  endfacet
  facet normal -0.901851 -0.258491 0.346189
    outer loop
      vertex -5.54739 -2.58802 41.3744
      vertex -5.75466 -1.74126 41.4667
      vertex -6.81217 -1.74126 38.7118
    endloop
  endfacet
  facet normal -0.871725 -0.357949 0.334618
    outer loop
      vertex -6.29761 -3.40642 38.5446
      vertex -5.26039 -3.40642 41.2467
      vertex -6.59639 -2.58802 38.6417
    endloop
  endfacet
  facet normal -0.871732 -0.357917 0.334631
    outer loop
      vertex -5.26039 -3.40642 41.2467
      vertex -5.54739 -2.58802 41.3744
      vertex -6.59639 -2.58802 38.6417
    endloop
  endfacet
  facet normal -0.832061 -0.453501 0.319393
    outer loop
      vertex -5.91911 -4.1875 38.4216
      vertex -4.89682 -4.1875 41.0848
      vertex -6.29761 -3.40642 38.5446
    endloop
  endfacet
  facet normal -0.83206 -0.453502 0.319392
    outer loop
      vertex -4.89682 -4.1875 41.0848
      vertex -5.26039 -3.40642 41.2467
      vertex -6.29761 -3.40642 38.5446
    endloop
  endfacet
  facet normal -0.78329 -0.544105 0.300677
    outer loop
      vertex -5.46503 -4.9227 38.2741
      vertex -4.46065 -4.9227 40.8906
      vertex -5.91911 -4.1875 38.4216
    endloop
  endfacet
  facet normal -0.783284 -0.544117 0.30067
    outer loop
      vertex -4.46065 -4.9227 40.8906
      vertex -4.89682 -4.1875 41.0848
      vertex -5.91911 -4.1875 38.4216
    endloop
  endfacet
  facet normal -0.725919 -0.628804 0.278651
    outer loop
      vertex -4.94035 -5.60397 38.1036
      vertex -3.95667 -5.60397 40.6662
      vertex -5.46503 -4.9227 38.2741
    endloop
  endfacet
  facet normal -0.725923 -0.628798 0.278656
    outer loop
      vertex -3.95667 -5.60397 40.6662
      vertex -4.46065 -4.9227 40.8906
      vertex -5.46503 -4.9227 38.2741
    endloop
  endfacet
  facet normal -0.660604 -0.706611 0.253583
    outer loop
      vertex -4.35082 -6.22384 37.9121
      vertex -3.39039 -6.22384 40.4141
      vertex -4.94035 -5.60397 38.1036
    endloop
  endfacet
  facet normal -0.660599 -0.706617 0.253578
    outer loop
      vertex -3.39039 -6.22384 40.4141
      vertex -3.95667 -5.60397 40.6662
      vertex -4.94035 -5.60397 38.1036
    endloop
  endfacet
  facet normal -0.587997 -0.776734 0.225706
    outer loop
      vertex -3.7029 -6.77552 37.7015
      vertex -2.76802 -6.77552 40.137
      vertex -4.35082 -6.22384 37.9121
    endloop
  endfacet
  facet normal -0.588007 -0.776724 0.225715
    outer loop
      vertex -2.76802 -6.77552 40.137
      vertex -3.39039 -6.22384 40.4141
      vertex -4.35082 -6.22384 37.9121
    endloop
  endfacet
  facet normal -0.508948 -0.838334 0.195367
    outer loop
      vertex -3.00368 -7.25296 37.4743
      vertex -2.09638 -7.25296 39.8379
      vertex -3.7029 -6.77552 37.7015
    endloop
  endfacet
  facet normal -0.508941 -0.83834 0.19536
    outer loop
      vertex -2.09638 -7.25296 39.8379
      vertex -2.76802 -6.77552 40.137
      vertex -3.7029 -6.77552 37.7015
    endloop
  endfacet
  facet normal -0.424308 -0.890748 0.162881
    outer loop
      vertex -2.26083 -7.65094 37.233
      vertex -1.38283 -7.65094 39.5202
      vertex -3.00368 -7.25296 37.4743
    endloop
  endfacet
  facet normal -0.424298 -0.890755 0.162873
    outer loop
      vertex -1.38283 -7.65094 39.5202
      vertex -2.09638 -7.25296 39.8379
      vertex -3.00368 -7.25296 37.4743
    endloop
  endfacet
  facet normal -0.334969 -0.933414 0.128582
    outer loop
      vertex -1.48248 -7.9651 36.9801
      vertex -0.63518 -7.9651 39.1874
      vertex -2.26083 -7.65094 37.233
    endloop
  endfacet
  facet normal -0.334977 -0.93341 0.12859
    outer loop
      vertex -0.63518 -7.9651 39.1874
      vertex -1.38283 -7.65094 39.5202
      vertex -2.26083 -7.65094 37.233
    endloop
  endfacet
  facet normal -0.241937 -0.965837 0.0928687
    outer loop
      vertex -0.677167 -8.19199 36.7184
      vertex 0.138371 -8.19199 38.843
      vertex -1.48248 -7.9651 36.9801
    endloop
  endfacet
  facet normal -0.241941 -0.965836 0.092872
    outer loop
      vertex 0.138371 -8.19199 38.843
      vertex -0.63518 -7.9651 39.1874
      vertex -1.48248 -7.9651 36.9801
    endloop
  endfacet
  facet normal -0.146238 -0.987655 0.0561365
    outer loop
      vertex 0.146291 -8.32912 36.4509
      vertex 0.92935 -8.32912 38.4908
      vertex -0.677167 -8.19199 36.7184
    endloop
  endfacet
  facet normal -0.146233 -0.987656 0.0561324
    outer loop
      vertex 0.92935 -8.32912 38.4908
      vertex 0.138371 -8.19199 38.843
      vertex -0.677167 -8.19199 36.7184
    endloop
  endfacet
  facet normal -0.0489261 -0.998626 0.0187809
    outer loop
      vertex 0.97887 -8.375 36.1803
      vertex 1.72909 -8.375 38.1347
      vertex 0.146291 -8.32912 36.4509
    endloop
  endfacet
  facet normal -0.0489269 -0.998626 0.0187816
    outer loop
      vertex 1.72909 -8.375 38.1347
      vertex 0.92935 -8.32912 38.4908
      vertex 0.146291 -8.32912 36.4509
    endloop
  endfacet
  facet normal 0.0489282 -0.998626 -0.0187812
    outer loop
      vertex 1.81145 -8.32912 35.9098
      vertex 2.52883 -8.32912 37.7787
      vertex 0.97887 -8.375 36.1803
    endloop
  endfacet
  facet normal 0.0489291 -0.998626 -0.018782
    outer loop
      vertex 2.52883 -8.32912 37.7787
      vertex 1.72909 -8.375 38.1347
      vertex 0.97887 -8.375 36.1803
    endloop
  endfacet
  facet normal 0.146238 -0.987655 -0.0561361
    outer loop
      vertex 2.63491 -8.19199 35.6423
      vertex 3.31981 -8.19199 37.4265
      vertex 1.81145 -8.32912 35.9098
    endloop
  endfacet
  facet normal 0.146233 -0.987656 -0.0561319
    outer loop
      vertex 3.31981 -8.19199 37.4265
      vertex 2.52883 -8.32912 37.7787
      vertex 1.81145 -8.32912 35.9098
    endloop
  endfacet
  facet normal 0.241937 -0.965837 -0.0928704
    outer loop
      vertex 3.44022 -7.9651 35.3806
      vertex 4.09336 -7.9651 37.0821
      vertex 2.63491 -8.19199 35.6423
    endloop
  endfacet
  facet normal 0.24194 -0.965836 -0.0928735
    outer loop
      vertex 4.09336 -7.9651 37.0821
      vertex 3.31981 -8.19199 37.4265
      vertex 2.63491 -8.19199 35.6423
    endloop
  endfacet
  facet normal 0.334969 -0.933414 -0.128583
    outer loop
      vertex 4.21857 -7.65094 35.1277
      vertex 4.84101 -7.65094 36.7492
      vertex 3.44022 -7.9651 35.3806
    endloop
  endfacet
  facet normal 0.334966 -0.933416 -0.128581
    outer loop
      vertex 4.84101 -7.65094 36.7492
      vertex 4.09336 -7.9651 37.0821
      vertex 3.44022 -7.9651 35.3806
    endloop
  endfacet
  facet normal 0.424294 -0.890757 -0.162869
    outer loop
      vertex 4.96142 -7.25296 34.8863
      vertex 5.55456 -7.25296 36.4315
      vertex 4.21857 -7.65094 35.1277
    endloop
  endfacet
  facet normal 0.424298 -0.890755 -0.162874
    outer loop
      vertex 5.55456 -7.25296 36.4315
      vertex 4.84101 -7.65094 36.7492
      vertex 4.21857 -7.65094 35.1277
    endloop
  endfacet
  facet normal 0.508951 -0.838334 -0.195359
    outer loop
      vertex 5.66064 -6.77552 34.6591
      vertex 6.2262 -6.77552 36.1325
      vertex 4.96142 -7.25296 34.8863
    endloop
  endfacet
  facet normal 0.508957 -0.838328 -0.195368
    outer loop
      vertex 6.2262 -6.77552 36.1325
      vertex 5.55456 -7.25296 36.4315
      vertex 4.96142 -7.25296 34.8863
    endloop
  endfacet
  facet normal 0.588016 -0.776718 -0.225714
    outer loop
      vertex 6.30856 -6.22384 34.4486
      vertex 6.84857 -6.22384 35.8554
      vertex 5.66064 -6.77552 34.6591
    endloop
  endfacet
  facet normal 0.58801 -0.776724 -0.225706
    outer loop
      vertex 6.84857 -6.22384 35.8554
      vertex 6.2262 -6.77552 36.1325
      vertex 5.66064 -6.77552 34.6591
    endloop
  endfacet
  facet normal 0.660604 -0.706611 -0.253583
    outer loop
      vertex 6.89809 -5.60397 34.2571
      vertex 7.41485 -5.60397 35.6033
      vertex 6.30856 -6.22384 34.4486
    endloop
  endfacet
  facet normal 0.660599 -0.706617 -0.253576
    outer loop
      vertex 7.41485 -5.60397 35.6033
      vertex 6.84857 -6.22384 35.8554
      vertex 6.30856 -6.22384 34.4486
    endloop
  endfacet
  facet normal 0.72592 -0.628804 -0.27865
    outer loop
      vertex 7.42277 -4.9227 34.0866
      vertex 7.91883 -4.9227 35.3789
      vertex 6.89809 -5.60397 34.2571
    endloop
  endfacet
  facet normal 0.725923 -0.628798 -0.278657
    outer loop
      vertex 7.91883 -4.9227 35.3789
      vertex 7.41485 -5.60397 35.6033
      vertex 6.89809 -5.60397 34.2571
    endloop
  endfacet
  facet normal 0.783278 -0.544134 -0.300654
    outer loop
      vertex 7.87685 -4.1875 33.939
      vertex 8.355 -4.1875 35.1847
      vertex 7.42277 -4.9227 34.0866
    endloop
  endfacet
  facet normal 0.783284 -0.544117 -0.30067
    outer loop
      vertex 8.355 -4.1875 35.1847
      vertex 7.91883 -4.9227 35.3789
      vertex 7.42277 -4.9227 34.0866
    endloop
  endfacet
  facet normal 0.83207 -0.453468 -0.319416
    outer loop
      vertex 8.25535 -3.40642 33.8161
      vertex 8.71858 -3.40642 35.0228
      vertex 7.87685 -4.1875 33.939
    endloop
  endfacet
  facet normal 0.832061 -0.453511 -0.319379
    outer loop
      vertex 8.71858 -3.40642 35.0228
      vertex 8.355 -4.1875 35.1847
      vertex 7.87685 -4.1875 33.939
    endloop
  endfacet
  facet normal 0.871719 -0.357948 -0.334633
    outer loop
      vertex 8.55413 -2.58802 33.719
      vertex 9.00557 -2.58802 34.895
      vertex 8.25535 -3.40642 33.8161
    endloop
  endfacet
  facet normal 0.871719 -0.357944 -0.334637
    outer loop
      vertex 9.00557 -2.58802 34.895
      vertex 8.71858 -3.40642 35.0228
      vertex 8.25535 -3.40642 33.8161
    endloop
  endfacet
  facet normal 0.901847 -0.258479 -0.346208
    outer loop
      vertex 8.76991 -1.74126 33.6489
      vertex 9.21284 -1.74126 34.8027
      vertex 8.55413 -2.58802 33.719
    endloop
  endfacet
  facet normal 0.901847 -0.258491 -0.346199
    outer loop
      vertex 9.21284 -1.74126 34.8027
      vertex 9.00557 -2.58802 34.895
      vertex 8.55413 -2.58802 33.719
    endloop
  endfacet
  facet normal 0.922118 -0.156231 -0.353962
    outer loop
      vertex 8.90033 -0.875425 33.6065
      vertex 9.33812 -0.875425 34.747
      vertex 8.76991 -1.74126 33.6489
    endloop
  endfacet
  facet normal 0.922114 -0.156196 -0.353989
    outer loop
      vertex 9.33812 -0.875425 34.747
      vertex 9.21284 -1.74126 34.8027
      vertex 8.76991 -1.74126 33.6489
    endloop
  endfacet
  facet normal 0.932306 -0.0522805 -0.357871
    outer loop
      vertex 8.94397 0 33.5923
      vertex 9.38003 0 34.7283
      vertex 8.90033 -0.875425 33.6065
    endloop
  endfacet
  facet normal 0.932306 -0.0522776 -0.357873
    outer loop
      vertex 9.38003 0 34.7283
      vertex 9.33812 -0.875425 34.747
      vertex 8.90033 -0.875425 33.6065
    endloop
  endfacet
  facet normal 0.932306 0.0522804 -0.357873
    outer loop
      vertex 9.33812 0.875425 34.747
      vertex 8.94397 0 33.5923
      vertex 8.90033 0.875425 33.6065
    endloop
  endfacet
  facet normal 0.932306 0.0522776 -0.357871
    outer loop
      vertex 9.33812 0.875425 34.747
      vertex 9.38003 0 34.7283
      vertex 8.94397 0 33.5923
    endloop
  endfacet
  facet normal 0.922109 0.156231 -0.353987
    outer loop
      vertex 9.21284 1.74126 34.8027
      vertex 8.90033 0.875425 33.6065
      vertex 8.76991 1.74126 33.6489
    endloop
  endfacet
  facet normal 0.922124 0.156195 -0.353965
    outer loop
      vertex 9.21284 1.74126 34.8027
      vertex 9.33812 0.875425 34.747
      vertex 8.90033 0.875425 33.6065
    endloop
  endfacet
  facet normal 0.90185 0.258479 -0.3462
    outer loop
      vertex 9.00557 2.58802 34.895
      vertex 8.76991 1.74126 33.6489
      vertex 8.55413 2.58802 33.719
    endloop
  endfacet
  facet normal 0.901844 0.258491 -0.346207
    outer loop
      vertex 9.00557 2.58802 34.895
      vertex 9.21284 1.74126 34.8027
      vertex 8.76991 1.74126 33.6489
    endloop
  endfacet
  facet normal 0.871718 0.357948 -0.334636
    outer loop
      vertex 8.71858 3.40642 35.0228
      vertex 8.55413 2.58802 33.719
      vertex 8.25535 3.40642 33.8161
    endloop
  endfacet
  facet normal 0.87172 0.357944 -0.334634
    outer loop
      vertex 8.71858 3.40642 35.0228
      vertex 9.00557 2.58802 34.895
      vertex 8.55413 2.58802 33.719
    endloop
  endfacet
  facet normal 0.832081 0.453469 -0.319386
    outer loop
      vertex 8.355 4.1875 35.1847
      vertex 8.25535 3.40642 33.8161
      vertex 7.87685 4.1875 33.939
    endloop
  endfacet
  facet normal 0.832049 0.453511 -0.319408
    outer loop
      vertex 8.355 4.1875 35.1847
      vertex 8.71858 3.40642 35.0228
      vertex 8.25535 3.40642 33.8161
    endloop
  endfacet
  facet normal 0.783274 0.544134 -0.300666
    outer loop
      vertex 7.91883 4.9227 35.3789
      vertex 7.87685 4.1875 33.939
      vertex 7.42277 4.9227 34.0866
    endloop
  endfacet
  facet normal 0.783289 0.544117 -0.300658
    outer loop
      vertex 7.91883 4.9227 35.3789
      vertex 8.355 4.1875 35.1847
      vertex 7.87685 4.1875 33.939
    endloop
  endfacet
  facet normal 0.725918 0.628804 -0.278655
    outer loop
      vertex 7.41485 5.60397 35.6033
      vertex 7.42277 4.9227 34.0866
      vertex 6.89809 5.60397 34.2571
    endloop
  endfacet
  facet normal 0.725925 0.628798 -0.278652
    outer loop
      vertex 7.91883 4.9227 35.3789
      vertex 7.42277 4.9227 34.0866
      vertex 7.41485 5.60397 35.6033
    endloop
  endfacet
  facet normal 0.660605 0.706611 -0.253578
    outer loop
      vertex 6.84857 6.22384 35.8554
      vertex 6.89809 5.60397 34.2571
      vertex 6.30856 6.22384 34.4486
    endloop
  endfacet
  facet normal 0.660597 0.706617 -0.253581
    outer loop
      vertex 7.41485 5.60397 35.6033
      vertex 6.89809 5.60397 34.2571
      vertex 6.84857 6.22384 35.8554
    endloop
  endfacet
  facet normal 0.588017 0.776718 -0.225709
    outer loop
      vertex 6.2262 6.77552 36.1325
      vertex 6.30856 6.22384 34.4486
      vertex 5.66064 6.77552 34.6591
    endloop
  endfacet
  facet normal 0.588008 0.776724 -0.225711
    outer loop
      vertex 6.84857 6.22384 35.8554
      vertex 6.30856 6.22384 34.4486
      vertex 6.2262 6.77552 36.1325
    endloop
  endfacet
  facet normal 0.508949 0.838334 -0.195365
    outer loop
      vertex 5.55456 7.25296 36.4315
      vertex 5.66064 6.77552 34.6591
      vertex 4.96142 7.25296 34.8863
    endloop
  endfacet
  facet normal 0.50896 0.838328 -0.195363
    outer loop
      vertex 6.2262 6.77552 36.1325
      vertex 5.66064 6.77552 34.6591
      vertex 5.55456 7.25296 36.4315
    endloop
  endfacet
  facet normal 0.424293 0.890757 -0.162872
    outer loop
      vertex 4.84101 7.65094 36.7492
      vertex 4.96142 7.25296 34.8863
      vertex 4.21857 7.65094 35.1277
    endloop
  endfacet
  facet normal 0.424299 0.890755 -0.162871
    outer loop
      vertex 5.55456 7.25296 36.4315
      vertex 4.96142 7.25296 34.8863
      vertex 4.84101 7.65094 36.7492
    endloop
  endfacet
  facet normal 0.334969 0.933414 -0.128582
    outer loop
      vertex 4.09336 7.9651 37.0821
      vertex 4.21857 7.65094 35.1277
      vertex 3.44022 7.9651 35.3806
    endloop
  endfacet
  facet normal 0.334965 0.933416 -0.128582
    outer loop
      vertex 4.84101 7.65094 36.7492
      vertex 4.21857 7.65094 35.1277
      vertex 4.09336 7.9651 37.0821
    endloop
  endfacet
  facet normal 0.241937 0.965837 -0.0928722
    outer loop
      vertex 3.31981 8.19199 37.4265
      vertex 3.44022 7.9651 35.3806
      vertex 2.63491 8.19199 35.6423
    endloop
  endfacet
  facet normal 0.241941 0.965836 -0.0928718
    outer loop
      vertex 4.09336 7.9651 37.0821
      vertex 3.44022 7.9651 35.3806
      vertex 3.31981 8.19199 37.4265
    endloop
  endfacet
  facet normal 0.146238 0.987655 -0.0561338
    outer loop
      vertex 2.52883 8.32912 37.7787
      vertex 2.63491 8.19199 35.6423
      vertex 1.81145 8.32912 35.9098
    endloop
  endfacet
  facet normal 0.146232 0.987656 -0.0561341
    outer loop
      vertex 3.31981 8.19199 37.4265
      vertex 2.63491 8.19199 35.6423
      vertex 2.52883 8.32912 37.7787
    endloop
  endfacet
  facet normal 0.0489281 0.998626 -0.0187816
    outer loop
      vertex 1.72909 8.375 38.1347
      vertex 1.81145 8.32912 35.9098
      vertex 0.97887 8.375 36.1803
    endloop
  endfacet
  facet normal 0.0489293 0.998626 -0.0187816
    outer loop
      vertex 2.52883 8.32912 37.7787
      vertex 1.81145 8.32912 35.9098
      vertex 1.72909 8.375 38.1347
    endloop
  endfacet
  facet normal -0.048926 0.998626 0.0187813
    outer loop
      vertex 0.92935 8.32912 38.4908
      vertex 0.97887 8.375 36.1803
      vertex 0.146291 8.32912 36.4509
    endloop
  endfacet
  facet normal -0.0489271 0.998626 0.0187813
    outer loop
      vertex 1.72909 8.375 38.1347
      vertex 0.97887 8.375 36.1803
      vertex 0.92935 8.32912 38.4908
    endloop
  endfacet
  facet normal -0.146238 0.987655 0.0561344
    outer loop
      vertex 0.138371 8.19199 38.843
      vertex 0.146291 8.32912 36.4509
      vertex -0.677167 8.19199 36.7184
    endloop
  endfacet
  facet normal -0.146232 0.987656 0.0561344
    outer loop
      vertex 0.92935 8.32912 38.4908
      vertex 0.146291 8.32912 36.4509
      vertex 0.138371 8.19199 38.843
    endloop
  endfacet
  facet normal -0.241937 0.965837 0.0928704
    outer loop
      vertex -0.63518 7.9651 39.1874
      vertex -0.677167 8.19199 36.7184
      vertex -1.48248 7.9651 36.9801
    endloop
  endfacet
  facet normal -0.241941 0.965836 0.0928704
    outer loop
      vertex -0.63518 7.9651 39.1874
      vertex 0.138371 8.19199 38.843
      vertex -0.677167 8.19199 36.7184
    endloop
  endfacet
  facet normal -0.334968 0.933414 0.128586
    outer loop
      vertex -1.38283 7.65094 39.5202
      vertex -1.48248 7.9651 36.9801
      vertex -2.26083 7.65094 37.233
    endloop
  endfacet
  facet normal -0.334979 0.93341 0.128586
    outer loop
      vertex -1.38283 7.65094 39.5202
      vertex -0.63518 7.9651 39.1874
      vertex -1.48248 7.9651 36.9801
    endloop
  endfacet
  facet normal -0.424309 0.890749 0.162877
    outer loop
      vertex -2.09638 7.25296 39.8379
      vertex -2.26083 7.65094 37.233
      vertex -3.00368 7.25296 37.4743
    endloop
  endfacet
  facet normal -0.424296 0.890755 0.162877
    outer loop
      vertex -2.09638 7.25296 39.8379
      vertex -1.38283 7.65094 39.5202
      vertex -2.26083 7.65094 37.233
    endloop
  endfacet
  facet normal -0.508949 0.838334 0.195363
    outer loop
      vertex -2.76802 6.77552 40.137
      vertex -3.00368 7.25296 37.4743
      vertex -3.7029 6.77552 37.7015
    endloop
  endfacet
  facet normal -0.508939 0.83834 0.195363
    outer loop
      vertex -2.76802 6.77552 40.137
      vertex -2.09638 7.25296 39.8379
      vertex -3.00368 7.25296 37.4743
    endloop
  endfacet
  facet normal -0.587995 0.776734 0.225711
    outer loop
      vertex -3.39039 6.22384 40.4141
      vertex -3.7029 6.77552 37.7015
      vertex -4.35082 6.22384 37.9121
    endloop
  endfacet
  facet normal -0.588009 0.776724 0.22571
    outer loop
      vertex -3.39039 6.22384 40.4141
      vertex -2.76802 6.77552 40.137
      vertex -3.7029 6.77552 37.7015
    endloop
  endfacet
  facet normal -0.660605 0.706611 0.25358
    outer loop
      vertex -3.95667 5.60397 40.6662
      vertex -4.35082 6.22384 37.9121
      vertex -4.94035 5.60397 38.1036
    endloop
  endfacet
  facet normal -0.660598 0.706617 0.25358
    outer loop
      vertex -3.95667 5.60397 40.6662
      vertex -3.39039 6.22384 40.4141
      vertex -4.35082 6.22384 37.9121
    endloop
  endfacet
  facet normal -0.725918 0.628804 0.278654
    outer loop
      vertex -4.46065 4.9227 40.8906
      vertex -4.94035 5.60397 38.1036
      vertex -5.46503 4.9227 38.2741
    endloop
  endfacet
  facet normal -0.725924 0.628798 0.278653
    outer loop
      vertex -4.46065 4.9227 40.8906
      vertex -3.95667 5.60397 40.6662
      vertex -4.94035 5.60397 38.1036
    endloop
  endfacet
  facet normal -0.783291 0.544105 0.300673
    outer loop
      vertex -4.89682 4.1875 41.0848
      vertex -5.46503 4.9227 38.2741
      vertex -5.91911 4.1875 38.4216
    endloop
  endfacet
  facet normal -0.783282 0.544117 0.300674
    outer loop
      vertex -4.89682 4.1875 41.0848
      vertex -4.46065 4.9227 40.8906
      vertex -5.46503 4.9227 38.2741
    endloop
  endfacet
  facet normal -0.832061 0.453501 0.319392
    outer loop
      vertex -5.26039 3.40642 41.2467
      vertex -5.91911 4.1875 38.4216
      vertex -6.29761 3.40642 38.5446
    endloop
  endfacet
  facet normal -0.83206 0.453502 0.319393
    outer loop
      vertex -5.26039 3.40642 41.2467
      vertex -4.89682 4.1875 41.0848
      vertex -5.91911 4.1875 38.4216
    endloop
  endfacet
  facet normal -0.871721 0.357949 0.334627
    outer loop
      vertex -5.54739 2.58802 41.3744
      vertex -6.29761 3.40642 38.5446
      vertex -6.59639 2.58802 38.6417
    endloop
  endfacet
  facet normal -0.871736 0.357917 0.334622
    outer loop
      vertex -5.54739 2.58802 41.3744
      vertex -5.26039 3.40642 41.2467
      vertex -6.29761 3.40642 38.5446
    endloop
  endfacet
  facet normal -0.901854 0.258479 0.34619
    outer loop
      vertex -5.75466 1.74126 41.4667
      vertex -6.59639 2.58802 38.6417
      vertex -6.81217 1.74126 38.7118
    endloop
  endfacet
  facet normal -0.90185 0.258491 0.346193
    outer loop
      vertex -5.75466 1.74126 41.4667
      vertex -5.54739 2.58802 41.3744
      vertex -6.59639 2.58802 38.6417
    endloop
  endfacet
  facet normal -0.922117 0.156231 0.353967
    outer loop
      vertex -5.87994 0.875425 41.5225
      vertex -6.81217 1.74126 38.7118
      vertex -6.94259 0.875425 38.7542
    endloop
  endfacet
  facet normal -0.922116 0.156235 0.353968
    outer loop
      vertex -5.87994 0.875425 41.5225
      vertex -5.75466 1.74126 41.4667
      vertex -6.81217 1.74126 38.7118
    endloop
  endfacet
  facet normal -0.932303 0.0522804 0.357878
    outer loop
      vertex -5.92185 0 41.5412
      vertex -6.94259 0.875425 38.7542
      vertex -6.98623 0 38.7684
    endloop
  endfacet
  facet normal -0.932304 0.0522777 0.357878
    outer loop
      vertex -5.92185 0 41.5412
      vertex -5.87994 0.875425 41.5225
      vertex -6.94259 0.875425 38.7542
    endloop
  endfacet
  facet normal -0.88979 -0.0522821 0.453365
    outer loop
      vertex -5.87994 -0.875425 41.5225
      vertex -4.53374 -0.875425 44.1646
      vertex -5.92185 0 41.5412
    endloop
  endfacet
  facet normal -0.889787 -0.0522415 0.453377
    outer loop
      vertex -4.53374 -0.875425 44.1646
      vertex -4.57347 0 44.1875
      vertex -5.92185 0 41.5412
    endloop
  endfacet
  facet normal -0.880067 -0.156238 0.448411
    outer loop
      vertex -5.75466 -1.74126 41.4667
      vertex -4.41498 -1.74126 44.096
      vertex -5.87994 -0.875425 41.5225
    endloop
  endfacet
  facet normal -0.880067 -0.15624 0.448411
    outer loop
      vertex -4.41498 -1.74126 44.096
      vertex -4.53374 -0.875425 44.1646
      vertex -5.87994 -0.875425 41.5225
    endloop
  endfacet
  facet normal -0.860722 -0.258493 0.438565
    outer loop
      vertex -5.54739 -2.58802 41.3744
      vertex -4.21848 -2.58802 43.9825
      vertex -5.75466 -1.74126 41.4667
    endloop
  endfacet
  facet normal -0.860719 -0.258523 0.438553
    outer loop
      vertex -4.21848 -2.58802 43.9825
      vertex -4.41498 -1.74126 44.096
      vertex -5.75466 -1.74126 41.4667
    endloop
  endfacet
  facet normal -0.831982 -0.35791 0.423918
    outer loop
      vertex -5.26039 -3.40642 41.2467
      vertex -3.94642 -3.40642 43.8255
      vertex -5.54739 -2.58802 41.3744
    endloop
  endfacet
  facet normal -0.831984 -0.3579 0.423922
    outer loop
      vertex -3.94642 -3.40642 43.8255
      vertex -4.21848 -2.58802 43.9825
      vertex -5.54739 -2.58802 41.3744
    endloop
  endfacet
  facet normal -0.794113 -0.453505 0.404621
    outer loop
      vertex -4.89682 -4.1875 41.0848
      vertex -3.60176 -4.1875 43.6265
      vertex -5.26039 -3.40642 41.2467
    endloop
  endfacet
  facet normal -0.794115 -0.4535 0.404623
    outer loop
      vertex -3.60176 -4.1875 43.6265
      vertex -3.94642 -3.40642 43.8255
      vertex -5.26039 -3.40642 41.2467
    endloop
  endfacet
  facet normal -0.747564 -0.544118 0.380898
    outer loop
      vertex -4.46065 -4.9227 40.8906
      vertex -3.18828 -4.9227 43.3878
      vertex -4.89682 -4.1875 41.0848
    endloop
  endfacet
  facet normal -0.747569 -0.544106 0.380905
    outer loop
      vertex -3.18828 -4.9227 43.3878
      vertex -3.60176 -4.1875 43.6265
      vertex -4.89682 -4.1875 41.0848
    endloop
  endfacet
  facet normal -0.692817 -0.628799 0.353012
    outer loop
      vertex -3.95667 -5.60397 40.6662
      vertex -2.71051 -5.60397 43.1119
      vertex -4.46065 -4.9227 40.8906
    endloop
  endfacet
  facet normal -0.692807 -0.628817 0.352998
    outer loop
      vertex -2.71051 -5.60397 43.1119
      vertex -3.18828 -4.9227 43.3878
      vertex -4.46065 -4.9227 40.8906
    endloop
  endfacet
  facet normal -0.630473 -0.706616 0.321243
    outer loop
      vertex -3.39039 -6.22384 40.4141
      vertex -2.17369 -6.22384 42.802
      vertex -3.95667 -5.60397 40.6662
    endloop
  endfacet
  facet normal -0.630477 -0.706611 0.321247
    outer loop
      vertex -2.17369 -6.22384 42.802
      vertex -2.71051 -5.60397 43.1119
      vertex -3.95667 -5.60397 40.6662
    endloop
  endfacet
  facet normal -0.561188 -0.776724 0.285949
    outer loop
      vertex -2.76802 -6.77552 40.137
      vertex -1.58369 -6.77552 42.4613
      vertex -3.39039 -6.22384 40.4141
    endloop
  endfacet
  facet normal -0.561176 -0.776739 0.285934
    outer loop
      vertex -1.58369 -6.77552 42.4613
      vertex -2.17369 -6.22384 42.802
      vertex -3.39039 -6.22384 40.4141
    endloop
  endfacet
  facet normal -0.485731 -0.838342 0.247482
    outer loop
      vertex -2.09638 -7.25296 39.8379
      vertex -0.946989 -7.25296 42.0938
      vertex -2.76802 -6.77552 40.137
    endloop
  endfacet
  facet normal -0.48576 -0.838316 0.247515
    outer loop
      vertex -0.946989 -7.25296 42.0938
      vertex -1.58369 -6.77552 42.4613
      vertex -2.76802 -6.77552 40.137
    endloop
  endfacet
  facet normal -0.40495 -0.890755 0.206329
    outer loop
      vertex -1.38283 -7.65094 39.5202
      vertex -0.270554 -7.65094 41.7032
      vertex -2.09638 -7.25296 39.8379
    endloop
  endfacet
  facet normal -0.404941 -0.890761 0.206319
    outer loop
      vertex -0.270554 -7.65094 41.7032
      vertex -0.946989 -7.25296 42.0938
      vertex -2.09638 -7.25296 39.8379
    endloop
  endfacet
  facet normal -0.319704 -0.933409 0.1629
    outer loop
      vertex -0.63518 -7.9651 39.1874
      vertex 0.438204 -7.9651 41.294
      vertex -1.38283 -7.65094 39.5202
    endloop
  endfacet
  facet normal -0.319695 -0.933414 0.16289
    outer loop
      vertex 0.438204 -7.9651 41.294
      vertex -0.270554 -7.65094 41.7032
      vertex -1.38283 -7.65094 39.5202
    endloop
  endfacet
  facet normal -0.230906 -0.965836 0.117657
    outer loop
      vertex 0.138371 -8.19199 38.843
      vertex 1.17152 -8.19199 40.8706
      vertex -0.63518 -7.9651 39.1874
    endloop
  endfacet
  facet normal -0.230903 -0.965837 0.117653
    outer loop
      vertex 1.17152 -8.19199 40.8706
      vertex 0.438204 -7.9651 41.294
      vertex -0.63518 -7.9651 39.1874
    endloop
  endfacet
  facet normal -0.139564 -0.987656 0.0711115
    outer loop
      vertex 0.92935 -8.32912 38.4908
      vertex 1.92135 -8.32912 40.4377
      vertex 0.138371 -8.19199 38.843
    endloop
  endfacet
  facet normal -0.139567 -0.987656 0.0711153
    outer loop
      vertex 1.92135 -8.32912 40.4377
      vertex 1.17152 -8.19199 40.8706
      vertex 0.138371 -8.19199 38.843
    endloop
  endfacet
  facet normal -0.0466958 -0.998626 0.0237923
    outer loop
      vertex 1.72909 -8.375 38.1347
      vertex 2.67949 -8.375 40
      vertex 0.92935 -8.32912 38.4908
    endloop
  endfacet
  facet normal -0.0466967 -0.998626 0.0237933
    outer loop
      vertex 2.67949 -8.375 40
      vertex 1.92135 -8.32912 40.4377
      vertex 0.92935 -8.32912 38.4908
    endloop
  endfacet
  facet normal 0.046698 -0.998626 -0.0237941
    outer loop
      vertex 2.52883 -8.32912 37.7787
      vertex 3.43763 -8.32912 39.5623
      vertex 1.72909 -8.375 38.1347
    endloop
  endfacet
  facet normal 0.0466969 -0.998626 -0.0237928
    outer loop
      vertex 3.43763 -8.32912 39.5623
      vertex 2.67949 -8.375 40
      vertex 1.72909 -8.375 38.1347
    endloop
  endfacet
  facet normal 0.139564 -0.987656 -0.0711104
    outer loop
      vertex 3.31981 -8.19199 37.4265
      vertex 4.18747 -8.19199 39.1294
      vertex 2.52883 -8.32912 37.7787
    endloop
  endfacet
  facet normal 0.139566 -0.987656 -0.0711133
    outer loop
      vertex 4.18747 -8.19199 39.1294
      vertex 3.43763 -8.32912 39.5623
      vertex 2.52883 -8.32912 37.7787
    endloop
  endfacet
  facet normal 0.230908 -0.965836 -0.117654
    outer loop
      vertex 4.09336 -7.9651 37.0821
      vertex 4.92078 -7.9651 38.706
      vertex 3.31981 -8.19199 37.4265
    endloop
  endfacet
  facet normal 0.230906 -0.965837 -0.117651
    outer loop
      vertex 4.92078 -7.9651 38.706
      vertex 4.18747 -8.19199 39.1294
      vertex 3.31981 -8.19199 37.4265
    endloop
  endfacet
  facet normal 0.31969 -0.933416 -0.162888
    outer loop
      vertex 4.84101 -7.65094 36.7492
      vertex 5.62954 -7.65094 38.2968
      vertex 4.09336 -7.9651 37.0821
    endloop
  endfacet
  facet normal 0.319693 -0.933414 -0.162892
    outer loop
      vertex 5.62954 -7.65094 38.2968
      vertex 4.92078 -7.9651 38.706
      vertex 4.09336 -7.9651 37.0821
    endloop
  endfacet
  facet normal 0.404947 -0.890755 -0.206334
    outer loop
      vertex 5.55456 -7.25296 36.4315
      vertex 6.30597 -7.25296 37.9062
      vertex 4.84101 -7.65094 36.7492
    endloop
  endfacet
  facet normal 0.404941 -0.89076 -0.206325
    outer loop
      vertex 6.30597 -7.25296 37.9062
      vertex 5.62954 -7.65094 38.2968
      vertex 4.84101 -7.65094 36.7492
    endloop
  endfacet
  facet normal 0.48575 -0.838327 -0.247497
    outer loop
      vertex 6.2262 -6.77552 36.1325
      vertex 6.94268 -6.77552 37.5387
      vertex 5.55456 -7.25296 36.4315
    endloop
  endfacet
  facet normal 0.485758 -0.838319 -0.24751
    outer loop
      vertex 6.94268 -6.77552 37.5387
      vertex 6.30597 -7.25296 37.9062
      vertex 5.55456 -7.25296 36.4315
    endloop
  endfacet
  facet normal 0.56119 -0.776724 -0.285945
    outer loop
      vertex 6.84857 -6.22384 35.8554
      vertex 7.53267 -6.22384 37.198
      vertex 6.2262 -6.77552 36.1325
    endloop
  endfacet
  facet normal 0.561183 -0.776735 -0.285931
    outer loop
      vertex 7.53267 -6.22384 37.198
      vertex 6.94268 -6.77552 37.5387
      vertex 6.2262 -6.77552 36.1325
    endloop
  endfacet
  facet normal 0.630474 -0.706616 -0.321243
    outer loop
      vertex 7.41485 -5.60397 35.6033
      vertex 8.06949 -5.60397 36.8881
      vertex 6.84857 -6.22384 35.8554
    endloop
  endfacet
  facet normal 0.630476 -0.706611 -0.321249
    outer loop
      vertex 8.06949 -5.60397 36.8881
      vertex 7.53267 -6.22384 37.198
      vertex 6.84857 -6.22384 35.8554
    endloop
  endfacet
  facet normal 0.692811 -0.628798 -0.353023
    outer loop
      vertex 7.91883 -4.9227 35.3789
      vertex 8.54726 -4.9227 36.6122
      vertex 7.41485 -5.60397 35.6033
    endloop
  endfacet
  facet normal 0.692804 -0.628817 -0.353002
    outer loop
      vertex 8.54726 -4.9227 36.6122
      vertex 8.06949 -5.60397 36.8881
      vertex 7.41485 -5.60397 35.6033
    endloop
  endfacet
  facet normal 0.747558 -0.544118 -0.38091
    outer loop
      vertex 8.355 -4.1875 35.1847
      vertex 8.96074 -4.1875 36.3735
      vertex 7.91883 -4.9227 35.3789
    endloop
  endfacet
  facet normal 0.747561 -0.544107 -0.380921
    outer loop
      vertex 8.96074 -4.1875 36.3735
      vertex 8.54726 -4.9227 36.6122
      vertex 7.91883 -4.9227 35.3789
    endloop
  endfacet
  facet normal 0.794109 -0.453513 -0.404619
    outer loop
      vertex 8.71858 -3.40642 35.0228
      vertex 9.3054 -3.40642 36.1745
      vertex 8.355 -4.1875 35.1847
    endloop
  endfacet
  facet normal 0.794111 -0.4535 -0.40463
    outer loop
      vertex 9.3054 -3.40642 36.1745
      vertex 8.96074 -4.1875 36.3735
      vertex 8.355 -4.1875 35.1847
    endloop
  endfacet
  facet normal 0.831968 -0.357946 -0.423915
    outer loop
      vertex 9.00557 -2.58802 34.895
      vertex 9.57747 -2.58802 36.0174
      vertex 8.71858 -3.40642 35.0228
    endloop
  endfacet
  facet normal 0.831968 -0.357954 -0.423908
    outer loop
      vertex 9.57747 -2.58802 36.0174
      vertex 9.3054 -3.40642 36.1745
      vertex 8.71858 -3.40642 35.0228
    endloop
  endfacet
  facet normal 0.86073 -0.258493 -0.438548
    outer loop
      vertex 9.21284 -1.74126 34.8027
      vertex 9.77396 -1.74126 35.904
      vertex 9.00557 -2.58802 34.895
    endloop
  endfacet
  facet normal 0.860728 -0.258465 -0.438569
    outer loop
      vertex 9.77396 -1.74126 35.904
      vertex 9.57747 -2.58802 36.0174
      vertex 9.00557 -2.58802 34.895
    endloop
  endfacet
  facet normal 0.880061 -0.156187 -0.44844
    outer loop
      vertex 9.33812 -0.875425 34.747
      vertex 9.89272 -0.875425 35.8354
      vertex 9.21284 -1.74126 34.8027
    endloop
  endfacet
  facet normal 0.880071 -0.156239 -0.448402
    outer loop
      vertex 9.89272 -0.875425 35.8354
      vertex 9.77396 -1.74126 35.904
      vertex 9.21284 -1.74126 34.8027
    endloop
  endfacet
  facet normal 0.889787 -0.0522821 -0.453371
    outer loop
      vertex 9.38003 0 34.7283
      vertex 9.93246 0 35.8125
      vertex 9.33812 -0.875425 34.747
    endloop
  endfacet
  facet normal 0.889779 -0.0522517 -0.453391
    outer loop
      vertex 9.93246 0 35.8125
      vertex 9.89272 -0.875425 35.8354
      vertex 9.33812 -0.875425 34.747
    endloop
  endfacet
  facet normal 0.889777 0.052282 -0.453391
    outer loop
      vertex 9.89272 0.875425 35.8354
      vertex 9.38003 0 34.7283
      vertex 9.33812 0.875425 34.747
    endloop
  endfacet
  facet normal 0.889789 0.0522517 -0.453372
    outer loop
      vertex 9.89272 0.875425 35.8354
      vertex 9.93246 0 35.8125
      vertex 9.38003 0 34.7283
    endloop
  endfacet
  facet normal 0.880078 0.156187 -0.448406
    outer loop
      vertex 9.77396 1.74126 35.904
      vertex 9.33812 0.875425 34.747
      vertex 9.21284 1.74126 34.8027
    endloop
  endfacet
  facet normal 0.880054 0.15624 -0.448436
    outer loop
      vertex 9.77396 1.74126 35.904
      vertex 9.89272 0.875425 35.8354
      vertex 9.33812 0.875425 34.747
    endloop
  endfacet
  facet normal 0.860721 0.258493 -0.438566
    outer loop
      vertex 9.57747 2.58802 36.0174
      vertex 9.21284 1.74126 34.8027
      vertex 9.00557 2.58802 34.895
    endloop
  endfacet
  facet normal 0.860737 0.258465 -0.438552
    outer loop
      vertex 9.57747 2.58802 36.0174
      vertex 9.77396 1.74126 35.904
      vertex 9.21284 1.74126 34.8027
    endloop
  endfacet
  facet normal 0.831971 0.357946 -0.42391
    outer loop
      vertex 9.3054 3.40642 36.1745
      vertex 9.00557 2.58802 34.895
      vertex 8.71858 3.40642 35.0228
    endloop
  endfacet
  facet normal 0.831965 0.357954 -0.423914
    outer loop
      vertex 9.3054 3.40642 36.1745
      vertex 9.57747 2.58802 36.0174
      vertex 9.00557 2.58802 34.895
    endloop
  endfacet
  facet normal 0.794105 0.453513 -0.404627
    outer loop
      vertex 8.96074 4.1875 36.3735
      vertex 8.71858 3.40642 35.0228
      vertex 8.355 4.1875 35.1847
    endloop
  endfacet
  facet normal 0.794115 0.4535 -0.404622
    outer loop
      vertex 8.96074 4.1875 36.3735
      vertex 9.3054 3.40642 36.1745
      vertex 8.71858 3.40642 35.0228
    endloop
  endfacet
  facet normal 0.747555 0.544117 -0.380918
    outer loop
      vertex 8.54726 4.9227 36.6122
      vertex 8.355 4.1875 35.1847
      vertex 7.91883 4.9227 35.3789
    endloop
  endfacet
  facet normal 0.747565 0.544107 -0.380913
    outer loop
      vertex 8.54726 4.9227 36.6122
      vertex 8.96074 4.1875 36.3735
      vertex 8.355 4.1875 35.1847
    endloop
  endfacet
  facet normal 0.692818 0.628799 -0.353009
    outer loop
      vertex 8.06949 5.60397 36.8881
      vertex 7.91883 4.9227 35.3789
      vertex 7.41485 5.60397 35.6033
    endloop
  endfacet
  facet normal 0.692797 0.628818 -0.353016
    outer loop
      vertex 8.06949 5.60397 36.8881
      vertex 8.54726 4.9227 36.6122
      vertex 7.91883 4.9227 35.3789
    endloop
  endfacet
  facet normal 0.630472 0.706616 -0.321247
    outer loop
      vertex 7.53267 6.22384 37.198
      vertex 7.41485 5.60397 35.6033
      vertex 6.84857 6.22384 35.8554
    endloop
  endfacet
  facet normal 0.630478 0.706611 -0.321245
    outer loop
      vertex 7.53267 6.22384 37.198
      vertex 8.06949 5.60397 36.8881
      vertex 7.41485 5.60397 35.6033
    endloop
  endfacet
  facet normal 0.561194 0.776725 -0.285937
    outer loop
      vertex 6.94268 6.77552 37.5387
      vertex 6.84857 6.22384 35.8554
      vertex 6.2262 6.77552 36.1325
    endloop
  endfacet
  facet normal 0.561178 0.776735 -0.285939
    outer loop
      vertex 6.94268 6.77552 37.5387
      vertex 7.53267 6.22384 37.198
      vertex 6.84857 6.22384 35.8554
    endloop
  endfacet
  facet normal 0.485747 0.838327 -0.247504
    outer loop
      vertex 6.30597 7.25296 37.9062
      vertex 6.2262 6.77552 36.1325
      vertex 5.55456 7.25296 36.4315
    endloop
  endfacet
  facet normal 0.485762 0.838318 -0.247503
    outer loop
      vertex 6.30597 7.25296 37.9062
      vertex 6.94268 6.77552 37.5387
      vertex 6.2262 6.77552 36.1325
    endloop
  endfacet
  facet normal 0.40495 0.890755 -0.206329
    outer loop
      vertex 5.62954 7.65094 38.2968
      vertex 5.55456 7.25296 36.4315
      vertex 4.84101 7.65094 36.7492
    endloop
  endfacet
  facet normal 0.404938 0.89076 -0.20633
    outer loop
      vertex 5.62954 7.65094 38.2968
      vertex 6.30597 7.25296 37.9062
      vertex 5.55456 7.25296 36.4315
    endloop
  endfacet
  facet normal 0.319689 0.933416 -0.16289
    outer loop
      vertex 4.92078 7.9651 38.706
      vertex 4.84101 7.65094 36.7492
      vertex 4.09336 7.9651 37.0821
    endloop
  endfacet
  facet normal 0.319695 0.933414 -0.16289
    outer loop
      vertex 4.92078 7.9651 38.706
      vertex 5.62954 7.65094 38.2968
      vertex 4.84101 7.65094 36.7492
    endloop
  endfacet
  facet normal 0.230908 0.965836 -0.117652
    outer loop
      vertex 4.18747 8.19199 39.1294
      vertex 4.09336 7.9651 37.0821
      vertex 3.31981 8.19199 37.4265
    endloop
  endfacet
  facet normal 0.230905 0.965837 -0.117652
    outer loop
      vertex 4.18747 8.19199 39.1294
      vertex 4.92078 7.9651 38.706
      vertex 4.09336 7.9651 37.0821
    endloop
  endfacet
  facet normal 0.139563 0.987656 -0.0711118
    outer loop
      vertex 3.43763 8.32912 39.5623
      vertex 3.31981 8.19199 37.4265
      vertex 2.52883 8.32912 37.7787
    endloop
  endfacet
  facet normal 0.139567 0.987656 -0.071112
    outer loop
      vertex 3.43763 8.32912 39.5623
      vertex 4.18747 8.19199 39.1294
      vertex 3.31981 8.19199 37.4265
    endloop
  endfacet
  facet normal 0.0466982 0.998626 -0.0237935
    outer loop
      vertex 2.67949 8.375 40
      vertex 2.52883 8.32912 37.7787
      vertex 1.72909 8.375 38.1347
    endloop
  endfacet
  facet normal 0.0466966 0.998626 -0.0237934
    outer loop
      vertex 2.67949 8.375 40
      vertex 3.43763 8.32912 39.5623
      vertex 2.52883 8.32912 37.7787
    endloop
  endfacet
  facet normal -0.0466956 0.998626 0.0237927
    outer loop
      vertex 1.92135 8.32912 40.4377
      vertex 1.72909 8.375 38.1347
      vertex 0.92935 8.32912 38.4908
    endloop
  endfacet
  facet normal -0.0466969 0.998626 0.0237928
    outer loop
      vertex 1.92135 8.32912 40.4377
      vertex 2.67949 8.375 40
      vertex 1.72909 8.375 38.1347
    endloop
  endfacet
  facet normal -0.139563 0.987656 0.0711132
    outer loop
      vertex 1.17152 8.19199 40.8706
      vertex 0.92935 8.32912 38.4908
      vertex 0.138371 8.19199 38.843
    endloop
  endfacet
  facet normal -0.139568 0.987656 0.0711137
    outer loop
      vertex 1.17152 8.19199 40.8706
      vertex 1.92135 8.32912 40.4377
      vertex 0.92935 8.32912 38.4908
    endloop
  endfacet
  facet normal -0.230907 0.965836 0.117655
    outer loop
      vertex 0.438204 7.9651 41.294
      vertex 0.138371 8.19199 38.843
      vertex -0.63518 7.9651 39.1874
    endloop
  endfacet
  facet normal -0.230902 0.965837 0.117654
    outer loop
      vertex 0.438204 7.9651 41.294
      vertex 1.17152 8.19199 40.8706
      vertex 0.138371 8.19199 38.843
    endloop
  endfacet
  facet normal -0.319706 0.933409 0.162896
    outer loop
      vertex -0.270554 7.65094 41.7032
      vertex -0.63518 7.9651 39.1874
      vertex -1.38283 7.65094 39.5202
    endloop
  endfacet
  facet normal -0.319693 0.933414 0.162894
    outer loop
      vertex -0.270554 7.65094 41.7032
      vertex 0.438204 7.9651 41.294
      vertex -0.63518 7.9651 39.1874
    endloop
  endfacet
  facet normal -0.404952 0.890755 0.206325
    outer loop
      vertex -0.946989 7.25296 42.0938
      vertex -1.38283 7.65094 39.5202
      vertex -2.09638 7.25296 39.8379
    endloop
  endfacet
  facet normal -0.404939 0.890761 0.206323
    outer loop
      vertex -0.946989 7.25296 42.0938
      vertex -0.270554 7.65094 41.7032
      vertex -1.38283 7.65094 39.5202
    endloop
  endfacet
  facet normal -0.485724 0.838342 0.247497
    outer loop
      vertex -1.58369 6.77552 42.4613
      vertex -2.09638 7.25296 39.8379
      vertex -2.76802 6.77552 40.137
    endloop
  endfacet
  facet normal -0.485768 0.838316 0.247501
    outer loop
      vertex -1.58369 6.77552 42.4613
      vertex -0.946989 7.25296 42.0938
      vertex -2.09638 7.25296 39.8379
    endloop
  endfacet
  facet normal -0.561192 0.776725 0.285942
    outer loop
      vertex -2.17369 6.22384 42.802
      vertex -2.76802 6.77552 40.137
      vertex -3.39039 6.22384 40.4141
    endloop
  endfacet
  facet normal -0.561172 0.776739 0.285941
    outer loop
      vertex -2.17369 6.22384 42.802
      vertex -1.58369 6.77552 42.4613
      vertex -2.76802 6.77552 40.137
    endloop
  endfacet
  facet normal -0.630473 0.706616 0.321245
    outer loop
      vertex -2.71051 5.60397 43.1119
      vertex -3.39039 6.22384 40.4141
      vertex -3.95667 5.60397 40.6662
    endloop
  endfacet
  facet normal -0.630478 0.706611 0.321246
    outer loop
      vertex -2.71051 5.60397 43.1119
      vertex -2.17369 6.22384 42.802
      vertex -3.39039 6.22384 40.4141
    endloop
  endfacet
  facet normal -0.69282 0.628799 0.353005
    outer loop
      vertex -3.18828 4.9227 43.3878
      vertex -3.95667 5.60397 40.6662
      vertex -4.46065 4.9227 40.8906
    endloop
  endfacet
  facet normal -0.692803 0.628818 0.353005
    outer loop
      vertex -3.18828 4.9227 43.3878
      vertex -2.71051 5.60397 43.1119
      vertex -3.95667 5.60397 40.6662
    endloop
  endfacet
  facet normal -0.747562 0.544118 0.380902
    outer loop
      vertex -3.60176 4.1875 43.6265
      vertex -4.46065 4.9227 40.8906
      vertex -4.89682 4.1875 41.0848
    endloop
  endfacet
  facet normal -0.747571 0.544106 0.380901
    outer loop
      vertex -3.60176 4.1875 43.6265
      vertex -3.18828 4.9227 43.3878
      vertex -4.46065 4.9227 40.8906
    endloop
  endfacet
  facet normal -0.794112 0.453505 0.404622
    outer loop
      vertex -3.94642 3.40642 43.8255
      vertex -4.89682 4.1875 41.0848
      vertex -5.26039 3.40642 41.2467
    endloop
  endfacet
  facet normal -0.794115 0.4535 0.404622
    outer loop
      vertex -3.94642 3.40642 43.8255
      vertex -3.60176 4.1875 43.6265
      vertex -4.89682 4.1875 41.0848
    endloop
  endfacet
  facet normal -0.831981 0.35791 0.423921
    outer loop
      vertex -4.21848 2.58802 43.9825
      vertex -5.26039 3.40642 41.2467
      vertex -5.54739 2.58802 41.3744
    endloop
  endfacet
  facet normal -0.831985 0.3579 0.42392
    outer loop
      vertex -4.21848 2.58802 43.9825
      vertex -3.94642 3.40642 43.8255
      vertex -5.26039 3.40642 41.2467
    endloop
  endfacet
  facet normal -0.860726 0.258493 0.438557
    outer loop
      vertex -4.41498 1.74126 44.096
      vertex -5.54739 2.58802 41.3744
      vertex -5.75466 1.74126 41.4667
    endloop
  endfacet
  facet normal -0.860715 0.258523 0.438561
    outer loop
      vertex -4.41498 1.74126 44.096
      vertex -4.21848 2.58802 43.9825
      vertex -5.54739 2.58802 41.3744
    endloop
  endfacet
  facet normal -0.880067 0.156238 0.448411
    outer loop
      vertex -4.53374 0.875425 44.1646
      vertex -5.75466 1.74126 41.4667
      vertex -5.87994 0.875425 41.5225
    endloop
  endfacet
  facet normal -0.880066 0.15624 0.448411
    outer loop
      vertex -4.53374 0.875425 44.1646
      vertex -4.41498 1.74126 44.096
      vertex -5.75466 1.74126 41.4667
    endloop
  endfacet
  facet normal -0.889785 0.052282 0.453376
    outer loop
      vertex -4.57347 0 44.1875
      vertex -5.87994 0.875425 41.5225
      vertex -5.92185 0 41.5412
    endloop
  endfacet
  facet normal -0.889792 0.0522415 0.453366
    outer loop
      vertex -4.57347 0 44.1875
      vertex -4.53374 0.875425 44.1646
      vertex -5.87994 0.875425 41.5225
    endloop
  endfacet
  facet normal -0.837517 -0.0522376 0.543908
    outer loop
      vertex -4.53374 -0.875425 44.1646
      vertex -2.91874 -0.875425 46.6514
      vertex -4.57347 0 44.1875
    endloop
  endfacet
  facet normal -0.837523 -0.0522878 0.543894
    outer loop
      vertex -2.91874 -0.875425 46.6514
      vertex -2.95586 0 46.6784
      vertex -4.57347 0 44.1875
    endloop
  endfacet
  facet normal -0.828367 -0.156243 0.537956
    outer loop
      vertex -4.41498 -1.74126 44.096
      vertex -2.8078 -1.74126 46.5708
      vertex -4.53374 -0.875425 44.1646
    endloop
  endfacet
  facet normal -0.828366 -0.156218 0.537965
    outer loop
      vertex -2.8078 -1.74126 46.5708
      vertex -2.91874 -0.875425 46.6514
      vertex -4.53374 -0.875425 44.1646
    endloop
  endfacet
  facet normal -0.810167 -0.258528 0.52611
    outer loop
      vertex -4.21848 -2.58802 43.9825
      vertex -2.62424 -2.58802 46.4375
      vertex -4.41498 -1.74126 44.096
    endloop
  endfacet
  facet normal -0.810171 -0.258455 0.52614
    outer loop
      vertex -2.62424 -2.58802 46.4375
      vertex -2.8078 -1.74126 46.5708
      vertex -4.41498 -1.74126 44.096
    endloop
  endfacet
  facet normal -0.783114 -0.357893 0.508571
    outer loop
      vertex -3.94642 -3.40642 43.8255
      vertex -2.37008 -3.40642 46.2528
      vertex -4.21848 -2.58802 43.9825
    endloop
  endfacet
  facet normal -0.783104 -0.357967 0.508536
    outer loop
      vertex -2.37008 -3.40642 46.2528
      vertex -2.62424 -2.58802 46.4375
      vertex -4.21848 -2.58802 43.9825
    endloop
  endfacet
  facet normal -0.747469 -0.453501 0.485414
    outer loop
      vertex -3.60176 -4.1875 43.6265
      vertex -2.04811 -4.1875 46.0189
      vertex -3.94642 -3.40642 43.8255
    endloop
  endfacet
  facet normal -0.747474 -0.453481 0.485425
    outer loop
      vertex -2.04811 -4.1875 46.0189
      vertex -2.37008 -3.40642 46.2528
      vertex -3.94642 -3.40642 43.8255
    endloop
  endfacet
  facet normal -0.70366 -0.544105 0.456961
    outer loop
      vertex -3.18828 -4.9227 43.3878
      vertex -1.66185 -4.9227 45.7383
      vertex -3.60176 -4.1875 43.6265
    endloop
  endfacet
  facet normal -0.703662 -0.544098 0.456965
    outer loop
      vertex -1.66185 -4.9227 45.7383
      vertex -2.04811 -4.1875 46.0189
      vertex -3.60176 -4.1875 43.6265
    endloop
  endfacet
  facet normal -0.652111 -0.628821 0.42348
    outer loop
      vertex -2.71051 -5.60397 43.1119
      vertex -1.21553 -5.60397 45.414
      vertex -3.18828 -4.9227 43.3878
    endloop
  endfacet
  facet normal -0.652116 -0.62881 0.423488
    outer loop
      vertex -1.21553 -5.60397 45.414
      vertex -1.66185 -4.9227 45.7383
      vertex -3.18828 -4.9227 43.3878
    endloop
  endfacet
  facet normal -0.593442 -0.706609 0.385395
    outer loop
      vertex -2.17369 -6.22384 42.802
      vertex -0.714046 -6.22384 45.0496
      vertex -2.71051 -5.60397 43.1119
    endloop
  endfacet
  facet normal -0.593426 -0.706636 0.38537
    outer loop
      vertex -0.714046 -6.22384 45.0496
      vertex -1.21553 -5.60397 45.414
      vertex -2.71051 -5.60397 43.1119
    endloop
  endfacet
  facet normal -0.528215 -0.776742 0.343018
    outer loop
      vertex -1.58369 -6.77552 42.4613
      vertex -0.162889 -6.77552 44.6492
      vertex -2.17369 -6.22384 42.802
    endloop
  endfacet
  facet normal -0.528236 -0.776714 0.343049
    outer loop
      vertex -0.162889 -6.77552 44.6492
      vertex -0.714046 -6.22384 45.0496
      vertex -2.17369 -6.22384 42.802
    endloop
  endfacet
  facet normal -0.457234 -0.838313 0.296932
    outer loop
      vertex -0.946989 -7.25296 42.0938
      vertex 0.431902 -7.25296 44.2171
      vertex -1.58369 -6.77552 42.4613
    endloop
  endfacet
  facet normal -0.457223 -0.838324 0.296916
    outer loop
      vertex 0.431902 -7.25296 44.2171
      vertex -0.162889 -6.77552 44.6492
      vertex -1.58369 -6.77552 42.4613
    endloop
  endfacet
  facet normal -0.381148 -0.890762 0.247525
    outer loop
      vertex -0.270554 -7.65094 41.7032
      vertex 1.06381 -7.65094 43.7579
      vertex -0.946989 -7.25296 42.0938
    endloop
  endfacet
  facet normal -0.381143 -0.890767 0.247518
    outer loop
      vertex 1.06381 -7.65094 43.7579
      vertex 0.431902 -7.25296 44.2171
      vertex -0.946989 -7.25296 42.0938
    endloop
  endfacet
  facet normal -0.300916 -0.933414 0.195417
    outer loop
      vertex 0.438204 -7.9651 41.294
      vertex 1.72591 -7.9651 43.2769
      vertex -0.270554 -7.65094 41.7032
    endloop
  endfacet
  facet normal -0.300922 -0.93341 0.195425
    outer loop
      vertex 1.72591 -7.9651 43.2769
      vertex 1.06381 -7.65094 43.7579
      vertex -0.270554 -7.65094 41.7032
    endloop
  endfacet
  facet normal -0.217342 -0.965837 0.14114
    outer loop
      vertex 1.17152 -8.19199 40.8706
      vertex 2.41095 -8.19199 42.7792
      vertex 0.438204 -7.9651 41.294
    endloop
  endfacet
  facet normal -0.217346 -0.965836 0.141145
    outer loop
      vertex 2.41095 -8.19199 42.7792
      vertex 1.72591 -7.9651 43.2769
      vertex 0.438204 -7.9651 41.294
    endloop
  endfacet
  facet normal -0.131371 -0.987656 0.0853115
    outer loop
      vertex 1.92135 -8.32912 40.4377
      vertex 3.11143 -8.32912 42.2703
      vertex 1.17152 -8.19199 40.8706
    endloop
  endfacet
  facet normal -0.131371 -0.987656 0.085311
    outer loop
      vertex 3.11143 -8.32912 42.2703
      vertex 2.41095 -8.19199 42.7792
      vertex 1.17152 -8.19199 40.8706
    endloop
  endfacet
  facet normal -0.0439539 -0.998626 0.0285441
    outer loop
      vertex 2.67949 -8.375 40
      vertex 3.81966 -8.375 41.7557
      vertex 1.92135 -8.32912 40.4377
    endloop
  endfacet
  facet normal -0.043953 -0.998626 0.0285428
    outer loop
      vertex 3.81966 -8.375 41.7557
      vertex 3.11143 -8.32912 42.2703
      vertex 1.92135 -8.32912 40.4377
    endloop
  endfacet
  facet normal 0.0439535 -0.998626 -0.0285447
    outer loop
      vertex 3.43763 -8.32912 39.5623
      vertex 4.52789 -8.32912 41.2411
      vertex 2.67949 -8.375 40
    endloop
  endfacet
  facet normal 0.0439526 -0.998626 -0.0285433
    outer loop
      vertex 4.52789 -8.32912 41.2411
      vertex 3.81966 -8.375 41.7557
      vertex 2.67949 -8.375 40
    endloop
  endfacet
  facet normal 0.131368 -0.987656 -0.0853137
    outer loop
      vertex 4.18747 -8.19199 39.1294
      vertex 5.22837 -8.19199 40.7322
      vertex 3.43763 -8.32912 39.5623
    endloop
  endfacet
  facet normal 0.131368 -0.987656 -0.0853142
    outer loop
      vertex 5.22837 -8.19199 40.7322
      vertex 4.52789 -8.32912 41.2411
      vertex 3.43763 -8.32912 39.5623
    endloop
  endfacet
  facet normal 0.217341 -0.965837 -0.141144
    outer loop
      vertex 4.92078 -7.9651 38.706
      vertex 5.91341 -7.9651 40.2345
      vertex 4.18747 -8.19199 39.1294
    endloop
  endfacet
  facet normal 0.217343 -0.965836 -0.141148
    outer loop
      vertex 5.91341 -7.9651 40.2345
      vertex 5.22837 -8.19199 40.7322
      vertex 4.18747 -8.19199 39.1294
    endloop
  endfacet
  facet normal 0.300917 -0.933414 -0.195414
    outer loop
      vertex 5.62954 -7.65094 38.2968
      vertex 6.57551 -7.65094 39.7535
      vertex 4.92078 -7.9651 38.706
    endloop
  endfacet
  facet normal 0.300923 -0.93341 -0.195424
    outer loop
      vertex 6.57551 -7.65094 39.7535
      vertex 5.91341 -7.9651 40.2345
      vertex 4.92078 -7.9651 38.706
    endloop
  endfacet
  facet normal 0.381159 -0.890761 -0.247512
    outer loop
      vertex 6.30597 -7.25296 37.9062
      vertex 7.20742 -7.25296 39.2944
      vertex 5.62954 -7.65094 38.2968
    endloop
  endfacet
  facet normal 0.381166 -0.890754 -0.247527
    outer loop
      vertex 7.20742 -7.25296 39.2944
      vertex 6.57551 -7.65094 39.7535
      vertex 5.62954 -7.65094 38.2968
    endloop
  endfacet
  facet normal 0.457225 -0.838315 -0.296939
    outer loop
      vertex 6.94268 -6.77552 37.5387
      vertex 7.80221 -6.77552 38.8622
      vertex 6.30597 -7.25296 37.9062
    endloop
  endfacet
  facet normal 0.457205 -0.838342 -0.296893
    outer loop
      vertex 7.80221 -6.77552 38.8622
      vertex 7.20742 -7.25296 39.2944
      vertex 6.30597 -7.25296 37.9062
    endloop
  endfacet
  facet normal 0.528219 -0.776738 -0.34302
    outer loop
      vertex 7.53267 -6.22384 37.198
      vertex 8.35337 -6.22384 38.4618
      vertex 6.94268 -6.77552 37.5387
    endloop
  endfacet
  facet normal 0.528231 -0.776715 -0.343053
    outer loop
      vertex 8.35337 -6.22384 38.4618
      vertex 7.80221 -6.77552 38.8622
      vertex 6.94268 -6.77552 37.5387
    endloop
  endfacet
  facet normal 0.59344 -0.706609 -0.3854
    outer loop
      vertex 8.06949 -5.60397 36.8881
      vertex 8.85485 -5.60397 38.0974
      vertex 7.53267 -6.22384 37.198
    endloop
  endfacet
  facet normal 0.59343 -0.706634 -0.385368
    outer loop
      vertex 8.85485 -5.60397 38.0974
      vertex 8.35337 -6.22384 38.4618
      vertex 7.53267 -6.22384 37.198
    endloop
  endfacet
  facet normal 0.652121 -0.628822 -0.423463
    outer loop
      vertex 8.54726 -4.9227 36.6122
      vertex 9.30117 -4.9227 37.7732
      vertex 8.06949 -5.60397 36.8881
    endloop
  endfacet
  facet normal 0.652133 -0.628773 -0.423517
    outer loop
      vertex 9.30117 -4.9227 37.7732
      vertex 8.85485 -5.60397 38.0974
      vertex 8.06949 -5.60397 36.8881
    endloop
  endfacet
  facet normal 0.703658 -0.544105 -0.456963
    outer loop
      vertex 8.96074 -4.1875 36.3735
      vertex 9.68743 -4.1875 37.4925
      vertex 8.54726 -4.9227 36.6122
    endloop
  endfacet
  facet normal 0.703654 -0.544141 -0.456926
    outer loop
      vertex 9.68743 -4.1875 37.4925
      vertex 9.30117 -4.9227 37.7732
      vertex 8.54726 -4.9227 36.6122
    endloop
  endfacet
  facet normal 0.747477 -0.453501 -0.485402
    outer loop
      vertex 9.3054 -3.40642 36.1745
      vertex 10.0094 -3.40642 37.2586
      vertex 8.96074 -4.1875 36.3735
    endloop
  endfacet
  facet normal 0.747478 -0.453481 -0.48542
    outer loop
      vertex 10.0094 -3.40642 37.2586
      vertex 9.68743 -4.1875 37.4925
      vertex 8.96074 -4.1875 36.3735
    endloop
  endfacet
  facet normal 0.783089 -0.357955 -0.508567
    outer loop
      vertex 9.57747 -2.58802 36.0174
      vertex 10.2636 -2.58802 37.0739
      vertex 9.3054 -3.40642 36.1745
    endloop
  endfacet
  facet normal 0.783092 -0.358 -0.50853
    outer loop
      vertex 10.2636 -2.58802 37.0739
      vertex 10.0094 -3.40642 37.2586
      vertex 9.3054 -3.40642 36.1745
    endloop
  endfacet
  facet normal 0.810187 -0.258461 -0.526113
    outer loop
      vertex 9.77396 -1.74126 35.904
      vertex 10.4471 -1.74126 36.9406
      vertex 9.57747 -2.58802 36.0174
    endloop
  endfacet
  facet normal 0.810176 -0.258402 -0.526158
    outer loop
      vertex 10.4471 -1.74126 36.9406
      vertex 10.2636 -2.58802 37.0739
      vertex 9.57747 -2.58802 36.0174
    endloop
  endfacet
  facet normal 0.828372 -0.156243 -0.537948
    outer loop
      vertex 9.89272 -0.875425 35.8354
      vertex 10.5581 -0.875425 36.86
      vertex 9.77396 -1.74126 35.904
    endloop
  endfacet
  facet normal 0.82838 -0.156274 -0.537927
    outer loop
      vertex 10.5581 -0.875425 36.86
      vertex 10.4471 -1.74126 36.9406
      vertex 9.77396 -1.74126 35.904
    endloop
  endfacet
  facet normal 0.837518 -0.0522471 -0.543906
    outer loop
      vertex 9.93246 0 35.8125
      vertex 10.5952 0 36.833
      vertex 9.89272 -0.875425 35.8354
    endloop
  endfacet
  facet normal 0.837525 -0.0522687 -0.543893
    outer loop
      vertex 10.5952 0 36.833
      vertex 10.5581 -0.875425 36.86
      vertex 9.89272 -0.875425 35.8354
    endloop
  endfacet
  facet normal 0.837526 0.0522471 -0.543893
    outer loop
      vertex 10.5581 0.875425 36.86
      vertex 9.93246 0 35.8125
      vertex 9.89272 0.875425 35.8354
    endloop
  endfacet
  facet normal 0.837517 0.0522687 -0.543906
    outer loop
      vertex 10.5581 0.875425 36.86
      vertex 10.5952 0 36.833
      vertex 9.93246 0 35.8125
    endloop
  endfacet
  facet normal 0.828384 0.156243 -0.53793
    outer loop
      vertex 10.4471 1.74126 36.9406
      vertex 9.89272 0.875425 35.8354
      vertex 9.77396 1.74126 35.904
    endloop
  endfacet
  facet normal 0.828368 0.156274 -0.537946
    outer loop
      vertex 10.4471 1.74126 36.9406
      vertex 10.5581 0.875425 36.86
      vertex 9.89272 0.875425 35.8354
    endloop
  endfacet
  facet normal 0.810163 0.258461 -0.52615
    outer loop
      vertex 10.2636 2.58802 37.0739
      vertex 9.77396 1.74126 35.904
      vertex 9.57747 2.58802 36.0174
    endloop
  endfacet
  facet normal 0.8102 0.258401 -0.526122
    outer loop
      vertex 10.2636 2.58802 37.0739
      vertex 10.4471 1.74126 36.9406
      vertex 9.77396 1.74126 35.904
    endloop
  endfacet
  facet normal 0.783106 0.357956 -0.508539
    outer loop
      vertex 10.0094 3.40642 37.2586
      vertex 9.57747 2.58802 36.0174
      vertex 9.3054 3.40642 36.1745
    endloop
  endfacet
  facet normal 0.783074 0.358001 -0.508557
    outer loop
      vertex 10.0094 3.40642 37.2586
      vertex 10.2636 2.58802 37.0739
      vertex 9.57747 2.58802 36.0174
    endloop
  endfacet
  facet normal 0.747469 0.453501 -0.485414
    outer loop
      vertex 9.68743 4.1875 37.4925
      vertex 9.3054 3.40642 36.1745
      vertex 8.96074 4.1875 36.3735
    endloop
  endfacet
  facet normal 0.747486 0.453481 -0.485407
    outer loop
      vertex 9.68743 4.1875 37.4925
      vertex 10.0094 3.40642 37.2586
      vertex 9.3054 3.40642 36.1745
    endloop
  endfacet
  facet normal 0.703673 0.544105 -0.456939
    outer loop
      vertex 9.30117 4.9227 37.7732
      vertex 8.96074 4.1875 36.3735
      vertex 8.54726 4.9227 36.6122
    endloop
  endfacet
  facet normal 0.703638 0.544142 -0.45695
    outer loop
      vertex 9.30117 4.9227 37.7732
      vertex 9.68743 4.1875 37.4925
      vertex 8.96074 4.1875 36.3735
    endloop
  endfacet
  facet normal 0.652101 0.628821 -0.423496
    outer loop
      vertex 8.85485 5.60397 38.0974
      vertex 8.54726 4.9227 36.6122
      vertex 8.06949 5.60397 36.8881
    endloop
  endfacet
  facet normal 0.652155 0.628772 -0.423485
    outer loop
      vertex 8.85485 5.60397 38.0974
      vertex 9.30117 4.9227 37.7732
      vertex 8.54726 4.9227 36.6122
    endloop
  endfacet
  facet normal 0.593451 0.70661 -0.385382
    outer loop
      vertex 8.35337 6.22384 38.4618
      vertex 8.06949 5.60397 36.8881
      vertex 7.53267 6.22384 37.198
    endloop
  endfacet
  facet normal 0.593418 0.706635 -0.385386
    outer loop
      vertex 8.35337 6.22384 38.4618
      vertex 8.85485 5.60397 38.0974
      vertex 8.06949 5.60397 36.8881
    endloop
  endfacet
  facet normal 0.528208 0.776737 -0.343038
    outer loop
      vertex 7.80221 6.77552 38.8622
      vertex 7.53267 6.22384 37.198
      vertex 6.94268 6.77552 37.5387
    endloop
  endfacet
  facet normal 0.528243 0.776715 -0.343036
    outer loop
      vertex 7.80221 6.77552 38.8622
      vertex 8.35337 6.22384 38.4618
      vertex 7.53267 6.22384 37.198
    endloop
  endfacet
  facet normal 0.457239 0.838316 -0.296916
    outer loop
      vertex 7.20742 7.25296 39.2944
      vertex 6.94268 6.77552 37.5387
      vertex 6.30597 7.25296 37.9062
    endloop
  endfacet
  facet normal 0.457189 0.838343 -0.296916
    outer loop
      vertex 7.20742 7.25296 39.2944
      vertex 7.80221 6.77552 38.8622
      vertex 6.94268 6.77552 37.5387
    endloop
  endfacet
  facet normal 0.381154 0.890761 -0.247519
    outer loop
      vertex 6.57551 7.65094 39.7535
      vertex 6.30597 7.25296 37.9062
      vertex 5.62954 7.65094 38.2968
    endloop
  endfacet
  facet normal 0.381171 0.890754 -0.24752
    outer loop
      vertex 6.57551 7.65094 39.7535
      vertex 7.20742 7.25296 39.2944
      vertex 6.30597 7.25296 37.9062
    endloop
  endfacet
  facet normal 0.300915 0.933414 -0.195418
    outer loop
      vertex 5.91341 7.9651 40.2345
      vertex 5.62954 7.65094 38.2968
      vertex 4.92078 7.9651 38.706
    endloop
  endfacet
  facet normal 0.300926 0.93341 -0.195419
    outer loop
      vertex 5.91341 7.9651 40.2345
      vertex 6.57551 7.65094 39.7535
      vertex 5.62954 7.65094 38.2968
    endloop
  endfacet
  facet normal 0.21734 0.965837 -0.141146
    outer loop
      vertex 5.22837 8.19199 40.7322
      vertex 4.92078 7.9651 38.706
      vertex 4.18747 8.19199 39.1294
    endloop
  endfacet
  facet normal 0.217345 0.965836 -0.141147
    outer loop
      vertex 5.22837 8.19199 40.7322
      vertex 5.91341 7.9651 40.2345
      vertex 4.92078 7.9651 38.706
    endloop
  endfacet
  facet normal 0.131368 0.987656 -0.085314
    outer loop
      vertex 4.52789 8.32912 41.2411
      vertex 4.18747 8.19199 39.1294
      vertex 3.43763 8.32912 39.5623
    endloop
  endfacet
  facet normal 0.131368 0.987656 -0.085314
    outer loop
      vertex 4.52789 8.32912 41.2411
      vertex 5.22837 8.19199 40.7322
      vertex 4.18747 8.19199 39.1294
    endloop
  endfacet
  facet normal 0.0439539 0.998626 -0.0285441
    outer loop
      vertex 3.81966 8.375 41.7557
      vertex 3.43763 8.32912 39.5623
      vertex 2.67949 8.375 40
    endloop
  endfacet
  facet normal 0.0439522 0.998626 -0.0285438
    outer loop
      vertex 3.81966 8.375 41.7557
      vertex 4.52789 8.32912 41.2411
      vertex 3.43763 8.32912 39.5623
    endloop
  endfacet
  facet normal -0.0439542 0.998626 0.0285436
    outer loop
      vertex 3.11143 8.32912 42.2703
      vertex 2.67949 8.375 40
      vertex 1.92135 8.32912 40.4377
    endloop
  endfacet
  facet normal -0.0439526 0.998626 0.0285433
    outer loop
      vertex 3.11143 8.32912 42.2703
      vertex 3.81966 8.375 41.7557
      vertex 2.67949 8.375 40
    endloop
  endfacet
  facet normal -0.131371 0.987656 0.0853113
    outer loop
      vertex 2.41095 8.19199 42.7792
      vertex 1.92135 8.32912 40.4377
      vertex 1.17152 8.19199 40.8706
    endloop
  endfacet
  facet normal -0.13137 0.987656 0.0853112
    outer loop
      vertex 2.41095 8.19199 42.7792
      vertex 3.11143 8.32912 42.2703
      vertex 1.92135 8.32912 40.4377
    endloop
  endfacet
  facet normal -0.217341 0.965837 0.141142
    outer loop
      vertex 1.72591 7.9651 43.2769
      vertex 1.17152 8.19199 40.8706
      vertex 0.438204 7.9651 41.294
    endloop
  endfacet
  facet normal -0.217347 0.965836 0.141143
    outer loop
      vertex 1.72591 7.9651 43.2769
      vertex 2.41095 8.19199 42.7792
      vertex 1.17152 8.19199 40.8706
    endloop
  endfacet
  facet normal -0.300914 0.933414 0.19542
    outer loop
      vertex 1.06381 7.65094 43.7579
      vertex 0.438204 7.9651 41.294
      vertex -0.270554 7.65094 41.7032
    endloop
  endfacet
  facet normal -0.300925 0.93341 0.195422
    outer loop
      vertex 1.06381 7.65094 43.7579
      vertex 1.72591 7.9651 43.2769
      vertex 0.438204 7.9651 41.294
    endloop
  endfacet
  facet normal -0.38115 0.890762 0.247522
    outer loop
      vertex 0.431902 7.25296 44.2171
      vertex -0.270554 7.65094 41.7032
      vertex -0.946989 7.25296 42.0938
    endloop
  endfacet
  facet normal -0.381141 0.890767 0.247521
    outer loop
      vertex 0.431902 7.25296 44.2171
      vertex 1.06381 7.65094 43.7579
      vertex -0.270554 7.65094 41.7032
    endloop
  endfacet
  facet normal -0.457238 0.838313 0.296926
    outer loop
      vertex -0.162889 6.77552 44.6492
      vertex -0.946989 7.25296 42.0938
      vertex -1.58369 6.77552 42.4613
    endloop
  endfacet
  facet normal -0.457219 0.838325 0.296922
    outer loop
      vertex -0.162889 6.77552 44.6492
      vertex 0.431902 7.25296 44.2171
      vertex -0.946989 7.25296 42.0938
    endloop
  endfacet
  facet normal -0.528207 0.776741 0.34303
    outer loop
      vertex -0.714046 6.22384 45.0496
      vertex -1.58369 6.77552 42.4613
      vertex -2.17369 6.22384 42.802
    endloop
  endfacet
  facet normal -0.528244 0.776714 0.343037
    outer loop
      vertex -0.714046 6.22384 45.0496
      vertex -0.162889 6.77552 44.6492
      vertex -1.58369 6.77552 42.4613
    endloop
  endfacet
  facet normal -0.593449 0.706609 0.385385
    outer loop
      vertex -1.21553 5.60397 45.414
      vertex -2.17369 6.22384 42.802
      vertex -2.71051 5.60397 43.1119
    endloop
  endfacet
  facet normal -0.593419 0.706637 0.38538
    outer loop
      vertex -1.21553 5.60397 45.414
      vertex -0.714046 6.22384 45.0496
      vertex -2.17369 6.22384 42.802
    endloop
  endfacet
  facet normal -0.652109 0.628821 0.423484
    outer loop
      vertex -1.66185 4.9227 45.7383
      vertex -2.71051 5.60397 43.1119
      vertex -3.18828 4.9227 43.3878
    endloop
  endfacet
  facet normal -0.652118 0.62881 0.423485
    outer loop
      vertex -1.66185 4.9227 45.7383
      vertex -1.21553 5.60397 45.414
      vertex -2.71051 5.60397 43.1119
    endloop
  endfacet
  facet normal -0.703658 0.544105 0.456963
    outer loop
      vertex -2.04811 4.1875 46.0189
      vertex -3.18828 4.9227 43.3878
      vertex -3.60176 4.1875 43.6265
    endloop
  endfacet
  facet normal -0.703663 0.544098 0.456963
    outer loop
      vertex -2.04811 4.1875 46.0189
      vertex -1.66185 4.9227 45.7383
      vertex -3.18828 4.9227 43.3878
    endloop
  endfacet
  facet normal -0.747466 0.4535 0.48542
    outer loop
      vertex -2.37008 3.40642 46.2528
      vertex -3.60176 4.1875 43.6265
      vertex -3.94642 3.40642 43.8255
    endloop
  endfacet
  facet normal -0.747477 0.453481 0.48542
    outer loop
      vertex -2.37008 3.40642 46.2528
      vertex -2.04811 4.1875 46.0189
      vertex -3.60176 4.1875 43.6265
    endloop
  endfacet
  facet normal -0.783127 0.357894 0.508551
    outer loop
      vertex -2.62424 2.58802 46.4375
      vertex -3.94642 3.40642 43.8255
      vertex -4.21848 2.58802 43.9825
    endloop
  endfacet
  facet normal -0.78309 0.357967 0.508556
    outer loop
      vertex -2.62424 2.58802 46.4375
      vertex -2.37008 3.40642 46.2528
      vertex -3.94642 3.40642 43.8255
    endloop
  endfacet
  facet normal -0.810155 0.258528 0.526129
    outer loop
      vertex -2.8078 1.74126 46.5708
      vertex -4.21848 2.58802 43.9825
      vertex -4.41498 1.74126 44.096
    endloop
  endfacet
  facet normal -0.810184 0.258455 0.526121
    outer loop
      vertex -2.8078 1.74126 46.5708
      vertex -2.62424 2.58802 46.4375
      vertex -4.21848 2.58802 43.9825
    endloop
  endfacet
  facet normal -0.828362 0.156243 0.537963
    outer loop
      vertex -2.91874 0.875425 46.6514
      vertex -4.41498 1.74126 44.096
      vertex -4.53374 0.875425 44.1646
    endloop
  endfacet
  facet normal -0.82837 0.156218 0.537958
    outer loop
      vertex -2.91874 0.875425 46.6514
      vertex -2.8078 1.74126 46.5708
      vertex -4.41498 1.74126 44.096
    endloop
  endfacet
  facet normal -0.837525 0.0522376 0.543896
    outer loop
      vertex -2.95586 0 46.6784
      vertex -4.53374 0.875425 44.1646
      vertex -4.57347 0 44.1875
    endloop
  endfacet
  facet normal -0.837515 0.0522878 0.543907
    outer loop
      vertex -2.95586 0 46.6784
      vertex -2.91874 0.875425 46.6514
      vertex -4.53374 0.875425 44.1646
    endloop
  endfacet
  facet normal -0.776091 -0.0522907 0.62845
    outer loop
      vertex -2.91874 -0.875425 46.6514
      vertex -1.05264 -0.875425 48.9559
      vertex -2.95586 0 46.6784
    endloop
  endfacet
  facet normal -0.776086 -0.0522608 0.628458
    outer loop
      vertex -1.05264 -0.875425 48.9559
      vertex -1.08673 0 48.9866
      vertex -2.95586 0 46.6784
    endloop
  endfacet
  facet normal -0.767606 -0.156217 0.621593
    outer loop
      vertex -2.8078 -1.74126 46.5708
      vertex -0.950728 -1.74126 48.8641
      vertex -2.91874 -0.875425 46.6514
    endloop
  endfacet
  facet normal -0.767608 -0.156253 0.621581
    outer loop
      vertex -0.950728 -1.74126 48.8641
      vertex -1.05264 -0.875425 48.9559
      vertex -2.91874 -0.875425 46.6514
    endloop
  endfacet
  facet normal -0.750738 -0.258449 0.607944
    outer loop
      vertex -2.62424 -2.58802 46.4375
      vertex -0.782118 -2.58802 48.7123
      vertex -2.8078 -1.74126 46.5708
    endloop
  endfacet
  facet normal -0.750738 -0.258475 0.607934
    outer loop
      vertex -0.782118 -2.58802 48.7123
      vertex -0.950728 -1.74126 48.8641
      vertex -2.8078 -1.74126 46.5708
    endloop
  endfacet
  facet normal -0.72565 -0.357971 0.587613
    outer loop
      vertex -2.37008 -3.40642 46.2528
      vertex -0.548655 -3.40642 48.5021
      vertex -2.62424 -2.58802 46.4375
    endloop
  endfacet
  facet normal -0.725654 -0.357934 0.587631
    outer loop
      vertex -0.548655 -3.40642 48.5021
      vertex -0.782118 -2.58802 48.7123
      vertex -2.62424 -2.58802 46.4375
    endloop
  endfacet
  facet normal -0.692644 -0.453479 0.560893
    outer loop
      vertex -2.04811 -4.1875 46.0189
      vertex -0.252898 -4.1875 48.2358
      vertex -2.37008 -3.40642 46.2528
    endloop
  endfacet
  facet normal -0.692641 -0.453496 0.560883
    outer loop
      vertex -0.252898 -4.1875 48.2358
      vertex -0.548655 -3.40642 48.5021
      vertex -2.37008 -3.40642 46.2528
    endloop
  endfacet
  facet normal -0.652036 -0.544095 0.528024
    outer loop
      vertex -1.66185 -4.9227 45.7383
      vertex 0.101913 -4.9227 47.9163
      vertex -2.04811 -4.1875 46.0189
    endloop
  endfacet
  facet normal -0.652027 -0.544128 0.528002
    outer loop
      vertex 0.101913 -4.9227 47.9163
      vertex -0.252898 -4.1875 48.2358
      vertex -2.04811 -4.1875 46.0189
    endloop
  endfacet
  facet normal -0.604277 -0.628812 0.489331
    outer loop
      vertex -1.21553 -5.60397 45.414
      vertex 0.511891 -5.60397 47.5472
      vertex -1.66185 -4.9227 45.7383
    endloop
  endfacet
  facet normal -0.60429 -0.628778 0.489359
    outer loop
      vertex 0.511891 -5.60397 47.5472
      vertex 0.101913 -4.9227 47.9163
      vertex -1.66185 -4.9227 45.7383
    endloop
  endfacet
  facet normal -0.549892 -0.706639 0.445286
    outer loop
      vertex -0.714046 -6.22384 45.0496
      vertex 0.972544 -6.22384 47.1324
      vertex -1.21553 -5.60397 45.414
    endloop
  endfacet
  facet normal -0.549896 -0.706631 0.445294
    outer loop
      vertex 0.972544 -6.22384 47.1324
      vertex 0.511891 -5.60397 47.5472
      vertex -1.21553 -5.60397 45.414
    endloop
  endfacet
  facet normal -0.489486 -0.776712 0.396386
    outer loop
      vertex -0.162889 -6.77552 44.6492
      vertex 1.47882 -6.77552 46.6765
      vertex -0.714046 -6.22384 45.0496
    endloop
  endfacet
  facet normal -0.489472 -0.776734 0.39636
    outer loop
      vertex 1.47882 -6.77552 46.6765
      vertex 0.972544 -6.22384 47.1324
      vertex -0.714046 -6.22384 45.0496
    endloop
  endfacet
  facet normal -0.423676 -0.838323 0.343092
    outer loop
      vertex 0.431902 -7.25296 44.2171
      vertex 2.02518 -7.25296 46.1846
      vertex -0.162889 -6.77552 44.6492
    endloop
  endfacet
  facet normal -0.423677 -0.838322 0.343094
    outer loop
      vertex 2.02518 -7.25296 46.1846
      vertex 1.47882 -6.77552 46.6765
      vertex -0.162889 -6.77552 44.6492
    endloop
  endfacet
  facet normal -0.35318 -0.890768 0.285999
    outer loop
      vertex 1.06381 -7.65094 43.7579
      vertex 2.60564 -7.65094 45.6619
      vertex 0.431902 -7.25296 44.2171
    endloop
  endfacet
  facet normal -0.353185 -0.890764 0.286008
    outer loop
      vertex 2.60564 -7.65094 45.6619
      vertex 2.02518 -7.25296 46.1846
      vertex 0.431902 -7.25296 44.2171
    endloop
  endfacet
  facet normal -0.278848 -0.93341 0.22581
    outer loop
      vertex 1.72591 -7.9651 43.2769
      vertex 3.21383 -7.9651 45.1143
      vertex 1.06381 -7.65094 43.7579
    endloop
  endfacet
  facet normal -0.278845 -0.933412 0.225804
    outer loop
      vertex 3.21383 -7.9651 45.1143
      vertex 2.60564 -7.65094 45.6619
      vertex 1.06381 -7.65094 43.7579
    endloop
  endfacet
  facet normal -0.201399 -0.965836 0.163095
    outer loop
      vertex 2.41095 -8.19199 42.7792
      vertex 3.8431 -8.19199 44.5477
      vertex 1.72591 -7.9651 43.2769
    endloop
  endfacet
  facet normal -0.201396 -0.965837 0.16309
    outer loop
      vertex 3.8431 -8.19199 44.5477
      vertex 3.21383 -7.9651 45.1143
      vertex 1.72591 -7.9651 43.2769
    endloop
  endfacet
  facet normal -0.121732 -0.987656 0.0985779
    outer loop
      vertex 3.11143 -8.32912 42.2703
      vertex 4.48654 -8.32912 43.9684
      vertex 2.41095 -8.19199 42.7792
    endloop
  endfacet
  facet normal -0.121734 -0.987655 0.0985817
    outer loop
      vertex 4.48654 -8.32912 43.9684
      vertex 3.8431 -8.19199 44.5477
      vertex 2.41095 -8.19199 42.7792
    endloop
  endfacet
  facet normal -0.0407281 -0.998626 0.0329811
    outer loop
      vertex 3.81966 -8.375 41.7557
      vertex 5.1371 -8.375 43.3826
      vertex 3.11143 -8.32912 42.2703
    endloop
  endfacet
  facet normal -0.0407285 -0.998626 0.0329816
    outer loop
      vertex 5.1371 -8.375 43.3826
      vertex 4.48654 -8.32912 43.9684
      vertex 3.11143 -8.32912 42.2703
    endloop
  endfacet
  facet normal 0.0407282 -0.998626 -0.032981
    outer loop
      vertex 4.52789 -8.32912 41.2411
      vertex 5.78767 -8.32912 42.7968
      vertex 3.81966 -8.375 41.7557
    endloop
  endfacet
  facet normal 0.0407283 -0.998626 -0.0329812
    outer loop
      vertex 5.78767 -8.32912 42.7968
      vertex 5.1371 -8.375 43.3826
      vertex 3.81966 -8.375 41.7557
    endloop
  endfacet
  facet normal 0.121734 -0.987656 -0.0985755
    outer loop
      vertex 5.22837 -8.19199 40.7322
      vertex 6.43111 -8.19199 42.2175
      vertex 4.52789 -8.32912 41.2411
    endloop
  endfacet
  facet normal 0.121736 -0.987655 -0.0985798
    outer loop
      vertex 6.43111 -8.19199 42.2175
      vertex 5.78767 -8.32912 42.7968
      vertex 4.52789 -8.32912 41.2411
    endloop
  endfacet
  facet normal 0.201402 -0.965836 -0.163091
    outer loop
      vertex 5.91341 -7.9651 40.2345
      vertex 7.06038 -7.9651 41.6509
      vertex 5.22837 -8.19199 40.7322
    endloop
  endfacet
  facet normal 0.201399 -0.965837 -0.163086
    outer loop
      vertex 7.06038 -7.9651 41.6509
      vertex 6.43111 -8.19199 42.2175
      vertex 5.22837 -8.19199 40.7322
    endloop
  endfacet
  facet normal 0.278848 -0.93341 -0.22581
    outer loop
      vertex 6.57551 -7.65094 39.7535
      vertex 7.66857 -7.65094 41.1033
      vertex 5.91341 -7.9651 40.2345
    endloop
  endfacet
  facet normal 0.278845 -0.933412 -0.225803
    outer loop
      vertex 7.66857 -7.65094 41.1033
      vertex 7.06038 -7.9651 41.6509
      vertex 5.91341 -7.9651 40.2345
    endloop
  endfacet
  facet normal 0.353195 -0.890754 -0.286027
    outer loop
      vertex 7.20742 -7.25296 39.2944
      vertex 8.24902 -7.25296 40.5806
      vertex 6.57551 -7.65094 39.7535
    endloop
  endfacet
  facet normal 0.353188 -0.890762 -0.28601
    outer loop
      vertex 8.24902 -7.25296 40.5806
      vertex 7.66857 -7.65094 41.1033
      vertex 6.57551 -7.65094 39.7535
    endloop
  endfacet
  facet normal 0.423659 -0.838345 -0.343062
    outer loop
      vertex 7.80221 -6.77552 38.8622
      vertex 8.79538 -6.77552 40.0887
      vertex 7.20742 -7.25296 39.2944
    endloop
  endfacet
  facet normal 0.423672 -0.838322 -0.343101
    outer loop
      vertex 8.79538 -6.77552 40.0887
      vertex 8.24902 -7.25296 40.5806
      vertex 7.20742 -7.25296 39.2944
    endloop
  endfacet
  facet normal 0.489482 -0.776713 -0.396389
    outer loop
      vertex 8.35337 -6.22384 38.4618
      vertex 9.30166 -6.22384 39.6328
      vertex 7.80221 -6.77552 38.8622
    endloop
  endfacet
  facet normal 0.489474 -0.776735 -0.396356
    outer loop
      vertex 9.30166 -6.22384 39.6328
      vertex 8.79538 -6.77552 40.0887
      vertex 7.80221 -6.77552 38.8622
    endloop
  endfacet
  facet normal 0.549903 -0.706638 -0.445275
    outer loop
      vertex 8.85485 -5.60397 38.0974
      vertex 9.76232 -5.60397 39.2181
      vertex 8.35337 -6.22384 38.4618
    endloop
  endfacet
  facet normal 0.549912 -0.706598 -0.445326
    outer loop
      vertex 9.76232 -5.60397 39.2181
      vertex 9.30166 -6.22384 39.6328
      vertex 8.35337 -6.22384 38.4618
    endloop
  endfacet
  facet normal 0.604291 -0.628768 -0.48937
    outer loop
      vertex 9.30117 -4.9227 37.7732
      vertex 10.1723 -4.9227 38.8489
      vertex 8.85485 -5.60397 38.0974
    endloop
  endfacet
  facet normal 0.604284 -0.628822 -0.48931
    outer loop
      vertex 10.1723 -4.9227 38.8489
      vertex 9.76232 -5.60397 39.2181
      vertex 8.85485 -5.60397 38.0974
    endloop
  endfacet
  facet normal 0.652017 -0.544146 -0.527996
    outer loop
      vertex 9.68743 -4.1875 37.4925
      vertex 10.5271 -4.1875 38.5294
      vertex 9.30117 -4.9227 37.7732
    endloop
  endfacet
  facet normal 0.652017 -0.544122 -0.52802
    outer loop
      vertex 10.5271 -4.1875 38.5294
      vertex 10.1723 -4.9227 38.8489
      vertex 9.30117 -4.9227 37.7732
    endloop
  endfacet
  facet normal 0.692621 -0.453478 -0.560923
    outer loop
      vertex 10.0094 -3.40642 37.2586
      vertex 10.8229 -3.40642 38.2631
      vertex 9.68743 -4.1875 37.4925
    endloop
  endfacet
  facet normal 0.692624 -0.453526 -0.560879
    outer loop
      vertex 10.8229 -3.40642 38.2631
      vertex 10.5271 -4.1875 38.5294
      vertex 9.68743 -4.1875 37.4925
    endloop
  endfacet
  facet normal 0.725666 -0.358002 -0.587574
    outer loop
      vertex 10.2636 -2.58802 37.0739
      vertex 11.0563 -2.58802 38.0529
      vertex 10.0094 -3.40642 37.2586
    endloop
  endfacet
  facet normal 0.725647 -0.357886 -0.587669
    outer loop
      vertex 11.0563 -2.58802 38.0529
      vertex 10.8229 -3.40642 38.2631
      vertex 10.0094 -3.40642 37.2586
    endloop
  endfacet
  facet normal 0.750752 -0.2584 -0.607949
    outer loop
      vertex 10.4471 -1.74126 36.9406
      vertex 11.2249 -1.74126 37.9011
      vertex 10.2636 -2.58802 37.0739
    endloop
  endfacet
  facet normal 0.750768 -0.258466 -0.6079
    outer loop
      vertex 11.2249 -1.74126 37.9011
      vertex 11.0563 -2.58802 38.0529
      vertex 10.2636 -2.58802 37.0739
    endloop
  endfacet
  facet normal 0.767609 -0.156269 -0.621575
    outer loop
      vertex 10.5581 -0.875425 36.86
      vertex 11.3268 -0.875425 37.8093
      vertex 10.4471 -1.74126 36.9406
    endloop
  endfacet
  facet normal 0.767601 -0.156243 -0.621593
    outer loop
      vertex 11.3268 -0.875425 37.8093
      vertex 11.2249 -1.74126 37.9011
      vertex 10.4471 -1.74126 36.9406
    endloop
  endfacet
  facet normal 0.776096 -0.0522731 -0.628444
    outer loop
      vertex 10.5952 0 36.833
      vertex 11.3609 0 37.7786
      vertex 10.5581 -0.875425 36.86
    endloop
  endfacet
  facet normal 0.776095 -0.0522696 -0.628446
    outer loop
      vertex 11.3609 0 37.7786
      vertex 11.3268 -0.875425 37.8093
      vertex 10.5581 -0.875425 36.86
    endloop
  endfacet
  facet normal 0.776095 0.0522731 -0.628446
    outer loop
      vertex 11.3268 0.875425 37.8093
      vertex 10.5952 0 36.833
      vertex 10.5581 0.875425 36.86
    endloop
  endfacet
  facet normal 0.776096 0.0522696 -0.628444
    outer loop
      vertex 11.3268 0.875425 37.8093
      vertex 11.3609 0 37.7786
      vertex 10.5952 0 36.833
    endloop
  endfacet
  facet normal 0.767597 0.156269 -0.62159
    outer loop
      vertex 11.2249 1.74126 37.9011
      vertex 10.5581 0.875425 36.86
      vertex 10.4471 1.74126 36.9406
    endloop
  endfacet
  facet normal 0.767613 0.156243 -0.621578
    outer loop
      vertex 11.2249 1.74126 37.9011
      vertex 11.3268 0.875425 37.8093
      vertex 10.5581 0.875425 36.86
    endloop
  endfacet
  facet normal 0.750782 0.2584 -0.607911
    outer loop
      vertex 11.0563 2.58802 38.0529
      vertex 10.4471 1.74126 36.9406
      vertex 10.2636 2.58802 37.0739
    endloop
  endfacet
  facet normal 0.750738 0.258467 -0.607937
    outer loop
      vertex 11.0563 2.58802 38.0529
      vertex 11.2249 1.74126 37.9011
      vertex 10.4471 1.74126 36.9406
    endloop
  endfacet
  facet normal 0.725612 0.358001 -0.587641
    outer loop
      vertex 10.8229 3.40642 38.2631
      vertex 10.2636 2.58802 37.0739
      vertex 10.0094 3.40642 37.2586
    endloop
  endfacet
  facet normal 0.725701 0.357884 -0.587603
    outer loop
      vertex 10.8229 3.40642 38.2631
      vertex 11.0563 2.58802 38.0529
      vertex 10.2636 2.58802 37.0739
    endloop
  endfacet
  facet normal 0.692643 0.453479 -0.560894
    outer loop
      vertex 10.5271 4.1875 38.5294
      vertex 10.0094 3.40642 37.2586
      vertex 9.68743 4.1875 37.4925
    endloop
  endfacet
  facet normal 0.692601 0.453527 -0.560907
    outer loop
      vertex 10.5271 4.1875 38.5294
      vertex 10.8229 3.40642 38.2631
      vertex 10.0094 3.40642 37.2586
    endloop
  endfacet
  facet normal 0.652005 0.544146 -0.528011
    outer loop
      vertex 10.1723 4.9227 38.8489
      vertex 9.68743 4.1875 37.4925
      vertex 9.30117 4.9227 37.7732
    endloop
  endfacet
  facet normal 0.652029 0.544121 -0.528006
    outer loop
      vertex 10.1723 4.9227 38.8489
      vertex 10.5271 4.1875 38.5294
      vertex 9.68743 4.1875 37.4925
    endloop
  endfacet
  facet normal 0.604317 0.628769 -0.489337
    outer loop
      vertex 9.76232 5.60397 39.2181
      vertex 9.30117 4.9227 37.7732
      vertex 8.85485 5.60397 38.0974
    endloop
  endfacet
  facet normal 0.604256 0.628823 -0.489343
    outer loop
      vertex 9.76232 5.60397 39.2181
      vertex 10.1723 4.9227 38.8489
      vertex 9.30117 4.9227 37.7732
    endloop
  endfacet
  facet normal 0.549883 0.706637 -0.445302
    outer loop
      vertex 9.30166 6.22384 39.6328
      vertex 8.85485 5.60397 38.0974
      vertex 8.35337 6.22384 38.4618
    endloop
  endfacet
  facet normal 0.549934 0.706598 -0.445301
    outer loop
      vertex 9.30166 6.22384 39.6328
      vertex 9.76232 5.60397 39.2181
      vertex 8.85485 5.60397 38.0974
    endloop
  endfacet
  facet normal 0.489494 0.776714 -0.396373
    outer loop
      vertex 8.79538 6.77552 40.0887
      vertex 8.35337 6.22384 38.4618
      vertex 7.80221 6.77552 38.8622
    endloop
  endfacet
  facet normal 0.48946 0.776736 -0.396371
    outer loop
      vertex 8.79538 6.77552 40.0887
      vertex 9.30166 6.22384 39.6328
      vertex 8.35337 6.22384 38.4618
    endloop
  endfacet
  facet normal 0.423645 0.838344 -0.34308
    outer loop
      vertex 8.24902 7.25296 40.5806
      vertex 7.80221 6.77552 38.8622
      vertex 7.20742 7.25296 39.2944
    endloop
  endfacet
  facet normal 0.423686 0.838322 -0.343084
    outer loop
      vertex 8.24902 7.25296 40.5806
      vertex 8.79538 6.77552 40.0887
      vertex 7.80221 6.77552 38.8622
    endloop
  endfacet
  facet normal 0.3532 0.890754 -0.286019
    outer loop
      vertex 7.66857 7.65094 41.1033
      vertex 7.20742 7.25296 39.2944
      vertex 6.57551 7.65094 39.7535
    endloop
  endfacet
  facet normal 0.353182 0.890762 -0.286017
    outer loop
      vertex 7.66857 7.65094 41.1033
      vertex 8.24902 7.25296 40.5806
      vertex 7.20742 7.25296 39.2944
    endloop
  endfacet
  facet normal 0.27885 0.93341 -0.225807
    outer loop
      vertex 7.06038 7.9651 41.6509
      vertex 6.57551 7.65094 39.7535
      vertex 5.91341 7.9651 40.2345
    endloop
  endfacet
  facet normal 0.278843 0.933412 -0.225806
    outer loop
      vertex 7.06038 7.9651 41.6509
      vertex 7.66857 7.65094 41.1033
      vertex 6.57551 7.65094 39.7535
    endloop
  endfacet
  facet normal 0.201403 0.965836 -0.163089
    outer loop
      vertex 6.43111 8.19199 42.2175
      vertex 5.91341 7.9651 40.2345
      vertex 5.22837 8.19199 40.7322
    endloop
  endfacet
  facet normal 0.201398 0.965837 -0.163087
    outer loop
      vertex 6.43111 8.19199 42.2175
      vertex 7.06038 7.9651 41.6509
      vertex 5.91341 7.9651 40.2345
    endloop
  endfacet
  facet normal 0.121733 0.987656 -0.0985771
    outer loop
      vertex 5.78767 8.32912 42.7968
      vertex 5.22837 8.19199 40.7322
      vertex 4.52789 8.32912 41.2411
    endloop
  endfacet
  facet normal 0.121737 0.987655 -0.0985783
    outer loop
      vertex 5.78767 8.32912 42.7968
      vertex 6.43111 8.19199 42.2175
      vertex 5.22837 8.19199 40.7322
    endloop
  endfacet
  facet normal 0.0407281 0.998626 -0.0329811
    outer loop
      vertex 5.1371 8.375 43.3826
      vertex 4.52789 8.32912 41.2411
      vertex 3.81966 8.375 41.7557
    endloop
  endfacet
  facet normal 0.0407283 0.998626 -0.0329811
    outer loop
      vertex 5.1371 8.375 43.3826
      vertex 5.78767 8.32912 42.7968
      vertex 4.52789 8.32912 41.2411
    endloop
  endfacet
  facet normal -0.040728 0.998626 0.0329813
    outer loop
      vertex 4.48654 8.32912 43.9684
      vertex 3.81966 8.375 41.7557
      vertex 3.11143 8.32912 42.2703
    endloop
  endfacet
  facet normal -0.0407286 0.998626 0.0329815
    outer loop
      vertex 4.48654 8.32912 43.9684
      vertex 5.1371 8.375 43.3826
      vertex 3.81966 8.375 41.7557
    endloop
  endfacet
  facet normal -0.121731 0.987656 0.0985792
    outer loop
      vertex 3.8431 8.19199 44.5477
      vertex 3.11143 8.32912 42.2703
      vertex 2.41095 8.19199 42.7792
    endloop
  endfacet
  facet normal -0.121735 0.987655 0.0985805
    outer loop
      vertex 3.8431 8.19199 44.5477
      vertex 4.48654 8.32912 43.9684
      vertex 3.11143 8.32912 42.2703
    endloop
  endfacet
  facet normal -0.2014 0.965836 0.163093
    outer loop
      vertex 3.21383 7.9651 45.1143
      vertex 2.41095 8.19199 42.7792
      vertex 1.72591 7.9651 43.2769
    endloop
  endfacet
  facet normal -0.201394 0.965837 0.163091
    outer loop
      vertex 3.21383 7.9651 45.1143
      vertex 3.8431 8.19199 44.5477
      vertex 2.41095 8.19199 42.7792
    endloop
  endfacet
  facet normal -0.27885 0.93341 0.225808
    outer loop
      vertex 2.60564 7.65094 45.6619
      vertex 1.72591 7.9651 43.2769
      vertex 1.06381 7.65094 43.7579
    endloop
  endfacet
  facet normal -0.278843 0.933412 0.225806
    outer loop
      vertex 2.60564 7.65094 45.6619
      vertex 3.21383 7.9651 45.1143
      vertex 1.72591 7.9651 43.2769
    endloop
  endfacet
  facet normal -0.353177 0.890768 0.286002
    outer loop
      vertex 2.02518 7.25296 46.1846
      vertex 1.06381 7.65094 43.7579
      vertex 0.431902 7.25296 44.2171
    endloop
  endfacet
  facet normal -0.353187 0.890764 0.286006
    outer loop
      vertex 2.02518 7.25296 46.1846
      vertex 2.60564 7.65094 45.6619
      vertex 1.06381 7.65094 43.7579
    endloop
  endfacet
  facet normal -0.423676 0.838323 0.343093
    outer loop
      vertex 1.47882 6.77552 46.6765
      vertex 0.431902 7.25296 44.2171
      vertex -0.162889 6.77552 44.6492
    endloop
  endfacet
  facet normal -0.423678 0.838322 0.343094
    outer loop
      vertex 1.47882 6.77552 46.6765
      vertex 2.02518 7.25296 46.1846
      vertex 0.431902 7.25296 44.2171
    endloop
  endfacet
  facet normal -0.489493 0.776712 0.396377
    outer loop
      vertex 0.972544 6.22384 47.1324
      vertex -0.162889 6.77552 44.6492
      vertex -0.714046 6.22384 45.0496
    endloop
  endfacet
  facet normal -0.489465 0.776734 0.396369
    outer loop
      vertex 0.972544 6.22384 47.1324
      vertex 1.47882 6.77552 46.6765
      vertex -0.162889 6.77552 44.6492
    endloop
  endfacet
  facet normal -0.54989 0.706639 0.445289
    outer loop
      vertex 0.511891 5.60397 47.5472
      vertex -0.714046 6.22384 45.0496
      vertex -1.21553 5.60397 45.414
    endloop
  endfacet
  facet normal -0.549898 0.706631 0.445292
    outer loop
      vertex 0.511891 5.60397 47.5472
      vertex 0.972544 6.22384 47.1324
      vertex -0.714046 6.22384 45.0496
    endloop
  endfacet
  facet normal -0.604268 0.628812 0.489342
    outer loop
      vertex 0.101913 4.9227 47.9163
      vertex -1.21553 5.60397 45.414
      vertex -1.66185 4.9227 45.7383
    endloop
  endfacet
  facet normal -0.604298 0.628778 0.489348
    outer loop
      vertex 0.101913 4.9227 47.9163
      vertex 0.511891 5.60397 47.5472
      vertex -1.21553 5.60397 45.414
    endloop
  endfacet
  facet normal -0.652043 0.544096 0.528015
    outer loop
      vertex -0.252898 4.1875 48.2358
      vertex -1.66185 4.9227 45.7383
      vertex -2.04811 4.1875 46.0189
    endloop
  endfacet
  facet normal -0.652019 0.544128 0.528011
    outer loop
      vertex -0.252898 4.1875 48.2358
      vertex 0.101913 4.9227 47.9163
      vertex -1.66185 4.9227 45.7383
    endloop
  endfacet
  facet normal -0.692648 0.453479 0.560888
    outer loop
      vertex -0.548655 3.40642 48.5021
      vertex -2.04811 4.1875 46.0189
      vertex -2.37008 3.40642 46.2528
    endloop
  endfacet
  facet normal -0.692638 0.453496 0.560887
    outer loop
      vertex -0.548655 3.40642 48.5021
      vertex -0.252898 4.1875 48.2358
      vertex -2.04811 4.1875 46.0189
    endloop
  endfacet
  facet normal -0.725643 0.357971 0.587622
    outer loop
      vertex -0.782118 2.58802 48.7123
      vertex -2.37008 3.40642 46.2528
      vertex -2.62424 2.58802 46.4375
    endloop
  endfacet
  facet normal -0.725661 0.357934 0.587622
    outer loop
      vertex -0.782118 2.58802 48.7123
      vertex -0.548655 3.40642 48.5021
      vertex -2.37008 3.40642 46.2528
    endloop
  endfacet
  facet normal -0.750743 0.258449 0.607938
    outer loop
      vertex -0.950728 1.74126 48.8641
      vertex -2.62424 2.58802 46.4375
      vertex -2.8078 1.74126 46.5708
    endloop
  endfacet
  facet normal -0.750733 0.258475 0.60794
    outer loop
      vertex -0.950728 1.74126 48.8641
      vertex -0.782118 2.58802 48.7123
      vertex -2.62424 2.58802 46.4375
    endloop
  endfacet
  facet normal -0.767612 0.156218 0.621585
    outer loop
      vertex -1.05264 0.875425 48.9559
      vertex -2.8078 1.74126 46.5708
      vertex -2.91874 0.875425 46.6514
    endloop
  endfacet
  facet normal -0.767601 0.156253 0.621589
    outer loop
      vertex -1.05264 0.875425 48.9559
      vertex -0.950728 1.74126 48.8641
      vertex -2.8078 1.74126 46.5708
    endloop
  endfacet
  facet normal -0.776085 0.0522907 0.628457
    outer loop
      vertex -1.08673 0 48.9866
      vertex -2.91874 0.875425 46.6514
      vertex -2.95586 0 46.6784
    endloop
  endfacet
  facet normal -0.776092 0.0522608 0.628451
    outer loop
      vertex -1.08673 0 48.9866
      vertex -1.05264 0.875425 48.9559
      vertex -2.91874 0.875425 46.6514
    endloop
  endfacet
  facet normal -0.70613 -0.0522613 0.706151
    outer loop
      vertex 1.04412 -0.875425 51.0526
      vertex -1.08673 0 48.9866
      vertex -1.05264 -0.875425 48.9559
    endloop
  endfacet
  facet normal -0.706132 -0.0522694 0.706149
    outer loop
      vertex -1.08673 0 48.9866
      vertex 1.04412 -0.875425 51.0526
      vertex 1.01342 0 51.0867
    endloop
  endfacet
  facet normal -0.69842 -0.156257 0.698422
    outer loop
      vertex 1.13588 -1.74126 50.9507
      vertex -1.05264 -0.875425 48.9559
      vertex -0.950728 -1.74126 48.8641
    endloop
  endfacet
  facet normal -0.698416 -0.156216 0.698436
    outer loop
      vertex -1.05264 -0.875425 48.9559
      vertex 1.13588 -1.74126 50.9507
      vertex 1.04412 -0.875425 51.0526
    endloop
  endfacet
  facet normal -0.683075 -0.258473 0.683081
    outer loop
      vertex 1.2877 -2.58802 50.7821
      vertex -0.950728 -1.74126 48.8641
      vertex -0.782118 -2.58802 48.7123
    endloop
  endfacet
  facet normal -0.683075 -0.258481 0.683078
    outer loop
      vertex -0.950728 -1.74126 48.8641
      vertex 1.2877 -2.58802 50.7821
      vertex 1.13588 -1.74126 50.9507
    endloop
  endfacet
  facet normal -0.660265 -0.357933 0.660253
    outer loop
      vertex 1.49791 -3.40642 50.5487
      vertex -0.782118 -2.58802 48.7123
      vertex -0.548655 -3.40642 48.5021
    endloop
  endfacet
  facet normal -0.660266 -0.357896 0.660272
    outer loop
      vertex -0.782118 -2.58802 48.7123
      vertex 1.49791 -3.40642 50.5487
      vertex 1.2877 -2.58802 50.7821
    endloop
  endfacet
  facet normal -0.630214 -0.453496 0.630216
    outer loop
      vertex 1.76421 -4.1875 50.2529
      vertex -0.548655 -3.40642 48.5021
      vertex -0.252898 -4.1875 48.2358
    endloop
  endfacet
  facet normal -0.63021 -0.453523 0.6302
    outer loop
      vertex -0.548655 -3.40642 48.5021
      vertex 1.76421 -4.1875 50.2529
      vertex 1.49791 -3.40642 50.5487
    endloop
  endfacet
  facet normal -0.593268 -0.54413 0.593258
    outer loop
      vertex 2.08368 -4.9227 49.8981
      vertex -0.252898 -4.1875 48.2358
      vertex 0.101913 -4.9227 47.9163
    endloop
  endfacet
  facet normal -0.593273 -0.544106 0.593275
    outer loop
      vertex -0.252898 -4.1875 48.2358
      vertex 2.08368 -4.9227 49.8981
      vertex 1.76421 -4.1875 50.2529
    endloop
  endfacet
  facet normal -0.549822 -0.62881 0.549812
    outer loop
      vertex 0.101913 -4.9227 47.9163
      vertex 2.45283 -5.60397 49.4881
      vertex 2.08368 -4.9227 49.8981
    endloop
  endfacet
  facet normal -0.549832 -0.628775 0.549843
    outer loop
      vertex 2.45283 -5.60397 49.4881
      vertex 0.101913 -4.9227 47.9163
      vertex 0.511891 -5.60397 47.5472
    endloop
  endfacet
  facet normal -0.500354 -0.706599 0.500364
    outer loop
      vertex 0.511891 -5.60397 47.5472
      vertex 2.8676 -6.22384 49.0275
      vertex 2.45283 -5.60397 49.4881
    endloop
  endfacet
  facet normal -0.500341 -0.706632 0.500329
    outer loop
      vertex 2.8676 -6.22384 49.0275
      vertex 0.511891 -5.60397 47.5472
      vertex 0.972544 -6.22384 47.1324
    endloop
  endfacet
  facet normal -0.445364 -0.77673 0.445354
    outer loop
      vertex 0.972544 -6.22384 47.1324
      vertex 3.32346 -6.77552 48.5212
      vertex 2.8676 -6.22384 49.0275
    endloop
  endfacet
  facet normal -0.445362 -0.776736 0.445347
    outer loop
      vertex 3.32346 -6.77552 48.5212
      vertex 0.972544 -6.22384 47.1324
      vertex 1.47882 -6.77552 46.6765
    endloop
  endfacet
  facet normal -0.385484 -0.83834 0.385472
    outer loop
      vertex 1.47882 -6.77552 46.6765
      vertex 3.8154 -7.25296 47.9748
      vertex 3.32346 -6.77552 48.5212
    endloop
  endfacet
  facet normal -0.385497 -0.838321 0.385501
    outer loop
      vertex 3.8154 -7.25296 47.9748
      vertex 1.47882 -6.77552 46.6765
      vertex 2.02518 -7.25296 46.1846
    endloop
  endfacet
  facet normal -0.321379 -0.890746 0.321383
    outer loop
      vertex 2.02518 -7.25296 46.1846
      vertex 4.33805 -7.65094 47.3944
      vertex 3.8154 -7.25296 47.9748
    endloop
  endfacet
  facet normal -0.321363 -0.890765 0.321347
    outer loop
      vertex 4.33805 -7.65094 47.3944
      vertex 2.02518 -7.25296 46.1846
      vertex 2.60564 -7.65094 45.6619
    endloop
  endfacet
  facet normal -0.253716 -0.933415 0.253702
    outer loop
      vertex 2.60564 -7.65094 45.6619
      vertex 4.88567 -7.9651 46.7862
      vertex 4.33805 -7.65094 47.3944
    endloop
  endfacet
  facet normal -0.253719 -0.933412 0.25371
    outer loop
      vertex 4.88567 -7.9651 46.7862
      vertex 2.60564 -7.65094 45.6619
      vertex 3.21383 -7.9651 45.1143
    endloop
  endfacet
  facet normal -0.183247 -0.965838 0.18324
    outer loop
      vertex 3.21383 -7.9651 45.1143
      vertex 5.45226 -8.19199 46.1569
      vertex 4.88567 -7.9651 46.7862
    endloop
  endfacet
  facet normal -0.183249 -0.965837 0.183244
    outer loop
      vertex 5.45226 -8.19199 46.1569
      vertex 3.21383 -7.9651 45.1143
      vertex 3.8431 -8.19199 44.5477
    endloop
  endfacet
  facet normal -0.110766 -0.987655 0.110763
    outer loop
      vertex 3.8431 -8.19199 44.5477
      vertex 6.03161 -8.32912 45.5135
      vertex 5.45226 -8.19199 46.1569
    endloop
  endfacet
  facet normal -0.110766 -0.987655 0.110764
    outer loop
      vertex 6.03161 -8.32912 45.5135
      vertex 3.8431 -8.19199 44.5477
      vertex 4.48654 -8.32912 43.9684
    endloop
  endfacet
  facet normal -0.0370577 -0.998626 0.037057
    outer loop
      vertex 4.48654 -8.32912 43.9684
      vertex 6.61739 -8.375 44.8629
      vertex 6.03161 -8.32912 45.5135
    endloop
  endfacet
  facet normal -0.0370581 -0.998626 0.0370578
    outer loop
      vertex 6.61739 -8.375 44.8629
      vertex 4.48654 -8.32912 43.9684
      vertex 5.1371 -8.375 43.3826
    endloop
  endfacet
  facet normal 0.0370578 -0.998626 -0.0370575
    outer loop
      vertex 5.1371 -8.375 43.3826
      vertex 7.20316 -8.32912 44.2123
      vertex 6.61739 -8.375 44.8629
    endloop
  endfacet
  facet normal 0.0370578 -0.998626 -0.0370575
    outer loop
      vertex 7.20316 -8.32912 44.2123
      vertex 5.1371 -8.375 43.3826
      vertex 5.78767 -8.32912 42.7968
    endloop
  endfacet
  facet normal 0.110764 -0.987655 -0.110763
    outer loop
      vertex 5.78767 -8.32912 42.7968
      vertex 7.78252 -8.19199 43.5689
      vertex 7.20316 -8.32912 44.2123
    endloop
  endfacet
  facet normal 0.110765 -0.987655 -0.110766
    outer loop
      vertex 7.78252 -8.19199 43.5689
      vertex 5.78767 -8.32912 42.7968
      vertex 6.43111 -8.19199 42.2175
    endloop
  endfacet
  facet normal 0.183243 -0.965838 -0.183244
    outer loop
      vertex 6.43111 -8.19199 42.2175
      vertex 8.34911 -7.9651 42.9396
      vertex 7.78252 -8.19199 43.5689
    endloop
  endfacet
  facet normal 0.183244 -0.965837 -0.183249
    outer loop
      vertex 8.34911 -7.9651 42.9396
      vertex 6.43111 -8.19199 42.2175
      vertex 7.06038 -7.9651 41.6509
    endloop
  endfacet
  facet normal 0.253706 -0.933415 -0.253712
    outer loop
      vertex 7.06038 -7.9651 41.6509
      vertex 8.89673 -7.65094 42.3314
      vertex 8.34911 -7.9651 42.9396
    endloop
  endfacet
  facet normal 0.253709 -0.933412 -0.253721
    outer loop
      vertex 8.89673 -7.65094 42.3314
      vertex 7.06038 -7.9651 41.6509
      vertex 7.66857 -7.65094 41.1033
    endloop
  endfacet
  facet normal 0.321375 -0.890745 -0.321391
    outer loop
      vertex 7.66857 -7.65094 41.1033
      vertex 9.41937 -7.25296 41.751
      vertex 8.89673 -7.65094 42.3314
    endloop
  endfacet
  facet normal 0.321364 -0.890763 -0.321351
    outer loop
      vertex 9.41937 -7.25296 41.751
      vertex 7.66857 -7.65094 41.1033
      vertex 8.24902 -7.25296 40.5806
    endloop
  endfacet
  facet normal 0.385484 -0.838342 -0.385467
    outer loop
      vertex 8.24902 -7.25296 40.5806
      vertex 9.91132 -6.77552 41.2046
      vertex 9.41937 -7.25296 41.751
    endloop
  endfacet
  facet normal 0.385492 -0.83832 -0.385506
    outer loop
      vertex 9.91132 -6.77552 41.2046
      vertex 8.24902 -7.25296 40.5806
      vertex 8.79538 -6.77552 40.0887
    endloop
  endfacet
  facet normal 0.445345 -0.776737 -0.445361
    outer loop
      vertex 8.79538 -6.77552 40.0887
      vertex 10.3672 -6.22384 40.6983
      vertex 9.91132 -6.77552 41.2046
    endloop
  endfacet
  facet normal 0.445345 -0.776737 -0.445362
    outer loop
      vertex 10.3672 -6.22384 40.6983
      vertex 8.79538 -6.77552 40.0887
      vertex 9.30166 -6.22384 39.6328
    endloop
  endfacet
  facet normal 0.500369 -0.706571 -0.500388
    outer loop
      vertex 9.30166 -6.22384 39.6328
      vertex 10.7819 -5.60397 40.2377
      vertex 10.3672 -6.22384 40.6983
    endloop
  endfacet
  facet normal 0.500367 -0.706595 -0.500357
    outer loop
      vertex 10.7819 -5.60397 40.2377
      vertex 9.30166 -6.22384 39.6328
      vertex 9.76232 -5.60397 39.2181
    endloop
  endfacet
  facet normal 0.549808 -0.628835 -0.549798
    outer loop
      vertex 9.76232 -5.60397 39.2181
      vertex 11.1511 -4.9227 39.8277
      vertex 10.7819 -5.60397 40.2377
    endloop
  endfacet
  facet normal 0.549809 -0.628825 -0.549809
    outer loop
      vertex 11.1511 -4.9227 39.8277
      vertex 9.76232 -5.60397 39.2181
      vertex 10.1723 -4.9227 38.8489
    endloop
  endfacet
  facet normal 0.593266 -0.544123 -0.593266
    outer loop
      vertex 11.1511 -4.9227 39.8277
      vertex 10.5271 -4.1875 38.5294
      vertex 11.4706 -4.1875 39.4729
    endloop
  endfacet
  facet normal 0.593266 -0.544123 -0.593266
    outer loop
      vertex 10.5271 -4.1875 38.5294
      vertex 11.1511 -4.9227 39.8277
      vertex 10.1723 -4.9227 38.8489
    endloop
  endfacet
  facet normal 0.630205 -0.453524 -0.630205
    outer loop
      vertex 11.4706 -4.1875 39.4729
      vertex 10.8229 -3.40642 38.2631
      vertex 11.7369 -3.40642 39.1771
    endloop
  endfacet
  facet normal 0.630205 -0.453524 -0.630205
    outer loop
      vertex 10.8229 -3.40642 38.2631
      vertex 11.4706 -4.1875 39.4729
      vertex 10.5271 -4.1875 38.5294
    endloop
  endfacet
  facet normal 0.660271 -0.357889 -0.660271
    outer loop
      vertex 10.8229 -3.40642 38.2631
      vertex 11.9471 -2.58802 38.9437
      vertex 11.7369 -3.40642 39.1771
    endloop
  endfacet
  facet normal 0.660271 -0.357889 -0.660271
    outer loop
      vertex 11.9471 -2.58802 38.9437
      vertex 10.8229 -3.40642 38.2631
      vertex 11.0563 -2.58802 38.0529
    endloop
  endfacet
  facet normal 0.68308 -0.258466 -0.68308
    outer loop
      vertex 11.9471 -2.58802 38.9437
      vertex 11.2249 -1.74126 37.9011
      vertex 12.0989 -1.74126 38.7751
    endloop
  endfacet
  facet normal 0.68308 -0.258466 -0.68308
    outer loop
      vertex 11.2249 -1.74126 37.9011
      vertex 11.9471 -2.58802 38.9437
      vertex 11.0563 -2.58802 38.0529
    endloop
  endfacet
  facet normal 0.698422 -0.156247 -0.698422
    outer loop
      vertex 12.0989 -1.74126 38.7751
      vertex 11.3268 -0.875425 37.8093
      vertex 12.1907 -0.875425 38.6732
    endloop
  endfacet
  facet normal 0.698422 -0.156247 -0.698422
    outer loop
      vertex 11.3268 -0.875425 37.8093
      vertex 12.0989 -1.74126 38.7751
      vertex 11.2249 -1.74126 37.9011
    endloop
  endfacet
  facet normal 0.70614 -0.0522693 -0.70614
    outer loop
      vertex 11.3268 -0.875425 37.8093
      vertex 12.2214 0 38.6391
      vertex 12.1907 -0.875425 38.6732
    endloop
  endfacet
  facet normal 0.70614 -0.0522693 -0.70614
    outer loop
      vertex 12.2214 0 38.6391
      vertex 11.3268 -0.875425 37.8093
      vertex 11.3609 0 37.7786
    endloop
  endfacet
  facet normal 0.70614 0.0522693 -0.70614
    outer loop
      vertex 12.2214 0 38.6391
      vertex 11.3268 0.875425 37.8093
      vertex 12.1907 0.875425 38.6732
    endloop
  endfacet
  facet normal 0.70614 0.0522693 -0.70614
    outer loop
      vertex 11.3268 0.875425 37.8093
      vertex 12.2214 0 38.6391
      vertex 11.3609 0 37.7786
    endloop
  endfacet
  facet normal 0.698422 0.156247 -0.698422
    outer loop
      vertex 11.3268 0.875425 37.8093
      vertex 12.0989 1.74126 38.7751
      vertex 12.1907 0.875425 38.6732
    endloop
  endfacet
  facet normal 0.698422 0.156247 -0.698422
    outer loop
      vertex 12.0989 1.74126 38.7751
      vertex 11.3268 0.875425 37.8093
      vertex 11.2249 1.74126 37.9011
    endloop
  endfacet
  facet normal 0.68308 0.258466 -0.68308
    outer loop
      vertex 11.2249 1.74126 37.9011
      vertex 11.9471 2.58802 38.9437
      vertex 12.0989 1.74126 38.7751
    endloop
  endfacet
  facet normal 0.68308 0.258466 -0.68308
    outer loop
      vertex 11.9471 2.58802 38.9437
      vertex 11.2249 1.74126 37.9011
      vertex 11.0563 2.58802 38.0529
    endloop
  endfacet
  facet normal 0.660271 0.357889 -0.660271
    outer loop
      vertex 11.9471 2.58802 38.9437
      vertex 10.8229 3.40642 38.2631
      vertex 11.7369 3.40642 39.1771
    endloop
  endfacet
  facet normal 0.660271 0.357889 -0.660271
    outer loop
      vertex 10.8229 3.40642 38.2631
      vertex 11.9471 2.58802 38.9437
      vertex 11.0563 2.58802 38.0529
    endloop
  endfacet
  facet normal 0.630205 0.453524 -0.630205
    outer loop
      vertex 10.8229 3.40642 38.2631
      vertex 11.4706 4.1875 39.4729
      vertex 11.7369 3.40642 39.1771
    endloop
  endfacet
  facet normal 0.630205 0.453524 -0.630205
    outer loop
      vertex 11.4706 4.1875 39.4729
      vertex 10.8229 3.40642 38.2631
      vertex 10.5271 4.1875 38.5294
    endloop
  endfacet
  facet normal 0.593266 0.544123 -0.593266
    outer loop
      vertex 10.5271 4.1875 38.5294
      vertex 11.1511 4.9227 39.8277
      vertex 11.4706 4.1875 39.4729
    endloop
  endfacet
  facet normal 0.593266 0.544123 -0.593266
    outer loop
      vertex 11.1511 4.9227 39.8277
      vertex 10.5271 4.1875 38.5294
      vertex 10.1723 4.9227 38.8489
    endloop
  endfacet
  facet normal 0.549808 0.628835 -0.549798
    outer loop
      vertex 11.1511 4.9227 39.8277
      vertex 9.76232 5.60397 39.2181
      vertex 10.7819 5.60397 40.2377
    endloop
  endfacet
  facet normal 0.549809 0.628825 -0.549809
    outer loop
      vertex 9.76232 5.60397 39.2181
      vertex 11.1511 4.9227 39.8277
      vertex 10.1723 4.9227 38.8489
    endloop
  endfacet
  facet normal 0.500369 0.706571 -0.500388
    outer loop
      vertex 10.7819 5.60397 40.2377
      vertex 9.30166 6.22384 39.6328
      vertex 10.3672 6.22384 40.6983
    endloop
  endfacet
  facet normal 0.500367 0.706595 -0.500357
    outer loop
      vertex 9.30166 6.22384 39.6328
      vertex 10.7819 5.60397 40.2377
      vertex 9.76232 5.60397 39.2181
    endloop
  endfacet
  facet normal 0.445345 0.776737 -0.445361
    outer loop
      vertex 10.3672 6.22384 40.6983
      vertex 8.79538 6.77552 40.0887
      vertex 9.91132 6.77552 41.2046
    endloop
  endfacet
  facet normal 0.445345 0.776737 -0.445362
    outer loop
      vertex 8.79538 6.77552 40.0887
      vertex 10.3672 6.22384 40.6983
      vertex 9.30166 6.22384 39.6328
    endloop
  endfacet
  facet normal 0.385484 0.838342 -0.385467
    outer loop
      vertex 9.91132 6.77552 41.2046
      vertex 8.24902 7.25296 40.5806
      vertex 9.41937 7.25296 41.751
    endloop
  endfacet
  facet normal 0.385492 0.83832 -0.385506
    outer loop
      vertex 8.24902 7.25296 40.5806
      vertex 9.91132 6.77552 41.2046
      vertex 8.79538 6.77552 40.0887
    endloop
  endfacet
  facet normal 0.321375 0.890745 -0.321391
    outer loop
      vertex 9.41937 7.25296 41.751
      vertex 7.66857 7.65094 41.1033
      vertex 8.89673 7.65094 42.3314
    endloop
  endfacet
  facet normal 0.321364 0.890763 -0.321351
    outer loop
      vertex 7.66857 7.65094 41.1033
      vertex 9.41937 7.25296 41.751
      vertex 8.24902 7.25296 40.5806
    endloop
  endfacet
  facet normal 0.253706 0.933415 -0.253712
    outer loop
      vertex 8.89673 7.65094 42.3314
      vertex 7.06038 7.9651 41.6509
      vertex 8.34911 7.9651 42.9396
    endloop
  endfacet
  facet normal 0.253709 0.933412 -0.253721
    outer loop
      vertex 7.06038 7.9651 41.6509
      vertex 8.89673 7.65094 42.3314
      vertex 7.66857 7.65094 41.1033
    endloop
  endfacet
  facet normal 0.183243 0.965838 -0.183244
    outer loop
      vertex 8.34911 7.9651 42.9396
      vertex 6.43111 8.19199 42.2175
      vertex 7.78252 8.19199 43.5689
    endloop
  endfacet
  facet normal 0.183244 0.965837 -0.183249
    outer loop
      vertex 6.43111 8.19199 42.2175
      vertex 8.34911 7.9651 42.9396
      vertex 7.06038 7.9651 41.6509
    endloop
  endfacet
  facet normal 0.110764 0.987655 -0.110763
    outer loop
      vertex 7.78252 8.19199 43.5689
      vertex 5.78767 8.32912 42.7968
      vertex 7.20316 8.32912 44.2123
    endloop
  endfacet
  facet normal 0.110765 0.987655 -0.110766
    outer loop
      vertex 5.78767 8.32912 42.7968
      vertex 7.78252 8.19199 43.5689
      vertex 6.43111 8.19199 42.2175
    endloop
  endfacet
  facet normal 0.0370578 0.998626 -0.0370575
    outer loop
      vertex 7.20316 8.32912 44.2123
      vertex 5.1371 8.375 43.3826
      vertex 6.61739 8.375 44.8629
    endloop
  endfacet
  facet normal 0.0370578 0.998626 -0.0370575
    outer loop
      vertex 5.1371 8.375 43.3826
      vertex 7.20316 8.32912 44.2123
      vertex 5.78767 8.32912 42.7968
    endloop
  endfacet
  facet normal -0.0370577 0.998626 0.037057
    outer loop
      vertex 6.61739 8.375 44.8629
      vertex 4.48654 8.32912 43.9684
      vertex 6.03161 8.32912 45.5135
    endloop
  endfacet
  facet normal -0.0370581 0.998626 0.0370578
    outer loop
      vertex 4.48654 8.32912 43.9684
      vertex 6.61739 8.375 44.8629
      vertex 5.1371 8.375 43.3826
    endloop
  endfacet
  facet normal -0.110766 0.987655 0.110763
    outer loop
      vertex 6.03161 8.32912 45.5135
      vertex 3.8431 8.19199 44.5477
      vertex 5.45226 8.19199 46.1569
    endloop
  endfacet
  facet normal -0.110766 0.987655 0.110764
    outer loop
      vertex 3.8431 8.19199 44.5477
      vertex 6.03161 8.32912 45.5135
      vertex 4.48654 8.32912 43.9684
    endloop
  endfacet
  facet normal -0.183247 0.965838 0.18324
    outer loop
      vertex 5.45226 8.19199 46.1569
      vertex 3.21383 7.9651 45.1143
      vertex 4.88567 7.9651 46.7862
    endloop
  endfacet
  facet normal -0.183249 0.965837 0.183244
    outer loop
      vertex 3.21383 7.9651 45.1143
      vertex 5.45226 8.19199 46.1569
      vertex 3.8431 8.19199 44.5477
    endloop
  endfacet
  facet normal -0.253716 0.933415 0.253702
    outer loop
      vertex 4.88567 7.9651 46.7862
      vertex 2.60564 7.65094 45.6619
      vertex 4.33805 7.65094 47.3944
    endloop
  endfacet
  facet normal -0.253719 0.933412 0.25371
    outer loop
      vertex 2.60564 7.65094 45.6619
      vertex 4.88567 7.9651 46.7862
      vertex 3.21383 7.9651 45.1143
    endloop
  endfacet
  facet normal -0.321379 0.890746 0.321383
    outer loop
      vertex 4.33805 7.65094 47.3944
      vertex 2.02518 7.25296 46.1846
      vertex 3.8154 7.25296 47.9748
    endloop
  endfacet
  facet normal -0.321363 0.890765 0.321347
    outer loop
      vertex 2.02518 7.25296 46.1846
      vertex 4.33805 7.65094 47.3944
      vertex 2.60564 7.65094 45.6619
    endloop
  endfacet
  facet normal -0.385484 0.83834 0.385472
    outer loop
      vertex 3.8154 7.25296 47.9748
      vertex 1.47882 6.77552 46.6765
      vertex 3.32346 6.77552 48.5212
    endloop
  endfacet
  facet normal -0.385497 0.838321 0.385501
    outer loop
      vertex 1.47882 6.77552 46.6765
      vertex 3.8154 7.25296 47.9748
      vertex 2.02518 7.25296 46.1846
    endloop
  endfacet
  facet normal -0.445364 0.77673 0.445354
    outer loop
      vertex 3.32346 6.77552 48.5212
      vertex 0.972544 6.22384 47.1324
      vertex 2.8676 6.22384 49.0275
    endloop
  endfacet
  facet normal -0.445362 0.776736 0.445347
    outer loop
      vertex 0.972544 6.22384 47.1324
      vertex 3.32346 6.77552 48.5212
      vertex 1.47882 6.77552 46.6765
    endloop
  endfacet
  facet normal -0.500354 0.706599 0.500364
    outer loop
      vertex 2.8676 6.22384 49.0275
      vertex 0.511891 5.60397 47.5472
      vertex 2.45283 5.60397 49.4881
    endloop
  endfacet
  facet normal -0.500341 0.706632 0.500329
    outer loop
      vertex 0.511891 5.60397 47.5472
      vertex 2.8676 6.22384 49.0275
      vertex 0.972544 6.22384 47.1324
    endloop
  endfacet
  facet normal -0.549822 0.62881 0.549812
    outer loop
      vertex 2.45283 5.60397 49.4881
      vertex 0.101913 4.9227 47.9163
      vertex 2.08368 4.9227 49.8981
    endloop
  endfacet
  facet normal -0.549832 0.628775 0.549843
    outer loop
      vertex 0.101913 4.9227 47.9163
      vertex 2.45283 5.60397 49.4881
      vertex 0.511891 5.60397 47.5472
    endloop
  endfacet
  facet normal -0.593268 0.54413 0.593258
    outer loop
      vertex -0.252898 4.1875 48.2358
      vertex 2.08368 4.9227 49.8981
      vertex 0.101913 4.9227 47.9163
    endloop
  endfacet
  facet normal -0.593273 0.544106 0.593275
    outer loop
      vertex 2.08368 4.9227 49.8981
      vertex -0.252898 4.1875 48.2358
      vertex 1.76421 4.1875 50.2529
    endloop
  endfacet
  facet normal -0.630214 0.453496 0.630216
    outer loop
      vertex -0.548655 3.40642 48.5021
      vertex 1.76421 4.1875 50.2529
      vertex -0.252898 4.1875 48.2358
    endloop
  endfacet
  facet normal -0.63021 0.453523 0.6302
    outer loop
      vertex 1.76421 4.1875 50.2529
      vertex -0.548655 3.40642 48.5021
      vertex 1.49791 3.40642 50.5487
    endloop
  endfacet
  facet normal -0.660265 0.357933 0.660253
    outer loop
      vertex -0.782118 2.58802 48.7123
      vertex 1.49791 3.40642 50.5487
      vertex -0.548655 3.40642 48.5021
    endloop
  endfacet
  facet normal -0.660266 0.357896 0.660272
    outer loop
      vertex 1.49791 3.40642 50.5487
      vertex -0.782118 2.58802 48.7123
      vertex 1.2877 2.58802 50.7821
    endloop
  endfacet
  facet normal -0.683075 0.258473 0.683081
    outer loop
      vertex -0.950728 1.74126 48.8641
      vertex 1.2877 2.58802 50.7821
      vertex -0.782118 2.58802 48.7123
    endloop
  endfacet
  facet normal -0.683075 0.258481 0.683078
    outer loop
      vertex 1.2877 2.58802 50.7821
      vertex -0.950728 1.74126 48.8641
      vertex 1.13588 1.74126 50.9507
    endloop
  endfacet
  facet normal -0.69842 0.156257 0.698422
    outer loop
      vertex -1.05264 0.875425 48.9559
      vertex 1.13588 1.74126 50.9507
      vertex -0.950728 1.74126 48.8641
    endloop
  endfacet
  facet normal -0.698416 0.156216 0.698436
    outer loop
      vertex 1.13588 1.74126 50.9507
      vertex -1.05264 0.875425 48.9559
      vertex 1.04412 0.875425 51.0526
    endloop
  endfacet
  facet normal -0.70613 0.0522613 0.706151
    outer loop
      vertex -1.08673 0 48.9866
      vertex 1.04412 0.875425 51.0526
      vertex -1.05264 0.875425 48.9559
    endloop
  endfacet
  facet normal -0.706132 0.0522694 0.706149
    outer loop
      vertex 1.04412 0.875425 51.0526
      vertex -1.08673 0 48.9866
      vertex 1.01342 0 51.0867
    endloop
  endfacet
  facet normal -0.62846 -0.0522697 0.776083
    outer loop
      vertex 1.04412 -0.875425 51.0526
      vertex 3.34856 -0.875425 52.9187
      vertex 1.01342 0 51.0867
    endloop
  endfacet
  facet normal -0.628474 -0.0523399 0.776067
    outer loop
      vertex 3.34856 -0.875425 52.9187
      vertex 3.32159 0 52.9559
      vertex 1.01342 0 51.0867
    endloop
  endfacet
  facet normal -0.6216 -0.156215 0.7676
    outer loop
      vertex 1.13588 -1.74126 50.9507
      vertex 3.42917 -1.74126 52.8078
      vertex 1.04412 -0.875425 51.0526
    endloop
  endfacet
  facet normal -0.621597 -0.15619 0.767608
    outer loop
      vertex 3.42917 -1.74126 52.8078
      vertex 3.34856 -0.875425 52.9187
      vertex 1.04412 -0.875425 51.0526
    endloop
  endfacet
  facet normal -0.60793 -0.25848 0.750739
    outer loop
      vertex 1.2877 -2.58802 50.7821
      vertex 3.56253 -2.58802 52.6242
      vertex 1.13588 -1.74126 50.9507
    endloop
  endfacet
  facet normal -0.607933 -0.258523 0.750722
    outer loop
      vertex 3.56253 -2.58802 52.6242
      vertex 3.42917 -1.74126 52.8078
      vertex 1.13588 -1.74126 50.9507
    endloop
  endfacet
  facet normal -0.587632 -0.357891 0.725674
    outer loop
      vertex 1.49791 -3.40642 50.5487
      vertex 3.74718 -3.40642 52.3701
      vertex 1.2877 -2.58802 50.7821
    endloop
  endfacet
  facet normal -0.587632 -0.357893 0.725673
    outer loop
      vertex 3.74718 -3.40642 52.3701
      vertex 3.56253 -2.58802 52.6242
      vertex 1.2877 -2.58802 50.7821
    endloop
  endfacet
  facet normal -0.560875 -0.453526 0.692627
    outer loop
      vertex 1.76421 -4.1875 50.2529
      vertex 3.98111 -4.1875 52.0481
      vertex 1.49791 -3.40642 50.5487
    endloop
  endfacet
  facet normal -0.560876 -0.453517 0.692633
    outer loop
      vertex 3.98111 -4.1875 52.0481
      vertex 3.74718 -3.40642 52.3701
      vertex 1.49791 -3.40642 50.5487
    endloop
  endfacet
  facet normal -0.527998 -0.544105 0.652048
    outer loop
      vertex 2.08368 -4.9227 49.8981
      vertex 4.26175 -4.9227 51.6618
      vertex 1.76421 -4.1875 50.2529
    endloop
  endfacet
  facet normal -0.527994 -0.544141 0.652022
    outer loop
      vertex 4.26175 -4.9227 51.6618
      vertex 3.98111 -4.1875 52.0481
      vertex 1.76421 -4.1875 50.2529
    endloop
  endfacet
  facet normal -0.489329 -0.628811 0.604279
    outer loop
      vertex 2.45283 -5.60397 49.4881
      vertex 4.58602 -5.60397 51.2155
      vertex 2.08368 -4.9227 49.8981
    endloop
  endfacet
  facet normal -0.489333 -0.628789 0.604299
    outer loop
      vertex 4.58602 -5.60397 51.2155
      vertex 4.26175 -4.9227 51.6618
      vertex 2.08368 -4.9227 49.8981
    endloop
  endfacet
  facet normal -0.445303 -0.706596 0.549934
    outer loop
      vertex 2.8676 -6.22384 49.0275
      vertex 4.95037 -6.22384 50.714
      vertex 2.45283 -5.60397 49.4881
    endloop
  endfacet
  facet normal -0.445294 -0.706628 0.5499
    outer loop
      vertex 4.95037 -6.22384 50.714
      vertex 4.58602 -5.60397 51.2155
      vertex 2.45283 -5.60397 49.4881
    endloop
  endfacet
  facet normal -0.396365 -0.776731 0.489473
    outer loop
      vertex 3.32346 -6.77552 48.5212
      vertex 5.3508 -6.77552 50.1629
      vertex 2.8676 -6.22384 49.0275
    endloop
  endfacet
  facet normal -0.396376 -0.776701 0.489511
    outer loop
      vertex 5.3508 -6.77552 50.1629
      vertex 4.95037 -6.22384 50.714
      vertex 2.8676 -6.22384 49.0275
    endloop
  endfacet
  facet normal -0.343074 -0.838341 0.423656
    outer loop
      vertex 3.8154 -7.25296 47.9748
      vertex 5.78294 -7.25296 49.5681
      vertex 3.32346 -6.77552 48.5212
    endloop
  endfacet
  facet normal -0.343077 -0.838334 0.423667
    outer loop
      vertex 5.78294 -7.25296 49.5681
      vertex 5.3508 -6.77552 50.1629
      vertex 3.32346 -6.77552 48.5212
    endloop
  endfacet
  facet normal -0.286025 -0.890745 0.353218
    outer loop
      vertex 4.33805 -7.65094 47.3944
      vertex 6.24205 -7.65094 48.9362
      vertex 3.8154 -7.25296 47.9748
    endloop
  endfacet
  facet normal -0.28602 -0.890754 0.353201
    outer loop
      vertex 6.24205 -7.65094 48.9362
      vertex 5.78294 -7.25296 49.5681
      vertex 3.8154 -7.25296 47.9748
    endloop
  endfacet
  facet normal -0.225797 -0.933415 0.27884
    outer loop
      vertex 4.88567 -7.9651 46.7862
      vertex 6.7231 -7.9651 48.2741
      vertex 4.33805 -7.65094 47.3944
    endloop
  endfacet
  facet normal -0.225798 -0.933414 0.278842
    outer loop
      vertex 6.7231 -7.9651 48.2741
      vertex 6.24205 -7.65094 48.9362
      vertex 4.33805 -7.65094 47.3944
    endloop
  endfacet
  facet normal -0.163089 -0.965839 0.20139
    outer loop
      vertex 5.45226 -8.19199 46.1569
      vertex 7.22081 -8.19199 47.5891
      vertex 4.88567 -7.9651 46.7862
    endloop
  endfacet
  facet normal -0.163094 -0.965834 0.201408
    outer loop
      vertex 7.22081 -8.19199 47.5891
      vertex 6.7231 -7.9651 48.2741
      vertex 4.88567 -7.9651 46.7862
    endloop
  endfacet
  facet normal -0.0985794 -0.987655 0.121736
    outer loop
      vertex 6.03161 -8.32912 45.5135
      vertex 7.72973 -8.32912 46.8886
      vertex 5.45226 -8.19199 46.1569
    endloop
  endfacet
  facet normal -0.0985765 -0.987656 0.121727
    outer loop
      vertex 7.72973 -8.32912 46.8886
      vertex 7.22081 -8.19199 47.5891
      vertex 5.45226 -8.19199 46.1569
    endloop
  endfacet
  facet normal -0.0329801 -0.998626 0.0407284
    outer loop
      vertex 6.61739 -8.375 44.8629
      vertex 8.2443 -8.375 46.1803
      vertex 6.03161 -8.32912 45.5135
    endloop
  endfacet
  facet normal -0.0329795 -0.998626 0.0407266
    outer loop
      vertex 8.2443 -8.375 46.1803
      vertex 7.72973 -8.32912 46.8886
      vertex 6.03161 -8.32912 45.5135
    endloop
  endfacet
  facet normal 0.0329812 -0.998626 -0.0407278
    outer loop
      vertex 7.20316 -8.32912 44.2123
      vertex 8.75886 -8.32912 45.4721
      vertex 6.61739 -8.375 44.8629
    endloop
  endfacet
  facet normal 0.0329821 -0.998626 -0.040731
    outer loop
      vertex 8.75886 -8.32912 45.4721
      vertex 8.2443 -8.375 46.1803
      vertex 6.61739 -8.375 44.8629
    endloop
  endfacet
  facet normal 0.0985772 -0.987655 -0.121737
    outer loop
      vertex 7.78252 -8.19199 43.5689
      vertex 9.26778 -8.19199 44.7716
      vertex 7.20316 -8.32912 44.2123
    endloop
  endfacet
  facet normal 0.098575 -0.987656 -0.121728
    outer loop
      vertex 9.26778 -8.19199 44.7716
      vertex 8.75886 -8.32912 45.4721
      vertex 7.20316 -8.32912 44.2123
    endloop
  endfacet
  facet normal 0.163088 -0.965839 -0.20139
    outer loop
      vertex 8.34911 -7.9651 42.9396
      vertex 9.76549 -7.9651 44.0866
      vertex 7.78252 -8.19199 43.5689
    endloop
  endfacet
  facet normal 0.163093 -0.965834 -0.201409
    outer loop
      vertex 9.76549 -7.9651 44.0866
      vertex 9.26778 -8.19199 44.7716
      vertex 7.78252 -8.19199 43.5689
    endloop
  endfacet
  facet normal 0.225808 -0.933415 -0.27883
    outer loop
      vertex 8.89673 -7.65094 42.3314
      vertex 10.2465 -7.65094 43.4245
      vertex 8.34911 -7.9651 42.9396
    endloop
  endfacet
  facet normal 0.225811 -0.933411 -0.278844
    outer loop
      vertex 10.2465 -7.65094 43.4245
      vertex 9.76549 -7.9651 44.0866
      vertex 8.34911 -7.9651 42.9396
    endloop
  endfacet
  facet normal 0.286035 -0.890744 -0.353213
    outer loop
      vertex 9.41937 -7.25296 41.751
      vertex 10.7056 -7.25296 42.7926
      vertex 8.89673 -7.65094 42.3314
    endloop
  endfacet
  facet normal 0.286032 -0.890752 -0.353195
    outer loop
      vertex 10.7056 -7.25296 42.7926
      vertex 10.2465 -7.65094 43.4245
      vertex 8.89673 -7.65094 42.3314
    endloop
  endfacet
  facet normal 0.343073 -0.838343 -0.423653
    outer loop
      vertex 9.91132 -6.77552 41.2046
      vertex 11.1378 -6.77552 42.1978
      vertex 9.41937 -7.25296 41.751
    endloop
  endfacet
  facet normal 0.343072 -0.838347 -0.423646
    outer loop
      vertex 11.1378 -6.77552 42.1978
      vertex 10.7056 -7.25296 42.7926
      vertex 9.41937 -7.25296 41.751
    endloop
  endfacet
  facet normal 0.396372 -0.776737 -0.489457
    outer loop
      vertex 10.3672 -6.22384 40.6983
      vertex 11.5382 -6.22384 41.6466
      vertex 9.91132 -6.77552 41.2046
    endloop
  endfacet
  facet normal 0.396373 -0.776727 -0.489472
    outer loop
      vertex 11.5382 -6.22384 41.6466
      vertex 11.1378 -6.77552 42.1978
      vertex 9.91132 -6.77552 41.2046
    endloop
  endfacet
  facet normal 0.445297 -0.70657 -0.549972
    outer loop
      vertex 10.7819 -5.60397 40.2377
      vertex 11.9026 -5.60397 41.1451
      vertex 10.3672 -6.22384 40.6983
    endloop
  endfacet
  facet normal 0.445299 -0.706646 -0.549873
    outer loop
      vertex 11.9026 -5.60397 41.1451
      vertex 11.5382 -6.22384 41.6466
      vertex 10.3672 -6.22384 40.6983
    endloop
  endfacet
  facet normal 0.489327 -0.628833 -0.604258
    outer loop
      vertex 11.1511 -4.9227 39.8277
      vertex 12.2268 -4.9227 40.6988
      vertex 10.7819 -5.60397 40.2377
    endloop
  endfacet
  facet normal 0.489319 -0.628759 -0.604342
    outer loop
      vertex 12.2268 -4.9227 40.6988
      vertex 11.9026 -5.60397 41.1451
      vertex 10.7819 -5.60397 40.2377
    endloop
  endfacet
  facet normal 0.528017 -0.544121 -0.65202
    outer loop
      vertex 11.4706 -4.1875 39.4729
      vertex 12.5075 -4.1875 40.3126
      vertex 11.1511 -4.9227 39.8277
    endloop
  endfacet
  facet normal 0.528015 -0.544109 -0.652032
    outer loop
      vertex 12.5075 -4.1875 40.3126
      vertex 12.2268 -4.9227 40.6988
      vertex 11.1511 -4.9227 39.8277
    endloop
  endfacet
  facet normal 0.560907 -0.453527 -0.692601
    outer loop
      vertex 11.7369 -3.40642 39.1771
      vertex 12.7414 -3.40642 39.9906
      vertex 11.4706 -4.1875 39.4729
    endloop
  endfacet
  facet normal 0.5609 -0.4535 -0.692625
    outer loop
      vertex 12.7414 -3.40642 39.9906
      vertex 12.5075 -4.1875 40.3126
      vertex 11.4706 -4.1875 39.4729
    endloop
  endfacet
  facet normal 0.587603 -0.357884 -0.725701
    outer loop
      vertex 11.9471 -2.58802 38.9437
      vertex 12.9261 -2.58802 39.7364
      vertex 11.7369 -3.40642 39.1771
    endloop
  endfacet
  facet normal 0.587641 -0.358001 -0.725612
    outer loop
      vertex 12.9261 -2.58802 39.7364
      vertex 12.7414 -3.40642 39.9906
      vertex 11.7369 -3.40642 39.1771
    endloop
  endfacet
  facet normal 0.607937 -0.258467 -0.750738
    outer loop
      vertex 12.0989 -1.74126 38.7751
      vertex 13.0594 -1.74126 39.5529
      vertex 11.9471 -2.58802 38.9437
    endloop
  endfacet
  facet normal 0.607911 -0.2584 -0.750782
    outer loop
      vertex 13.0594 -1.74126 39.5529
      vertex 12.9261 -2.58802 39.7364
      vertex 11.9471 -2.58802 38.9437
    endloop
  endfacet
  facet normal 0.621578 -0.156243 -0.767613
    outer loop
      vertex 12.1907 -0.875425 38.6732
      vertex 13.14 -0.875425 39.4419
      vertex 12.0989 -1.74126 38.7751
    endloop
  endfacet
  facet normal 0.62159 -0.156269 -0.767597
    outer loop
      vertex 13.14 -0.875425 39.4419
      vertex 13.0594 -1.74126 39.5529
      vertex 12.0989 -1.74126 38.7751
    endloop
  endfacet
  facet normal 0.628444 -0.0522696 -0.776096
    outer loop
      vertex 12.2214 0 38.6391
      vertex 13.167 0 39.4048
      vertex 12.1907 -0.875425 38.6732
    endloop
  endfacet
  facet normal 0.628446 -0.0522731 -0.776095
    outer loop
      vertex 13.167 0 39.4048
      vertex 13.14 -0.875425 39.4419
      vertex 12.1907 -0.875425 38.6732
    endloop
  endfacet
  facet normal 0.628446 0.0522696 -0.776095
    outer loop
      vertex 13.14 0.875425 39.4419
      vertex 12.2214 0 38.6391
      vertex 12.1907 0.875425 38.6732
    endloop
  endfacet
  facet normal 0.628444 0.0522731 -0.776096
    outer loop
      vertex 13.14 0.875425 39.4419
      vertex 13.167 0 39.4048
      vertex 12.2214 0 38.6391
    endloop
  endfacet
  facet normal 0.621593 0.156243 -0.767601
    outer loop
      vertex 13.0594 1.74126 39.5529
      vertex 12.1907 0.875425 38.6732
      vertex 12.0989 1.74126 38.7751
    endloop
  endfacet
  facet normal 0.621575 0.156269 -0.767609
    outer loop
      vertex 13.0594 1.74126 39.5529
      vertex 13.14 0.875425 39.4419
      vertex 12.1907 0.875425 38.6732
    endloop
  endfacet
  facet normal 0.6079 0.258466 -0.750768
    outer loop
      vertex 12.9261 2.58802 39.7364
      vertex 12.0989 1.74126 38.7751
      vertex 11.9471 2.58802 38.9437
    endloop
  endfacet
  facet normal 0.607949 0.2584 -0.750752
    outer loop
      vertex 12.9261 2.58802 39.7364
      vertex 13.0594 1.74126 39.5529
      vertex 12.0989 1.74126 38.7751
    endloop
  endfacet
  facet normal 0.587669 0.357886 -0.725647
    outer loop
      vertex 12.7414 3.40642 39.9906
      vertex 11.9471 2.58802 38.9437
      vertex 11.7369 3.40642 39.1771
    endloop
  endfacet
  facet normal 0.587574 0.358002 -0.725666
    outer loop
      vertex 12.7414 3.40642 39.9906
      vertex 12.9261 2.58802 39.7364
      vertex 11.9471 2.58802 38.9437
    endloop
  endfacet
  facet normal 0.560891 0.453527 -0.692614
    outer loop
      vertex 12.5075 4.1875 40.3126
      vertex 11.7369 3.40642 39.1771
      vertex 11.4706 4.1875 39.4729
    endloop
  endfacet
  facet normal 0.560916 0.453499 -0.692612
    outer loop
      vertex 12.5075 4.1875 40.3126
      vertex 12.7414 3.40642 39.9906
      vertex 11.7369 3.40642 39.1771
    endloop
  endfacet
  facet normal 0.52801 0.544121 -0.652026
    outer loop
      vertex 12.2268 4.9227 40.6988
      vertex 11.4706 4.1875 39.4729
      vertex 11.1511 4.9227 39.8277
    endloop
  endfacet
  facet normal 0.528022 0.544108 -0.652026
    outer loop
      vertex 12.2268 4.9227 40.6988
      vertex 12.5075 4.1875 40.3126
      vertex 11.4706 4.1875 39.4729
    endloop
  endfacet
  facet normal 0.489282 0.628832 -0.604296
    outer loop
      vertex 11.9026 5.60397 41.1451
      vertex 11.1511 4.9227 39.8277
      vertex 10.7819 5.60397 40.2377
    endloop
  endfacet
  facet normal 0.489365 0.628758 -0.604305
    outer loop
      vertex 11.9026 5.60397 41.1451
      vertex 12.2268 4.9227 40.6988
      vertex 11.1511 4.9227 39.8277
    endloop
  endfacet
  facet normal 0.445345 0.706572 -0.549931
    outer loop
      vertex 11.5382 6.22384 41.6466
      vertex 10.7819 5.60397 40.2377
      vertex 10.3672 6.22384 40.6983
    endloop
  endfacet
  facet normal 0.445249 0.706647 -0.549912
    outer loop
      vertex 11.5382 6.22384 41.6466
      vertex 11.9026 5.60397 41.1451
      vertex 10.7819 5.60397 40.2377
    endloop
  endfacet
  facet normal 0.396366 0.776737 -0.489463
    outer loop
      vertex 11.1378 6.77552 42.1978
      vertex 10.3672 6.22384 40.6983
      vertex 9.91132 6.77552 41.2046
    endloop
  endfacet
  facet normal 0.39638 0.776727 -0.489467
    outer loop
      vertex 11.1378 6.77552 42.1978
      vertex 11.5382 6.22384 41.6466
      vertex 10.3672 6.22384 40.6983
    endloop
  endfacet
  facet normal 0.343076 0.838343 -0.42365
    outer loop
      vertex 10.7056 7.25296 42.7926
      vertex 9.91132 6.77552 41.2046
      vertex 9.41937 7.25296 41.751
    endloop
  endfacet
  facet normal 0.343069 0.838347 -0.423648
    outer loop
      vertex 10.7056 7.25296 42.7926
      vertex 11.1378 6.77552 42.1978
      vertex 9.91132 6.77552 41.2046
    endloop
  endfacet
  facet normal 0.286042 0.890744 -0.353207
    outer loop
      vertex 10.2465 7.65094 43.4245
      vertex 9.41937 7.25296 41.751
      vertex 8.89673 7.65094 42.3314
    endloop
  endfacet
  facet normal 0.286025 0.890752 -0.353201
    outer loop
      vertex 10.2465 7.65094 43.4245
      vertex 10.7056 7.25296 42.7926
      vertex 9.41937 7.25296 41.751
    endloop
  endfacet
  facet normal 0.225803 0.933415 -0.278835
    outer loop
      vertex 9.76549 7.9651 44.0866
      vertex 8.89673 7.65094 42.3314
      vertex 8.34911 7.9651 42.9396
    endloop
  endfacet
  facet normal 0.225817 0.93341 -0.27884
    outer loop
      vertex 9.76549 7.9651 44.0866
      vertex 10.2465 7.65094 43.4245
      vertex 8.89673 7.65094 42.3314
    endloop
  endfacet
  facet normal 0.163082 0.965838 -0.201396
    outer loop
      vertex 9.26778 8.19199 44.7716
      vertex 8.34911 7.9651 42.9396
      vertex 7.78252 8.19199 43.5689
    endloop
  endfacet
  facet normal 0.163099 0.965834 -0.201404
    outer loop
      vertex 9.26778 8.19199 44.7716
      vertex 9.76549 7.9651 44.0866
      vertex 8.34911 7.9651 42.9396
    endloop
  endfacet
  facet normal 0.09858 0.987655 -0.121734
    outer loop
      vertex 8.75886 8.32912 45.4721
      vertex 7.78252 8.19199 43.5689
      vertex 7.20316 8.32912 44.2123
    endloop
  endfacet
  facet normal 0.098572 0.987656 -0.12173
    outer loop
      vertex 8.75886 8.32912 45.4721
      vertex 9.26778 8.19199 44.7716
      vertex 7.78252 8.19199 43.5689
    endloop
  endfacet
  facet normal 0.0329803 0.998626 -0.0407287
    outer loop
      vertex 8.2443 8.375 46.1803
      vertex 7.20316 8.32912 44.2123
      vertex 6.61739 8.375 44.8629
    endloop
  endfacet
  facet normal 0.0329832 0.998626 -0.0407302
    outer loop
      vertex 8.2443 8.375 46.1803
      vertex 8.75886 8.32912 45.4721
      vertex 7.20316 8.32912 44.2123
    endloop
  endfacet
  facet normal -0.0329806 0.998626 0.0407279
    outer loop
      vertex 7.72973 8.32912 46.8886
      vertex 6.61739 8.375 44.8629
      vertex 6.03161 8.32912 45.5135
    endloop
  endfacet
  facet normal -0.032979 0.998626 0.040727
    outer loop
      vertex 7.72973 8.32912 46.8886
      vertex 8.2443 8.375 46.1803
      vertex 6.61739 8.375 44.8629
    endloop
  endfacet
  facet normal -0.0985821 0.987655 0.121734
    outer loop
      vertex 7.22081 8.19199 47.5891
      vertex 6.03161 8.32912 45.5135
      vertex 5.45226 8.19199 46.1569
    endloop
  endfacet
  facet normal -0.0985736 0.987656 0.121729
    outer loop
      vertex 7.22081 8.19199 47.5891
      vertex 7.72973 8.32912 46.8886
      vertex 6.03161 8.32912 45.5135
    endloop
  endfacet
  facet normal -0.163084 0.965838 0.201394
    outer loop
      vertex 6.7231 7.9651 48.2741
      vertex 5.45226 8.19199 46.1569
      vertex 4.88567 7.9651 46.7862
    endloop
  endfacet
  facet normal -0.1631 0.965834 0.201404
    outer loop
      vertex 6.7231 7.9651 48.2741
      vertex 7.22081 8.19199 47.5891
      vertex 5.45226 8.19199 46.1569
    endloop
  endfacet
  facet normal -0.225797 0.933415 0.278841
    outer loop
      vertex 6.24205 7.65094 48.9362
      vertex 4.88567 7.9651 46.7862
      vertex 4.33805 7.65094 47.3944
    endloop
  endfacet
  facet normal -0.225798 0.933414 0.278842
    outer loop
      vertex 6.24205 7.65094 48.9362
      vertex 6.7231 7.9651 48.2741
      vertex 4.88567 7.9651 46.7862
    endloop
  endfacet
  facet normal -0.28603 0.890745 0.353214
    outer loop
      vertex 5.78294 7.25296 49.5681
      vertex 4.33805 7.65094 47.3944
      vertex 3.8154 7.25296 47.9748
    endloop
  endfacet
  facet normal -0.286014 0.890754 0.353205
    outer loop
      vertex 5.78294 7.25296 49.5681
      vertex 6.24205 7.65094 48.9362
      vertex 4.33805 7.65094 47.3944
    endloop
  endfacet
  facet normal -0.343071 0.838341 0.423659
    outer loop
      vertex 5.3508 6.77552 50.1629
      vertex 3.8154 7.25296 47.9748
      vertex 3.32346 6.77552 48.5212
    endloop
  endfacet
  facet normal -0.34308 0.838334 0.423664
    outer loop
      vertex 5.3508 6.77552 50.1629
      vertex 5.78294 7.25296 49.5681
      vertex 3.8154 7.25296 47.9748
    endloop
  endfacet
  facet normal -0.396353 0.776731 0.489483
    outer loop
      vertex 4.95037 6.22384 50.714
      vertex 3.32346 6.77552 48.5212
      vertex 2.8676 6.22384 49.0275
    endloop
  endfacet
  facet normal -0.396389 0.776701 0.489502
    outer loop
      vertex 4.95037 6.22384 50.714
      vertex 5.3508 6.77552 50.1629
      vertex 3.32346 6.77552 48.5212
    endloop
  endfacet
  facet normal -0.445314 0.706597 0.549924
    outer loop
      vertex 4.58602 5.60397 51.2155
      vertex 2.8676 6.22384 49.0275
      vertex 2.45283 5.60397 49.4881
    endloop
  endfacet
  facet normal -0.445282 0.706629 0.549909
    outer loop
      vertex 4.58602 5.60397 51.2155
      vertex 4.95037 6.22384 50.714
      vertex 2.8676 6.22384 49.0275
    endloop
  endfacet
  facet normal -0.489322 0.628811 0.604285
    outer loop
      vertex 4.26175 4.9227 51.6618
      vertex 2.45283 5.60397 49.4881
      vertex 2.08368 4.9227 49.8981
    endloop
  endfacet
  facet normal -0.489341 0.628788 0.604294
    outer loop
      vertex 4.26175 4.9227 51.6618
      vertex 4.58602 5.60397 51.2155
      vertex 2.45283 5.60397 49.4881
    endloop
  endfacet
  facet normal -0.528008 0.544106 0.65204
    outer loop
      vertex 3.98111 4.1875 52.0481
      vertex 2.08368 4.9227 49.8981
      vertex 1.76421 4.1875 50.2529
    endloop
  endfacet
  facet normal -0.527984 0.544141 0.65203
    outer loop
      vertex 3.98111 4.1875 52.0481
      vertex 4.26175 4.9227 51.6618
      vertex 2.08368 4.9227 49.8981
    endloop
  endfacet
  facet normal -0.560873 0.453526 0.692629
    outer loop
      vertex 3.74718 3.40642 52.3701
      vertex 1.76421 4.1875 50.2529
      vertex 1.49791 3.40642 50.5487
    endloop
  endfacet
  facet normal -0.560878 0.453517 0.692631
    outer loop
      vertex 3.74718 3.40642 52.3701
      vertex 3.98111 4.1875 52.0481
      vertex 1.76421 4.1875 50.2529
    endloop
  endfacet
  facet normal -0.587632 0.357891 0.725674
    outer loop
      vertex 3.56253 2.58802 52.6242
      vertex 1.49791 3.40642 50.5487
      vertex 1.2877 2.58802 50.7821
    endloop
  endfacet
  facet normal -0.587631 0.357893 0.725673
    outer loop
      vertex 3.56253 2.58802 52.6242
      vertex 3.74718 3.40642 52.3701
      vertex 1.49791 3.40642 50.5487
    endloop
  endfacet
  facet normal -0.60794 0.25848 0.750731
    outer loop
      vertex 3.42917 1.74126 52.8078
      vertex 1.2877 2.58802 50.7821
      vertex 1.13588 1.74126 50.9507
    endloop
  endfacet
  facet normal -0.607923 0.258523 0.75073
    outer loop
      vertex 3.42917 1.74126 52.8078
      vertex 3.56253 2.58802 52.6242
      vertex 1.2877 2.58802 50.7821
    endloop
  endfacet
  facet normal -0.621595 0.156215 0.767605
    outer loop
      vertex 3.34856 0.875425 52.9187
      vertex 1.13588 1.74126 50.9507
      vertex 1.04412 0.875425 51.0526
    endloop
  endfacet
  facet normal -0.621603 0.15619 0.767603
    outer loop
      vertex 3.34856 0.875425 52.9187
      vertex 3.42917 1.74126 52.8078
      vertex 1.13588 1.74126 50.9507
    endloop
  endfacet
  facet normal -0.628477 0.0522697 0.77607
    outer loop
      vertex 3.32159 0 52.9559
      vertex 1.04412 0.875425 51.0526
      vertex 1.01342 0 51.0867
    endloop
  endfacet
  facet normal -0.628458 0.05234 0.776081
    outer loop
      vertex 3.32159 0 52.9559
      vertex 3.34856 0.875425 52.9187
      vertex 1.04412 0.875425 51.0526
    endloop
  endfacet
  facet normal -0.543893 -0.0523455 0.837521
    outer loop
      vertex 3.34856 -0.875425 52.9187
      vertex 5.83544 -0.875425 54.5337
      vertex 3.32159 0 52.9559
    endloop
  endfacet
  facet normal -0.543889 -0.0523292 0.837524
    outer loop
      vertex 5.83544 -0.875425 54.5337
      vertex 5.8125 0 54.5735
      vertex 3.32159 0 52.9559
    endloop
  endfacet
  facet normal -0.53796 -0.156186 0.828375
    outer loop
      vertex 3.42917 -1.74126 52.8078
      vertex 5.90401 -1.74126 54.415
      vertex 3.34856 -0.875425 52.9187
    endloop
  endfacet
  facet normal -0.537957 -0.156169 0.82838
    outer loop
      vertex 5.90401 -1.74126 54.415
      vertex 5.83544 -0.875425 54.5337
      vertex 3.34856 -0.875425 52.9187
    endloop
  endfacet
  facet normal -0.526137 -0.258526 0.810151
    outer loop
      vertex 3.56253 -2.58802 52.6242
      vertex 6.01745 -2.58802 54.2185
      vertex 3.42917 -1.74126 52.8078
    endloop
  endfacet
  facet normal -0.526133 -0.258493 0.810164
    outer loop
      vertex 6.01745 -2.58802 54.2185
      vertex 5.90401 -1.74126 54.415
      vertex 3.42917 -1.74126 52.8078
    endloop
  endfacet
  facet normal -0.508555 -0.35789 0.783126
    outer loop
      vertex 3.74718 -3.40642 52.3701
      vertex 6.17453 -3.40642 53.9464
      vertex 3.56253 -2.58802 52.6242
    endloop
  endfacet
  facet normal -0.50856 -0.35797 0.783086
    outer loop
      vertex 6.17453 -3.40642 53.9464
      vertex 6.01745 -2.58802 54.2185
      vertex 3.56253 -2.58802 52.6242
    endloop
  endfacet
  facet normal -0.485419 -0.453519 0.747455
    outer loop
      vertex 3.98111 -4.1875 52.0481
      vertex 6.37352 -4.1875 53.6018
      vertex 3.74718 -3.40642 52.3701
    endloop
  endfacet
  facet normal -0.485418 -0.45345 0.747497
    outer loop
      vertex 6.37352 -4.1875 53.6018
      vertex 6.17453 -3.40642 53.9464
      vertex 3.74718 -3.40642 52.3701
    endloop
  endfacet
  facet normal -0.456964 -0.544143 0.703628
    outer loop
      vertex 4.26175 -4.9227 51.6618
      vertex 6.61224 -4.9227 53.1883
      vertex 3.98111 -4.1875 52.0481
    endloop
  endfacet
  facet normal -0.456964 -0.544127 0.70364
    outer loop
      vertex 6.61224 -4.9227 53.1883
      vertex 6.37352 -4.1875 53.6018
      vertex 3.98111 -4.1875 52.0481
    endloop
  endfacet
  facet normal -0.423504 -0.628788 0.652128
    outer loop
      vertex 4.58602 -5.60397 51.2155
      vertex 6.88808 -5.60397 52.7105
      vertex 4.26175 -4.9227 51.6618
    endloop
  endfacet
  facet normal -0.423501 -0.628816 0.652103
    outer loop
      vertex 6.88808 -5.60397 52.7105
      vertex 6.61224 -4.9227 53.1883
      vertex 4.26175 -4.9227 51.6618
    endloop
  endfacet
  facet normal -0.385389 -0.706629 0.593423
    outer loop
      vertex 4.95037 -6.22384 50.714
      vertex 7.19802 -6.22384 52.1737
      vertex 4.58602 -5.60397 51.2155
    endloop
  endfacet
  facet normal -0.385392 -0.706612 0.593441
    outer loop
      vertex 7.19802 -6.22384 52.1737
      vertex 6.88808 -5.60397 52.7105
      vertex 4.58602 -5.60397 51.2155
    endloop
  endfacet
  facet normal -0.343051 -0.776699 0.528255
    outer loop
      vertex 5.3508 -6.77552 50.1629
      vertex 7.53865 -6.77552 51.5837
      vertex 4.95037 -6.22384 50.714
    endloop
  endfacet
  facet normal -0.343046 -0.776724 0.528223
    outer loop
      vertex 7.53865 -6.77552 51.5837
      vertex 7.19802 -6.22384 52.1737
      vertex 4.95037 -6.22384 50.714
    endloop
  endfacet
  facet normal -0.296914 -0.838335 0.457206
    outer loop
      vertex 5.78294 -7.25296 49.5681
      vertex 7.90625 -7.25296 50.947
      vertex 5.3508 -6.77552 50.1629
    endloop
  endfacet
  facet normal -0.296915 -0.838331 0.457212
    outer loop
      vertex 7.90625 -7.25296 50.947
      vertex 7.53865 -6.77552 51.5837
      vertex 5.3508 -6.77552 50.1629
    endloop
  endfacet
  facet normal -0.247536 -0.890754 0.381161
    outer loop
      vertex 6.24205 -7.65094 48.9362
      vertex 8.29679 -7.65094 50.2706
      vertex 5.78294 -7.25296 49.5681
    endloop
  endfacet
  facet normal -0.247538 -0.890748 0.381174
    outer loop
      vertex 8.29679 -7.65094 50.2706
      vertex 7.90625 -7.25296 50.947
      vertex 5.78294 -7.25296 49.5681
    endloop
  endfacet
  facet normal -0.195416 -0.933414 0.300916
    outer loop
      vertex 6.7231 -7.9651 48.2741
      vertex 8.70599 -7.9651 49.5618
      vertex 6.24205 -7.65094 48.9362
    endloop
  endfacet
  facet normal -0.195414 -0.933419 0.300902
    outer loop
      vertex 8.70599 -7.9651 49.5618
      vertex 8.29679 -7.65094 50.2706
      vertex 6.24205 -7.65094 48.9362
    endloop
  endfacet
  facet normal -0.141148 -0.965834 0.217354
    outer loop
      vertex 7.22081 -8.19199 47.5891
      vertex 9.12937 -8.19199 48.8285
      vertex 6.7231 -7.9651 48.2741
    endloop
  endfacet
  facet normal -0.141146 -0.965836 0.217346
    outer loop
      vertex 9.12937 -8.19199 48.8285
      vertex 8.70599 -7.9651 49.5618
      vertex 6.7231 -7.9651 48.2741
    endloop
  endfacet
  facet normal -0.0853059 -0.987656 0.131368
    outer loop
      vertex 7.72973 -8.32912 46.8886
      vertex 9.56229 -8.32912 48.0786
      vertex 7.22081 -8.19199 47.5891
    endloop
  endfacet
  facet normal -0.0853044 -0.987658 0.131361
    outer loop
      vertex 9.56229 -8.32912 48.0786
      vertex 9.12937 -8.19199 48.8285
      vertex 7.22081 -8.19199 47.5891
    endloop
  endfacet
  facet normal -0.0285424 -0.998626 0.0439501
    outer loop
      vertex 8.2443 -8.375 46.1803
      vertex 10 -8.375 47.3205
      vertex 7.72973 -8.32912 46.8886
    endloop
  endfacet
  facet normal -0.0285436 -0.998626 0.0439561
    outer loop
      vertex 10 -8.375 47.3205
      vertex 9.56229 -8.32912 48.0786
      vertex 7.72973 -8.32912 46.8886
    endloop
  endfacet
  facet normal 0.0285456 -0.998626 -0.0439544
    outer loop
      vertex 8.75886 -8.32912 45.4721
      vertex 10.4377 -8.32912 46.5624
      vertex 8.2443 -8.375 46.1803
    endloop
  endfacet
  facet normal 0.0285457 -0.998626 -0.0439552
    outer loop
      vertex 10.4377 -8.32912 46.5624
      vertex 10 -8.375 47.3205
      vertex 8.2443 -8.375 46.1803
    endloop
  endfacet
  facet normal 0.0853107 -0.987657 -0.131365
    outer loop
      vertex 9.26778 -8.19199 44.7716
      vertex 10.8706 -8.19199 45.8125
      vertex 8.75886 -8.32912 45.4721
    endloop
  endfacet
  facet normal 0.0853099 -0.987657 -0.13136
    outer loop
      vertex 10.8706 -8.19199 45.8125
      vertex 10.4377 -8.32912 46.5624
      vertex 8.75886 -8.32912 45.4721
    endloop
  endfacet
  facet normal 0.141148 -0.965834 -0.217354
    outer loop
      vertex 9.76549 -7.9651 44.0866
      vertex 11.294 -7.9651 45.0792
      vertex 9.26778 -8.19199 44.7716
    endloop
  endfacet
  facet normal 0.141146 -0.965836 -0.217343
    outer loop
      vertex 11.294 -7.9651 45.0792
      vertex 10.8706 -8.19199 45.8125
      vertex 9.26778 -8.19199 44.7716
    endloop
  endfacet
  facet normal 0.195422 -0.933411 -0.300922
    outer loop
      vertex 10.2465 -7.65094 43.4245
      vertex 11.7032 -7.65094 44.3705
      vertex 9.76549 -7.9651 44.0866
    endloop
  endfacet
  facet normal 0.195424 -0.933407 -0.300934
    outer loop
      vertex 11.7032 -7.65094 44.3705
      vertex 11.294 -7.9651 45.0792
      vertex 9.76549 -7.9651 44.0866
    endloop
  endfacet
  facet normal 0.247512 -0.890752 -0.381181
    outer loop
      vertex 10.7056 -7.25296 42.7926
      vertex 12.0938 -7.25296 43.694
      vertex 10.2465 -7.65094 43.4245
    endloop
  endfacet
  facet normal 0.24751 -0.890775 -0.381128
    outer loop
      vertex 12.0938 -7.25296 43.694
      vertex 11.7032 -7.65094 44.3705
      vertex 10.2465 -7.65094 43.4245
    endloop
  endfacet
  facet normal 0.296891 -0.838345 -0.457201
    outer loop
      vertex 11.1378 -6.77552 42.1978
      vertex 12.4614 -6.77552 43.0573
      vertex 10.7056 -7.25296 42.7926
    endloop
  endfacet
  facet normal 0.296891 -0.838332 -0.457226
    outer loop
      vertex 12.4614 -6.77552 43.0573
      vertex 12.0938 -7.25296 43.694
      vertex 10.7056 -7.25296 42.7926
    endloop
  endfacet
  facet normal 0.343026 -0.77673 -0.528227
    outer loop
      vertex 11.5382 -6.22384 41.6466
      vertex 12.802 -6.22384 42.4673
      vertex 11.1378 -6.77552 42.1978
    endloop
  endfacet
  facet normal 0.343025 -0.776717 -0.528246
    outer loop
      vertex 12.802 -6.22384 42.4673
      vertex 12.4614 -6.77552 43.0573
      vertex 11.1378 -6.77552 42.1978
    endloop
  endfacet
  facet normal 0.385394 -0.706645 -0.593401
    outer loop
      vertex 11.9026 -5.60397 41.1451
      vertex 13.1119 -5.60397 41.9305
      vertex 11.5382 -6.22384 41.6466
    endloop
  endfacet
  facet normal 0.385387 -0.7066 -0.593459
    outer loop
      vertex 13.1119 -5.60397 41.9305
      vertex 12.802 -6.22384 42.4673
      vertex 11.5382 -6.22384 41.6466
    endloop
  endfacet
  facet normal 0.423486 -0.62876 -0.652165
    outer loop
      vertex 12.2268 -4.9227 40.6988
      vertex 13.3878 -4.9227 41.4527
      vertex 11.9026 -5.60397 41.1451
    endloop
  endfacet
  facet normal 0.423504 -0.628838 -0.652079
    outer loop
      vertex 13.3878 -4.9227 41.4527
      vertex 13.1119 -5.60397 41.9305
      vertex 11.9026 -5.60397 41.1451
    endloop
  endfacet
  facet normal 0.456968 -0.544102 -0.703657
    outer loop
      vertex 12.5075 -4.1875 40.3126
      vertex 13.6265 -4.1875 41.0393
      vertex 12.2268 -4.9227 40.6988
    endloop
  endfacet
  facet normal 0.456954 -0.544051 -0.703705
    outer loop
      vertex 13.6265 -4.1875 41.0393
      vertex 13.3878 -4.9227 41.4527
      vertex 12.2268 -4.9227 40.6988
    endloop
  endfacet
  facet normal 0.485401 -0.453504 -0.747476
    outer loop
      vertex 12.7414 -3.40642 39.9906
      vertex 13.8255 -3.40642 40.6946
      vertex 12.5075 -4.1875 40.3126
    endloop
  endfacet
  facet normal 0.48541 -0.453531 -0.747453
    outer loop
      vertex 13.8255 -3.40642 40.6946
      vertex 13.6265 -4.1875 41.0393
      vertex 12.5075 -4.1875 40.3126
    endloop
  endfacet
  facet normal 0.508575 -0.358001 -0.783062
    outer loop
      vertex 12.9261 -2.58802 39.7364
      vertex 13.9825 -2.58802 40.4225
      vertex 12.7414 -3.40642 39.9906
    endloop
  endfacet
  facet normal 0.508545 -0.357927 -0.783116
    outer loop
      vertex 13.9825 -2.58802 40.4225
      vertex 13.8255 -3.40642 40.6946
      vertex 12.7414 -3.40642 39.9906
    endloop
  endfacet
  facet normal 0.5261 -0.258401 -0.810215
    outer loop
      vertex 13.0594 -1.74126 39.5529
      vertex 14.096 -1.74126 40.226
      vertex 12.9261 -2.58802 39.7364
    endloop
  endfacet
  facet normal 0.526159 -0.258528 -0.810136
    outer loop
      vertex 14.096 -1.74126 40.226
      vertex 13.9825 -2.58802 40.4225
      vertex 12.9261 -2.58802 39.7364
    endloop
  endfacet
  facet normal 0.537957 -0.156274 -0.82836
    outer loop
      vertex 13.14 -0.875425 39.4419
      vertex 14.1646 -0.875425 40.1073
      vertex 13.0594 -1.74126 39.5529
    endloop
  endfacet
  facet normal 0.537912 -0.156187 -0.828406
    outer loop
      vertex 14.1646 -0.875425 40.1073
      vertex 14.096 -1.74126 40.226
      vertex 13.0594 -1.74126 39.5529
    endloop
  endfacet
  facet normal 0.543883 -0.0522686 -0.837532
    outer loop
      vertex 13.167 0 39.4048
      vertex 14.1875 0 40.0675
      vertex 13.14 -0.875425 39.4419
    endloop
  endfacet
  facet normal 0.543903 -0.0523043 -0.837516
    outer loop
      vertex 14.1875 0 40.0675
      vertex 14.1646 -0.875425 40.1073
      vertex 13.14 -0.875425 39.4419
    endloop
  endfacet
  facet normal 0.543904 0.0522687 -0.837518
    outer loop
      vertex 14.1646 0.875425 40.1073
      vertex 13.167 0 39.4048
      vertex 13.14 0.875425 39.4419
    endloop
  endfacet
  facet normal 0.543882 0.0523044 -0.83753
    outer loop
      vertex 14.1646 0.875425 40.1073
      vertex 14.1875 0 40.0675
      vertex 13.167 0 39.4048
    endloop
  endfacet
  facet normal 0.537905 0.156273 -0.828394
    outer loop
      vertex 14.096 1.74126 40.226
      vertex 13.14 0.875425 39.4419
      vertex 13.0594 1.74126 39.5529
    endloop
  endfacet
  facet normal 0.537965 0.156187 -0.828372
    outer loop
      vertex 14.096 1.74126 40.226
      vertex 14.1646 0.875425 40.1073
      vertex 13.14 0.875425 39.4419
    endloop
  endfacet
  facet normal 0.526177 0.258402 -0.810164
    outer loop
      vertex 13.9825 2.58802 40.4225
      vertex 13.0594 1.74126 39.5529
      vertex 12.9261 2.58802 39.7364
    endloop
  endfacet
  facet normal 0.526082 0.258529 -0.810186
    outer loop
      vertex 13.9825 2.58802 40.4225
      vertex 14.096 1.74126 40.226
      vertex 13.0594 1.74126 39.5529
    endloop
  endfacet
  facet normal 0.50853 0.358 -0.783092
    outer loop
      vertex 13.8255 3.40642 40.6946
      vertex 12.9261 2.58802 39.7364
      vertex 12.7414 3.40642 39.9906
    endloop
  endfacet
  facet normal 0.508591 0.357926 -0.783086
    outer loop
      vertex 13.8255 3.40642 40.6946
      vertex 13.9825 2.58802 40.4225
      vertex 12.9261 2.58802 39.7364
    endloop
  endfacet
  facet normal 0.485418 0.453504 -0.747465
    outer loop
      vertex 13.6265 4.1875 41.0393
      vertex 12.7414 3.40642 39.9906
      vertex 12.5075 4.1875 40.3126
    endloop
  endfacet
  facet normal 0.485393 0.453531 -0.747464
    outer loop
      vertex 13.6265 4.1875 41.0393
      vertex 13.8255 3.40642 40.6946
      vertex 12.7414 3.40642 39.9906
    endloop
  endfacet
  facet normal 0.456937 0.544101 -0.703679
    outer loop
      vertex 13.3878 4.9227 41.4527
      vertex 12.5075 4.1875 40.3126
      vertex 12.2268 4.9227 40.6988
    endloop
  endfacet
  facet normal 0.456986 0.544051 -0.703685
    outer loop
      vertex 13.3878 4.9227 41.4527
      vertex 13.6265 4.1875 41.0393
      vertex 12.5075 4.1875 40.3126
    endloop
  endfacet
  facet normal 0.423537 0.628762 -0.652131
    outer loop
      vertex 13.1119 5.60397 41.9305
      vertex 12.2268 4.9227 40.6988
      vertex 11.9026 5.60397 41.1451
    endloop
  endfacet
  facet normal 0.423451 0.628839 -0.652112
    outer loop
      vertex 13.1119 5.60397 41.9305
      vertex 13.3878 4.9227 41.4527
      vertex 12.2268 4.9227 40.6988
    endloop
  endfacet
  facet normal 0.385363 0.706644 -0.593422
    outer loop
      vertex 12.802 6.22384 42.4673
      vertex 11.9026 5.60397 41.1451
      vertex 11.5382 6.22384 41.6466
    endloop
  endfacet
  facet normal 0.385419 0.706599 -0.593439
    outer loop
      vertex 12.802 6.22384 42.4673
      vertex 13.1119 5.60397 41.9305
      vertex 11.9026 5.60397 41.1451
    endloop
  endfacet
  facet normal 0.343017 0.77673 -0.528234
    outer loop
      vertex 12.4614 6.77552 43.0573
      vertex 11.5382 6.22384 41.6466
      vertex 11.1378 6.77552 42.1978
    endloop
  endfacet
  facet normal 0.343034 0.776717 -0.52824
    outer loop
      vertex 12.4614 6.77552 43.0573
      vertex 12.802 6.22384 42.4673
      vertex 11.5382 6.22384 41.6466
    endloop
  endfacet
  facet normal 0.29688 0.838345 -0.457209
    outer loop
      vertex 12.0938 7.25296 43.694
      vertex 11.1378 6.77552 42.1978
      vertex 10.7056 7.25296 42.7926
    endloop
  endfacet
  facet normal 0.296902 0.838331 -0.457219
    outer loop
      vertex 12.0938 7.25296 43.694
      vertex 12.4614 6.77552 43.0573
      vertex 11.1378 6.77552 42.1978
    endloop
  endfacet
  facet normal 0.247534 0.890752 -0.381166
    outer loop
      vertex 11.7032 7.65094 44.3705
      vertex 10.7056 7.25296 42.7926
      vertex 10.2465 7.65094 43.4245
    endloop
  endfacet
  facet normal 0.247487 0.890776 -0.381142
    outer loop
      vertex 11.7032 7.65094 44.3705
      vertex 12.0938 7.25296 43.694
      vertex 10.7056 7.25296 42.7926
    endloop
  endfacet
  facet normal 0.195418 0.933411 -0.300925
    outer loop
      vertex 11.294 7.9651 45.0792
      vertex 10.2465 7.65094 43.4245
      vertex 9.76549 7.9651 44.0866
    endloop
  endfacet
  facet normal 0.195428 0.933407 -0.300931
    outer loop
      vertex 11.294 7.9651 45.0792
      vertex 11.7032 7.65094 44.3705
      vertex 10.2465 7.65094 43.4245
    endloop
  endfacet
  facet normal 0.141152 0.965834 -0.217351
    outer loop
      vertex 10.8706 8.19199 45.8125
      vertex 9.76549 7.9651 44.0866
      vertex 9.26778 8.19199 44.7716
    endloop
  endfacet
  facet normal 0.141142 0.965836 -0.217345
    outer loop
      vertex 10.8706 8.19199 45.8125
      vertex 11.294 7.9651 45.0792
      vertex 9.76549 7.9651 44.0866
    endloop
  endfacet
  facet normal 0.0853123 0.987657 -0.131364
    outer loop
      vertex 10.4377 8.32912 46.5624
      vertex 9.26778 8.19199 44.7716
      vertex 8.75886 8.32912 45.4721
    endloop
  endfacet
  facet normal 0.0853081 0.987657 -0.131361
    outer loop
      vertex 10.4377 8.32912 46.5624
      vertex 10.8706 8.19199 45.8125
      vertex 9.26778 8.19199 44.7716
    endloop
  endfacet
  facet normal 0.0285453 0.998626 -0.0439546
    outer loop
      vertex 10 8.375 47.3205
      vertex 8.75886 8.32912 45.4721
      vertex 8.2443 8.375 46.1803
    endloop
  endfacet
  facet normal 0.028546 0.998626 -0.0439551
    outer loop
      vertex 10 8.375 47.3205
      vertex 10.4377 8.32912 46.5624
      vertex 8.75886 8.32912 45.4721
    endloop
  endfacet
  facet normal -0.0285406 0.998626 0.0439515
    outer loop
      vertex 9.56229 8.32912 48.0786
      vertex 8.2443 8.375 46.1803
      vertex 7.72973 8.32912 46.8886
    endloop
  endfacet
  facet normal -0.0285456 0.998626 0.043955
    outer loop
      vertex 9.56229 8.32912 48.0786
      vertex 10 8.375 47.3205
      vertex 8.2443 8.375 46.1803
    endloop
  endfacet
  facet normal -0.0853082 0.987656 0.131367
    outer loop
      vertex 9.12937 8.19199 48.8285
      vertex 7.72973 8.32912 46.8886
      vertex 7.22081 8.19199 47.5891
    endloop
  endfacet
  facet normal -0.085302 0.987658 0.131362
    outer loop
      vertex 9.12937 8.19199 48.8285
      vertex 9.56229 8.32912 48.0786
      vertex 7.72973 8.32912 46.8886
    endloop
  endfacet
  facet normal -0.14115 0.965834 0.217352
    outer loop
      vertex 8.70599 7.9651 49.5618
      vertex 7.22081 8.19199 47.5891
      vertex 6.7231 7.9651 48.2741
    endloop
  endfacet
  facet normal -0.141143 0.965836 0.217348
    outer loop
      vertex 8.70599 7.9651 49.5618
      vertex 9.12937 8.19199 48.8285
      vertex 7.22081 8.19199 47.5891
    endloop
  endfacet
  facet normal -0.19542 0.933414 0.300913
    outer loop
      vertex 8.29679 7.65094 50.2706
      vertex 6.7231 7.9651 48.2741
      vertex 6.24205 7.65094 48.9362
    endloop
  endfacet
  facet normal -0.195409 0.933419 0.300905
    outer loop
      vertex 8.29679 7.65094 50.2706
      vertex 8.70599 7.9651 49.5618
      vertex 6.7231 7.9651 48.2741
    endloop
  endfacet
  facet normal -0.247532 0.890753 0.381164
    outer loop
      vertex 7.90625 7.25296 50.947
      vertex 6.24205 7.65094 48.9362
      vertex 5.78294 7.25296 49.5681
    endloop
  endfacet
  facet normal -0.247542 0.890747 0.381172
    outer loop
      vertex 7.90625 7.25296 50.947
      vertex 8.29679 7.65094 50.2706
      vertex 6.24205 7.65094 48.9362
    endloop
  endfacet
  facet normal -0.296912 0.838335 0.457207
    outer loop
      vertex 7.53865 6.77552 51.5837
      vertex 5.78294 7.25296 49.5681
      vertex 5.3508 6.77552 50.1629
    endloop
  endfacet
  facet normal -0.296917 0.838331 0.45721
    outer loop
      vertex 7.53865 6.77552 51.5837
      vertex 7.90625 7.25296 50.947
      vertex 5.78294 7.25296 49.5681
    endloop
  endfacet
  facet normal -0.343062 0.7767 0.528248
    outer loop
      vertex 7.19802 6.22384 52.1737
      vertex 5.3508 6.77552 50.1629
      vertex 4.95037 6.22384 50.714
    endloop
  endfacet
  facet normal -0.343035 0.776724 0.528229
    outer loop
      vertex 7.19802 6.22384 52.1737
      vertex 7.53865 6.77552 51.5837
      vertex 5.3508 6.77552 50.1629
    endloop
  endfacet
  facet normal -0.385383 0.706629 0.593427
    outer loop
      vertex 6.88808 5.60397 52.7105
      vertex 4.95037 6.22384 50.714
      vertex 4.58602 5.60397 51.2155
    endloop
  endfacet
  facet normal -0.385398 0.706612 0.593437
    outer loop
      vertex 6.88808 5.60397 52.7105
      vertex 7.19802 6.22384 52.1737
      vertex 4.95037 6.22384 50.714
    endloop
  endfacet
  facet normal -0.423513 0.628788 0.652121
    outer loop
      vertex 6.61224 4.9227 53.1883
      vertex 4.58602 5.60397 51.2155
      vertex 4.26175 4.9227 51.6618
    endloop
  endfacet
  facet normal -0.423491 0.628816 0.652109
    outer loop
      vertex 6.61224 4.9227 53.1883
      vertex 6.88808 5.60397 52.7105
      vertex 4.58602 5.60397 51.2155
    endloop
  endfacet
  facet normal -0.456959 0.544143 0.703632
    outer loop
      vertex 6.37352 4.1875 53.6018
      vertex 4.26175 4.9227 51.6618
      vertex 3.98111 4.1875 52.0481
    endloop
  endfacet
  facet normal -0.456969 0.544126 0.703637
    outer loop
      vertex 6.37352 4.1875 53.6018
      vertex 6.61224 4.9227 53.1883
      vertex 4.26175 4.9227 51.6618
    endloop
  endfacet
  facet normal -0.485399 0.453518 0.747468
    outer loop
      vertex 6.17453 3.40642 53.9464
      vertex 3.98111 4.1875 52.0481
      vertex 3.74718 3.40642 52.3701
    endloop
  endfacet
  facet normal -0.485438 0.45345 0.747485
    outer loop
      vertex 6.17453 3.40642 53.9464
      vertex 6.37352 4.1875 53.6018
      vertex 3.98111 4.1875 52.0481
    endloop
  endfacet
  facet normal -0.508577 0.35789 0.783112
    outer loop
      vertex 6.01745 2.58802 54.2185
      vertex 3.74718 3.40642 52.3701
      vertex 3.56253 2.58802 52.6242
    endloop
  endfacet
  facet normal -0.508538 0.35797 0.7831
    outer loop
      vertex 6.01745 2.58802 54.2185
      vertex 6.17453 3.40642 53.9464
      vertex 3.74718 3.40642 52.3701
    endloop
  endfacet
  facet normal -0.526128 0.258526 0.810156
    outer loop
      vertex 5.90401 1.74126 54.415
      vertex 3.56253 2.58802 52.6242
      vertex 3.42917 1.74126 52.8078
    endloop
  endfacet
  facet normal -0.526142 0.258493 0.810158
    outer loop
      vertex 5.90401 1.74126 54.415
      vertex 6.01745 2.58802 54.2185
      vertex 3.56253 2.58802 52.6242
    endloop
  endfacet
  facet normal -0.537955 0.156186 0.828378
    outer loop
      vertex 5.83544 0.875425 54.5337
      vertex 3.42917 1.74126 52.8078
      vertex 3.34856 0.875425 52.9187
    endloop
  endfacet
  facet normal -0.537961 0.156169 0.828377
    outer loop
      vertex 5.83544 0.875425 54.5337
      vertex 5.90401 1.74126 54.415
      vertex 3.42917 1.74126 52.8078
    endloop
  endfacet
  facet normal -0.543889 0.0523455 0.837523
    outer loop
      vertex 5.8125 0 54.5735
      vertex 3.34856 0.875425 52.9187
      vertex 3.32159 0 52.9559
    endloop
  endfacet
  facet normal -0.543893 0.0523292 0.837521
    outer loop
      vertex 5.8125 0 54.5735
      vertex 5.83544 0.875425 54.5337
      vertex 3.34856 0.875425 52.9187
    endloop
  endfacet
  facet normal -0.453368 -0.0523331 0.889786
    outer loop
      vertex 5.83544 -0.875425 54.5337
      vertex 8.47751 -0.875425 55.8799
      vertex 5.8125 0 54.5735
    endloop
  endfacet
  facet normal -0.453373 -0.0523526 0.889782
    outer loop
      vertex 8.47751 -0.875425 55.8799
      vertex 8.45885 0 55.9219
      vertex 5.8125 0 54.5735
    endloop
  endfacet
  facet normal -0.448424 -0.156165 0.880073
    outer loop
      vertex 5.90401 -1.74126 54.415
      vertex 8.53329 -1.74126 55.7547
      vertex 5.83544 -0.875425 54.5337
    endloop
  endfacet
  facet normal -0.448421 -0.156148 0.880077
    outer loop
      vertex 8.53329 -1.74126 55.7547
      vertex 8.47751 -0.875425 55.8799
      vertex 5.83544 -0.875425 54.5337
    endloop
  endfacet
  facet normal -0.43856 -0.258494 0.860724
    outer loop
      vertex 6.01745 -2.58802 54.2185
      vertex 8.62557 -2.58802 55.5474
      vertex 5.90401 -1.74126 54.415
    endloop
  endfacet
  facet normal -0.438562 -0.258512 0.860718
    outer loop
      vertex 8.62557 -2.58802 55.5474
      vertex 8.53329 -1.74126 55.7547
      vertex 5.90401 -1.74126 54.415
    endloop
  endfacet
  facet normal -0.423912 -0.357972 0.831958
    outer loop
      vertex 6.17453 -3.40642 53.9464
      vertex 8.75335 -3.40642 55.2604
      vertex 6.01745 -2.58802 54.2185
    endloop
  endfacet
  facet normal -0.423909 -0.357946 0.831971
    outer loop
      vertex 8.75335 -3.40642 55.2604
      vertex 8.62557 -2.58802 55.5474
      vertex 6.01745 -2.58802 54.2185
    endloop
  endfacet
  facet normal -0.404619 -0.453447 0.794147
    outer loop
      vertex 6.37352 -4.1875 53.6018
      vertex 8.91522 -4.1875 54.8968
      vertex 6.17453 -3.40642 53.9464
    endloop
  endfacet
  facet normal -0.404624 -0.453517 0.794104
    outer loop
      vertex 8.91522 -4.1875 54.8968
      vertex 8.75335 -3.40642 55.2604
      vertex 6.17453 -3.40642 53.9464
    endloop
  endfacet
  facet normal -0.380905 -0.544128 0.747554
    outer loop
      vertex 6.61224 -4.9227 53.1883
      vertex 9.10942 -4.9227 54.4607
      vertex 6.37352 -4.1875 53.6018
    endloop
  endfacet
  facet normal -0.380902 -0.544068 0.747598
    outer loop
      vertex 9.10942 -4.9227 54.4607
      vertex 8.91522 -4.1875 54.8968
      vertex 6.37352 -4.1875 53.6018
    endloop
  endfacet
  facet normal -0.35301 -0.628817 0.6928
    outer loop
      vertex 6.88808 -5.60397 52.7105
      vertex 9.33381 -5.60397 53.9567
      vertex 6.61224 -4.9227 53.1883
    endloop
  endfacet
  facet normal -0.35301 -0.628808 0.692809
    outer loop
      vertex 9.33381 -5.60397 53.9567
      vertex 9.10942 -4.9227 54.4607
      vertex 6.61224 -4.9227 53.1883
    endloop
  endfacet
  facet normal -0.321244 -0.706611 0.630478
    outer loop
      vertex 7.19802 -6.22384 52.1737
      vertex 9.58593 -6.22384 53.3904
      vertex 6.88808 -5.60397 52.7105
    endloop
  endfacet
  facet normal -0.321243 -0.706631 0.630456
    outer loop
      vertex 9.58593 -6.22384 53.3904
      vertex 9.33381 -5.60397 53.9567
      vertex 6.88808 -5.60397 52.7105
    endloop
  endfacet
  facet normal -0.285937 -0.776724 0.561195
    outer loop
      vertex 7.53865 -6.77552 51.5837
      vertex 9.86302 -6.77552 52.768
      vertex 7.19802 -6.22384 52.1737
    endloop
  endfacet
  facet normal -0.285936 -0.776735 0.561181
    outer loop
      vertex 9.86302 -6.77552 52.768
      vertex 9.58593 -6.22384 53.3904
      vertex 7.19802 -6.22384 52.1737
    endloop
  endfacet
  facet normal -0.247496 -0.838331 0.485744
    outer loop
      vertex 7.90625 -7.25296 50.947
      vertex 10.1621 -7.25296 52.0964
      vertex 7.53865 -6.77552 51.5837
    endloop
  endfacet
  facet normal -0.247497 -0.838327 0.48575
    outer loop
      vertex 10.1621 -7.25296 52.0964
      vertex 9.86302 -6.77552 52.768
      vertex 7.53865 -6.77552 51.5837
    endloop
  endfacet
  facet normal -0.206324 -0.890747 0.40497
    outer loop
      vertex 8.29679 -7.65094 50.2706
      vertex 10.4798 -7.65094 51.3828
      vertex 7.90625 -7.25296 50.947
    endloop
  endfacet
  facet normal -0.20632 -0.890765 0.404931
    outer loop
      vertex 10.4798 -7.65094 51.3828
      vertex 10.1621 -7.25296 52.0964
      vertex 7.90625 -7.25296 50.947
    endloop
  endfacet
  facet normal -0.162889 -0.93342 0.31968
    outer loop
      vertex 8.70599 -7.9651 49.5618
      vertex 10.8126 -7.9651 50.6352
      vertex 8.29679 -7.65094 50.2706
    endloop
  endfacet
  facet normal -0.162894 -0.933403 0.319726
    outer loop
      vertex 10.8126 -7.9651 50.6352
      vertex 10.4798 -7.65094 51.3828
      vertex 8.29679 -7.65094 50.2706
    endloop
  endfacet
  facet normal -0.117652 -0.965835 0.230911
    outer loop
      vertex 9.12937 -8.19199 48.8285
      vertex 11.157 -8.19199 49.8616
      vertex 8.70599 -7.9651 49.5618
    endloop
  endfacet
  facet normal -0.11765 -0.965839 0.230895
    outer loop
      vertex 11.157 -8.19199 49.8616
      vertex 10.8126 -7.9651 50.6352
      vertex 8.70599 -7.9651 49.5618
    endloop
  endfacet
  facet normal -0.0711077 -0.987658 0.139557
    outer loop
      vertex 9.56229 -8.32912 48.0786
      vertex 11.5092 -8.32912 49.0706
      vertex 9.12937 -8.19199 48.8285
    endloop
  endfacet
  facet normal -0.0711081 -0.987657 0.139561
    outer loop
      vertex 11.5092 -8.32912 49.0706
      vertex 11.157 -8.19199 49.8616
      vertex 9.12937 -8.19199 48.8285
    endloop
  endfacet
  facet normal -0.0237937 -0.998626 0.0466986
    outer loop
      vertex 10 -8.375 47.3205
      vertex 11.8653 -8.375 48.2709
      vertex 9.56229 -8.32912 48.0786
    endloop
  endfacet
  facet normal -0.0237936 -0.998626 0.0466976
    outer loop
      vertex 11.8653 -8.375 48.2709
      vertex 11.5092 -8.32912 49.0706
      vertex 9.56229 -8.32912 48.0786
    endloop
  endfacet
  facet normal 0.0237944 -0.998626 -0.0466985
    outer loop
      vertex 10.4377 -8.32912 46.5624
      vertex 12.2213 -8.32912 47.4712
      vertex 10 -8.375 47.3205
    endloop
  endfacet
  facet normal 0.0237945 -0.998626 -0.0467001
    outer loop
      vertex 12.2213 -8.32912 47.4712
      vertex 11.8653 -8.375 48.2709
      vertex 10 -8.375 47.3205
    endloop
  endfacet
  facet normal 0.0711103 -0.987657 -0.139557
    outer loop
      vertex 10.8706 -8.19199 45.8125
      vertex 12.5735 -8.19199 46.6802
      vertex 10.4377 -8.32912 46.5624
    endloop
  endfacet
  facet normal 0.0711104 -0.987657 -0.13956
    outer loop
      vertex 12.5735 -8.19199 46.6802
      vertex 12.2213 -8.32912 47.4712
      vertex 10.4377 -8.32912 46.5624
    endloop
  endfacet
  facet normal 0.117651 -0.965836 -0.230908
    outer loop
      vertex 11.294 -7.9651 45.0792
      vertex 12.9179 -7.9651 45.9066
      vertex 10.8706 -8.19199 45.8125
    endloop
  endfacet
  facet normal 0.117651 -0.965839 -0.230895
    outer loop
      vertex 12.9179 -7.9651 45.9066
      vertex 12.5735 -8.19199 46.6802
      vertex 10.8706 -8.19199 45.8125
    endloop
  endfacet
  facet normal 0.162895 -0.933406 -0.319716
    outer loop
      vertex 11.7032 -7.65094 44.3705
      vertex 13.2508 -7.65094 45.159
      vertex 11.294 -7.9651 45.0792
    endloop
  endfacet
  facet normal 0.162895 -0.93341 -0.319706
    outer loop
      vertex 13.2508 -7.65094 45.159
      vertex 12.9179 -7.9651 45.9066
      vertex 11.294 -7.9651 45.0792
    endloop
  endfacet
  facet normal 0.206315 -0.890775 -0.404914
    outer loop
      vertex 12.0938 -7.25296 43.694
      vertex 13.5685 -7.25296 44.4454
      vertex 11.7032 -7.65094 44.3705
    endloop
  endfacet
  facet normal 0.206313 -0.890765 -0.404934
    outer loop
      vertex 13.5685 -7.25296 44.4454
      vertex 13.2508 -7.65094 45.159
      vertex 11.7032 -7.65094 44.3705
    endloop
  endfacet
  facet normal 0.247513 -0.838331 -0.485734
    outer loop
      vertex 12.4614 -6.77552 43.0573
      vertex 13.8675 -6.77552 43.7738
      vertex 12.0938 -7.25296 43.694
    endloop
  endfacet
  facet normal 0.24751 -0.838315 -0.485764
    outer loop
      vertex 13.8675 -6.77552 43.7738
      vertex 13.5685 -7.25296 44.4454
      vertex 12.0938 -7.25296 43.694
    endloop
  endfacet
  facet normal 0.285949 -0.776719 -0.561197
    outer loop
      vertex 12.802 -6.22384 42.4673
      vertex 14.1446 -6.22384 43.1514
      vertex 12.4614 -6.77552 43.0573
    endloop
  endfacet
  facet normal 0.285953 -0.776736 -0.56117
    outer loop
      vertex 14.1446 -6.22384 43.1514
      vertex 13.8675 -6.77552 43.7738
      vertex 12.4614 -6.77552 43.0573
    endloop
  endfacet
  facet normal 0.321273 -0.706602 -0.630474
    outer loop
      vertex 13.1119 -5.60397 41.9305
      vertex 14.3967 -5.60397 42.5852
      vertex 12.802 -6.22384 42.4673
    endloop
  endfacet
  facet normal 0.321265 -0.706575 -0.630508
    outer loop
      vertex 14.3967 -5.60397 42.5852
      vertex 14.1446 -6.22384 43.1514
      vertex 12.802 -6.22384 42.4673
    endloop
  endfacet
  facet normal 0.35304 -0.628837 -0.692767
    outer loop
      vertex 13.3878 -4.9227 41.4527
      vertex 14.6211 -4.9227 42.0812
      vertex 13.1119 -5.60397 41.9305
    endloop
  endfacet
  facet normal 0.353031 -0.62881 -0.692797
    outer loop
      vertex 14.6211 -4.9227 42.0812
      vertex 14.3967 -5.60397 42.5852
      vertex 13.1119 -5.60397 41.9305
    endloop
  endfacet
  facet normal 0.38091 -0.544049 -0.747608
    outer loop
      vertex 13.6265 -4.1875 41.0393
      vertex 14.8153 -4.1875 41.645
      vertex 13.3878 -4.9227 41.4527
    endloop
  endfacet
  facet normal 0.380945 -0.544138 -0.747526
    outer loop
      vertex 14.8153 -4.1875 41.645
      vertex 14.6211 -4.9227 42.0812
      vertex 13.3878 -4.9227 41.4527
    endloop
  endfacet
  facet normal 0.404603 -0.453532 -0.794106
    outer loop
      vertex 13.8255 -3.40642 40.6946
      vertex 14.9772 -3.40642 41.2814
      vertex 13.6265 -4.1875 41.0393
    endloop
  endfacet
  facet normal 0.404602 -0.45353 -0.794108
    outer loop
      vertex 14.9772 -3.40642 41.2814
      vertex 14.8153 -4.1875 41.645
      vertex 13.6265 -4.1875 41.0393
    endloop
  endfacet
  facet normal 0.423887 -0.357935 -0.831987
    outer loop
      vertex 13.9825 -2.58802 40.4225
      vertex 15.105 -2.58802 40.9944
      vertex 13.8255 -3.40642 40.6946
    endloop
  endfacet
  facet normal 0.423897 -0.357955 -0.831973
    outer loop
      vertex 15.105 -2.58802 40.9944
      vertex 14.9772 -3.40642 41.2814
      vertex 13.8255 -3.40642 40.6946
    endloop
  endfacet
  facet normal 0.438626 -0.258524 -0.860682
    outer loop
      vertex 14.096 -1.74126 40.226
      vertex 15.1972 -1.74126 40.7872
      vertex 13.9825 -2.58802 40.4225
    endloop
  endfacet
  facet normal 0.438549 -0.258379 -0.860764
    outer loop
      vertex 15.1972 -1.74126 40.7872
      vertex 15.105 -2.58802 40.9944
      vertex 13.9825 -2.58802 40.4225
    endloop
  endfacet
  facet normal 0.44844 -0.15618 -0.880062
    outer loop
      vertex 14.1646 -0.875425 40.1073
      vertex 15.253 -0.875425 40.6619
      vertex 14.096 -1.74126 40.226
    endloop
  endfacet
  facet normal 0.448484 -0.156257 -0.880026
    outer loop
      vertex 15.253 -0.875425 40.6619
      vertex 15.1972 -1.74126 40.7872
      vertex 14.096 -1.74126 40.226
    endloop
  endfacet
  facet normal 0.453416 -0.0523126 -0.889762
    outer loop
      vertex 14.1875 0 40.0675
      vertex 15.2717 0 40.62
      vertex 14.1646 -0.875425 40.1073
    endloop
  endfacet
  facet normal 0.453391 -0.0522719 -0.889778
    outer loop
      vertex 15.2717 0 40.62
      vertex 15.253 -0.875425 40.6619
      vertex 14.1646 -0.875425 40.1073
    endloop
  endfacet
  facet normal 0.45339 0.0523125 -0.889776
    outer loop
      vertex 15.253 0.875425 40.6619
      vertex 14.1875 0 40.0675
      vertex 14.1646 0.875425 40.1073
    endloop
  endfacet
  facet normal 0.453417 0.0522718 -0.889764
    outer loop
      vertex 15.253 0.875425 40.6619
      vertex 15.2717 0 40.62
      vertex 14.1875 0 40.0675
    endloop
  endfacet
  facet normal 0.44849 0.156181 -0.880037
    outer loop
      vertex 15.1972 1.74126 40.7872
      vertex 14.1646 0.875425 40.1073
      vertex 14.096 1.74126 40.226
    endloop
  endfacet
  facet normal 0.448435 0.156257 -0.880051
    outer loop
      vertex 15.1972 1.74126 40.7872
      vertex 15.253 0.875425 40.6619
      vertex 14.1646 0.875425 40.1073
    endloop
  endfacet
  facet normal 0.438531 0.258523 -0.86073
    outer loop
      vertex 15.105 2.58802 40.9944
      vertex 14.096 1.74126 40.226
      vertex 13.9825 2.58802 40.4225
    endloop
  endfacet
  facet normal 0.438643 0.258377 -0.860717
    outer loop
      vertex 15.105 2.58802 40.9944
      vertex 15.1972 1.74126 40.7872
      vertex 14.096 1.74126 40.226
    endloop
  endfacet
  facet normal 0.4239 0.357935 -0.83198
    outer loop
      vertex 14.9772 3.40642 41.2814
      vertex 13.9825 2.58802 40.4225
      vertex 13.8255 3.40642 40.6946
    endloop
  endfacet
  facet normal 0.423884 0.357955 -0.83198
    outer loop
      vertex 14.9772 3.40642 41.2814
      vertex 15.105 2.58802 40.9944
      vertex 13.9825 2.58802 40.4225
    endloop
  endfacet
  facet normal 0.404602 0.453532 -0.794107
    outer loop
      vertex 14.8153 4.1875 41.645
      vertex 13.8255 3.40642 40.6946
      vertex 13.6265 4.1875 41.0393
    endloop
  endfacet
  facet normal 0.404604 0.45353 -0.794107
    outer loop
      vertex 14.8153 4.1875 41.645
      vertex 14.9772 3.40642 41.2814
      vertex 13.8255 3.40642 40.6946
    endloop
  endfacet
  facet normal 0.380971 0.54405 -0.747576
    outer loop
      vertex 14.6211 4.9227 42.0812
      vertex 13.6265 4.1875 41.0393
      vertex 13.3878 4.9227 41.4527
    endloop
  endfacet
  facet normal 0.380884 0.54414 -0.747556
    outer loop
      vertex 14.6211 4.9227 42.0812
      vertex 14.8153 4.1875 41.645
      vertex 13.6265 4.1875 41.0393
    endloop
  endfacet
  facet normal 0.353021 0.628837 -0.692777
    outer loop
      vertex 14.3967 5.60397 42.5852
      vertex 13.3878 4.9227 41.4527
      vertex 13.1119 5.60397 41.9305
    endloop
  endfacet
  facet normal 0.35305 0.62881 -0.692787
    outer loop
      vertex 14.3967 5.60397 42.5852
      vertex 14.6211 4.9227 42.0812
      vertex 13.3878 4.9227 41.4527
    endloop
  endfacet
  facet normal 0.321253 0.706601 -0.630485
    outer loop
      vertex 14.1446 6.22384 43.1514
      vertex 13.1119 5.60397 41.9305
      vertex 12.802 6.22384 42.4673
    endloop
  endfacet
  facet normal 0.321285 0.706574 -0.630498
    outer loop
      vertex 14.1446 6.22384 43.1514
      vertex 14.3967 5.60397 42.5852
      vertex 13.1119 5.60397 41.9305
    endloop
  endfacet
  facet normal 0.285963 0.776719 -0.561189
    outer loop
      vertex 13.8675 6.77552 43.7738
      vertex 12.802 6.22384 42.4673
      vertex 12.4614 6.77552 43.0573
    endloop
  endfacet
  facet normal 0.285939 0.776737 -0.561177
    outer loop
      vertex 13.8675 6.77552 43.7738
      vertex 14.1446 6.22384 43.1514
      vertex 12.802 6.22384 42.4673
    endloop
  endfacet
  facet normal 0.247499 0.838331 -0.485742
    outer loop
      vertex 13.5685 7.25296 44.4454
      vertex 12.4614 6.77552 43.0573
      vertex 12.0938 7.25296 43.694
    endloop
  endfacet
  facet normal 0.247525 0.838314 -0.485758
    outer loop
      vertex 13.5685 7.25296 44.4454
      vertex 13.8675 6.77552 43.7738
      vertex 12.4614 6.77552 43.0573
    endloop
  endfacet
  facet normal 0.206305 0.890774 -0.404919
    outer loop
      vertex 13.2508 7.65094 45.159
      vertex 12.0938 7.25296 43.694
      vertex 11.7032 7.65094 44.3705
    endloop
  endfacet
  facet normal 0.206323 0.890765 -0.40493
    outer loop
      vertex 13.2508 7.65094 45.159
      vertex 13.5685 7.25296 44.4454
      vertex 12.0938 7.25296 43.694
    endloop
  endfacet
  facet normal 0.162898 0.933406 -0.319713
    outer loop
      vertex 12.9179 7.9651 45.9066
      vertex 11.7032 7.65094 44.3705
      vertex 11.294 7.9651 45.0792
    endloop
  endfacet
  facet normal 0.162891 0.93341 -0.319708
    outer loop
      vertex 12.9179 7.9651 45.9066
      vertex 13.2508 7.65094 45.159
      vertex 11.7032 7.65094 44.3705
    endloop
  endfacet
  facet normal 0.117656 0.965836 -0.230905
    outer loop
      vertex 12.5735 8.19199 46.6802
      vertex 11.294 7.9651 45.0792
      vertex 10.8706 8.19199 45.8125
    endloop
  endfacet
  facet normal 0.117645 0.965839 -0.230897
    outer loop
      vertex 12.5735 8.19199 46.6802
      vertex 12.9179 7.9651 45.9066
      vertex 11.294 7.9651 45.0792
    endloop
  endfacet
  facet normal 0.071109 0.987657 -0.139558
    outer loop
      vertex 12.2213 8.32912 47.4712
      vertex 10.8706 8.19199 45.8125
      vertex 10.4377 8.32912 46.5624
    endloop
  endfacet
  facet normal 0.0711117 0.987657 -0.13956
    outer loop
      vertex 12.2213 8.32912 47.4712
      vertex 12.5735 8.19199 46.6802
      vertex 10.8706 8.19199 45.8125
    endloop
  endfacet
  facet normal 0.0237938 0.998626 -0.0466988
    outer loop
      vertex 11.8653 8.375 48.2709
      vertex 10.4377 8.32912 46.5624
      vertex 10 8.375 47.3205
    endloop
  endfacet
  facet normal 0.0237951 0.998626 -0.0466999
    outer loop
      vertex 11.8653 8.375 48.2709
      vertex 12.2213 8.32912 47.4712
      vertex 10.4377 8.32912 46.5624
    endloop
  endfacet
  facet normal -0.023794 0.998626 0.0466984
    outer loop
      vertex 11.5092 8.32912 49.0706
      vertex 10 8.375 47.3205
      vertex 9.56229 8.32912 48.0786
    endloop
  endfacet
  facet normal -0.0237932 0.998626 0.0466977
    outer loop
      vertex 11.5092 8.32912 49.0706
      vertex 11.8653 8.375 48.2709
      vertex 10 8.375 47.3205
    endloop
  endfacet
  facet normal -0.0711061 0.987658 0.139558
    outer loop
      vertex 11.157 8.19199 49.8616
      vertex 9.56229 8.32912 48.0786
      vertex 9.12937 8.19199 48.8285
    endloop
  endfacet
  facet normal -0.0711097 0.987657 0.139561
    outer loop
      vertex 11.157 8.19199 49.8616
      vertex 11.5092 8.32912 49.0706
      vertex 9.56229 8.32912 48.0786
    endloop
  endfacet
  facet normal -0.117657 0.965836 0.230908
    outer loop
      vertex 10.8126 7.9651 50.6352
      vertex 9.12937 8.19199 48.8285
      vertex 8.70599 7.9651 49.5618
    endloop
  endfacet
  facet normal -0.117645 0.96584 0.230898
    outer loop
      vertex 10.8126 7.9651 50.6352
      vertex 11.157 8.19199 49.8616
      vertex 9.12937 8.19199 48.8285
    endloop
  endfacet
  facet normal -0.162875 0.933419 0.319688
    outer loop
      vertex 10.4798 7.65094 51.3828
      vertex 8.70599 7.9651 49.5618
      vertex 8.29679 7.65094 50.2706
    endloop
  endfacet
  facet normal -0.162909 0.933403 0.319719
    outer loop
      vertex 10.4798 7.65094 51.3828
      vertex 10.8126 7.9651 50.6352
      vertex 8.70599 7.9651 49.5618
    endloop
  endfacet
  facet normal -0.206337 0.890747 0.404963
    outer loop
      vertex 10.1621 7.25296 52.0964
      vertex 8.29679 7.65094 50.2706
      vertex 7.90625 7.25296 50.947
    endloop
  endfacet
  facet normal -0.206307 0.890766 0.404937
    outer loop
      vertex 10.1621 7.25296 52.0964
      vertex 10.4798 7.65094 51.3828
      vertex 8.29679 7.65094 50.2706
    endloop
  endfacet
  facet normal -0.247494 0.838331 0.485745
    outer loop
      vertex 9.86302 6.77552 52.768
      vertex 7.90625 7.25296 50.947
      vertex 7.53865 6.77552 51.5837
    endloop
  endfacet
  facet normal -0.247499 0.838327 0.485749
    outer loop
      vertex 9.86302 6.77552 52.768
      vertex 10.1621 7.25296 52.0964
      vertex 7.90625 7.25296 50.947
    endloop
  endfacet
  facet normal -0.285941 0.776725 0.561192
    outer loop
      vertex 9.58593 6.22384 53.3904
      vertex 7.53865 6.77552 51.5837
      vertex 7.19802 6.22384 52.1737
    endloop
  endfacet
  facet normal -0.285931 0.776735 0.561183
    outer loop
      vertex 9.58593 6.22384 53.3904
      vertex 9.86302 6.77552 52.768
      vertex 7.53865 6.77552 51.5837
    endloop
  endfacet
  facet normal -0.321252 0.706611 0.630474
    outer loop
      vertex 9.33381 5.60397 53.9567
      vertex 7.19802 6.22384 52.1737
      vertex 6.88808 5.60397 52.7105
    endloop
  endfacet
  facet normal -0.321235 0.706631 0.63046
    outer loop
      vertex 9.33381 5.60397 53.9567
      vertex 9.58593 6.22384 53.3904
      vertex 7.19802 6.22384 52.1737
    endloop
  endfacet
  facet normal -0.353007 0.628817 0.692802
    outer loop
      vertex 9.10942 4.9227 54.4607
      vertex 6.88808 5.60397 52.7105
      vertex 6.61224 4.9227 53.1883
    endloop
  endfacet
  facet normal -0.353014 0.628808 0.692807
    outer loop
      vertex 9.10942 4.9227 54.4607
      vertex 9.33381 5.60397 53.9567
      vertex 6.88808 5.60397 52.7105
    endloop
  endfacet
  facet normal -0.380885 0.544128 0.747564
    outer loop
      vertex 8.91522 4.1875 54.8968
      vertex 6.61224 4.9227 53.1883
      vertex 6.37352 4.1875 53.6018
    endloop
  endfacet
  facet normal -0.380922 0.544068 0.747589
    outer loop
      vertex 8.91522 4.1875 54.8968
      vertex 9.10942 4.9227 54.4607
      vertex 6.61224 4.9227 53.1883
    endloop
  endfacet
  facet normal -0.40464 0.453447 0.794136
    outer loop
      vertex 8.75335 3.40642 55.2604
      vertex 6.37352 4.1875 53.6018
      vertex 6.17453 3.40642 53.9464
    endloop
  endfacet
  facet normal -0.404603 0.453517 0.794115
    outer loop
      vertex 8.75335 3.40642 55.2604
      vertex 8.91522 4.1875 54.8968
      vertex 6.37352 4.1875 53.6018
    endloop
  endfacet
  facet normal -0.423905 0.357972 0.831962
    outer loop
      vertex 8.62557 2.58802 55.5474
      vertex 6.17453 3.40642 53.9464
      vertex 6.01745 2.58802 54.2185
    endloop
  endfacet
  facet normal -0.423917 0.357946 0.831967
    outer loop
      vertex 8.62557 2.58802 55.5474
      vertex 8.75335 3.40642 55.2604
      vertex 6.17453 3.40642 53.9464
    endloop
  endfacet
  facet normal -0.438565 0.258494 0.860722
    outer loop
      vertex 8.53329 1.74126 55.7547
      vertex 6.01745 2.58802 54.2185
      vertex 5.90401 1.74126 54.415
    endloop
  endfacet
  facet normal -0.438558 0.258512 0.86072
    outer loop
      vertex 8.53329 1.74126 55.7547
      vertex 8.62557 2.58802 55.5474
      vertex 6.01745 2.58802 54.2185
    endloop
  endfacet
  facet normal -0.44842 0.156165 0.880075
    outer loop
      vertex 8.47751 0.875425 55.8799
      vertex 5.90401 1.74126 54.415
      vertex 5.83544 0.875425 54.5337
    endloop
  endfacet
  facet normal -0.448426 0.156148 0.880075
    outer loop
      vertex 8.47751 0.875425 55.8799
      vertex 8.53329 1.74126 55.7547
      vertex 5.90401 1.74126 54.415
    endloop
  endfacet
  facet normal -0.453373 0.0523332 0.889783
    outer loop
      vertex 8.45885 0 55.9219
      vertex 5.83544 0.875425 54.5337
      vertex 5.8125 0 54.5735
    endloop
  endfacet
  facet normal -0.453367 0.0523526 0.889785
    outer loop
      vertex 8.45885 0 55.9219
      vertex 8.47751 0.875425 55.8799
      vertex 5.83544 0.875425 54.5337
    endloop
  endfacet
  facet normal -0.357892 -0.052357 0.932294
    outer loop
      vertex 8.47751 -0.875425 55.8799
      vertex 11.2458 -0.875425 56.9426
      vertex 8.45885 0 55.9219
    endloop
  endfacet
  facet normal -0.357861 -0.052238 0.932312
    outer loop
      vertex 11.2458 -0.875425 56.9426
      vertex 11.2316 0 56.9862
      vertex 8.45885 0 55.9219
    endloop
  endfacet
  facet normal -0.353969 -0.156144 0.922131
    outer loop
      vertex 8.53329 -1.74126 55.7547
      vertex 11.2882 -1.74126 56.8122
      vertex 8.47751 -0.875425 55.8799
    endloop
  endfacet
  facet normal -0.353984 -0.156211 0.922114
    outer loop
      vertex 11.2882 -1.74126 56.8122
      vertex 11.2458 -0.875425 56.9426
      vertex 8.47751 -0.875425 55.8799
    endloop
  endfacet
  facet normal -0.346187 -0.258513 0.901846
    outer loop
      vertex 8.62557 -2.58802 55.5474
      vertex 11.3583 -2.58802 56.5964
      vertex 8.53329 -1.74126 55.7547
    endloop
  endfacet
  facet normal -0.346184 -0.258499 0.901851
    outer loop
      vertex 11.3583 -2.58802 56.5964
      vertex 11.2882 -1.74126 56.8122
      vertex 8.53329 -1.74126 55.7547
    endloop
  endfacet
  facet normal -0.334618 -0.357946 0.871726
    outer loop
      vertex 8.75335 -3.40642 55.2604
      vertex 11.4554 -3.40642 56.2976
      vertex 8.62557 -2.58802 55.5474
    endloop
  endfacet
  facet normal -0.334621 -0.357967 0.871716
    outer loop
      vertex 11.4554 -3.40642 56.2976
      vertex 11.3583 -2.58802 56.5964
      vertex 8.62557 -2.58802 55.5474
    endloop
  endfacet
  facet normal -0.319395 -0.453518 0.832051
    outer loop
      vertex 8.91522 -4.1875 54.8968
      vertex 11.5784 -4.1875 55.9191
      vertex 8.75335 -3.40642 55.2604
    endloop
  endfacet
  facet normal -0.319392 -0.453501 0.832061
    outer loop
      vertex 11.5784 -4.1875 55.9191
      vertex 11.4554 -3.40642 56.2976
      vertex 8.75335 -3.40642 55.2604
    endloop
  endfacet
  facet normal -0.300667 -0.544064 0.783322
    outer loop
      vertex 9.10942 -4.9227 54.4607
      vertex 11.7259 -4.9227 55.465
      vertex 8.91522 -4.1875 54.8968
    endloop
  endfacet
  facet normal -0.300674 -0.54412 0.783281
    outer loop
      vertex 11.7259 -4.9227 55.465
      vertex 11.5784 -4.1875 55.9191
      vertex 8.91522 -4.1875 54.8968
    endloop
  endfacet
  facet normal -0.278656 -0.628808 0.725914
    outer loop
      vertex 9.33381 -5.60397 53.9567
      vertex 11.8964 -5.60397 54.9404
      vertex 9.10942 -4.9227 54.4607
    endloop
  endfacet
  facet normal -0.278651 -0.628753 0.725964
    outer loop
      vertex 11.8964 -5.60397 54.9404
      vertex 11.7259 -4.9227 55.465
      vertex 9.10942 -4.9227 54.4607
    endloop
  endfacet
  facet normal -0.253571 -0.706632 0.660586
    outer loop
      vertex 9.58593 -6.22384 53.3904
      vertex 12.0879 -6.22384 54.3508
      vertex 9.33381 -5.60397 53.9567
    endloop
  endfacet
  facet normal -0.253572 -0.706648 0.660568
    outer loop
      vertex 12.0879 -6.22384 54.3508
      vertex 11.8964 -5.60397 54.9404
      vertex 9.33381 -5.60397 53.9567
    endloop
  endfacet
  facet normal -0.225711 -0.776736 0.587993
    outer loop
      vertex 9.86302 -6.77552 52.768
      vertex 12.2985 -6.77552 53.7029
      vertex 9.58593 -6.22384 53.3904
    endloop
  endfacet
  facet normal -0.225711 -0.776726 0.588007
    outer loop
      vertex 12.2985 -6.77552 53.7029
      vertex 12.0879 -6.22384 54.3508
      vertex 9.58593 -6.22384 53.3904
    endloop
  endfacet
  facet normal -0.195372 -0.838325 0.508961
    outer loop
      vertex 10.1621 -7.25296 52.0964
      vertex 12.5257 -7.25296 53.0037
      vertex 9.86302 -6.77552 52.768
    endloop
  endfacet
  facet normal -0.195372 -0.838327 0.508957
    outer loop
      vertex 12.5257 -7.25296 53.0037
      vertex 12.2985 -6.77552 53.7029
      vertex 9.86302 -6.77552 52.768
    endloop
  endfacet
  facet normal -0.162869 -0.890766 0.424276
    outer loop
      vertex 10.4798 -7.65094 51.3828
      vertex 12.767 -7.65094 52.2608
      vertex 10.1621 -7.25296 52.0964
    endloop
  endfacet
  facet normal -0.162869 -0.89076 0.424289
    outer loop
      vertex 12.767 -7.65094 52.2608
      vertex 12.5257 -7.25296 53.0037
      vertex 10.1621 -7.25296 52.0964
    endloop
  endfacet
  facet normal -0.128592 -0.933404 0.334995
    outer loop
      vertex 10.8126 -7.9651 50.6352
      vertex 13.0199 -7.9651 51.4825
      vertex 10.4798 -7.65094 51.3828
    endloop
  endfacet
  facet normal -0.128592 -0.933407 0.334984
    outer loop
      vertex 13.0199 -7.9651 51.4825
      vertex 12.767 -7.65094 52.2608
      vertex 10.4798 -7.65094 51.3828
    endloop
  endfacet
  facet normal -0.0928717 -0.96584 0.241927
    outer loop
      vertex 11.157 -8.19199 49.8616
      vertex 13.2816 -8.19199 50.6772
      vertex 10.8126 -7.9651 50.6352
    endloop
  endfacet
  facet normal -0.0928716 -0.965836 0.24194
    outer loop
      vertex 13.2816 -8.19199 50.6772
      vertex 13.0199 -7.9651 51.4825
      vertex 10.8126 -7.9651 50.6352
    endloop
  endfacet
  facet normal -0.0561357 -0.987657 0.146228
    outer loop
      vertex 11.5092 -8.32912 49.0706
      vertex 13.5491 -8.32912 49.8537
      vertex 11.157 -8.19199 49.8616
    endloop
  endfacet
  facet normal -0.0561357 -0.987656 0.146231
    outer loop
      vertex 13.5491 -8.32912 49.8537
      vertex 13.2816 -8.19199 50.6772
      vertex 11.157 -8.19199 49.8616
    endloop
  endfacet
  facet normal -0.0187816 -0.998626 0.0489294
    outer loop
      vertex 11.8653 -8.375 48.2709
      vertex 13.8197 -8.375 49.0211
      vertex 11.5092 -8.32912 49.0706
    endloop
  endfacet
  facet normal -0.0187817 -0.998626 0.0489246
    outer loop
      vertex 13.8197 -8.375 49.0211
      vertex 13.5491 -8.32912 49.8537
      vertex 11.5092 -8.32912 49.0706
    endloop
  endfacet
  facet normal 0.0187806 -0.998626 -0.0489322
    outer loop
      vertex 12.2213 -8.32912 47.4712
      vertex 14.0902 -8.32912 48.1885
      vertex 11.8653 -8.375 48.2709
    endloop
  endfacet
  facet normal 0.0187808 -0.998626 -0.0489272
    outer loop
      vertex 14.0902 -8.32912 48.1885
      vertex 13.8197 -8.375 49.0211
      vertex 11.8653 -8.375 48.2709
    endloop
  endfacet
  facet normal 0.056133 -0.987657 -0.146229
    outer loop
      vertex 12.5735 -8.19199 46.6802
      vertex 14.3577 -8.19199 47.3651
      vertex 12.2213 -8.32912 47.4712
    endloop
  endfacet
  facet normal 0.0561318 -0.987654 -0.146249
    outer loop
      vertex 14.3577 -8.19199 47.3651
      vertex 14.0902 -8.32912 48.1885
      vertex 12.2213 -8.32912 47.4712
    endloop
  endfacet
  facet normal 0.0928743 -0.96584 -0.241925
    outer loop
      vertex 12.9179 -7.9651 45.9066
      vertex 14.6194 -7.9651 46.5598
      vertex 12.5735 -8.19199 46.6802
    endloop
  endfacet
  facet normal 0.0928731 -0.965836 -0.241939
    outer loop
      vertex 14.6194 -7.9651 46.5598
      vertex 14.3577 -8.19199 47.3651
      vertex 12.5735 -8.19199 46.6802
    endloop
  endfacet
  facet normal 0.128581 -0.933409 -0.334985
    outer loop
      vertex 13.2508 -7.65094 45.159
      vertex 14.8723 -7.65094 45.7814
      vertex 12.9179 -7.9651 45.9066
    endloop
  endfacet
  facet normal 0.128586 -0.933421 -0.334949
    outer loop
      vertex 14.8723 -7.65094 45.7814
      vertex 14.6194 -7.9651 46.5598
      vertex 12.9179 -7.9651 45.9066
    endloop
  endfacet
  facet normal 0.162878 -0.890766 -0.424272
    outer loop
      vertex 13.5685 -7.25296 44.4454
      vertex 15.1137 -7.25296 45.0386
      vertex 13.2508 -7.65094 45.159
    endloop
  endfacet
  facet normal 0.162871 -0.890746 -0.424316
    outer loop
      vertex 15.1137 -7.25296 45.0386
      vertex 14.8723 -7.65094 45.7814
      vertex 13.2508 -7.65094 45.159
    endloop
  endfacet
  facet normal 0.195381 -0.838315 -0.508973
    outer loop
      vertex 13.8675 -6.77552 43.7738
      vertex 15.3409 -6.77552 44.3394
      vertex 13.5685 -7.25296 44.4454
    endloop
  endfacet
  facet normal 0.195386 -0.838327 -0.508952
    outer loop
      vertex 15.3409 -6.77552 44.3394
      vertex 15.1137 -7.25296 45.0386
      vertex 13.5685 -7.25296 44.4454
    endloop
  endfacet
  facet normal 0.225702 -0.776737 -0.587995
    outer loop
      vertex 14.1446 -6.22384 43.1514
      vertex 15.5514 -6.22384 43.6914
      vertex 13.8675 -6.77552 43.7738
    endloop
  endfacet
  facet normal 0.225708 -0.776752 -0.587974
    outer loop
      vertex 15.5514 -6.22384 43.6914
      vertex 15.3409 -6.77552 44.3394
      vertex 13.8675 -6.77552 43.7738
    endloop
  endfacet
  facet normal 0.253571 -0.706574 -0.660648
    outer loop
      vertex 14.3967 -5.60397 42.5852
      vertex 15.7429 -5.60397 43.1019
      vertex 14.1446 -6.22384 43.1514
    endloop
  endfacet
  facet normal 0.25358 -0.706595 -0.660622
    outer loop
      vertex 15.7429 -5.60397 43.1019
      vertex 15.5514 -6.22384 43.6914
      vertex 14.1446 -6.22384 43.1514
    endloop
  endfacet
  facet normal 0.278619 -0.62881 -0.725927
    outer loop
      vertex 14.6211 -4.9227 42.0812
      vertex 15.9134 -4.9227 42.5772
      vertex 14.3967 -5.60397 42.5852
    endloop
  endfacet
  facet normal 0.278623 -0.628818 -0.725918
    outer loop
      vertex 15.9134 -4.9227 42.5772
      vertex 15.7429 -5.60397 43.1019
      vertex 14.3967 -5.60397 42.5852
    endloop
  endfacet
  facet normal 0.300701 -0.544141 -0.783256
    outer loop
      vertex 14.8153 -4.1875 41.645
      vertex 16.0609 -4.1875 42.1232
      vertex 14.6211 -4.9227 42.0812
    endloop
  endfacet
  facet normal 0.300655 -0.544046 -0.783339
    outer loop
      vertex 16.0609 -4.1875 42.1232
      vertex 15.9134 -4.9227 42.5772
      vertex 14.6211 -4.9227 42.0812
    endloop
  endfacet
  facet normal 0.319447 -0.453529 -0.832024
    outer loop
      vertex 14.9772 -3.40642 41.2814
      vertex 16.1839 -3.40642 41.7447
      vertex 14.8153 -4.1875 41.645
    endloop
  endfacet
  facet normal 0.319432 -0.4535 -0.832046
    outer loop
      vertex 16.1839 -3.40642 41.7447
      vertex 16.0609 -4.1875 42.1232
      vertex 14.8153 -4.1875 41.645
    endloop
  endfacet
  facet normal 0.334671 -0.357954 -0.871702
    outer loop
      vertex 15.105 -2.58802 40.9944
      vertex 16.281 -2.58802 41.4459
      vertex 14.9772 -3.40642 41.2814
    endloop
  endfacet
  facet normal 0.334678 -0.357966 -0.871694
    outer loop
      vertex 16.281 -2.58802 41.4459
      vertex 16.1839 -3.40642 41.7447
      vertex 14.9772 -3.40642 41.2814
    endloop
  endfacet
  facet normal 0.346171 -0.258383 -0.901889
    outer loop
      vertex 15.1972 -1.74126 40.7872
      vertex 16.3511 -1.74126 41.2301
      vertex 15.105 -2.58802 40.9944
    endloop
  endfacet
  facet normal 0.346238 -0.258499 -0.90183
    outer loop
      vertex 16.3511 -1.74126 41.2301
      vertex 16.281 -2.58802 41.4459
      vertex 15.105 -2.58802 40.9944
    endloop
  endfacet
  facet normal 0.353968 -0.156256 -0.922112
    outer loop
      vertex 15.253 -0.875425 40.6619
      vertex 16.3935 -0.875425 41.0997
      vertex 15.1972 -1.74126 40.7872
    endloop
  endfacet
  facet normal 0.35394 -0.156211 -0.92213
    outer loop
      vertex 16.3935 -0.875425 41.0997
      vertex 16.3511 -1.74126 41.2301
      vertex 15.1972 -1.74126 40.7872
    endloop
  endfacet
  facet normal 0.357828 -0.0522669 -0.932323
    outer loop
      vertex 15.2717 0 40.62
      vertex 16.4077 0 41.056
      vertex 15.253 -0.875425 40.6619
    endloop
  endfacet
  facet normal 0.357879 -0.0523442 -0.9323
    outer loop
      vertex 16.4077 0 41.056
      vertex 16.3935 -0.875425 41.0997
      vertex 15.253 -0.875425 40.6619
    endloop
  endfacet
  facet normal 0.35788 0.052267 -0.932304
    outer loop
      vertex 16.3935 0.875425 41.0997
      vertex 15.2717 0 40.62
      vertex 15.253 0.875425 40.6619
    endloop
  endfacet
  facet normal 0.357827 0.0523443 -0.93232
    outer loop
      vertex 16.3935 0.875425 41.0997
      vertex 16.4077 0 41.056
      vertex 15.2717 0 40.62
    endloop
  endfacet
  facet normal 0.353938 0.156256 -0.922124
    outer loop
      vertex 16.3511 1.74126 41.2301
      vertex 15.253 0.875425 40.6619
      vertex 15.1972 1.74126 40.7872
    endloop
  endfacet
  facet normal 0.353971 0.156211 -0.922119
    outer loop
      vertex 16.3511 1.74126 41.2301
      vertex 16.3935 0.875425 41.0997
      vertex 15.253 0.875425 40.6619
    endloop
  endfacet
  facet normal 0.346249 0.258384 -0.901859
    outer loop
      vertex 16.281 2.58802 41.4459
      vertex 15.1972 1.74126 40.7872
      vertex 15.105 2.58802 40.9944
    endloop
  endfacet
  facet normal 0.34616 0.2585 -0.90186
    outer loop
      vertex 16.281 2.58802 41.4459
      vertex 16.3511 1.74126 41.2301
      vertex 15.1972 1.74126 40.7872
    endloop
  endfacet
  facet normal 0.33468 0.357954 -0.871699
    outer loop
      vertex 16.1839 3.40642 41.7447
      vertex 15.105 2.58802 40.9944
      vertex 14.9772 3.40642 41.2814
    endloop
  endfacet
  facet normal 0.33467 0.357966 -0.871697
    outer loop
      vertex 16.1839 3.40642 41.7447
      vertex 16.281 2.58802 41.4459
      vertex 15.105 2.58802 40.9944
    endloop
  endfacet
  facet normal 0.319427 0.453529 -0.832033
    outer loop
      vertex 16.0609 4.1875 42.1232
      vertex 14.9772 3.40642 41.2814
      vertex 14.8153 4.1875 41.645
    endloop
  endfacet
  facet normal 0.319453 0.453499 -0.832039
    outer loop
      vertex 16.0609 4.1875 42.1232
      vertex 16.1839 3.40642 41.7447
      vertex 14.9772 3.40642 41.2814
    endloop
  endfacet
  facet normal 0.300633 0.544139 -0.783283
    outer loop
      vertex 15.9134 4.9227 42.5772
      vertex 14.8153 4.1875 41.645
      vertex 14.6211 4.9227 42.0812
    endloop
  endfacet
  facet normal 0.300723 0.544044 -0.783314
    outer loop
      vertex 15.9134 4.9227 42.5772
      vertex 16.0609 4.1875 42.1232
      vertex 14.8153 4.1875 41.645
    endloop
  endfacet
  facet normal 0.278625 0.62881 -0.725924
    outer loop
      vertex 15.7429 5.60397 43.1019
      vertex 14.6211 4.9227 42.0812
      vertex 14.3967 5.60397 42.5852
    endloop
  endfacet
  facet normal 0.278617 0.628818 -0.725921
    outer loop
      vertex 15.7429 5.60397 43.1019
      vertex 15.9134 4.9227 42.5772
      vertex 14.6211 4.9227 42.0812
    endloop
  endfacet
  facet normal 0.253587 0.706574 -0.660641
    outer loop
      vertex 15.5514 6.22384 43.6914
      vertex 14.3967 5.60397 42.5852
      vertex 14.1446 6.22384 43.1514
    endloop
  endfacet
  facet normal 0.253563 0.706595 -0.660628
    outer loop
      vertex 15.5514 6.22384 43.6914
      vertex 15.7429 5.60397 43.1019
      vertex 14.3967 5.60397 42.5852
    endloop
  endfacet
  facet normal 0.225714 0.776737 -0.58799
    outer loop
      vertex 15.3409 6.77552 44.3394
      vertex 14.1446 6.22384 43.1514
      vertex 13.8675 6.77552 43.7738
    endloop
  endfacet
  facet normal 0.225695 0.776752 -0.587978
    outer loop
      vertex 15.3409 6.77552 44.3394
      vertex 15.5514 6.22384 43.6914
      vertex 14.1446 6.22384 43.1514
    endloop
  endfacet
  facet normal 0.195392 0.838316 -0.508968
    outer loop
      vertex 15.1137 7.25296 45.0386
      vertex 13.8675 6.77552 43.7738
      vertex 13.5685 7.25296 44.4454
    endloop
  endfacet
  facet normal 0.195375 0.838327 -0.508956
    outer loop
      vertex 15.1137 7.25296 45.0386
      vertex 15.3409 6.77552 44.3394
      vertex 13.8675 6.77552 43.7738
    endloop
  endfacet
  facet normal 0.162857 0.890765 -0.424281
    outer loop
      vertex 14.8723 7.65094 45.7814
      vertex 13.5685 7.25296 44.4454
      vertex 13.2508 7.65094 45.159
    endloop
  endfacet
  facet normal 0.162892 0.890746 -0.424309
    outer loop
      vertex 14.8723 7.65094 45.7814
      vertex 15.1137 7.25296 45.0386
      vertex 13.5685 7.25296 44.4454
    endloop
  endfacet
  facet normal 0.128597 0.933409 -0.334978
    outer loop
      vertex 14.6194 7.9651 46.5598
      vertex 13.2508 7.65094 45.159
      vertex 12.9179 7.9651 45.9066
    endloop
  endfacet
  facet normal 0.12857 0.933421 -0.334954
    outer loop
      vertex 14.6194 7.9651 46.5598
      vertex 14.8723 7.65094 45.7814
      vertex 13.2508 7.65094 45.159
    endloop
  endfacet
  facet normal 0.0928687 0.96584 -0.241928
    outer loop
      vertex 14.3577 8.19199 47.3651
      vertex 12.9179 7.9651 45.9066
      vertex 12.5735 8.19199 46.6802
    endloop
  endfacet
  facet normal 0.0928789 0.965836 -0.241937
    outer loop
      vertex 14.3577 8.19199 47.3651
      vertex 14.6194 7.9651 46.5598
      vertex 12.9179 7.9651 45.9066
    endloop
  endfacet
  facet normal 0.0561254 0.987657 -0.146233
    outer loop
      vertex 14.0902 8.32912 48.1885
      vertex 12.5735 8.19199 46.6802
      vertex 12.2213 8.32912 47.4712
    endloop
  endfacet
  facet normal 0.0561397 0.987654 -0.146247
    outer loop
      vertex 14.0902 8.32912 48.1885
      vertex 14.3577 8.19199 47.3651
      vertex 12.5735 8.19199 46.6802
    endloop
  endfacet
  facet normal 0.0187824 0.998626 -0.0489314
    outer loop
      vertex 13.8197 8.375 49.0211
      vertex 12.2213 8.32912 47.4712
      vertex 11.8653 8.375 48.2709
    endloop
  endfacet
  facet normal 0.0187789 0.998626 -0.0489278
    outer loop
      vertex 13.8197 8.375 49.0211
      vertex 14.0902 8.32912 48.1885
      vertex 12.2213 8.32912 47.4712
    endloop
  endfacet
  facet normal -0.0187833 0.998626 0.0489286
    outer loop
      vertex 13.5491 8.32912 49.8537
      vertex 11.8653 8.375 48.2709
      vertex 11.5092 8.32912 49.0706
    endloop
  endfacet
  facet normal -0.01878 0.998626 0.0489252
    outer loop
      vertex 13.5491 8.32912 49.8537
      vertex 13.8197 8.375 49.0211
      vertex 11.8653 8.375 48.2709
    endloop
  endfacet
  facet normal -0.0561348 0.987657 0.146228
    outer loop
      vertex 13.2816 8.19199 50.6772
      vertex 11.5092 8.32912 49.0706
      vertex 11.157 8.19199 49.8616
    endloop
  endfacet
  facet normal -0.0561366 0.987656 0.14623
    outer loop
      vertex 13.2816 8.19199 50.6772
      vertex 13.5491 8.32912 49.8537
      vertex 11.5092 8.32912 49.0706
    endloop
  endfacet
  facet normal -0.0928673 0.96584 0.241928
    outer loop
      vertex 13.0199 7.9651 51.4825
      vertex 11.157 8.19199 49.8616
      vertex 10.8126 7.9651 50.6352
    endloop
  endfacet
  facet normal -0.0928762 0.965836 0.241938
    outer loop
      vertex 13.0199 7.9651 51.4825
      vertex 13.2816 8.19199 50.6772
      vertex 11.157 8.19199 49.8616
    endloop
  endfacet
  facet normal -0.128596 0.933404 0.334994
    outer loop
      vertex 12.767 7.65094 52.2608
      vertex 10.8126 7.9651 50.6352
      vertex 10.4798 7.65094 51.3828
    endloop
  endfacet
  facet normal -0.128588 0.933408 0.334986
    outer loop
      vertex 12.767 7.65094 52.2608
      vertex 13.0199 7.9651 51.4825
      vertex 10.8126 7.9651 50.6352
    endloop
  endfacet
  facet normal -0.162865 0.890766 0.424278
    outer loop
      vertex 12.5257 7.25296 53.0037
      vertex 10.4798 7.65094 51.3828
      vertex 10.1621 7.25296 52.0964
    endloop
  endfacet
  facet normal -0.162874 0.890759 0.424287
    outer loop
      vertex 12.5257 7.25296 53.0037
      vertex 12.767 7.65094 52.2608
      vertex 10.4798 7.65094 51.3828
    endloop
  endfacet
  facet normal -0.195373 0.838325 0.50896
    outer loop
      vertex 12.2985 6.77552 53.7029
      vertex 10.1621 7.25296 52.0964
      vertex 9.86302 6.77552 52.768
    endloop
  endfacet
  facet normal -0.19537 0.838327 0.508957
    outer loop
      vertex 12.2985 6.77552 53.7029
      vertex 12.5257 7.25296 53.0037
      vertex 10.1621 7.25296 52.0964
    endloop
  endfacet
  facet normal -0.225706 0.776735 0.587995
    outer loop
      vertex 12.0879 6.22384 54.3508
      vertex 9.86302 6.77552 52.768
      vertex 9.58593 6.22384 53.3904
    endloop
  endfacet
  facet normal -0.225716 0.776726 0.588005
    outer loop
      vertex 12.0879 6.22384 54.3508
      vertex 12.2985 6.77552 53.7029
      vertex 9.86302 6.77552 52.768
    endloop
  endfacet
  facet normal -0.253578 0.706632 0.660583
    outer loop
      vertex 11.8964 5.60397 54.9404
      vertex 9.58593 6.22384 53.3904
      vertex 9.33381 5.60397 53.9567
    endloop
  endfacet
  facet normal -0.253565 0.706648 0.66057
    outer loop
      vertex 11.8964 5.60397 54.9404
      vertex 12.0879 6.22384 54.3508
      vertex 9.58593 6.22384 53.3904
    endloop
  endfacet
  facet normal -0.278635 0.628808 0.725922
    outer loop
      vertex 11.7259 4.9227 55.465
      vertex 9.33381 5.60397 53.9567
      vertex 9.10942 4.9227 54.4607
    endloop
  endfacet
  facet normal -0.278672 0.628752 0.725956
    outer loop
      vertex 11.7259 4.9227 55.465
      vertex 11.8964 5.60397 54.9404
      vertex 9.33381 5.60397 53.9567
    endloop
  endfacet
  facet normal -0.300686 0.544065 0.783314
    outer loop
      vertex 11.5784 4.1875 55.9191
      vertex 9.10942 4.9227 54.4607
      vertex 8.91522 4.1875 54.8968
    endloop
  endfacet
  facet normal -0.300654 0.544121 0.783288
    outer loop
      vertex 11.5784 4.1875 55.9191
      vertex 11.7259 4.9227 55.465
      vertex 9.10942 4.9227 54.4607
    endloop
  endfacet
  facet normal -0.319389 0.453518 0.832053
    outer loop
      vertex 11.4554 3.40642 56.2976
      vertex 8.91522 4.1875 54.8968
      vertex 8.75335 3.40642 55.2604
    endloop
  endfacet
  facet normal -0.319398 0.453501 0.832059
    outer loop
      vertex 11.4554 3.40642 56.2976
      vertex 11.5784 4.1875 55.9191
      vertex 8.91522 4.1875 54.8968
    endloop
  endfacet
  facet normal -0.334624 0.357946 0.871723
    outer loop
      vertex 11.3583 2.58802 56.5964
      vertex 8.75335 3.40642 55.2604
      vertex 8.62557 2.58802 55.5474
    endloop
  endfacet
  facet normal -0.334615 0.357967 0.871718
    outer loop
      vertex 11.3583 2.58802 56.5964
      vertex 11.4554 3.40642 56.2976
      vertex 8.75335 3.40642 55.2604
    endloop
  endfacet
  facet normal -0.346183 0.258513 0.901847
    outer loop
      vertex 11.2882 1.74126 56.8122
      vertex 8.62557 2.58802 55.5474
      vertex 8.53329 1.74126 55.7547
    endloop
  endfacet
  facet normal -0.346188 0.258499 0.901849
    outer loop
      vertex 11.2882 1.74126 56.8122
      vertex 11.3583 2.58802 56.5964
      vertex 8.62557 2.58802 55.5474
    endloop
  endfacet
  facet normal -0.353988 0.156144 0.922123
    outer loop
      vertex 11.2458 0.875425 56.9426
      vertex 8.53329 1.74126 55.7547
      vertex 8.47751 0.875425 55.8799
    endloop
  endfacet
  facet normal -0.353965 0.156211 0.922121
    outer loop
      vertex 11.2458 0.875425 56.9426
      vertex 11.2882 1.74126 56.8122
      vertex 8.53329 1.74126 55.7547
    endloop
  endfacet
  facet normal -0.357859 0.0523569 0.932307
    outer loop
      vertex 11.2316 0 56.9862
      vertex 8.47751 0.875425 55.8799
      vertex 8.45885 0 55.9219
    endloop
  endfacet
  facet normal -0.357894 0.0522379 0.9323
    outer loop
      vertex 11.2316 0 56.9862
      vertex 11.2458 0.875425 56.9426
      vertex 8.47751 0.875425 55.8799
    endloop
  endfacet
  facet normal -0.258478 -0.0522342 0.964604
    outer loop
      vertex 11.2458 -0.875425 56.9426
      vertex 14.11 -0.875425 57.7101
      vertex 11.2316 0 56.9862
    endloop
  endfacet
  facet normal -0.258461 -0.0521689 0.964612
    outer loop
      vertex 14.11 -0.875425 57.7101
      vertex 14.1005 0 57.7549
      vertex 11.2316 0 56.9862
    endloop
  endfacet
  facet normal -0.255622 -0.156207 0.954074
    outer loop
      vertex 11.2882 -1.74126 56.8122
      vertex 14.1386 -1.74126 57.5759
      vertex 11.2458 -0.875425 56.9426
    endloop
  endfacet
  facet normal -0.25565 -0.156317 0.954048
    outer loop
      vertex 14.1386 -1.74126 57.5759
      vertex 14.11 -0.875425 57.7101
      vertex 11.2458 -0.875425 56.9426
    endloop
  endfacet
  facet normal -0.250022 -0.258501 0.933095
    outer loop
      vertex 11.3583 -2.58802 56.5964
      vertex 14.1857 -2.58802 57.354
      vertex 11.2882 -1.74126 56.8122
    endloop
  endfacet
  facet normal -0.250007 -0.258437 0.933117
    outer loop
      vertex 14.1857 -2.58802 57.354
      vertex 14.1386 -1.74126 57.5759
      vertex 11.2882 -1.74126 56.8122
    endloop
  endfacet
  facet normal -0.241675 -0.357966 0.901917
    outer loop
      vertex 11.4554 -3.40642 56.2976
      vertex 14.251 -3.40642 57.0467
      vertex 11.3583 -2.58802 56.5964
    endloop
  endfacet
  facet normal -0.24167 -0.357946 0.901926
    outer loop
      vertex 14.251 -3.40642 57.0467
      vertex 14.1857 -2.58802 57.354
      vertex 11.3583 -2.58802 56.5964
    endloop
  endfacet
  facet normal -0.230672 -0.453499 0.860889
    outer loop
      vertex 11.5784 -4.1875 55.9191
      vertex 14.3338 -4.1875 56.6574
      vertex 11.4554 -3.40642 56.2976
    endloop
  endfacet
  facet normal -0.230677 -0.453524 0.860874
    outer loop
      vertex 14.3338 -4.1875 56.6574
      vertex 14.251 -3.40642 57.0467
      vertex 11.4554 -3.40642 56.2976
    endloop
  endfacet
  facet normal -0.217153 -0.544124 0.810416
    outer loop
      vertex 11.7259 -4.9227 55.465
      vertex 14.4331 -4.9227 56.1904
      vertex 11.5784 -4.1875 55.9191
    endloop
  endfacet
  facet normal -0.21715 -0.544112 0.810424
    outer loop
      vertex 14.4331 -4.9227 56.1904
      vertex 14.3338 -4.1875 56.6574
      vertex 11.5784 -4.1875 55.9191
    endloop
  endfacet
  facet normal -0.201249 -0.628749 0.751115
    outer loop
      vertex 11.8964 -5.60397 54.9404
      vertex 14.5478 -5.60397 55.6508
      vertex 11.7259 -4.9227 55.465
    endloop
  endfacet
  facet normal -0.201255 -0.628782 0.751086
    outer loop
      vertex 14.5478 -5.60397 55.6508
      vertex 14.4331 -4.9227 56.1904
      vertex 11.7259 -4.9227 55.465
    endloop
  endfacet
  facet normal -0.183145 -0.706653 0.683447
    outer loop
      vertex 12.0879 -6.22384 54.3508
      vertex 14.6766 -6.22384 55.0445
      vertex 11.8964 -5.60397 54.9404
    endloop
  endfacet
  facet normal -0.183135 -0.706597 0.683507
    outer loop
      vertex 14.6766 -6.22384 55.0445
      vertex 14.5478 -5.60397 55.6508
      vertex 11.8964 -5.60397 54.9404
    endloop
  endfacet
  facet normal -0.16302 -0.776722 0.608381
    outer loop
      vertex 12.2985 -6.77552 53.7029
      vertex 14.8183 -6.77552 54.3781
      vertex 12.0879 -6.22384 54.3508
    endloop
  endfacet
  facet normal -0.163023 -0.776738 0.608359
    outer loop
      vertex 14.8183 -6.77552 54.3781
      vertex 14.6766 -6.22384 55.0445
      vertex 12.0879 -6.22384 54.3508
    endloop
  endfacet
  facet normal -0.141091 -0.838327 0.526594
    outer loop
      vertex 12.5257 -7.25296 53.0037
      vertex 14.9711 -7.25296 53.6589
      vertex 12.2985 -6.77552 53.7029
    endloop
  endfacet
  facet normal -0.141096 -0.838348 0.526559
    outer loop
      vertex 14.9711 -7.25296 53.6589
      vertex 14.8183 -6.77552 54.3781
      vertex 12.2985 -6.77552 53.7029
    endloop
  endfacet
  facet normal -0.117625 -0.890762 0.438985
    outer loop
      vertex 12.767 -7.65094 52.2608
      vertex 15.1335 -7.65094 52.8949
      vertex 12.5257 -7.25296 53.0037
    endloop
  endfacet
  facet normal -0.117623 -0.890752 0.439005
    outer loop
      vertex 15.1335 -7.65094 52.8949
      vertex 14.9711 -7.25296 53.6589
      vertex 12.5257 -7.25296 53.0037
    endloop
  endfacet
  facet normal -0.0928632 -0.933407 0.346594
    outer loop
      vertex 13.0199 -7.9651 51.4825
      vertex 15.3037 -7.9651 52.0944
      vertex 12.767 -7.65094 52.2608
    endloop
  endfacet
  facet normal -0.092865 -0.933413 0.346578
    outer loop
      vertex 15.3037 -7.9651 52.0944
      vertex 15.1335 -7.65094 52.8949
      vertex 12.767 -7.65094 52.2608
    endloop
  endfacet
  facet normal -0.0670761 -0.965836 0.250323
    outer loop
      vertex 13.2816 -8.19199 50.6772
      vertex 15.4797 -8.19199 51.2662
      vertex 13.0199 -7.9651 51.4825
    endloop
  endfacet
  facet normal -0.067074 -0.965831 0.250341
    outer loop
      vertex 15.4797 -8.19199 51.2662
      vertex 15.3037 -7.9651 52.0944
      vertex 13.0199 -7.9651 51.4825
    endloop
  endfacet
  facet normal -0.0405359 -0.987657 0.151298
    outer loop
      vertex 13.5491 -8.32912 49.8537
      vertex 15.6598 -8.32912 50.4192
      vertex 13.2816 -8.19199 50.6772
    endloop
  endfacet
  facet normal -0.0405376 -0.987659 0.151283
    outer loop
      vertex 15.6598 -8.32912 50.4192
      vertex 15.4797 -8.19199 51.2662
      vertex 13.2816 -8.19199 50.6772
    endloop
  endfacet
  facet normal -0.0135656 -0.998626 0.0506199
    outer loop
      vertex 13.8197 -8.375 49.0211
      vertex 15.8418 -8.375 49.563
      vertex 13.5491 -8.32912 49.8537
    endloop
  endfacet
  facet normal -0.0135644 -0.998625 0.0506286
    outer loop
      vertex 15.8418 -8.375 49.563
      vertex 15.6598 -8.32912 50.4192
      vertex 13.5491 -8.32912 49.8537
    endloop
  endfacet
  facet normal 0.0135664 -0.998626 -0.0506212
    outer loop
      vertex 14.0902 -8.32912 48.1885
      vertex 16.0238 -8.32912 48.7067
      vertex 13.8197 -8.375 49.0211
    endloop
  endfacet
  facet normal 0.0135662 -0.998626 -0.0506223
    outer loop
      vertex 16.0238 -8.32912 48.7067
      vertex 15.8418 -8.375 49.563
      vertex 13.8197 -8.375 49.0211
    endloop
  endfacet
  facet normal 0.0405397 -0.987654 -0.151315
    outer loop
      vertex 14.3577 -8.19199 47.3651
      vertex 16.2038 -8.19199 47.8597
      vertex 14.0902 -8.32912 48.1885
    endloop
  endfacet
  facet normal 0.0405444 -0.987658 -0.151286
    outer loop
      vertex 16.2038 -8.19199 47.8597
      vertex 16.0238 -8.32912 48.7067
      vertex 14.0902 -8.32912 48.1885
    endloop
  endfacet
  facet normal 0.0670742 -0.965836 -0.250323
    outer loop
      vertex 14.6194 -7.9651 46.5598
      vertex 16.3798 -7.9651 47.0315
      vertex 14.3577 -8.19199 47.3651
    endloop
  endfacet
  facet normal 0.0670706 -0.965832 -0.250342
    outer loop
      vertex 16.3798 -7.9651 47.0315
      vertex 16.2038 -8.19199 47.8597
      vertex 14.3577 -8.19199 47.3651
    endloop
  endfacet
  facet normal 0.0928713 -0.933422 -0.346553
    outer loop
      vertex 14.8723 -7.65094 45.7814
      vertex 16.55 -7.65094 46.231
      vertex 14.6194 -7.9651 46.5598
    endloop
  endfacet
  facet normal 0.0928656 -0.933413 -0.346578
    outer loop
      vertex 16.55 -7.65094 46.231
      vertex 16.3798 -7.9651 47.0315
      vertex 14.6194 -7.9651 46.5598
    endloop
  endfacet
  facet normal 0.117642 -0.890745 -0.439015
    outer loop
      vertex 15.1137 -7.25296 45.0386
      vertex 16.7124 -7.25296 45.467
      vertex 14.8723 -7.65094 45.7814
    endloop
  endfacet
  facet normal 0.117646 -0.890752 -0.439
    outer loop
      vertex 16.7124 -7.25296 45.467
      vertex 16.55 -7.65094 46.231
      vertex 14.8723 -7.65094 45.7814
    endloop
  endfacet
  facet normal 0.14108 -0.838326 -0.526598
    outer loop
      vertex 15.3409 -6.77552 44.3394
      vertex 16.8653 -6.77552 44.7478
      vertex 15.1137 -7.25296 45.0386
    endloop
  endfacet
  facet normal 0.141097 -0.838357 -0.526545
    outer loop
      vertex 16.8653 -6.77552 44.7478
      vertex 16.7124 -7.25296 45.467
      vertex 15.1137 -7.25296 45.0386
    endloop
  endfacet
  facet normal 0.163005 -0.776754 -0.608344
    outer loop
      vertex 15.5514 -6.22384 43.6914
      vertex 17.0069 -6.22384 44.0814
      vertex 15.3409 -6.77552 44.3394
    endloop
  endfacet
  facet normal 0.162991 -0.776728 -0.608382
    outer loop
      vertex 17.0069 -6.22384 44.0814
      vertex 16.8653 -6.77552 44.7478
      vertex 15.3409 -6.77552 44.3394
    endloop
  endfacet
  facet normal 0.183133 -0.706597 -0.683508
    outer loop
      vertex 15.7429 -5.60397 43.1019
      vertex 17.1358 -5.60397 43.4751
      vertex 15.5514 -6.22384 43.6914
    endloop
  endfacet
  facet normal 0.183141 -0.706612 -0.683491
    outer loop
      vertex 17.1358 -5.60397 43.4751
      vertex 17.0069 -6.22384 44.0814
      vertex 15.5514 -6.22384 43.6914
    endloop
  endfacet
  facet normal 0.201259 -0.628816 -0.751056
    outer loop
      vertex 15.9134 -4.9227 42.5772
      vertex 17.2505 -4.9227 42.9355
      vertex 15.7429 -5.60397 43.1019
    endloop
  endfacet
  facet normal 0.20124 -0.628782 -0.75109
    outer loop
      vertex 17.2505 -4.9227 42.9355
      vertex 17.1358 -5.60397 43.4751
      vertex 15.7429 -5.60397 43.1019
    endloop
  endfacet
  facet normal 0.217144 -0.544046 -0.810471
    outer loop
      vertex 16.0609 -4.1875 42.1232
      vertex 17.3497 -4.1875 42.4685
      vertex 15.9134 -4.9227 42.5772
    endloop
  endfacet
  facet normal 0.21717 -0.544091 -0.810433
    outer loop
      vertex 17.3497 -4.1875 42.4685
      vertex 17.2505 -4.9227 42.9355
      vertex 15.9134 -4.9227 42.5772
    endloop
  endfacet
  facet normal 0.230635 -0.453498 -0.860899
    outer loop
      vertex 16.1839 -3.40642 41.7447
      vertex 17.4325 -3.40642 42.0792
      vertex 16.0609 -4.1875 42.1232
    endloop
  endfacet
  facet normal 0.23065 -0.453524 -0.860881
    outer loop
      vertex 17.4325 -3.40642 42.0792
      vertex 17.3497 -4.1875 42.4685
      vertex 16.0609 -4.1875 42.1232
    endloop
  endfacet
  facet normal 0.24164 -0.357965 -0.901926
    outer loop
      vertex 16.281 -2.58802 41.4459
      vertex 17.4978 -2.58802 41.7719
      vertex 16.1839 -3.40642 41.7447
    endloop
  endfacet
  facet normal 0.241629 -0.357947 -0.901937
    outer loop
      vertex 17.4978 -2.58802 41.7719
      vertex 17.4325 -3.40642 42.0792
      vertex 16.1839 -3.40642 41.7447
    endloop
  endfacet
  facet normal 0.250019 -0.258501 -0.933096
    outer loop
      vertex 16.3511 -1.74126 41.2301
      vertex 17.545 -1.74126 41.55
      vertex 16.281 -2.58802 41.4459
    endloop
  endfacet
  facet normal 0.249996 -0.258464 -0.933112
    outer loop
      vertex 17.545 -1.74126 41.55
      vertex 17.4978 -2.58802 41.7719
      vertex 16.281 -2.58802 41.4459
    endloop
  endfacet
  facet normal 0.255581 -0.156207 -0.954085
    outer loop
      vertex 16.3935 -0.875425 41.0997
      vertex 17.5735 -0.875425 41.4158
      vertex 16.3511 -1.74126 41.2301
    endloop
  endfacet
  facet normal 0.255635 -0.156288 -0.954057
    outer loop
      vertex 17.5735 -0.875425 41.4158
      vertex 17.545 -1.74126 41.55
      vertex 16.3511 -1.74126 41.2301
    endloop
  endfacet
  facet normal 0.258525 -0.0523442 -0.964585
    outer loop
      vertex 16.4077 0 41.056
      vertex 17.583 0 41.371
      vertex 16.3935 -0.875425 41.0997
    endloop
  endfacet
  facet normal 0.258406 -0.0521691 -0.964627
    outer loop
      vertex 17.583 0 41.371
      vertex 17.5735 -0.875425 41.4158
      vertex 16.3935 -0.875425 41.0997
    endloop
  endfacet
  facet normal 0.258403 0.0523439 -0.964618
    outer loop
      vertex 17.5735 0.875425 41.4158
      vertex 16.4077 0 41.056
      vertex 16.3935 0.875425 41.0997
    endloop
  endfacet
  facet normal 0.258527 0.0521688 -0.964594
    outer loop
      vertex 17.5735 0.875425 41.4158
      vertex 17.583 0 41.371
      vertex 16.4077 0 41.056
    endloop
  endfacet
  facet normal 0.255638 0.156207 -0.954069
    outer loop
      vertex 17.545 1.74126 41.55
      vertex 16.3935 0.875425 41.0997
      vertex 16.3511 1.74126 41.2301
    endloop
  endfacet
  facet normal 0.255578 0.156289 -0.954072
    outer loop
      vertex 17.545 1.74126 41.55
      vertex 17.5735 0.875425 41.4158
      vertex 16.3935 0.875425 41.0997
    endloop
  endfacet
  facet normal 0.249993 0.258501 -0.933103
    outer loop
      vertex 17.4978 2.58802 41.7719
      vertex 16.3511 1.74126 41.2301
      vertex 16.281 2.58802 41.4459
    endloop
  endfacet
  facet normal 0.250021 0.258464 -0.933105
    outer loop
      vertex 17.4978 2.58802 41.7719
      vertex 17.545 1.74126 41.55
      vertex 16.3511 1.74126 41.2301
    endloop
  endfacet
  facet normal 0.241627 0.357965 -0.90193
    outer loop
      vertex 17.4325 3.40642 42.0792
      vertex 16.281 2.58802 41.4459
      vertex 16.1839 3.40642 41.7447
    endloop
  endfacet
  facet normal 0.241642 0.357946 -0.901933
    outer loop
      vertex 17.4325 3.40642 42.0792
      vertex 17.4978 2.58802 41.7719
      vertex 16.281 2.58802 41.4459
    endloop
  endfacet
  facet normal 0.230654 0.453499 -0.860894
    outer loop
      vertex 17.3497 4.1875 42.4685
      vertex 16.1839 3.40642 41.7447
      vertex 16.0609 4.1875 42.1232
    endloop
  endfacet
  facet normal 0.230631 0.453525 -0.860886
    outer loop
      vertex 17.3497 4.1875 42.4685
      vertex 17.4325 3.40642 42.0792
      vertex 16.1839 3.40642 41.7447
    endloop
  endfacet
  facet normal 0.217178 0.544047 -0.810461
    outer loop
      vertex 17.2505 4.9227 42.9355
      vertex 16.0609 4.1875 42.1232
      vertex 15.9134 4.9227 42.5772
    endloop
  endfacet
  facet normal 0.217137 0.544092 -0.810442
    outer loop
      vertex 17.2505 4.9227 42.9355
      vertex 17.3497 4.1875 42.4685
      vertex 16.0609 4.1875 42.1232
    endloop
  endfacet
  facet normal 0.201233 0.628816 -0.751064
    outer loop
      vertex 17.1358 5.60397 43.4751
      vertex 15.9134 4.9227 42.5772
      vertex 15.7429 5.60397 43.1019
    endloop
  endfacet
  facet normal 0.201266 0.628781 -0.751083
    outer loop
      vertex 17.1358 5.60397 43.4751
      vertex 17.2505 4.9227 42.9355
      vertex 15.9134 4.9227 42.5772
    endloop
  endfacet
  facet normal 0.183145 0.706597 -0.683505
    outer loop
      vertex 17.0069 6.22384 44.0814
      vertex 15.7429 5.60397 43.1019
      vertex 15.5514 6.22384 43.6914
    endloop
  endfacet
  facet normal 0.183129 0.706612 -0.683494
    outer loop
      vertex 17.0069 6.22384 44.0814
      vertex 17.1358 5.60397 43.4751
      vertex 15.7429 5.60397 43.1019
    endloop
  endfacet
  facet normal 0.162983 0.776753 -0.608351
    outer loop
      vertex 16.8653 6.77552 44.7478
      vertex 15.5514 6.22384 43.6914
      vertex 15.3409 6.77552 44.3394
    endloop
  endfacet
  facet normal 0.163014 0.776727 -0.608376
    outer loop
      vertex 16.8653 6.77552 44.7478
      vertex 17.0069 6.22384 44.0814
      vertex 15.5514 6.22384 43.6914
    endloop
  endfacet
  facet normal 0.141109 0.838327 -0.526589
    outer loop
      vertex 16.7124 7.25296 45.467
      vertex 15.3409 6.77552 44.3394
      vertex 15.1137 7.25296 45.0386
    endloop
  endfacet
  facet normal 0.141068 0.838357 -0.526552
    outer loop
      vertex 16.7124 7.25296 45.467
      vertex 16.8653 6.77552 44.7478
      vertex 15.3409 6.77552 44.3394
    endloop
  endfacet
  facet normal 0.117649 0.890745 -0.439012
    outer loop
      vertex 16.55 7.65094 46.231
      vertex 15.1137 7.25296 45.0386
      vertex 14.8723 7.65094 45.7814
    endloop
  endfacet
  facet normal 0.117638 0.890752 -0.439001
    outer loop
      vertex 16.55 7.65094 46.231
      vertex 16.7124 7.25296 45.467
      vertex 15.1137 7.25296 45.0386
    endloop
  endfacet
  facet normal 0.0928599 0.933422 -0.346556
    outer loop
      vertex 16.3798 7.9651 47.0315
      vertex 14.8723 7.65094 45.7814
      vertex 14.6194 7.9651 46.5598
    endloop
  endfacet
  facet normal 0.0928772 0.933413 -0.346575
    outer loop
      vertex 16.3798 7.9651 47.0315
      vertex 16.55 7.65094 46.231
      vertex 14.8723 7.65094 45.7814
    endloop
  endfacet
  facet normal 0.0670663 0.965836 -0.250326
    outer loop
      vertex 16.2038 8.19199 47.8597
      vertex 14.6194 7.9651 46.5598
      vertex 14.3577 8.19199 47.3651
    endloop
  endfacet
  facet normal 0.0670787 0.965831 -0.25034
    outer loop
      vertex 16.2038 8.19199 47.8597
      vertex 16.3798 7.9651 47.0315
      vertex 14.6194 7.9651 46.5598
    endloop
  endfacet
  facet normal 0.040551 0.987654 -0.151311
    outer loop
      vertex 16.0238 8.32912 48.7067
      vertex 14.3577 8.19199 47.3651
      vertex 14.0902 8.32912 48.1885
    endloop
  endfacet
  facet normal 0.0405327 0.987658 -0.151289
    outer loop
      vertex 16.0238 8.32912 48.7067
      vertex 16.2038 8.19199 47.8597
      vertex 14.3577 8.19199 47.3651
    endloop
  endfacet
  facet normal 0.013566 0.998626 -0.0506214
    outer loop
      vertex 15.8418 8.375 49.563
      vertex 14.0902 8.32912 48.1885
      vertex 13.8197 8.375 49.0211
    endloop
  endfacet
  facet normal 0.0135666 0.998626 -0.0506222
    outer loop
      vertex 15.8418 8.375 49.563
      vertex 16.0238 8.32912 48.7067
      vertex 14.0902 8.32912 48.1885
    endloop
  endfacet
  facet normal -0.0135624 0.998626 0.0506209
    outer loop
      vertex 15.6598 8.32912 50.4192
      vertex 13.8197 8.375 49.0211
      vertex 13.5491 8.32912 49.8537
    endloop
  endfacet
  facet normal -0.0135677 0.998625 0.0506279
    outer loop
      vertex 15.6598 8.32912 50.4192
      vertex 15.8418 8.375 49.563
      vertex 13.8197 8.375 49.0211
    endloop
  endfacet
  facet normal -0.0405412 0.987657 0.151296
    outer loop
      vertex 15.4797 8.19199 51.2662
      vertex 13.5491 8.32912 49.8537
      vertex 13.2816 8.19199 50.6772
    endloop
  endfacet
  facet normal -0.0405322 0.987659 0.151284
    outer loop
      vertex 15.4797 8.19199 51.2662
      vertex 15.6598 8.32912 50.4192
      vertex 13.5491 8.32912 49.8537
    endloop
  endfacet
  facet normal -0.0670696 0.965836 0.250325
    outer loop
      vertex 15.3037 7.9651 52.0944
      vertex 13.2816 8.19199 50.6772
      vertex 13.0199 7.9651 51.4825
    endloop
  endfacet
  facet normal -0.0670807 0.965831 0.25034
    outer loop
      vertex 15.3037 7.9651 52.0944
      vertex 15.4797 8.19199 51.2662
      vertex 13.2816 8.19199 50.6772
    endloop
  endfacet
  facet normal -0.0928688 0.933407 0.346592
    outer loop
      vertex 15.1335 7.65094 52.8949
      vertex 13.0199 7.9651 51.4825
      vertex 12.767 7.65094 52.2608
    endloop
  endfacet
  facet normal -0.0928591 0.933413 0.346579
    outer loop
      vertex 15.1335 7.65094 52.8949
      vertex 15.3037 7.9651 52.0944
      vertex 13.0199 7.9651 51.4825
    endloop
  endfacet
  facet normal -0.117619 0.890761 0.438988
    outer loop
      vertex 14.9711 7.25296 53.6589
      vertex 12.767 7.65094 52.2608
      vertex 12.5257 7.25296 53.0037
    endloop
  endfacet
  facet normal -0.11763 0.890752 0.439003
    outer loop
      vertex 14.9711 7.25296 53.6589
      vertex 15.1335 7.65094 52.8949
      vertex 12.767 7.65094 52.2608
    endloop
  endfacet
  facet normal -0.141104 0.838327 0.52659
    outer loop
      vertex 14.8183 6.77552 54.3781
      vertex 12.5257 7.25296 53.0037
      vertex 12.2985 6.77552 53.7029
    endloop
  endfacet
  facet normal -0.141083 0.838348 0.526562
    outer loop
      vertex 14.8183 6.77552 54.3781
      vertex 14.9711 7.25296 53.6589
      vertex 12.5257 7.25296 53.0037
    endloop
  endfacet
  facet normal -0.163029 0.776722 0.608378
    outer loop
      vertex 14.6766 6.22384 55.0445
      vertex 12.2985 6.77552 53.7029
      vertex 12.0879 6.22384 54.3508
    endloop
  endfacet
  facet normal -0.163015 0.776739 0.608361
    outer loop
      vertex 14.6766 6.22384 55.0445
      vertex 14.8183 6.77552 54.3781
      vertex 12.2985 6.77552 53.7029
    endloop
  endfacet
  facet normal -0.183121 0.706652 0.683454
    outer loop
      vertex 14.5478 5.60397 55.6508
      vertex 12.0879 6.22384 54.3508
      vertex 11.8964 5.60397 54.9404
    endloop
  endfacet
  facet normal -0.183159 0.706596 0.683501
    outer loop
      vertex 14.5478 5.60397 55.6508
      vertex 14.6766 6.22384 55.0445
      vertex 12.0879 6.22384 54.3508
    endloop
  endfacet
  facet normal -0.201262 0.628749 0.751111
    outer loop
      vertex 14.4331 4.9227 56.1904
      vertex 11.8964 5.60397 54.9404
      vertex 11.7259 4.9227 55.465
    endloop
  endfacet
  facet normal -0.201242 0.628782 0.751089
    outer loop
      vertex 14.4331 4.9227 56.1904
      vertex 14.5478 5.60397 55.6508
      vertex 11.8964 5.60397 54.9404
    endloop
  endfacet
  facet normal -0.217148 0.544124 0.810417
    outer loop
      vertex 14.3338 4.1875 56.6574
      vertex 11.7259 4.9227 55.465
      vertex 11.5784 4.1875 55.9191
    endloop
  endfacet
  facet normal -0.217155 0.544112 0.810423
    outer loop
      vertex 14.3338 4.1875 56.6574
      vertex 14.4331 4.9227 56.1904
      vertex 11.7259 4.9227 55.465
    endloop
  endfacet
  facet normal -0.23068 0.453499 0.860886
    outer loop
      vertex 14.251 3.40642 57.0467
      vertex 11.5784 4.1875 55.9191
      vertex 11.4554 3.40642 56.2976
    endloop
  endfacet
  facet normal -0.230669 0.453524 0.860876
    outer loop
      vertex 14.251 3.40642 57.0467
      vertex 14.3338 4.1875 56.6574
      vertex 11.5784 4.1875 55.9191
    endloop
  endfacet
  facet normal -0.241668 0.357966 0.901918
    outer loop
      vertex 14.1857 2.58802 57.354
      vertex 11.4554 3.40642 56.2976
      vertex 11.3583 2.58802 56.5964
    endloop
  endfacet
  facet normal -0.241677 0.357946 0.901924
    outer loop
      vertex 14.1857 2.58802 57.354
      vertex 14.251 3.40642 57.0467
      vertex 11.4554 3.40642 56.2976
    endloop
  endfacet
  facet normal -0.250003 0.258501 0.9331
    outer loop
      vertex 14.1386 1.74126 57.5759
      vertex 11.3583 2.58802 56.5964
      vertex 11.2882 1.74126 56.8122
    endloop
  endfacet
  facet normal -0.250027 0.258437 0.933112
    outer loop
      vertex 14.1386 1.74126 57.5759
      vertex 14.1857 2.58802 57.354
      vertex 11.3583 2.58802 56.5964
    endloop
  endfacet
  facet normal -0.255654 0.156207 0.954065
    outer loop
      vertex 14.11 0.875425 57.7101
      vertex 11.2882 1.74126 56.8122
      vertex 11.2458 0.875425 56.9426
    endloop
  endfacet
  facet normal -0.255618 0.156317 0.954057
    outer loop
      vertex 14.11 0.875425 57.7101
      vertex 14.1386 1.74126 57.5759
      vertex 11.2882 1.74126 56.8122
    endloop
  endfacet
  facet normal -0.25846 0.0522341 0.964609
    outer loop
      vertex 14.1005 0 57.7549
      vertex 11.2458 0.875425 56.9426
      vertex 11.2316 0 56.9862
    endloop
  endfacet
  facet normal -0.258479 0.0521689 0.964607
    outer loop
      vertex 14.1005 0 57.7549
      vertex 14.11 0.875425 57.7101
      vertex 11.2458 0.875425 56.9426
    endloop
  endfacet
  facet normal -0.156196 -0.0521715 0.986347
    outer loop
      vertex 14.11 -0.875425 57.7101
      vertex 17.0388 -0.875425 58.1739
      vertex 14.1005 0 57.7549
    endloop
  endfacet
  facet normal -0.156246 -0.0523463 0.98633
    outer loop
      vertex 17.0388 -0.875425 58.1739
      vertex 17.034 0 58.2196
      vertex 14.1005 0 57.7549
    endloop
  endfacet
  facet normal -0.154508 -0.156309 0.975549
    outer loop
      vertex 14.1386 -1.74126 57.5759
      vertex 17.0531 -1.74126 58.0375
      vertex 14.11 -0.875425 57.7101
    endloop
  endfacet
  facet normal -0.154489 -0.156238 0.975563
    outer loop
      vertex 17.0531 -1.74126 58.0375
      vertex 17.0388 -0.875425 58.1739
      vertex 14.11 -0.875425 57.7101
    endloop
  endfacet
  facet normal -0.151113 -0.258444 0.954134
    outer loop
      vertex 14.1857 -2.58802 57.354
      vertex 17.0769 -2.58802 57.8119
      vertex 14.1386 -1.74126 57.5759
    endloop
  endfacet
  facet normal -0.151116 -0.258454 0.954131
    outer loop
      vertex 17.0769 -2.58802 57.8119
      vertex 17.0531 -1.74126 58.0375
      vertex 14.1386 -1.74126 57.5759
    endloop
  endfacet
  facet normal -0.146078 -0.357948 0.922244
    outer loop
      vertex 14.251 -3.40642 57.0467
      vertex 17.1097 -3.40642 57.4995
      vertex 14.1857 -2.58802 57.354
    endloop
  endfacet
  facet normal -0.146066 -0.357901 0.922264
    outer loop
      vertex 17.1097 -3.40642 57.4995
      vertex 17.0769 -2.58802 57.8119
      vertex 14.1857 -2.58802 57.354
    endloop
  endfacet
  facet normal -0.139437 -0.453519 0.880271
    outer loop
      vertex 14.3338 -4.1875 56.6574
      vertex 17.1513 -4.1875 57.1037
      vertex 14.251 -3.40642 57.0467
    endloop
  endfacet
  facet normal -0.139431 -0.453496 0.880284
    outer loop
      vertex 17.1513 -4.1875 57.1037
      vertex 17.1097 -3.40642 57.4995
      vertex 14.251 -3.40642 57.0467
    endloop
  endfacet
  facet normal -0.131244 -0.544109 0.828686
    outer loop
      vertex 14.4331 -4.9227 56.1904
      vertex 17.2012 -4.9227 56.6288
      vertex 14.3338 -4.1875 56.6574
    endloop
  endfacet
  facet normal -0.13126 -0.544169 0.828644
    outer loop
      vertex 17.2012 -4.9227 56.6288
      vertex 17.1513 -4.1875 57.1037
      vertex 14.3338 -4.1875 56.6574
    endloop
  endfacet
  facet normal -0.121642 -0.628781 0.768009
    outer loop
      vertex 14.5478 -5.60397 55.6508
      vertex 17.2589 -5.60397 56.0802
      vertex 14.4331 -4.9227 56.1904
    endloop
  endfacet
  facet normal -0.121637 -0.628762 0.768025
    outer loop
      vertex 17.2589 -5.60397 56.0802
      vertex 17.2012 -4.9227 56.6288
      vertex 14.4331 -4.9227 56.1904
    endloop
  endfacet
  facet normal -0.11068 -0.706601 0.698903
    outer loop
      vertex 14.6766 -6.22384 55.0445
      vertex 17.3237 -6.22384 55.4637
      vertex 14.5478 -5.60397 55.6508
    endloop
  endfacet
  facet normal -0.11069 -0.706637 0.698865
    outer loop
      vertex 17.3237 -6.22384 55.4637
      vertex 17.2589 -5.60397 56.0802
      vertex 14.5478 -5.60397 55.6508
    endloop
  endfacet
  facet normal -0.0985281 -0.776736 0.622072
    outer loop
      vertex 14.8183 -6.77552 54.3781
      vertex 17.3949 -6.77552 54.7862
      vertex 14.6766 -6.22384 55.0445
    endloop
  endfacet
  facet normal -0.0985185 -0.776707 0.62211
    outer loop
      vertex 17.3949 -6.77552 54.7862
      vertex 17.3237 -6.22384 55.4637
      vertex 14.6766 -6.22384 55.0445
    endloop
  endfacet
  facet normal -0.0852865 -0.838351 0.538418
    outer loop
      vertex 14.9711 -7.25296 53.6589
      vertex 17.4717 -7.25296 54.055
      vertex 14.8183 -6.77552 54.3781
    endloop
  endfacet
  facet normal -0.0852817 -0.838338 0.538439
    outer loop
      vertex 17.4717 -7.25296 54.055
      vertex 17.3949 -6.77552 54.7862
      vertex 14.8183 -6.77552 54.3781
    endloop
  endfacet
  facet normal -0.0711024 -0.890752 0.448893
    outer loop
      vertex 15.1335 -7.65094 52.8949
      vertex 17.5534 -7.65094 53.2782
      vertex 14.9711 -7.25296 53.6589
    endloop
  endfacet
  facet normal -0.0711043 -0.890756 0.448885
    outer loop
      vertex 17.5534 -7.65094 53.2782
      vertex 17.4717 -7.25296 54.055
      vertex 14.9711 -7.25296 53.6589
    endloop
  endfacet
  facet normal -0.0561355 -0.933412 0.354387
    outer loop
      vertex 15.3037 -7.9651 52.0944
      vertex 17.6389 -7.9651 52.4643
      vertex 15.1335 -7.65094 52.8949
    endloop
  endfacet
  facet normal -0.0561341 -0.93341 0.354393
    outer loop
      vertex 17.6389 -7.9651 52.4643
      vertex 17.5534 -7.65094 53.2782
      vertex 15.1335 -7.65094 52.8949
    endloop
  endfacet
  facet normal -0.040543 -0.965832 0.255979
    outer loop
      vertex 15.4797 -8.19199 51.2662
      vertex 17.7274 -8.19199 51.6222
      vertex 15.3037 -7.9651 52.0944
    endloop
  endfacet
  facet normal -0.0405457 -0.965835 0.255967
    outer loop
      vertex 17.7274 -8.19199 51.6222
      vertex 17.6389 -7.9651 52.4643
      vertex 15.3037 -7.9651 52.0944
    endloop
  endfacet
  facet normal -0.0245073 -0.987659 0.154692
    outer loop
      vertex 15.6598 -8.32912 50.4192
      vertex 17.8179 -8.32912 50.7611
      vertex 15.4797 -8.19199 51.2662
    endloop
  endfacet
  facet normal -0.0245034 -0.987656 0.154709
    outer loop
      vertex 17.8179 -8.32912 50.7611
      vertex 17.7274 -8.19199 51.6222
      vertex 15.4797 -8.19199 51.2662
    endloop
  endfacet
  facet normal -0.00819758 -0.998625 0.0517694
    outer loop
      vertex 15.8418 -8.375 49.563
      vertex 17.9094 -8.375 49.8904
      vertex 15.6598 -8.32912 50.4192
    endloop
  endfacet
  facet normal -0.00820001 -0.998626 0.0517591
    outer loop
      vertex 17.9094 -8.375 49.8904
      vertex 17.8179 -8.32912 50.7611
      vertex 15.6598 -8.32912 50.4192
    endloop
  endfacet
  facet normal 0.00819742 -0.998626 -0.0517634
    outer loop
      vertex 16.0238 -8.32912 48.7067
      vertex 18.0009 -8.32912 49.0198
      vertex 15.8418 -8.375 49.563
    endloop
  endfacet
  facet normal 0.00819693 -0.998626 -0.0517654
    outer loop
      vertex 18.0009 -8.32912 49.0198
      vertex 17.9094 -8.375 49.8904
      vertex 15.8418 -8.375 49.563
    endloop
  endfacet
  facet normal 0.0245041 -0.987658 -0.154695
    outer loop
      vertex 16.2038 -8.19199 47.8597
      vertex 18.0914 -8.19199 48.1587
      vertex 16.0238 -8.32912 48.7067
    endloop
  endfacet
  facet normal 0.0245002 -0.987656 -0.154709
    outer loop
      vertex 18.0914 -8.19199 48.1587
      vertex 18.0009 -8.32912 49.0198
      vertex 16.0238 -8.32912 48.7067
    endloop
  endfacet
  facet normal 0.0405399 -0.965832 -0.25598
    outer loop
      vertex 16.3798 -7.9651 47.0315
      vertex 18.18 -7.9651 47.3166
      vertex 16.2038 -8.19199 47.8597
    endloop
  endfacet
  facet normal 0.0405451 -0.965836 -0.255963
    outer loop
      vertex 18.18 -7.9651 47.3166
      vertex 18.0914 -8.19199 48.1587
      vertex 16.2038 -8.19199 47.8597
    endloop
  endfacet
  facet normal 0.0561278 -0.933412 -0.354388
    outer loop
      vertex 16.55 -7.65094 46.231
      vertex 18.2655 -7.65094 46.5027
      vertex 16.3798 -7.9651 47.0315
    endloop
  endfacet
  facet normal 0.0561259 -0.93341 -0.354394
    outer loop
      vertex 18.2655 -7.65094 46.5027
      vertex 18.18 -7.9651 47.3166
      vertex 16.3798 -7.9651 47.0315
    endloop
  endfacet
  facet normal 0.0710949 -0.890752 -0.448895
    outer loop
      vertex 16.7124 -7.25296 45.467
      vertex 18.3471 -7.25296 45.7259
      vertex 16.55 -7.65094 46.231
    endloop
  endfacet
  facet normal 0.0710955 -0.890753 -0.448893
    outer loop
      vertex 18.3471 -7.25296 45.7259
      vertex 18.2655 -7.65094 46.5027
      vertex 16.55 -7.65094 46.231
    endloop
  endfacet
  facet normal 0.0852848 -0.838356 -0.53841
    outer loop
      vertex 16.8653 -6.77552 44.7478
      vertex 18.424 -6.77552 44.9947
      vertex 16.7124 -7.25296 45.467
    endloop
  endfacet
  facet normal 0.0852755 -0.838343 -0.538431
    outer loop
      vertex 18.424 -6.77552 44.9947
      vertex 18.3471 -7.25296 45.7259
      vertex 16.7124 -7.25296 45.467
    endloop
  endfacet
  facet normal 0.0985589 -0.77673 -0.622075
    outer loop
      vertex 17.0069 -6.22384 44.0814
      vertex 18.4952 -6.22384 44.3172
      vertex 16.8653 -6.77552 44.7478
    endloop
  endfacet
  facet normal 0.0985424 -0.776706 -0.622107
    outer loop
      vertex 18.4952 -6.22384 44.3172
      vertex 18.424 -6.77552 44.9947
      vertex 16.8653 -6.77552 44.7478
    endloop
  endfacet
  facet normal 0.110707 -0.70661 -0.698889
    outer loop
      vertex 17.1358 -5.60397 43.4751
      vertex 18.56 -5.60397 43.7007
      vertex 17.0069 -6.22384 44.0814
    endloop
  endfacet
  facet normal 0.110725 -0.706636 -0.69886
    outer loop
      vertex 18.56 -5.60397 43.7007
      vertex 18.4952 -6.22384 44.3172
      vertex 17.0069 -6.22384 44.0814
    endloop
  endfacet
  facet normal 0.121617 -0.628781 -0.768013
    outer loop
      vertex 17.2505 -4.9227 42.9355
      vertex 18.6177 -4.9227 43.152
      vertex 17.1358 -5.60397 43.4751
    endloop
  endfacet
  facet normal 0.12165 -0.62883 -0.767968
    outer loop
      vertex 18.6177 -4.9227 43.152
      vertex 18.56 -5.60397 43.7007
      vertex 17.1358 -5.60397 43.4751
    endloop
  endfacet
  facet normal 0.131231 -0.544096 -0.828697
    outer loop
      vertex 17.3497 -4.1875 42.4685
      vertex 18.6676 -4.1875 42.6772
      vertex 17.2505 -4.9227 42.9355
    endloop
  endfacet
  facet normal 0.131227 -0.544091 -0.828701
    outer loop
      vertex 18.6676 -4.1875 42.6772
      vertex 18.6177 -4.9227 43.152
      vertex 17.2505 -4.9227 42.9355
    endloop
  endfacet
  facet normal 0.139415 -0.453519 -0.880275
    outer loop
      vertex 17.4325 -3.40642 42.0792
      vertex 18.7092 -3.40642 42.2814
      vertex 17.3497 -4.1875 42.4685
    endloop
  endfacet
  facet normal 0.139401 -0.453497 -0.880289
    outer loop
      vertex 18.7092 -3.40642 42.2814
      vertex 18.6676 -4.1875 42.6772
      vertex 17.3497 -4.1875 42.4685
    endloop
  endfacet
  facet normal 0.146097 -0.357948 -0.922241
    outer loop
      vertex 17.4978 -2.58802 41.7719
      vertex 18.742 -2.58802 41.969
      vertex 17.4325 -3.40642 42.0792
    endloop
  endfacet
  facet normal 0.146066 -0.357901 -0.922264
    outer loop
      vertex 18.742 -2.58802 41.969
      vertex 18.7092 -3.40642 42.2814
      vertex 17.4325 -3.40642 42.0792
    endloop
  endfacet
  facet normal 0.151089 -0.25846 -0.954133
    outer loop
      vertex 17.545 -1.74126 41.55
      vertex 18.7657 -1.74126 41.7433
      vertex 17.4978 -2.58802 41.7719
    endloop
  endfacet
  facet normal 0.151144 -0.258542 -0.954102
    outer loop
      vertex 18.7657 -1.74126 41.7433
      vertex 18.742 -2.58802 41.969
      vertex 17.4978 -2.58802 41.7719
    endloop
  endfacet
  facet normal 0.154507 -0.156291 -0.975551
    outer loop
      vertex 17.5735 -0.875425 41.4158
      vertex 18.7801 -0.875425 41.6069
      vertex 17.545 -1.74126 41.55
    endloop
  endfacet
  facet normal 0.154482 -0.156255 -0.975561
    outer loop
      vertex 18.7801 -0.875425 41.6069
      vertex 18.7657 -1.74126 41.7433
      vertex 17.545 -1.74126 41.55
    endloop
  endfacet
  facet normal 0.156172 -0.0521714 -0.986351
    outer loop
      vertex 17.583 0 41.371
      vertex 18.7849 0 41.5613
      vertex 17.5735 -0.875425 41.4158
    endloop
  endfacet
  facet normal 0.156216 -0.052234 -0.986341
    outer loop
      vertex 18.7849 0 41.5613
      vertex 18.7801 -0.875425 41.6069
      vertex 17.5735 -0.875425 41.4158
    endloop
  endfacet
  facet normal 0.156216 0.0521715 -0.986344
    outer loop
      vertex 18.7801 0.875425 41.6069
      vertex 17.583 0 41.371
      vertex 17.5735 0.875425 41.4158
    endloop
  endfacet
  facet normal 0.156171 0.0522342 -0.986348
    outer loop
      vertex 18.7801 0.875425 41.6069
      vertex 18.7849 0 41.5613
      vertex 17.583 0 41.371
    endloop
  endfacet
  facet normal 0.154481 0.156291 -0.975556
    outer loop
      vertex 18.7657 1.74126 41.7433
      vertex 17.5735 0.875425 41.4158
      vertex 17.545 1.74126 41.55
    endloop
  endfacet
  facet normal 0.154508 0.156255 -0.975557
    outer loop
      vertex 18.7657 1.74126 41.7433
      vertex 18.7801 0.875425 41.6069
      vertex 17.5735 0.875425 41.4158
    endloop
  endfacet
  facet normal 0.151148 0.258461 -0.954124
    outer loop
      vertex 18.742 2.58802 41.969
      vertex 17.545 1.74126 41.55
      vertex 17.4978 2.58802 41.7719
    endloop
  endfacet
  facet normal 0.151085 0.258543 -0.954112
    outer loop
      vertex 18.742 2.58802 41.969
      vertex 18.7657 1.74126 41.7433
      vertex 17.545 1.74126 41.55
    endloop
  endfacet
  facet normal 0.146063 0.357948 -0.922247
    outer loop
      vertex 18.7092 3.40642 42.2814
      vertex 17.4978 2.58802 41.7719
      vertex 17.4325 3.40642 42.0792
    endloop
  endfacet
  facet normal 0.1461 0.357901 -0.922259
    outer loop
      vertex 18.7092 3.40642 42.2814
      vertex 18.742 2.58802 41.969
      vertex 17.4978 2.58802 41.7719
    endloop
  endfacet
  facet normal 0.139399 0.453519 -0.880278
    outer loop
      vertex 18.6676 4.1875 42.6772
      vertex 17.4325 3.40642 42.0792
      vertex 17.3497 4.1875 42.4685
    endloop
  endfacet
  facet normal 0.139417 0.453496 -0.880286
    outer loop
      vertex 18.6676 4.1875 42.6772
      vertex 18.7092 3.40642 42.2814
      vertex 17.4325 3.40642 42.0792
    endloop
  endfacet
  facet normal 0.131227 0.544096 -0.828697
    outer loop
      vertex 18.6177 4.9227 43.152
      vertex 17.3497 4.1875 42.4685
      vertex 17.2505 4.9227 42.9355
    endloop
  endfacet
  facet normal 0.131231 0.54409 -0.8287
    outer loop
      vertex 18.6177 4.9227 43.152
      vertex 18.6676 4.1875 42.6772
      vertex 17.3497 4.1875 42.4685
    endloop
  endfacet
  facet normal 0.121656 0.628782 -0.768006
    outer loop
      vertex 18.56 5.60397 43.7007
      vertex 17.2505 4.9227 42.9355
      vertex 17.1358 5.60397 43.4751
    endloop
  endfacet
  facet normal 0.121611 0.628831 -0.767973
    outer loop
      vertex 18.56 5.60397 43.7007
      vertex 18.6177 4.9227 43.152
      vertex 17.2505 4.9227 42.9355
    endloop
  endfacet
  facet normal 0.110728 0.706611 -0.698885
    outer loop
      vertex 18.4952 6.22384 44.3172
      vertex 17.1358 5.60397 43.4751
      vertex 17.0069 6.22384 44.0814
    endloop
  endfacet
  facet normal 0.110703 0.706636 -0.698863
    outer loop
      vertex 18.4952 6.22384 44.3172
      vertex 18.56 5.60397 43.7007
      vertex 17.1358 5.60397 43.4751
    endloop
  endfacet
  facet normal 0.098538 0.776729 -0.622078
    outer loop
      vertex 18.424 6.77552 44.9947
      vertex 17.0069 6.22384 44.0814
      vertex 16.8653 6.77552 44.7478
    endloop
  endfacet
  facet normal 0.0985635 0.776706 -0.622104
    outer loop
      vertex 18.424 6.77552 44.9947
      vertex 18.4952 6.22384 44.3172
      vertex 17.0069 6.22384 44.0814
    endloop
  endfacet
  facet normal 0.0852726 0.838356 -0.538413
    outer loop
      vertex 18.3471 7.25296 45.7259
      vertex 16.8653 6.77552 44.7478
      vertex 16.7124 7.25296 45.467
    endloop
  endfacet
  facet normal 0.085288 0.838343 -0.53843
    outer loop
      vertex 18.3471 7.25296 45.7259
      vertex 18.424 6.77552 44.9947
      vertex 16.8653 6.77552 44.7478
    endloop
  endfacet
  facet normal 0.0710957 0.890752 -0.448895
    outer loop
      vertex 18.2655 7.65094 46.5027
      vertex 16.7124 7.25296 45.467
      vertex 16.55 7.65094 46.231
    endloop
  endfacet
  facet normal 0.0710947 0.890753 -0.448893
    outer loop
      vertex 18.2655 7.65094 46.5027
      vertex 18.3471 7.25296 45.7259
      vertex 16.7124 7.25296 45.467
    endloop
  endfacet
  facet normal 0.056125 0.933412 -0.354389
    outer loop
      vertex 18.18 7.9651 47.3166
      vertex 16.55 7.65094 46.231
      vertex 16.3798 7.9651 47.0315
    endloop
  endfacet
  facet normal 0.0561287 0.93341 -0.354394
    outer loop
      vertex 18.18 7.9651 47.3166
      vertex 18.2655 7.65094 46.5027
      vertex 16.55 7.65094 46.231
    endloop
  endfacet
  facet normal 0.0405475 0.965832 -0.255978
    outer loop
      vertex 18.0914 8.19199 48.1587
      vertex 16.3798 7.9651 47.0315
      vertex 16.2038 8.19199 47.8597
    endloop
  endfacet
  facet normal 0.0405373 0.965836 -0.255964
    outer loop
      vertex 18.0914 8.19199 48.1587
      vertex 18.18 7.9651 47.3166
      vertex 16.3798 7.9651 47.0315
    endloop
  endfacet
  facet normal 0.0244982 0.987658 -0.154696
    outer loop
      vertex 18.0009 8.32912 49.0198
      vertex 16.2038 8.19199 47.8597
      vertex 16.0238 8.32912 48.7067
    endloop
  endfacet
  facet normal 0.0245062 0.987656 -0.154708
    outer loop
      vertex 18.0009 8.32912 49.0198
      vertex 18.0914 8.19199 48.1587
      vertex 16.2038 8.19199 47.8597
    endloop
  endfacet
  facet normal 0.00819665 0.998626 -0.0517636
    outer loop
      vertex 17.9094 8.375 49.8904
      vertex 16.0238 8.32912 48.7067
      vertex 15.8418 8.375 49.563
    endloop
  endfacet
  facet normal 0.00819772 0.998626 -0.0517653
    outer loop
      vertex 17.9094 8.375 49.8904
      vertex 18.0009 8.32912 49.0198
      vertex 16.0238 8.32912 48.7067
    endloop
  endfacet
  facet normal -0.00820151 0.998625 0.0517686
    outer loop
      vertex 17.8179 8.32912 50.7611
      vertex 15.8418 8.375 49.563
      vertex 15.6598 8.32912 50.4192
    endloop
  endfacet
  facet normal -0.00819601 0.998626 0.0517595
    outer loop
      vertex 17.8179 8.32912 50.7611
      vertex 17.9094 8.375 49.8904
      vertex 15.8418 8.375 49.563
    endloop
  endfacet
  facet normal -0.0245009 0.987659 0.154693
    outer loop
      vertex 17.7274 8.19199 51.6222
      vertex 15.6598 8.32912 50.4192
      vertex 15.4797 8.19199 51.2662
    endloop
  endfacet
  facet normal -0.0245098 0.987656 0.154708
    outer loop
      vertex 17.7274 8.19199 51.6222
      vertex 17.8179 8.32912 50.7611
      vertex 15.6598 8.32912 50.4192
    endloop
  endfacet
  facet normal -0.0405474 0.965832 0.255978
    outer loop
      vertex 17.6389 7.9651 52.4643
      vertex 15.4797 8.19199 51.2662
      vertex 15.3037 7.9651 52.0944
    endloop
  endfacet
  facet normal -0.0405412 0.965835 0.255968
    outer loop
      vertex 17.6389 7.9651 52.4643
      vertex 17.7274 8.19199 51.6222
      vertex 15.4797 8.19199 51.2662
    endloop
  endfacet
  facet normal -0.0561332 0.933412 0.354387
    outer loop
      vertex 17.5534 7.65094 53.2782
      vertex 15.3037 7.9651 52.0944
      vertex 15.1335 7.65094 52.8949
    endloop
  endfacet
  facet normal -0.0561365 0.93341 0.354393
    outer loop
      vertex 17.5534 7.65094 53.2782
      vertex 17.6389 7.9651 52.4643
      vertex 15.3037 7.9651 52.0944
    endloop
  endfacet
  facet normal -0.0711055 0.890752 0.448893
    outer loop
      vertex 17.4717 7.25296 54.055
      vertex 15.1335 7.65094 52.8949
      vertex 14.9711 7.25296 53.6589
    endloop
  endfacet
  facet normal -0.0711012 0.890756 0.448885
    outer loop
      vertex 17.4717 7.25296 54.055
      vertex 17.5534 7.65094 53.2782
      vertex 15.1335 7.65094 52.8949
    endloop
  endfacet
  facet normal -0.0852787 0.838351 0.53842
    outer loop
      vertex 17.3949 6.77552 54.7862
      vertex 14.9711 7.25296 53.6589
      vertex 14.8183 6.77552 54.3781
    endloop
  endfacet
  facet normal -0.0852896 0.838338 0.538438
    outer loop
      vertex 17.3949 6.77552 54.7862
      vertex 17.4717 7.25296 54.055
      vertex 14.9711 7.25296 53.6589
    endloop
  endfacet
  facet normal -0.0985129 0.776736 0.622074
    outer loop
      vertex 17.3237 6.22384 55.4637
      vertex 14.8183 6.77552 54.3781
      vertex 14.6766 6.22384 55.0445
    endloop
  endfacet
  facet normal -0.0985338 0.776707 0.622108
    outer loop
      vertex 17.3237 6.22384 55.4637
      vertex 17.3949 6.77552 54.7862
      vertex 14.8183 6.77552 54.3781
    endloop
  endfacet
  facet normal -0.110696 0.706601 0.6989
    outer loop
      vertex 17.2589 5.60397 56.0802
      vertex 14.6766 6.22384 55.0445
      vertex 14.5478 5.60397 55.6508
    endloop
  endfacet
  facet normal -0.110674 0.706637 0.698867
    outer loop
      vertex 17.2589 5.60397 56.0802
      vertex 17.3237 6.22384 55.4637
      vertex 14.6766 6.22384 55.0445
    endloop
  endfacet
  facet normal -0.121634 0.628781 0.76801
    outer loop
      vertex 17.2012 4.9227 56.6288
      vertex 14.5478 5.60397 55.6508
      vertex 14.4331 4.9227 56.1904
    endloop
  endfacet
  facet normal -0.121644 0.628762 0.768024
    outer loop
      vertex 17.2012 4.9227 56.6288
      vertex 17.2589 5.60397 56.0802
      vertex 14.5478 5.60397 55.6508
    endloop
  endfacet
  facet normal -0.131266 0.544109 0.828682
    outer loop
      vertex 17.1513 4.1875 57.1037
      vertex 14.4331 4.9227 56.1904
      vertex 14.3338 4.1875 56.6574
    endloop
  endfacet
  facet normal -0.131238 0.544169 0.828647
    outer loop
      vertex 17.1513 4.1875 57.1037
      vertex 17.2012 4.9227 56.6288
      vertex 14.4331 4.9227 56.1904
    endloop
  endfacet
  facet normal -0.13943 0.453519 0.880272
    outer loop
      vertex 17.1097 3.40642 57.4995
      vertex 14.3338 4.1875 56.6574
      vertex 14.251 3.40642 57.0467
    endloop
  endfacet
  facet normal -0.139439 0.453496 0.880283
    outer loop
      vertex 17.1097 3.40642 57.4995
      vertex 17.1513 4.1875 57.1037
      vertex 14.3338 4.1875 56.6574
    endloop
  endfacet
  facet normal -0.146063 0.357948 0.922247
    outer loop
      vertex 17.0769 2.58802 57.8119
      vertex 14.251 3.40642 57.0467
      vertex 14.1857 2.58802 57.354
    endloop
  endfacet
  facet normal -0.14608 0.357901 0.922262
    outer loop
      vertex 17.0769 2.58802 57.8119
      vertex 17.1097 3.40642 57.4995
      vertex 14.251 3.40642 57.0467
    endloop
  endfacet
  facet normal -0.151116 0.258444 0.954134
    outer loop
      vertex 17.0531 1.74126 58.0375
      vertex 14.1857 2.58802 57.354
      vertex 14.1386 1.74126 57.5759
    endloop
  endfacet
  facet normal -0.151113 0.258454 0.954131
    outer loop
      vertex 17.0531 1.74126 58.0375
      vertex 17.0769 2.58802 57.8119
      vertex 14.1857 2.58802 57.354
    endloop
  endfacet
  facet normal -0.154487 0.156309 0.975552
    outer loop
      vertex 17.0388 0.875425 58.1739
      vertex 14.1386 1.74126 57.5759
      vertex 14.11 0.875425 57.7101
    endloop
  endfacet
  facet normal -0.15451 0.156237 0.97556
    outer loop
      vertex 17.0388 0.875425 58.1739
      vertex 17.0531 1.74126 58.0375
      vertex 14.1386 1.74126 57.5759
    endloop
  endfacet
  facet normal -0.156247 0.0521716 0.986339
    outer loop
      vertex 17.034 0 58.2196
      vertex 14.11 0.875425 57.7101
      vertex 14.1005 0 57.7549
    endloop
  endfacet
  facet normal -0.156195 0.0523464 0.986338
    outer loop
      vertex 17.034 0 58.2196
      vertex 17.0388 0.875425 58.1739
      vertex 14.11 0.875425 57.7101
    endloop
  endfacet
  facet normal -0.0522676 -0.0523468 0.99726
    outer loop
      vertex 17.0388 -0.875425 58.1739
      vertex 20 -0.875425 58.3291
      vertex 17.034 0 58.2196
    endloop
  endfacet
  facet normal -0.0522505 -0.0522882 0.997264
    outer loop
      vertex 20 -0.875425 58.3291
      vertex 20 0 58.375
      vertex 17.034 0 58.2196
    endloop
  endfacet
  facet normal -0.0517131 -0.156242 0.986364
    outer loop
      vertex 17.0531 -1.74126 58.0375
      vertex 20 -1.74126 58.192
      vertex 17.0388 -0.875425 58.1739
    endloop
  endfacet
  facet normal -0.051697 -0.156187 0.986374
    outer loop
      vertex 20 -1.74126 58.192
      vertex 20 -0.875425 58.3291
      vertex 17.0388 -0.875425 58.1739
    endloop
  endfacet
  facet normal -0.0505602 -0.258444 0.964702
    outer loop
      vertex 17.0769 -2.58802 57.8119
      vertex 20 -2.58802 57.9651
      vertex 17.0531 -1.74126 58.0375
    endloop
  endfacet
  facet normal -0.0505766 -0.2585 0.964686
    outer loop
      vertex 20 -2.58802 57.9651
      vertex 20 -1.74126 58.192
      vertex 17.0531 -1.74126 58.0375
    endloop
  endfacet
  facet normal -0.0488453 -0.357904 0.93248
    outer loop
      vertex 17.1097 -3.40642 57.4995
      vertex 20 -3.40642 57.6509
      vertex 17.0769 -2.58802 57.8119
    endloop
  endfacet
  facet normal -0.0488697 -0.357985 0.932448
    outer loop
      vertex 20 -3.40642 57.6509
      vertex 20 -2.58802 57.9651
      vertex 17.0769 -2.58802 57.8119
    endloop
  endfacet
  facet normal -0.0466467 -0.453496 0.890037
    outer loop
      vertex 17.1513 -4.1875 57.1037
      vertex 20 -4.1875 57.253
      vertex 17.1097 -3.40642 57.4995
    endloop
  endfacet
  facet normal -0.046624 -0.453424 0.890075
    outer loop
      vertex 20 -4.1875 57.253
      vertex 20 -3.40642 57.6509
      vertex 17.1097 -3.40642 57.4995
    endloop
  endfacet
  facet normal -0.0439148 -0.544171 0.837824
    outer loop
      vertex 17.2012 -4.9227 56.6288
      vertex 20 -4.9227 56.7755
      vertex 17.1513 -4.1875 57.1037
    endloop
  endfacet
  facet normal -0.0439107 -0.544158 0.837833
    outer loop
      vertex 20 -4.9227 56.7755
      vertex 20 -4.1875 57.253
      vertex 17.1513 -4.1875 57.1037
    endloop
  endfacet
  facet normal -0.0406809 -0.628759 0.776535
    outer loop
      vertex 17.2589 -5.60397 56.0802
      vertex 20 -5.60397 56.2238
      vertex 17.2012 -4.9227 56.6288
    endloop
  endfacet
  facet normal -0.0407001 -0.628812 0.776492
    outer loop
      vertex 20 -5.60397 56.2238
      vertex 20 -4.9227 56.7755
      vertex 17.2012 -4.9227 56.6288
    endloop
  endfacet
  facet normal -0.0370425 -0.706637 0.706606
    outer loop
      vertex 17.3237 -6.22384 55.4637
      vertex 20 -6.22384 55.604
      vertex 17.2589 -5.60397 56.0802
    endloop
  endfacet
  facet normal -0.0370204 -0.706582 0.706662
    outer loop
      vertex 20 -6.22384 55.604
      vertex 20 -5.60397 56.2238
      vertex 17.2589 -5.60397 56.0802
    endloop
  endfacet
  facet normal -0.0329578 -0.776707 0.628999
    outer loop
      vertex 17.3949 -6.77552 54.7862
      vertex 20 -6.77552 54.9227
      vertex 17.3237 -6.22384 55.4637
    endloop
  endfacet
  facet normal -0.0329716 -0.776745 0.628951
    outer loop
      vertex 17.3237 -6.22384 55.4637
      vertex 20 -6.75 54.9542
      vertex 20 -6.22384 55.604
    endloop
  endfacet
  facet normal -0.0329007 -0.776583 0.629155
    outer loop
      vertex 20 -6.75 54.9542
      vertex 17.3237 -6.22384 55.4637
      vertex 20 -6.77552 54.9227
    endloop
  endfacet
  facet normal -0.0285303 -0.83834 0.544401
    outer loop
      vertex 17.4717 -7.25296 54.055
      vertex 20 -7.25296 54.1875
      vertex 17.3949 -6.77552 54.7862
    endloop
  endfacet
  facet normal -0.0285258 -0.838332 0.544414
    outer loop
      vertex 20 -7.25296 54.1875
      vertex 20 -6.77552 54.9227
      vertex 17.3949 -6.77552 54.7862
    endloop
  endfacet
  facet normal -0.023782 -0.890755 0.453862
    outer loop
      vertex 17.5534 -7.65094 53.2782
      vertex 20 -7.65094 53.4064
      vertex 17.4717 -7.25296 54.055
    endloop
  endfacet
  facet normal -0.0237849 -0.890759 0.453853
    outer loop
      vertex 20 -7.65094 53.4064
      vertex 20 -7.25296 54.1875
      vertex 17.4717 -7.25296 54.055
    endloop
  endfacet
  facet normal -0.0187726 -0.933411 0.358318
    outer loop
      vertex 17.6389 -7.9651 52.4643
      vertex 20 -7.9651 52.588
      vertex 17.5534 -7.65094 53.2782
    endloop
  endfacet
  facet normal -0.0187752 -0.933414 0.35831
    outer loop
      vertex 20 -7.9651 52.588
      vertex 20 -7.65094 53.4064
      vertex 17.5534 -7.65094 53.2782
    endloop
  endfacet
  facet normal -0.0135631 -0.965835 0.258803
    outer loop
      vertex 17.7274 -8.19199 51.6222
      vertex 20 -8.19199 51.7413
      vertex 17.6389 -7.9651 52.4643
    endloop
  endfacet
  facet normal -0.0135595 -0.965832 0.258814
    outer loop
      vertex 20 -8.19199 51.7413
      vertex 20 -7.9651 52.588
      vertex 17.6389 -7.9651 52.4643
    endloop
  endfacet
  facet normal -0.00819355 -0.987656 0.156423
    outer loop
      vertex 17.8179 -8.32912 50.7611
      vertex 20 -8.32912 50.8754
      vertex 17.7274 -8.19199 51.6222
    endloop
  endfacet
  facet normal -0.0081971 -0.987658 0.156412
    outer loop
      vertex 20 -8.32912 50.8754
      vertex 20 -8.19199 51.7413
      vertex 17.7274 -8.19199 51.6222
    endloop
  endfacet
  facet normal -0.00274354 -0.998626 0.0523325
    outer loop
      vertex 17.9094 -8.375 49.8904
      vertex 20 -8.375 50
      vertex 17.8179 -8.32912 50.7611
    endloop
  endfacet
  facet normal -0.00274152 -0.998626 0.0523383
    outer loop
      vertex 20 -8.375 50
      vertex 20 -8.32912 50.8754
      vertex 17.8179 -8.32912 50.7611
    endloop
  endfacet
  facet normal 0.00274377 -0.998626 -0.0523385
    outer loop
      vertex 18.0009 -8.32912 49.0198
      vertex 20 -8.32912 49.1246
      vertex 17.9094 -8.375 49.8904
    endloop
  endfacet
  facet normal 0.00274384 -0.998626 -0.0523383
    outer loop
      vertex 20 -8.32912 49.1246
      vertex 20 -8.375 50
      vertex 17.9094 -8.375 49.8904
    endloop
  endfacet
  facet normal 0.00819568 -0.987656 -0.156423
    outer loop
      vertex 18.0914 -8.19199 48.1587
      vertex 20 -8.19199 48.2587
      vertex 18.0009 -8.32912 49.0198
    endloop
  endfacet
  facet normal 0.0081997 -0.987658 -0.156412
    outer loop
      vertex 20 -8.19199 48.2587
      vertex 20 -8.32912 49.1246
      vertex 18.0009 -8.32912 49.0198
    endloop
  endfacet
  facet normal 0.0135657 -0.965835 -0.258801
    outer loop
      vertex 18.18 -7.9651 47.3166
      vertex 20 -7.9651 47.412
      vertex 18.0914 -8.19199 48.1587
    endloop
  endfacet
  facet normal 0.0135604 -0.965832 -0.258814
    outer loop
      vertex 20 -7.9651 47.412
      vertex 20 -8.19199 48.2587
      vertex 18.0914 -8.19199 48.1587
    endloop
  endfacet
  facet normal 0.0187784 -0.933411 -0.358318
    outer loop
      vertex 18.2655 -7.65094 46.5027
      vertex 20 -7.65094 46.5936
      vertex 18.18 -7.9651 47.3166
    endloop
  endfacet
  facet normal 0.0187818 -0.933414 -0.35831
    outer loop
      vertex 20 -7.65094 46.5936
      vertex 20 -7.9651 47.412
      vertex 18.18 -7.9651 47.3166
    endloop
  endfacet
  facet normal 0.0237792 -0.890754 -0.453864
    outer loop
      vertex 18.3471 -7.25296 45.7259
      vertex 20 -7.25296 45.8125
      vertex 18.2655 -7.65094 46.5027
    endloop
  endfacet
  facet normal 0.0237851 -0.890759 -0.453853
    outer loop
      vertex 20 -7.25296 45.8125
      vertex 20 -7.65094 46.5936
      vertex 18.2655 -7.65094 46.5027
    endloop
  endfacet
  facet normal 0.0285325 -0.838342 -0.544398
    outer loop
      vertex 18.424 -6.77552 44.9947
      vertex 20 -6.77552 45.0773
      vertex 18.3471 -7.25296 45.7259
    endloop
  endfacet
  facet normal 0.0285233 -0.838332 -0.544414
    outer loop
      vertex 20 -6.77552 45.0773
      vertex 20 -7.25296 45.8125
      vertex 18.3471 -7.25296 45.7259
    endloop
  endfacet
  facet normal 0.0329381 -0.776706 -0.629001
    outer loop
      vertex 18.4952 -6.22384 44.3172
      vertex 20 -6.22384 44.396
      vertex 18.424 -6.77552 44.9947
    endloop
  endfacet
  facet normal 0.0329646 -0.776738 -0.628961
    outer loop
      vertex 20 -6.22384 44.396
      vertex 20 -6.77552 45.0773
      vertex 18.424 -6.77552 44.9947
    endloop
  endfacet
  facet normal 0.0370477 -0.706637 -0.706606
    outer loop
      vertex 18.56 -5.60397 43.7007
      vertex 20 -5.60397 43.7762
      vertex 18.4952 -6.22384 44.3172
    endloop
  endfacet
  facet normal 0.0370049 -0.706583 -0.706662
    outer loop
      vertex 20 -5.60397 43.7762
      vertex 20 -6.22384 44.396
      vertex 18.4952 -6.22384 44.3172
    endloop
  endfacet
  facet normal 0.0407253 -0.628829 -0.776476
    outer loop
      vertex 18.6177 -4.9227 43.152
      vertex 20 -4.9227 43.2245
      vertex 18.56 -5.60397 43.7007
    endloop
  endfacet
  facet normal 0.0407119 -0.628811 -0.776491
    outer loop
      vertex 20 -4.9227 43.2245
      vertex 20 -5.60397 43.7762
      vertex 18.56 -5.60397 43.7007
    endloop
  endfacet
  facet normal 0.0438936 -0.54409 -0.837878
    outer loop
      vertex 18.6676 -4.1875 42.6772
      vertex 20 -4.1875 42.747
      vertex 18.6177 -4.9227 43.152
    endloop
  endfacet
  facet normal 0.0439433 -0.544157 -0.837832
    outer loop
      vertex 20 -4.1875 42.747
      vertex 20 -4.9227 43.2245
      vertex 18.6177 -4.9227 43.152
    endloop
  endfacet
  facet normal 0.0466806 -0.453497 -0.890034
    outer loop
      vertex 18.7092 -3.40642 42.2814
      vertex 20 -3.40642 42.3491
      vertex 18.6676 -4.1875 42.6772
    endloop
  endfacet
  facet normal 0.046628 -0.453424 -0.890074
    outer loop
      vertex 20 -3.40642 42.3491
      vertex 20 -4.1875 42.747
      vertex 18.6676 -4.1875 42.6772
    endloop
  endfacet
  facet normal 0.0488477 -0.357904 -0.93248
    outer loop
      vertex 18.742 -2.58802 41.969
      vertex 20 -2.58802 42.0349
      vertex 18.7092 -3.40642 42.2814
    endloop
  endfacet
  facet normal 0.048905 -0.357984 -0.932446
    outer loop
      vertex 20 -2.58802 42.0349
      vertex 20 -3.40642 42.3491
      vertex 18.7092 -3.40642 42.2814
    endloop
  endfacet
  facet normal 0.0505667 -0.258545 -0.964675
    outer loop
      vertex 18.7657 -1.74126 41.7433
      vertex 20 -1.74126 41.808
      vertex 18.742 -2.58802 41.969
    endloop
  endfacet
  facet normal 0.050535 -0.2585 -0.964688
    outer loop
      vertex 20 -1.74126 41.808
      vertex 20 -2.58802 42.0349
      vertex 18.742 -2.58802 41.969
    endloop
  endfacet
  facet normal 0.0517478 -0.156248 -0.986361
    outer loop
      vertex 18.7801 -0.875425 41.6069
      vertex 20 -0.875425 41.6709
      vertex 18.7657 -1.74126 41.7433
    endloop
  endfacet
  facet normal 0.0517041 -0.156187 -0.986373
    outer loop
      vertex 20 -0.875425 41.6709
      vertex 20 -1.74126 41.808
      vertex 18.7657 -1.74126 41.7433
    endloop
  endfacet
  facet normal 0.0522803 -0.0522332 -0.997265
    outer loop
      vertex 18.7849 0 41.5613
      vertex 20 0 41.625
      vertex 18.7801 -0.875425 41.6069
    endloop
  endfacet
  facet normal 0.0523196 -0.052288 -0.997261
    outer loop
      vertex 20 0 41.625
      vertex 20 -0.875425 41.6709
      vertex 18.7801 -0.875425 41.6069
    endloop
  endfacet
  facet normal 0.0523197 0.0522333 -0.997263
    outer loop
      vertex 20 0.875425 41.6709
      vertex 18.7849 0 41.5613
      vertex 18.7801 0.875425 41.6069
    endloop
  endfacet
  facet normal 0.0522802 0.0522882 -0.997263
    outer loop
      vertex 20 0.875425 41.6709
      vertex 20 0 41.625
      vertex 18.7849 0 41.5613
    endloop
  endfacet
  facet normal 0.0517036 0.156247 -0.986364
    outer loop
      vertex 20 1.74126 41.808
      vertex 18.7801 0.875425 41.6069
      vertex 18.7657 1.74126 41.7433
    endloop
  endfacet
  facet normal 0.0517483 0.156186 -0.986371
    outer loop
      vertex 20 1.74126 41.808
      vertex 20 0.875425 41.6709
      vertex 18.7801 0.875425 41.6069
    endloop
  endfacet
  facet normal 0.0505343 0.258545 -0.964677
    outer loop
      vertex 20 2.58802 42.0349
      vertex 18.7657 1.74126 41.7433
      vertex 18.742 2.58802 41.969
    endloop
  endfacet
  facet normal 0.0505673 0.2585 -0.964687
    outer loop
      vertex 20 2.58802 42.0349
      vertex 20 1.74126 41.808
      vertex 18.7657 1.74126 41.7433
    endloop
  endfacet
  facet normal 0.0489066 0.357905 -0.932476
    outer loop
      vertex 20 3.40642 42.3491
      vertex 18.742 2.58802 41.969
      vertex 18.7092 3.40642 42.2814
    endloop
  endfacet
  facet normal 0.0488461 0.357986 -0.932449
    outer loop
      vertex 20 3.40642 42.3491
      vertex 20 2.58802 42.0349
      vertex 18.742 2.58802 41.969
    endloop
  endfacet
  facet normal 0.0466261 0.453496 -0.890038
    outer loop
      vertex 20 4.1875 42.747
      vertex 18.7092 3.40642 42.2814
      vertex 18.6676 4.1875 42.6772
    endloop
  endfacet
  facet normal 0.0466826 0.453423 -0.890072
    outer loop
      vertex 20 4.1875 42.747
      vertex 20 3.40642 42.3491
      vertex 18.7092 3.40642 42.2814
    endloop
  endfacet
  facet normal 0.0439455 0.544091 -0.837875
    outer loop
      vertex 20 4.9227 43.2245
      vertex 18.6676 4.1875 42.6772
      vertex 18.6177 4.9227 43.152
    endloop
  endfacet
  facet normal 0.0438913 0.544159 -0.837833
    outer loop
      vertex 20 4.9227 43.2245
      vertex 20 4.1875 42.747
      vertex 18.6676 4.1875 42.6772
    endloop
  endfacet
  facet normal 0.0407111 0.628829 -0.776477
    outer loop
      vertex 20 5.60397 43.7762
      vertex 18.6177 4.9227 43.152
      vertex 18.56 5.60397 43.7007
    endloop
  endfacet
  facet normal 0.040726 0.628811 -0.776491
    outer loop
      vertex 20 5.60397 43.7762
      vertex 20 4.9227 43.2245
      vertex 18.6177 4.9227 43.152
    endloop
  endfacet
  facet normal 0.0370021 0.706636 -0.706609
    outer loop
      vertex 20 6.22384 44.396
      vertex 18.56 5.60397 43.7007
      vertex 18.4952 6.22384 44.3172
    endloop
  endfacet
  facet normal 0.0370506 0.706581 -0.706661
    outer loop
      vertex 20 6.22384 44.396
      vertex 20 5.60397 43.7762
      vertex 18.56 5.60397 43.7007
    endloop
  endfacet
  facet normal 0.0329666 0.776707 -0.628999
    outer loop
      vertex 20 6.77552 45.0773
      vertex 18.4952 6.22384 44.3172
      vertex 18.424 6.77552 44.9947
    endloop
  endfacet
  facet normal 0.032936 0.776739 -0.628961
    outer loop
      vertex 20 6.77552 45.0773
      vertex 20 6.22384 44.396
      vertex 18.4952 6.22384 44.3172
    endloop
  endfacet
  facet normal 0.0285226 0.838341 -0.544399
    outer loop
      vertex 20 7.25296 45.8125
      vertex 18.424 6.77552 44.9947
      vertex 18.3471 7.25296 45.7259
    endloop
  endfacet
  facet normal 0.0285334 0.838331 -0.544414
    outer loop
      vertex 20 7.25296 45.8125
      vertex 20 6.77552 45.0773
      vertex 18.424 6.77552 44.9947
    endloop
  endfacet
  facet normal 0.0237856 0.890754 -0.453864
    outer loop
      vertex 20 7.65094 46.5936
      vertex 18.3471 7.25296 45.7259
      vertex 18.2655 7.65094 46.5027
    endloop
  endfacet
  facet normal 0.0237786 0.890759 -0.453853
    outer loop
      vertex 20 7.65094 46.5936
      vertex 20 7.25296 45.8125
      vertex 18.3471 7.25296 45.7259
    endloop
  endfacet
  facet normal 0.0187821 0.933411 -0.358317
    outer loop
      vertex 20 7.9651 47.412
      vertex 18.2655 7.65094 46.5027
      vertex 18.18 7.9651 47.3166
    endloop
  endfacet
  facet normal 0.018778 0.933414 -0.35831
    outer loop
      vertex 20 7.9651 47.412
      vertex 20 7.65094 46.5936
      vertex 18.2655 7.65094 46.5027
    endloop
  endfacet
  facet normal 0.0135598 0.965835 -0.258802
    outer loop
      vertex 20 8.19199 48.2587
      vertex 18.18 7.9651 47.3166
      vertex 18.0914 8.19199 48.1587
    endloop
  endfacet
  facet normal 0.0135664 0.965832 -0.258814
    outer loop
      vertex 20 8.19199 48.2587
      vertex 20 7.9651 47.412
      vertex 18.18 7.9651 47.3166
    endloop
  endfacet
  facet normal 0.00820021 0.987656 -0.156422
    outer loop
      vertex 20 8.32912 49.1246
      vertex 18.0914 8.19199 48.1587
      vertex 18.0009 8.32912 49.0198
    endloop
  endfacet
  facet normal 0.00819514 0.987658 -0.156412
    outer loop
      vertex 20 8.32912 49.1246
      vertex 20 8.19199 48.2587
      vertex 18.0914 8.19199 48.1587
    endloop
  endfacet
  facet normal 0.00274385 0.998626 -0.0523385
    outer loop
      vertex 20 8.375 50
      vertex 18.0009 8.32912 49.0198
      vertex 17.9094 8.375 49.8904
    endloop
  endfacet
  facet normal 0.00274376 0.998626 -0.0523383
    outer loop
      vertex 20 8.375 50
      vertex 20 8.32912 49.1246
      vertex 18.0009 8.32912 49.0198
    endloop
  endfacet
  facet normal -0.00274123 0.998626 0.0523328
    outer loop
      vertex 20 8.32912 50.8754
      vertex 17.9094 8.375 49.8904
      vertex 17.8179 8.32912 50.7611
    endloop
  endfacet
  facet normal -0.00274384 0.998626 0.0523383
    outer loop
      vertex 20 8.32912 50.8754
      vertex 20 8.375 50
      vertex 17.9094 8.375 49.8904
    endloop
  endfacet
  facet normal -0.00819762 0.987656 0.156422
    outer loop
      vertex 20 8.19199 51.7413
      vertex 17.8179 8.32912 50.7611
      vertex 17.7274 8.19199 51.6222
    endloop
  endfacet
  facet normal -0.008193 0.987658 0.156412
    outer loop
      vertex 20 8.19199 51.7413
      vertex 20 8.32912 50.8754
      vertex 17.8179 8.32912 50.7611
    endloop
  endfacet
  facet normal -0.0135589 0.965835 0.258803
    outer loop
      vertex 20 7.9651 52.588
      vertex 17.7274 8.19199 51.6222
      vertex 17.6389 7.9651 52.4643
    endloop
  endfacet
  facet normal -0.0135636 0.965832 0.258814
    outer loop
      vertex 20 7.9651 52.588
      vertex 20 8.19199 51.7413
      vertex 17.7274 8.19199 51.6222
    endloop
  endfacet
  facet normal -0.0187756 0.933411 0.358318
    outer loop
      vertex 20 7.65094 53.4064
      vertex 17.6389 7.9651 52.4643
      vertex 17.5534 7.65094 53.2782
    endloop
  endfacet
  facet normal -0.0187722 0.933414 0.35831
    outer loop
      vertex 20 7.65094 53.4064
      vertex 20 7.9651 52.588
      vertex 17.6389 7.9651 52.4643
    endloop
  endfacet
  facet normal -0.0237854 0.890755 0.453861
    outer loop
      vertex 20 7.25296 54.1875
      vertex 17.5534 7.65094 53.2782
      vertex 17.4717 7.25296 54.055
    endloop
  endfacet
  facet normal -0.0237815 0.890759 0.453853
    outer loop
      vertex 20 7.25296 54.1875
      vertex 20 7.65094 53.4064
      vertex 17.5534 7.65094 53.2782
    endloop
  endfacet
  facet normal -0.0285251 0.83834 0.544401
    outer loop
      vertex 20 6.77552 54.9227
      vertex 17.4717 7.25296 54.055
      vertex 17.3949 6.77552 54.7862
    endloop
  endfacet
  facet normal -0.028531 0.838331 0.544414
    outer loop
      vertex 20 6.77552 54.9227
      vertex 20 7.25296 54.1875
      vertex 17.4717 7.25296 54.055
    endloop
  endfacet
  facet normal -0.032974 0.776707 0.628998
    outer loop
      vertex 20 6.22384 55.604
      vertex 17.3949 6.77552 54.7862
      vertex 17.3237 6.22384 55.4637
    endloop
  endfacet
  facet normal -0.0329659 0.776581 0.629154
    outer loop
      vertex 17.3949 6.77552 54.7862
      vertex 20 6.75 54.9542
      vertex 20 6.77552 54.9227
    endloop
  endfacet
  facet normal -0.0329512 0.776746 0.628951
    outer loop
      vertex 20 6.75 54.9542
      vertex 17.3949 6.77552 54.7862
      vertex 20 6.22384 55.604
    endloop
  endfacet
  facet normal -0.0370176 0.706636 0.706608
    outer loop
      vertex 20 5.60397 56.2238
      vertex 17.3237 6.22384 55.4637
      vertex 17.2589 5.60397 56.0802
    endloop
  endfacet
  facet normal -0.0370454 0.706582 0.706661
    outer loop
      vertex 20 5.60397 56.2238
      vertex 20 6.22384 55.604
      vertex 17.3237 6.22384 55.4637
    endloop
  endfacet
  facet normal -0.0407023 0.62876 0.776534
    outer loop
      vertex 20 4.9227 56.7755
      vertex 17.2589 5.60397 56.0802
      vertex 17.2012 4.9227 56.6288
    endloop
  endfacet
  facet normal -0.0406787 0.628812 0.776492
    outer loop
      vertex 20 4.9227 56.7755
      vertex 20 5.60397 56.2238
      vertex 17.2589 5.60397 56.0802
    endloop
  endfacet
  facet normal -0.0439103 0.54417 0.837825
    outer loop
      vertex 20 4.1875 57.253
      vertex 17.2012 4.9227 56.6288
      vertex 17.1513 4.1875 57.1037
    endloop
  endfacet
  facet normal -0.0439153 0.544158 0.837833
    outer loop
      vertex 20 4.1875 57.253
      vertex 20 4.9227 56.7755
      vertex 17.2012 4.9227 56.6288
    endloop
  endfacet
  facet normal -0.0466221 0.453496 0.890038
    outer loop
      vertex 20 3.40642 57.6509
      vertex 17.1513 4.1875 57.1037
      vertex 17.1097 3.40642 57.4995
    endloop
  endfacet
  facet normal -0.0466486 0.453424 0.890073
    outer loop
      vertex 20 3.40642 57.6509
      vertex 20 4.1875 57.253
      vertex 17.1513 4.1875 57.1037
    endloop
  endfacet
  facet normal -0.0488713 0.357905 0.932478
    outer loop
      vertex 20 2.58802 57.9651
      vertex 17.1097 3.40642 57.4995
      vertex 17.0769 2.58802 57.8119
    endloop
  endfacet
  facet normal -0.0488436 0.357986 0.932449
    outer loop
      vertex 20 2.58802 57.9651
      vertex 20 3.40642 57.6509
      vertex 17.1097 3.40642 57.4995
    endloop
  endfacet
  facet normal -0.0505773 0.258444 0.964701
    outer loop
      vertex 20 1.74126 58.192
      vertex 17.0769 2.58802 57.8119
      vertex 17.0531 1.74126 58.0375
    endloop
  endfacet
  facet normal -0.0505594 0.2585 0.964687
    outer loop
      vertex 20 1.74126 58.192
      vertex 20 2.58802 57.9651
      vertex 17.0769 2.58802 57.8119
    endloop
  endfacet
  facet normal -0.0516966 0.156242 0.986365
    outer loop
      vertex 20 0.875425 58.3291
      vertex 17.0531 1.74126 58.0375
      vertex 17.0388 0.875425 58.1739
    endloop
  endfacet
  facet normal -0.0517135 0.156186 0.986373
    outer loop
      vertex 20 0.875425 58.3291
      vertex 20 1.74126 58.192
      vertex 17.0531 1.74126 58.0375
    endloop
  endfacet
  facet normal -0.0522503 0.0523467 0.997261
    outer loop
      vertex 20 0 58.375
      vertex 17.0388 0.875425 58.1739
      vertex 17.034 0 58.2196
    endloop
  endfacet
  facet normal -0.0522677 0.0522882 0.997263
    outer loop
      vertex 20 0 58.375
      vertex 20 0.875425 58.3291
      vertex 17.0388 0.875425 58.1739
    endloop
  endfacet
  facet normal 0 0 -1
    outer loop
      vertex 0.875426 -8.32912 30
      vertex 0.875425 -8.32912 30
      vertex 1.74126 -8.19199 30
    endloop
  endfacet
  facet normal 0 -0 -1
    outer loop
      vertex 0.875425 -8.32912 30
      vertex 0.875426 -8.32912 30
      vertex 0 -8.375 30
    endloop
  endfacet
  facet normal 0 0 -1
    outer loop
      vertex 0.875425 8.32912 30
      vertex 0.875426 8.32912 30
      vertex 1.74126 8.19199 30
    endloop
  endfacet
  facet normal 0 0 -1
    outer loop
      vertex 0.875426 8.32912 30
      vertex 0.875425 8.32912 30
      vertex 0 8.375 30
    endloop
  endfacet
  facet normal 0.629319 0.777147 -0
    outer loop
      vertex 5.60397 6.22384 0
      vertex 4.9227 6.77552 30
      vertex 5.60397 6.22384 30
    endloop
  endfacet
  facet normal 0.629319 0.777147 0
    outer loop
      vertex 4.9227 6.77552 30
      vertex 5.60397 6.22384 0
      vertex 4.9227 6.77552 0
    endloop
  endfacet
  facet normal -0.358374 0.933578 0
    outer loop
      vertex -2.58802 7.9651 0
      vertex -3.40642 7.65094 30
      vertex -2.58802 7.9651 30
    endloop
  endfacet
  facet normal -0.358374 0.933578 0
    outer loop
      vertex -3.40642 7.65094 30
      vertex -2.58802 7.9651 0
      vertex -3.40642 7.65094 0
    endloop
  endfacet
  facet normal -0.891007 0.45399 0
    outer loop
      vertex -7.65094 3.40642 0
      vertex -7.25296 4.1875 30
      vertex -7.25296 4.1875 0
    endloop
  endfacet
  facet normal -0.891007 0.45399 0
    outer loop
      vertex -7.25296 4.1875 30
      vertex -7.65094 3.40642 0
      vertex -7.65094 3.40642 30
    endloop
  endfacet
  facet normal 0.998629 -0.052337 0
    outer loop
      vertex 8.32912 -0.875425 30
      vertex 8.375 0 0
      vertex 8.375 0 30
    endloop
  endfacet
  facet normal 0.998629 -0.052337 0
    outer loop
      vertex 8.375 0 0
      vertex 8.32912 -0.875425 30
      vertex 8.32912 -0.875425 0
    endloop
  endfacet
  facet normal 0.891007 0.45399 0
    outer loop
      vertex 7.65094 3.40642 30
      vertex 7.25296 4.1875 0
      vertex 7.25296 4.1875 30
    endloop
  endfacet
  facet normal 0.891007 0.45399 0
    outer loop
      vertex 7.25296 4.1875 0
      vertex 7.65094 3.40642 30
      vertex 7.65094 3.40642 0
    endloop
  endfacet
  facet normal 0.838673 0.544635 0
    outer loop
      vertex 7.25296 4.1875 30
      vertex 6.77552 4.9227 0
      vertex 6.77552 4.9227 30
    endloop
  endfacet
  facet normal 0.838673 0.544635 0
    outer loop
      vertex 6.77552 4.9227 0
      vertex 7.25296 4.1875 30
      vertex 7.25296 4.1875 0
    endloop
  endfacet
  facet normal 0.707107 0.707107 0
    outer loop
      vertex 6.22384 5.60397 30
      vertex 5.60397 6.22384 0
      vertex 5.60397 6.22384 30
    endloop
  endfacet
  facet normal 0.707107 0.707107 0
    outer loop
      vertex 5.60397 6.22384 0
      vertex 6.22384 5.60397 30
      vertex 6.22384 5.60397 0
    endloop
  endfacet
  facet normal 0.45399 0.891007 -0
    outer loop
      vertex 4.1875 7.25296 0
      vertex 3.40642 7.65094 30
      vertex 4.1875 7.25296 30
    endloop
  endfacet
  facet normal 0.45399 0.891007 0
    outer loop
      vertex 3.40642 7.65094 30
      vertex 4.1875 7.25296 0
      vertex 3.40642 7.65094 0
    endloop
  endfacet
  facet normal -0.707107 0.707107 0
    outer loop
      vertex -6.22384 5.60397 0
      vertex -5.60397 6.22384 30
      vertex -5.60397 6.22384 0
    endloop
  endfacet
  facet normal -0.707107 0.707107 0
    outer loop
      vertex -5.60397 6.22384 30
      vertex -6.22384 5.60397 0
      vertex -6.22384 5.60397 30
    endloop
  endfacet
  facet normal -0.45399 0.891007 0
    outer loop
      vertex -3.40642 7.65094 0
      vertex -4.1875 7.25296 30
      vertex -3.40642 7.65094 30
    endloop
  endfacet
  facet normal -0.45399 0.891007 0
    outer loop
      vertex -4.1875 7.25296 30
      vertex -3.40642 7.65094 0
      vertex -4.1875 7.25296 0
    endloop
  endfacet
  facet normal -0.156429 0.987689 0
    outer loop
      vertex -0.875425 8.32912 0
      vertex -1.74126 8.19199 30
      vertex -0.875425 8.32912 30
    endloop
  endfacet
  facet normal -0.156429 0.987689 0
    outer loop
      vertex -1.74126 8.19199 30
      vertex -0.875425 8.32912 0
      vertex -1.74126 8.19199 0
    endloop
  endfacet
  facet normal 0.933578 -0.358374 0
    outer loop
      vertex 7.65094 -3.40642 30
      vertex 7.9651 -2.58802 0
      vertex 7.9651 -2.58802 30
    endloop
  endfacet
  facet normal 0.933578 -0.358374 0
    outer loop
      vertex 7.9651 -2.58802 0
      vertex 7.65094 -3.40642 30
      vertex 7.65094 -3.40642 0
    endloop
  endfacet
  facet normal -0.156429 -0.987689 0
    outer loop
      vertex -1.74126 -8.19199 0
      vertex -0.875425 -8.32912 30
      vertex -1.74126 -8.19199 30
    endloop
  endfacet
  facet normal -0.156429 -0.987689 -0
    outer loop
      vertex -0.875425 -8.32912 30
      vertex -1.74126 -8.19199 0
      vertex -0.875425 -8.32912 0
    endloop
  endfacet
  facet normal -0.707107 -0.707107 0
    outer loop
      vertex -5.60397 -6.22384 0
      vertex -6.22384 -5.60397 30
      vertex -6.22384 -5.60397 0
    endloop
  endfacet
  facet normal -0.707107 -0.707107 0
    outer loop
      vertex -6.22384 -5.60397 30
      vertex -5.60397 -6.22384 0
      vertex -5.60397 -6.22384 30
    endloop
  endfacet
  facet normal -0.891007 -0.45399 0
    outer loop
      vertex -7.25296 -4.1875 0
      vertex -7.65094 -3.40642 30
      vertex -7.65094 -3.40642 0
    endloop
  endfacet
  facet normal -0.891007 -0.45399 0
    outer loop
      vertex -7.65094 -3.40642 30
      vertex -7.25296 -4.1875 0
      vertex -7.25296 -4.1875 30
    endloop
  endfacet
  facet normal -0.987689 -0.156429 0
    outer loop
      vertex -8.19199 -1.74126 0
      vertex -8.32912 -0.875425 30
      vertex -8.32912 -0.875425 0
    endloop
  endfacet
  facet normal -0.987689 -0.156429 0
    outer loop
      vertex -8.32912 -0.875425 30
      vertex -8.19199 -1.74126 0
      vertex -8.19199 -1.74126 30
    endloop
  endfacet
  facet normal 0.965925 0.25882 0
    outer loop
      vertex 8.19199 1.74126 30
      vertex 7.9651 2.58802 0
      vertex 7.9651 2.58802 30
    endloop
  endfacet
  facet normal 0.965925 0.25882 0
    outer loop
      vertex 7.9651 2.58802 0
      vertex 8.19199 1.74126 30
      vertex 8.19199 1.74126 0
    endloop
  endfacet
  facet normal 0.933578 0.358374 0
    outer loop
      vertex 7.9651 2.58802 30
      vertex 7.65094 3.40642 0
      vertex 7.65094 3.40642 30
    endloop
  endfacet
  facet normal 0.933578 0.358374 0
    outer loop
      vertex 7.65094 3.40642 0
      vertex 7.9651 2.58802 30
      vertex 7.9651 2.58802 0
    endloop
  endfacet
  facet normal 0.777147 0.629319 0
    outer loop
      vertex 6.77552 4.9227 30
      vertex 6.22384 5.60397 0
      vertex 6.22384 5.60397 30
    endloop
  endfacet
  facet normal 0.777147 0.629319 0
    outer loop
      vertex 6.22384 5.60397 0
      vertex 6.77552 4.9227 30
      vertex 6.77552 4.9227 0
    endloop
  endfacet
  facet normal 0.544635 0.838673 -0
    outer loop
      vertex 4.9227 6.77552 0
      vertex 4.1875 7.25296 30
      vertex 4.9227 6.77552 30
    endloop
  endfacet
  facet normal 0.544635 0.838673 0
    outer loop
      vertex 4.1875 7.25296 30
      vertex 4.9227 6.77552 0
      vertex 4.1875 7.25296 0
    endloop
  endfacet
  facet normal 0.052337 0.998629 -0
    outer loop
      vertex 0.875425 8.32912 0
      vertex 0 8.375 30
      vertex 0.875425 8.32912 30
    endloop
  endfacet
  facet normal 0.052337 0.998629 0
    outer loop
      vertex 0 8.375 30
      vertex 0.875425 8.32912 0
      vertex 0 8.375 0
    endloop
  endfacet
  facet normal 0.358374 0.933578 -0
    outer loop
      vertex 3.40642 7.65094 0
      vertex 2.58802 7.9651 30
      vertex 3.40642 7.65094 30
    endloop
  endfacet
  facet normal 0.358374 0.933578 0
    outer loop
      vertex 2.58802 7.9651 30
      vertex 3.40642 7.65094 0
      vertex 2.58802 7.9651 0
    endloop
  endfacet
  facet normal 0.25882 0.965925 -0
    outer loop
      vertex 2.58802 7.9651 0
      vertex 1.74126 8.19199 30
      vertex 2.58802 7.9651 30
    endloop
  endfacet
  facet normal 0.25882 0.965925 0
    outer loop
      vertex 1.74126 8.19199 30
      vertex 2.58802 7.9651 0
      vertex 1.74126 8.19199 0
    endloop
  endfacet
  facet normal -0.998629 0.052337 0
    outer loop
      vertex -8.375 0 0
      vertex -8.32912 0.875425 30
      vertex -8.32912 0.875425 0
    endloop
  endfacet
  facet normal -0.998629 0.052337 0
    outer loop
      vertex -8.32912 0.875425 30
      vertex -8.375 0 0
      vertex -8.375 0 30
    endloop
  endfacet
  facet normal -0.933578 0.358374 0
    outer loop
      vertex -7.9651 2.58802 0
      vertex -7.65094 3.40642 30
      vertex -7.65094 3.40642 0
    endloop
  endfacet
  facet normal -0.933578 0.358374 0
    outer loop
      vertex -7.65094 3.40642 30
      vertex -7.9651 2.58802 0
      vertex -7.9651 2.58802 30
    endloop
  endfacet
  facet normal -0.965925 0.25882 0
    outer loop
      vertex -8.19199 1.74126 0
      vertex -7.9651 2.58802 30
      vertex -7.9651 2.58802 0
    endloop
  endfacet
  facet normal -0.965925 0.25882 0
    outer loop
      vertex -7.9651 2.58802 30
      vertex -8.19199 1.74126 0
      vertex -8.19199 1.74126 30
    endloop
  endfacet
  facet normal -0.838673 0.544635 0
    outer loop
      vertex -7.25296 4.1875 0
      vertex -6.77552 4.9227 30
      vertex -6.77552 4.9227 0
    endloop
  endfacet
  facet normal -0.838673 0.544635 0
    outer loop
      vertex -6.77552 4.9227 30
      vertex -7.25296 4.1875 0
      vertex -7.25296 4.1875 30
    endloop
  endfacet
  facet normal -0.777147 0.629319 0
    outer loop
      vertex -6.77552 4.9227 0
      vertex -6.22384 5.60397 30
      vertex -6.22384 5.60397 0
    endloop
  endfacet
  facet normal -0.777147 0.629319 0
    outer loop
      vertex -6.22384 5.60397 30
      vertex -6.77552 4.9227 0
      vertex -6.77552 4.9227 30
    endloop
  endfacet
  facet normal -0.25882 0.965925 0
    outer loop
      vertex -1.74126 8.19199 0
      vertex -2.58802 7.9651 30
      vertex -1.74126 8.19199 30
    endloop
  endfacet
  facet normal -0.25882 0.965925 0
    outer loop
      vertex -2.58802 7.9651 30
      vertex -1.74126 8.19199 0
      vertex -2.58802 7.9651 0
    endloop
  endfacet
  facet normal -0.052337 0.998629 0
    outer loop
      vertex 0 8.375 0
      vertex -0.875425 8.32912 30
      vertex 0 8.375 30
    endloop
  endfacet
  facet normal -0.052337 0.998629 0
    outer loop
      vertex -0.875425 8.32912 30
      vertex 0 8.375 0
      vertex -0.875425 8.32912 0
    endloop
  endfacet
  facet normal -0.544635 0.838673 0
    outer loop
      vertex -4.1875 7.25296 0
      vertex -4.9227 6.77552 30
      vertex -4.1875 7.25296 30
    endloop
  endfacet
  facet normal -0.544635 0.838673 0
    outer loop
      vertex -4.9227 6.77552 30
      vertex -4.1875 7.25296 0
      vertex -4.9227 6.77552 0
    endloop
  endfacet
  facet normal -0.629319 0.777147 0
    outer loop
      vertex -4.9227 6.77552 0
      vertex -5.60397 6.22384 30
      vertex -4.9227 6.77552 30
    endloop
  endfacet
  facet normal -0.629319 0.777147 0
    outer loop
      vertex -5.60397 6.22384 30
      vertex -4.9227 6.77552 0
      vertex -5.60397 6.22384 0
    endloop
  endfacet
  facet normal 0.998629 0.052337 0
    outer loop
      vertex 8.375 0 30
      vertex 8.32912 0.875425 0
      vertex 8.32912 0.875425 30
    endloop
  endfacet
  facet normal 0.998629 0.052337 0
    outer loop
      vertex 8.32912 0.875425 0
      vertex 8.375 0 30
      vertex 8.375 0 0
    endloop
  endfacet
  facet normal 0.052337 -0.998629 0
    outer loop
      vertex 0 -8.375 0
      vertex 0.875425 -8.32912 30
      vertex 0 -8.375 30
    endloop
  endfacet
  facet normal 0.052337 -0.998629 0
    outer loop
      vertex 0.875425 -8.32912 30
      vertex 0 -8.375 0
      vertex 0.875425 -8.32912 0
    endloop
  endfacet
  facet normal 0.965925 -0.25882 0
    outer loop
      vertex 7.9651 -2.58802 30
      vertex 8.19199 -1.74126 0
      vertex 8.19199 -1.74126 30
    endloop
  endfacet
  facet normal 0.965925 -0.25882 0
    outer loop
      vertex 8.19199 -1.74126 0
      vertex 7.9651 -2.58802 30
      vertex 7.9651 -2.58802 0
    endloop
  endfacet
  facet normal 0.777147 -0.629319 0
    outer loop
      vertex 6.22384 -5.60397 30
      vertex 6.77552 -4.9227 0
      vertex 6.77552 -4.9227 30
    endloop
  endfacet
  facet normal 0.777147 -0.629319 0
    outer loop
      vertex 6.77552 -4.9227 0
      vertex 6.22384 -5.60397 30
      vertex 6.22384 -5.60397 0
    endloop
  endfacet
  facet normal 0.891007 -0.45399 0
    outer loop
      vertex 7.25296 -4.1875 30
      vertex 7.65094 -3.40642 0
      vertex 7.65094 -3.40642 30
    endloop
  endfacet
  facet normal 0.891007 -0.45399 0
    outer loop
      vertex 7.65094 -3.40642 0
      vertex 7.25296 -4.1875 30
      vertex 7.25296 -4.1875 0
    endloop
  endfacet
  facet normal 0.156429 -0.987689 0
    outer loop
      vertex 0.875425 -8.32912 0
      vertex 1.74126 -8.19199 30
      vertex 0.875425 -8.32912 30
    endloop
  endfacet
  facet normal 0.156429 -0.987689 0
    outer loop
      vertex 1.74126 -8.19199 30
      vertex 0.875425 -8.32912 0
      vertex 1.74126 -8.19199 0
    endloop
  endfacet
  facet normal 0.25882 -0.965925 0
    outer loop
      vertex 1.74126 -8.19199 0
      vertex 2.58802 -7.9651 30
      vertex 1.74126 -8.19199 30
    endloop
  endfacet
  facet normal 0.25882 -0.965925 0
    outer loop
      vertex 2.58802 -7.9651 30
      vertex 1.74126 -8.19199 0
      vertex 2.58802 -7.9651 0
    endloop
  endfacet
  facet normal 0.707107 -0.707107 0
    outer loop
      vertex 5.60397 -6.22384 30
      vertex 6.22384 -5.60397 0
      vertex 6.22384 -5.60397 30
    endloop
  endfacet
  facet normal 0.707107 -0.707107 0
    outer loop
      vertex 6.22384 -5.60397 0
      vertex 5.60397 -6.22384 30
      vertex 5.60397 -6.22384 0
    endloop
  endfacet
  facet normal 0.629319 -0.777147 0
    outer loop
      vertex 4.9227 -6.77552 0
      vertex 5.60397 -6.22384 30
      vertex 4.9227 -6.77552 30
    endloop
  endfacet
  facet normal 0.629319 -0.777147 0
    outer loop
      vertex 5.60397 -6.22384 30
      vertex 4.9227 -6.77552 0
      vertex 5.60397 -6.22384 0
    endloop
  endfacet
  facet normal 0.45399 -0.891007 0
    outer loop
      vertex 3.40642 -7.65094 0
      vertex 4.1875 -7.25296 30
      vertex 3.40642 -7.65094 30
    endloop
  endfacet
  facet normal 0.45399 -0.891007 0
    outer loop
      vertex 4.1875 -7.25296 30
      vertex 3.40642 -7.65094 0
      vertex 4.1875 -7.25296 0
    endloop
  endfacet
  facet normal -0.052337 -0.998629 0
    outer loop
      vertex -0.875425 -8.32912 0
      vertex 0 -8.375 30
      vertex -0.875425 -8.32912 30
    endloop
  endfacet
  facet normal -0.052337 -0.998629 -0
    outer loop
      vertex 0 -8.375 30
      vertex -0.875425 -8.32912 0
      vertex 0 -8.375 0
    endloop
  endfacet
  facet normal -0.358374 -0.933578 0
    outer loop
      vertex -3.40642 -7.65094 0
      vertex -2.58802 -7.9651 30
      vertex -3.40642 -7.65094 30
    endloop
  endfacet
  facet normal -0.358374 -0.933578 -0
    outer loop
      vertex -2.58802 -7.9651 30
      vertex -3.40642 -7.65094 0
      vertex -2.58802 -7.9651 0
    endloop
  endfacet
  facet normal -0.544635 -0.838673 0
    outer loop
      vertex -4.9227 -6.77552 0
      vertex -4.1875 -7.25296 30
      vertex -4.9227 -6.77552 30
    endloop
  endfacet
  facet normal -0.544635 -0.838673 -0
    outer loop
      vertex -4.1875 -7.25296 30
      vertex -4.9227 -6.77552 0
      vertex -4.1875 -7.25296 0
    endloop
  endfacet
  facet normal -0.965925 -0.25882 0
    outer loop
      vertex -7.9651 -2.58802 0
      vertex -8.19199 -1.74126 30
      vertex -8.19199 -1.74126 0
    endloop
  endfacet
  facet normal -0.965925 -0.25882 0
    outer loop
      vertex -8.19199 -1.74126 30
      vertex -7.9651 -2.58802 0
      vertex -7.9651 -2.58802 30
    endloop
  endfacet
  facet normal -0.998629 -0.052337 0
    outer loop
      vertex -8.32912 -0.875425 0
      vertex -8.375 0 30
      vertex -8.375 0 0
    endloop
  endfacet
  facet normal -0.998629 -0.052337 0
    outer loop
      vertex -8.375 0 30
      vertex -8.32912 -0.875425 0
      vertex -8.32912 -0.875425 30
    endloop
  endfacet
  facet normal -0.838673 -0.544635 0
    outer loop
      vertex -6.77552 -4.9227 0
      vertex -7.25296 -4.1875 30
      vertex -7.25296 -4.1875 0
    endloop
  endfacet
  facet normal -0.838673 -0.544635 0
    outer loop
      vertex -7.25296 -4.1875 30
      vertex -6.77552 -4.9227 0
      vertex -6.77552 -4.9227 30
    endloop
  endfacet
  facet normal -0.777147 -0.629319 0
    outer loop
      vertex -6.22384 -5.60397 0
      vertex -6.77552 -4.9227 30
      vertex -6.77552 -4.9227 0
    endloop
  endfacet
  facet normal -0.777147 -0.629319 0
    outer loop
      vertex -6.77552 -4.9227 30
      vertex -6.22384 -5.60397 0
      vertex -6.22384 -5.60397 30
    endloop
  endfacet
  facet normal 0.987689 0.156429 0
    outer loop
      vertex 8.32912 0.875425 30
      vertex 8.19199 1.74126 0
      vertex 8.19199 1.74126 30
    endloop
  endfacet
  facet normal 0.987689 0.156429 0
    outer loop
      vertex 8.19199 1.74126 0
      vertex 8.32912 0.875425 30
      vertex 8.32912 0.875425 0
    endloop
  endfacet
  facet normal 0.156429 0.987689 -0
    outer loop
      vertex 1.74126 8.19199 0
      vertex 0.875425 8.32912 30
      vertex 1.74126 8.19199 30
    endloop
  endfacet
  facet normal 0.156429 0.987689 0
    outer loop
      vertex 0.875425 8.32912 30
      vertex 1.74126 8.19199 0
      vertex 0.875425 8.32912 0
    endloop
  endfacet
  facet normal -0.987689 0.156429 0
    outer loop
      vertex -8.32912 0.875425 0
      vertex -8.19199 1.74126 30
      vertex -8.19199 1.74126 0
    endloop
  endfacet
  facet normal -0.987689 0.156429 0
    outer loop
      vertex -8.19199 1.74126 30
      vertex -8.32912 0.875425 0
      vertex -8.32912 0.875425 30
    endloop
  endfacet
  facet normal 0.987689 -0.156429 0
    outer loop
      vertex 8.19199 -1.74126 30
      vertex 8.32912 -0.875425 0
      vertex 8.32912 -0.875425 30
    endloop
  endfacet
  facet normal 0.987689 -0.156429 0
    outer loop
      vertex 8.32912 -0.875425 0
      vertex 8.19199 -1.74126 30
      vertex 8.19199 -1.74126 0
    endloop
  endfacet
  facet normal 0.838673 -0.544635 0
    outer loop
      vertex 6.77552 -4.9227 30
      vertex 7.25296 -4.1875 0
      vertex 7.25296 -4.1875 30
    endloop
  endfacet
  facet normal 0.838673 -0.544635 0
    outer loop
      vertex 7.25296 -4.1875 0
      vertex 6.77552 -4.9227 30
      vertex 6.77552 -4.9227 0
    endloop
  endfacet
  facet normal 0.358374 -0.933578 0
    outer loop
      vertex 2.58802 -7.9651 0
      vertex 3.40642 -7.65094 30
      vertex 2.58802 -7.9651 30
    endloop
  endfacet
  facet normal 0.358374 -0.933578 0
    outer loop
      vertex 3.40642 -7.65094 30
      vertex 2.58802 -7.9651 0
      vertex 3.40642 -7.65094 0
    endloop
  endfacet
  facet normal 0.544635 -0.838673 0
    outer loop
      vertex 4.1875 -7.25296 0
      vertex 4.9227 -6.77552 30
      vertex 4.1875 -7.25296 30
    endloop
  endfacet
  facet normal 0.544635 -0.838673 0
    outer loop
      vertex 4.9227 -6.77552 30
      vertex 4.1875 -7.25296 0
      vertex 4.9227 -6.77552 0
    endloop
  endfacet
  facet normal -0.25882 -0.965925 0
    outer loop
      vertex -2.58802 -7.9651 0
      vertex -1.74126 -8.19199 30
      vertex -2.58802 -7.9651 30
    endloop
  endfacet
  facet normal -0.25882 -0.965925 -0
    outer loop
      vertex -1.74126 -8.19199 30
      vertex -2.58802 -7.9651 0
      vertex -1.74126 -8.19199 0
    endloop
  endfacet
  facet normal -0.45399 -0.891007 0
    outer loop
      vertex -4.1875 -7.25296 0
      vertex -3.40642 -7.65094 30
      vertex -4.1875 -7.25296 30
    endloop
  endfacet
  facet normal -0.45399 -0.891007 -0
    outer loop
      vertex -3.40642 -7.65094 30
      vertex -4.1875 -7.25296 0
      vertex -3.40642 -7.65094 0
    endloop
  endfacet
  facet normal -0.629319 -0.777147 0
    outer loop
      vertex -5.60397 -6.22384 0
      vertex -4.9227 -6.77552 30
      vertex -5.60397 -6.22384 30
    endloop
  endfacet
  facet normal -0.629319 -0.777147 -0
    outer loop
      vertex -4.9227 -6.77552 30
      vertex -5.60397 -6.22384 0
      vertex -4.9227 -6.77552 0
    endloop
  endfacet
  facet normal -0.933578 -0.358374 0
    outer loop
      vertex -7.65094 -3.40642 0
      vertex -7.9651 -2.58802 30
      vertex -7.9651 -2.58802 0
    endloop
  endfacet
  facet normal -0.933578 -0.358374 0
    outer loop
      vertex -7.9651 -2.58802 30
      vertex -7.65094 -3.40642 0
      vertex -7.65094 -3.40642 30
    endloop
  endfacet
  facet normal 0 0.0523598 -0.998628
    outer loop
      vertex 20 0 41.625
      vertex 30 0.875425 41.6709
      vertex 30 0 41.625
    endloop
  endfacet
  facet normal 0 0.0523598 -0.998628
    outer loop
      vertex 30 0.875425 41.6709
      vertex 20 0 41.625
      vertex 20 0.875425 41.6709
    endloop
  endfacet
  facet normal 0 -0.998629 0.0523385
    outer loop
      vertex 30 -8.375 50
      vertex 20 -8.32912 50.8754
      vertex 20 -8.375 50
    endloop
  endfacet
  facet normal 0 -0.998629 0.0523385
    outer loop
      vertex 20 -8.32912 50.8754
      vertex 30 -8.375 50
      vertex 45 -8.32912 50.8754
    endloop
  endfacet
  facet normal 0 -0.998629 0.0523385
    outer loop
      vertex 45 -8.32912 50.8754
      vertex 30 -8.375 50
      vertex 45 -8.375 50
    endloop
  endfacet
  facet normal -0 0.777004 0.629496
    outer loop
      vertex 20 6.77552 54.9227
      vertex 33.6787 6.75 54.9542
      vertex 33.7102 6.77552 54.9227
    endloop
  endfacet
  facet normal 0 0.777004 0.629496
    outer loop
      vertex 33.6787 6.75 54.9542
      vertex 20 6.77552 54.9227
      vertex 20 6.75 54.9542
    endloop
  endfacet
  facet normal 0 0.933578 0.358374
    outer loop
      vertex 45 7.9651 52.588
      vertex 20 7.65094 53.4064
      vertex 45 7.65094 53.4064
    endloop
  endfacet
  facet normal 0 0.933578 0.358374
    outer loop
      vertex 20 7.65094 53.4064
      vertex 45 7.9651 52.588
      vertex 20 7.9651 52.588
    endloop
  endfacet
  facet normal 0 0.891011 0.453981
    outer loop
      vertex 45 7.65094 53.4064
      vertex 20 7.25296 54.1875
      vertex 45 7.25296 54.1875
    endloop
  endfacet
  facet normal 0 0.891011 0.453981
    outer loop
      vertex 20 7.25296 54.1875
      vertex 45 7.65094 53.4064
      vertex 20 7.65094 53.4064
    endloop
  endfacet
  facet normal 0 0.987691 0.156418
    outer loop
      vertex 45 8.32912 50.8754
      vertex 20 8.19199 51.7413
      vertex 45 8.19199 51.7413
    endloop
  endfacet
  facet normal 0 0.987691 0.156418
    outer loop
      vertex 20 8.19199 51.7413
      vertex 45 8.32912 50.8754
      vertex 20 8.32912 50.8754
    endloop
  endfacet
  facet normal 0 -0.258831 -0.965923
    outer loop
      vertex 20 -2.58802 42.0349
      vertex 30 -1.74126 41.808
      vertex 30 -2.58802 42.0349
    endloop
  endfacet
  facet normal -0 -0.258831 -0.965923
    outer loop
      vertex 30 -1.74126 41.808
      vertex 20 -2.58802 42.0349
      vertex 20 -1.74126 41.808
    endloop
  endfacet
  facet normal 0 -0.891011 0.453981
    outer loop
      vertex 20 -7.65094 53.4064
      vertex 45 -7.25296 54.1875
      vertex 20 -7.25296 54.1875
    endloop
  endfacet
  facet normal 0 -0.891011 0.453981
    outer loop
      vertex 45 -7.25296 54.1875
      vertex 20 -7.65094 53.4064
      vertex 45 -7.65094 53.4064
    endloop
  endfacet
  facet normal 0 0.156396 -0.987694
    outer loop
      vertex 20 0.875425 41.6709
      vertex 30 1.74126 41.808
      vertex 30 0.875425 41.6709
    endloop
  endfacet
  facet normal 0 0.156396 -0.987694
    outer loop
      vertex 30 1.74126 41.808
      vertex 20 0.875425 41.6709
      vertex 20 1.74126 41.808
    endloop
  endfacet
  facet normal 0 0.358413 -0.933563
    outer loop
      vertex 20 2.58802 42.0349
      vertex 30 3.40642 42.3491
      vertex 30 2.58802 42.0349
    endloop
  endfacet
  facet normal 0 0.358413 -0.933563
    outer loop
      vertex 30 3.40642 42.3491
      vertex 20 2.58802 42.0349
      vertex 20 3.40642 42.3491
    endloop
  endfacet
  facet normal 0 0.707067 -0.707147
    outer loop
      vertex 30 5.60397 43.7762
      vertex 20 6.22384 44.396
      vertex 30 6.22384 44.396
    endloop
  endfacet
  facet normal 0 0.707067 -0.707147
    outer loop
      vertex 20 6.22384 44.396
      vertex 30 5.60397 43.7762
      vertex 20 5.60397 43.7762
    endloop
  endfacet
  facet normal 0 0.544684 -0.838642
    outer loop
      vertex 20 4.1875 42.747
      vertex 30 4.9227 43.2245
      vertex 30 4.1875 42.747
    endloop
  endfacet
  facet normal 0 0.544684 -0.838642
    outer loop
      vertex 30 4.9227 43.2245
      vertex 20 4.1875 42.747
      vertex 20 4.9227 43.2245
    endloop
  endfacet
  facet normal 0 0.933578 -0.358374
    outer loop
      vertex 30 7.65094 46.5936
      vertex 20 7.9651 47.412
      vertex 30 7.9651 47.412
    endloop
  endfacet
  facet normal 0 0.933578 -0.358374
    outer loop
      vertex 20 7.9651 47.412
      vertex 30 7.65094 46.5936
      vertex 20 7.65094 46.5936
    endloop
  endfacet
  facet normal 0 0.987691 -0.156418
    outer loop
      vertex 30 8.19199 48.2587
      vertex 20 8.32912 49.1246
      vertex 30 8.32912 49.1246
    endloop
  endfacet
  facet normal 0 0.987691 -0.156418
    outer loop
      vertex 20 8.32912 49.1246
      vertex 30 8.19199 48.2587
      vertex 20 8.19199 48.2587
    endloop
  endfacet
  facet normal 0 0.891011 -0.453981
    outer loop
      vertex 30 7.25296 45.8125
      vertex 20 7.65094 46.5936
      vertex 30 7.65094 46.5936
    endloop
  endfacet
  facet normal 0 0.891011 -0.453981
    outer loop
      vertex 20 7.65094 46.5936
      vertex 30 7.25296 45.8125
      vertex 20 7.25296 45.8125
    endloop
  endfacet
  facet normal 0 0.77716 -0.629303
    outer loop
      vertex 30 6.22384 44.396
      vertex 20 6.77552 45.0773
      vertex 30 6.77552 45.0773
    endloop
  endfacet
  facet normal 0 0.77716 -0.629303
    outer loop
      vertex 20 6.77552 45.0773
      vertex 30 6.22384 44.396
      vertex 20 6.22384 44.396
    endloop
  endfacet
  facet normal 0 0.840941 0.541127
    outer loop
      vertex 45 7.25 54.1921
      vertex 45 7.25296 54.1875
      vertex 35 7.25 54.1921
    endloop
  endfacet
  facet normal 8.99314e-06 0.838749 0.544517
    outer loop
      vertex 20 7.25296 54.1875
      vertex 33.7102 6.77552 54.9227
      vertex 33.8244 6.86803 54.7802
    endloop
  endfacet
  facet normal -8.09946e-06 0.838567 0.544798
    outer loop
      vertex 20 7.25296 54.1875
      vertex 33.8244 6.86803 54.7802
      vertex 34 6.98205 54.6047
    endloop
  endfacet
  facet normal 4.15394e-06 0.838755 0.544509
    outer loop
      vertex 20 7.25296 54.1875
      vertex 34 6.98205 54.6047
      vertex 34.1865 7.07709 54.4583
    endloop
  endfacet
  facet normal -1.20528e-06 0.838627 0.544706
    outer loop
      vertex 20 7.25296 54.1875
      vertex 34.1865 7.07709 54.4583
      vertex 34.382 7.15211 54.3428
    endloop
  endfacet
  facet normal -3.28164e-06 0.838539 0.544841
    outer loop
      vertex 20 7.25296 54.1875
      vertex 34.382 7.15211 54.3428
      vertex 34.5842 7.2063 54.2594
    endloop
  endfacet
  facet normal 2.59532e-06 0.839084 0.544003
    outer loop
      vertex 20 7.25296 54.1875
      vertex 34.5842 7.2063 54.2594
      vertex 34.7909 7.23904 54.2089
    endloop
  endfacet
  facet normal -2.27793e-06 0.837544 0.54637
    outer loop
      vertex 20 7.25296 54.1875
      vertex 34.7909 7.23904 54.2089
      vertex 35 7.25 54.1921
    endloop
  endfacet
  facet normal 0 0.838673 0.544635
    outer loop
      vertex 33.7102 6.77552 54.9227
      vertex 20 7.25296 54.1875
      vertex 20 6.77552 54.9227
    endloop
  endfacet
  facet normal -0 0.840941 0.541127
    outer loop
      vertex 20 7.25296 54.1875
      vertex 35 7.25 54.1921
      vertex 45 7.25296 54.1875
    endloop
  endfacet
  facet normal 0 0.965921 0.258838
    outer loop
      vertex 45 8.19199 51.7413
      vertex 20 7.9651 52.588
      vertex 45 7.9651 52.588
    endloop
  endfacet
  facet normal 0 0.965921 0.258838
    outer loop
      vertex 20 7.9651 52.588
      vertex 45 8.19199 51.7413
      vertex 20 8.19199 51.7413
    endloop
  endfacet
  facet normal -0 0.998629 0.0523385
    outer loop
      vertex 30 8.375 50
      vertex 45 8.32912 50.8754
      vertex 45 8.375 50
    endloop
  endfacet
  facet normal 0 0.998629 0.0523385
    outer loop
      vertex 45 8.32912 50.8754
      vertex 30 8.375 50
      vertex 20 8.32912 50.8754
    endloop
  endfacet
  facet normal 0 0.998629 0.0523385
    outer loop
      vertex 20 8.32912 50.8754
      vertex 30 8.375 50
      vertex 20 8.375 50
    endloop
  endfacet
  facet normal 0 -0.998629 -0.0523385
    outer loop
      vertex 20 -8.32912 49.1246
      vertex 30 -8.375 50
      vertex 20 -8.375 50
    endloop
  endfacet
  facet normal 0 -0.998629 -0.0523385
    outer loop
      vertex 30 -8.375 50
      vertex 20 -8.32912 49.1246
      vertex 30 -8.32912 49.1246
    endloop
  endfacet
  facet normal 0 -0.965921 -0.258838
    outer loop
      vertex 20 -7.9651 47.412
      vertex 30 -8.19199 48.2587
      vertex 20 -8.19199 48.2587
    endloop
  endfacet
  facet normal 0 -0.965921 -0.258838
    outer loop
      vertex 30 -8.19199 48.2587
      vertex 20 -7.9651 47.412
      vertex 30 -7.9651 47.412
    endloop
  endfacet
  facet normal 0 -0.77716 -0.629303
    outer loop
      vertex 20 -6.22384 44.396
      vertex 30 -6.77552 45.0773
      vertex 20 -6.77552 45.0773
    endloop
  endfacet
  facet normal 0 -0.77716 -0.629303
    outer loop
      vertex 30 -6.77552 45.0773
      vertex 20 -6.22384 44.396
      vertex 30 -6.22384 44.396
    endloop
  endfacet
  facet normal 0 -0.891011 -0.453981
    outer loop
      vertex 20 -7.25296 45.8125
      vertex 30 -7.65094 46.5936
      vertex 20 -7.65094 46.5936
    endloop
  endfacet
  facet normal 0 -0.891011 -0.453981
    outer loop
      vertex 30 -7.65094 46.5936
      vertex 20 -7.25296 45.8125
      vertex 30 -7.25296 45.8125
    endloop
  endfacet
  facet normal 0 -0.629333 -0.777136
    outer loop
      vertex 20 -5.60397 43.7762
      vertex 30 -4.9227 43.2245
      vertex 30 -5.60397 43.7762
    endloop
  endfacet
  facet normal -0 -0.629333 -0.777136
    outer loop
      vertex 30 -4.9227 43.2245
      vertex 20 -5.60397 43.7762
      vertex 20 -4.9227 43.2245
    endloop
  endfacet
  facet normal 0 -0.453918 -0.891044
    outer loop
      vertex 20 -4.1875 42.747
      vertex 30 -3.40642 42.3491
      vertex 30 -4.1875 42.747
    endloop
  endfacet
  facet normal -0 -0.453918 -0.891044
    outer loop
      vertex 30 -3.40642 42.3491
      vertex 20 -4.1875 42.747
      vertex 20 -3.40642 42.3491
    endloop
  endfacet
  facet normal 0 -0.965921 0.258838
    outer loop
      vertex 20 -8.19199 51.7413
      vertex 45 -7.9651 52.588
      vertex 20 -7.9651 52.588
    endloop
  endfacet
  facet normal 0 -0.965921 0.258838
    outer loop
      vertex 45 -7.9651 52.588
      vertex 20 -8.19199 51.7413
      vertex 45 -8.19199 51.7413
    endloop
  endfacet
  facet normal 0 -0.777004 0.629496
    outer loop
      vertex 20 -6.77552 54.9227
      vertex 33.6787 -6.75 54.9542
      vertex 20 -6.75 54.9542
    endloop
  endfacet
  facet normal 0 -0.777004 0.629496
    outer loop
      vertex 33.6787 -6.75 54.9542
      vertex 20 -6.77552 54.9227
      vertex 33.7102 -6.77552 54.9227
    endloop
  endfacet
  facet normal 0 -0.838673 0.544635
    outer loop
      vertex 20 -7.25296 54.1875
      vertex 33.7102 -6.77552 54.9227
      vertex 20 -6.77552 54.9227
    endloop
  endfacet
  facet normal 8.99314e-06 -0.838749 0.544517
    outer loop
      vertex 33.7102 -6.77552 54.9227
      vertex 20 -7.25296 54.1875
      vertex 33.8244 -6.86803 54.7802
    endloop
  endfacet
  facet normal -8.09946e-06 -0.838567 0.544798
    outer loop
      vertex 33.8244 -6.86803 54.7802
      vertex 20 -7.25296 54.1875
      vertex 34 -6.98205 54.6047
    endloop
  endfacet
  facet normal 4.15394e-06 -0.838755 0.544509
    outer loop
      vertex 34 -6.98205 54.6047
      vertex 20 -7.25296 54.1875
      vertex 34.1865 -7.07709 54.4583
    endloop
  endfacet
  facet normal -1.20528e-06 -0.838627 0.544706
    outer loop
      vertex 34.1865 -7.07709 54.4583
      vertex 20 -7.25296 54.1875
      vertex 34.382 -7.15211 54.3428
    endloop
  endfacet
  facet normal -3.28164e-06 -0.838539 0.544841
    outer loop
      vertex 34.382 -7.15211 54.3428
      vertex 20 -7.25296 54.1875
      vertex 34.5842 -7.2063 54.2594
    endloop
  endfacet
  facet normal 2.59532e-06 -0.839084 0.544003
    outer loop
      vertex 34.5842 -7.2063 54.2594
      vertex 20 -7.25296 54.1875
      vertex 34.7909 -7.23904 54.2089
    endloop
  endfacet
  facet normal -2.27793e-06 -0.837544 0.54637
    outer loop
      vertex 34.7909 -7.23904 54.2089
      vertex 20 -7.25296 54.1875
      vertex 35 -7.25 54.1921
    endloop
  endfacet
  facet normal 0 -0.840941 0.541127
    outer loop
      vertex 45 -7.25296 54.1875
      vertex 35 -7.25 54.1921
      vertex 20 -7.25296 54.1875
    endloop
  endfacet
  facet normal 0 -0.840941 0.541127
    outer loop
      vertex 35 -7.25 54.1921
      vertex 45 -7.25296 54.1875
      vertex 45 -7.25 54.1921
    endloop
  endfacet
  facet normal 0 -0.933578 0.358374
    outer loop
      vertex 20 -7.9651 52.588
      vertex 45 -7.65094 53.4064
      vertex 20 -7.65094 53.4064
    endloop
  endfacet
  facet normal 0 -0.933578 0.358374
    outer loop
      vertex 45 -7.65094 53.4064
      vertex 20 -7.9651 52.588
      vertex 45 -7.9651 52.588
    endloop
  endfacet
  facet normal 0 -0.987691 0.156418
    outer loop
      vertex 20 -8.32912 50.8754
      vertex 45 -8.19199 51.7413
      vertex 20 -8.19199 51.7413
    endloop
  endfacet
  facet normal 0 -0.987691 0.156418
    outer loop
      vertex 45 -8.19199 51.7413
      vertex 20 -8.32912 50.8754
      vertex 45 -8.32912 50.8754
    endloop
  endfacet
  facet normal 1 0 0
    outer loop
      vertex 45 -7.65094 53.4064
      vertex 45 -7.25 54.1921
      vertex 45 -7.25296 54.1875
    endloop
  endfacet
  facet normal 1 0 0
    outer loop
      vertex 45 3.25 44.0906
      vertex 45 2.74547 43.8336
      vertex 45 3.25 40.7
    endloop
  endfacet
  facet normal 1 0 0
    outer loop
      vertex 45 7.25 54.1921
      vertex 45 8.375 50
      vertex 45 8.32912 50.8754
    endloop
  endfacet
  facet normal 1 0 0
    outer loop
      vertex 45 7.25 54.1921
      vertex 45 8.32912 50.8754
      vertex 45 8.19199 51.7413
    endloop
  endfacet
  facet normal 1 0 0
    outer loop
      vertex 45 7.25 54.1921
      vertex 45 8.19199 51.7413
      vertex 45 7.9651 52.588
    endloop
  endfacet
  facet normal 1 0 0
    outer loop
      vertex 45 7.25 54.1921
      vertex 45 7.9651 52.588
      vertex 45 7.65094 53.4064
    endloop
  endfacet
  facet normal 1 0 0
    outer loop
      vertex 45 7.25 54.1921
      vertex 45 7.65094 53.4064
      vertex 45 7.25296 54.1875
    endloop
  endfacet
  facet normal 1 0 0
    outer loop
      vertex 45 8.375 50
      vertex 45 7.25 54.1921
      vertex 45 7.25 40.7
    endloop
  endfacet
  facet normal 1 0 0
    outer loop
      vertex 45 8.375 50
      vertex 45 7.25 40.7
      vertex 45 8.375 38
    endloop
  endfacet
  facet normal 1 -0 0
    outer loop
      vertex 45 3.25 40.7
      vertex 45 8.375 38
      vertex 45 7.25 40.7
    endloop
  endfacet
  facet normal 1 -0 0
    outer loop
      vertex 45 2.08586 43.5804
      vertex 45 3.25 40.7
      vertex 45 2.74547 43.8336
    endloop
  endfacet
  facet normal 1 -0 0
    outer loop
      vertex 45 1.4034 43.3975
      vertex 45 3.25 40.7
      vertex 45 2.08586 43.5804
    endloop
  endfacet
  facet normal 1 -0 0
    outer loop
      vertex 45 0.705566 43.287
      vertex 45 3.25 40.7
      vertex 45 1.4034 43.3975
    endloop
  endfacet
  facet normal 1 -0 0
    outer loop
      vertex 45 0 43.25
      vertex 45 3.25 40.7
      vertex 45 0.705566 43.287
    endloop
  endfacet
  facet normal 1 0 0
    outer loop
      vertex 45 -3.25 40.7
      vertex 45 0 43.25
      vertex 45 -0.705566 43.287
    endloop
  endfacet
  facet normal 1 0 0
    outer loop
      vertex 45 -3.25 40.7
      vertex 45 -0.705566 43.287
      vertex 45 -1.4034 43.3975
    endloop
  endfacet
  facet normal 1 0 0
    outer loop
      vertex 45 -3.25 40.7
      vertex 45 -1.4034 43.3975
      vertex 45 -2.08586 43.5804
    endloop
  endfacet
  facet normal 1 0 0
    outer loop
      vertex 45 -3.25 40.7
      vertex 45 -2.08586 43.5804
      vertex 45 -2.74547 43.8336
    endloop
  endfacet
  facet normal 1 0 0
    outer loop
      vertex 45 0 43.25
      vertex 45 -3.25 40.7
      vertex 45 3.25 40.7
    endloop
  endfacet
  facet normal 1 0 0
    outer loop
      vertex 45 -3.25 40.7
      vertex 45 -2.74547 43.8336
      vertex 45 -3.25 44.0906
    endloop
  endfacet
  facet normal 1 0 0
    outer loop
      vertex 45 3.25 40.7
      vertex 45 -3.25 40.7
      vertex 45 8.375 38
    endloop
  endfacet
  facet normal 1 0 0
    outer loop
      vertex 45 -8.375 38
      vertex 45 -3.25 40.7
      vertex 45 -7.25 40.7
    endloop
  endfacet
  facet normal 1 0 0
    outer loop
      vertex 45 -7.25 54.1921
      vertex 45 -7.65094 53.4064
      vertex 45 -8.375 50
    endloop
  endfacet
  facet normal 1 0 0
    outer loop
      vertex 45 -8.375 50
      vertex 45 -7.65094 53.4064
      vertex 45 -7.9651 52.588
    endloop
  endfacet
  facet normal 1 0 0
    outer loop
      vertex 45 -8.375 50
      vertex 45 -7.9651 52.588
      vertex 45 -8.19199 51.7413
    endloop
  endfacet
  facet normal 1 0 0
    outer loop
      vertex 45 -8.375 50
      vertex 45 -8.19199 51.7413
      vertex 45 -8.32912 50.8754
    endloop
  endfacet
  facet normal 1 0 0
    outer loop
      vertex 45 -7.25 54.1921
      vertex 45 -8.375 50
      vertex 45 -7.25 40.7
    endloop
  endfacet
  facet normal 1 0 0
    outer loop
      vertex 45 -3.25 40.7
      vertex 45 -8.375 38
      vertex 45 8.375 38
    endloop
  endfacet
  facet normal 1 0 0
    outer loop
      vertex 45 -8.375 38
      vertex 45 -7.25 40.7
      vertex 45 -8.375 50
    endloop
  endfacet
  facet normal 0 0.258831 -0.965923
    outer loop
      vertex 20 1.74126 41.808
      vertex 30 2.58802 42.0349
      vertex 30 1.74126 41.808
    endloop
  endfacet
  facet normal 0 0.258831 -0.965923
    outer loop
      vertex 30 2.58802 42.0349
      vertex 20 1.74126 41.808
      vertex 20 2.58802 42.0349
    endloop
  endfacet
  facet normal 0 0.453918 -0.891044
    outer loop
      vertex 20 3.40642 42.3491
      vertex 30 4.1875 42.747
      vertex 30 3.40642 42.3491
    endloop
  endfacet
  facet normal 0 0.453918 -0.891044
    outer loop
      vertex 30 4.1875 42.747
      vertex 20 3.40642 42.3491
      vertex 20 4.1875 42.747
    endloop
  endfacet
  facet normal 0 0.629333 -0.777136
    outer loop
      vertex 20 4.9227 43.2245
      vertex 30 5.60397 43.7762
      vertex 30 4.9227 43.2245
    endloop
  endfacet
  facet normal 0 0.629333 -0.777136
    outer loop
      vertex 30 5.60397 43.7762
      vertex 20 4.9227 43.2245
      vertex 20 5.60397 43.7762
    endloop
  endfacet
  facet normal 0 0.965921 -0.258838
    outer loop
      vertex 30 7.9651 47.412
      vertex 20 8.19199 48.2587
      vertex 30 8.19199 48.2587
    endloop
  endfacet
  facet normal 0 0.965921 -0.258838
    outer loop
      vertex 20 8.19199 48.2587
      vertex 30 7.9651 47.412
      vertex 20 7.9651 47.412
    endloop
  endfacet
  facet normal 0 0.998629 -0.0523385
    outer loop
      vertex 30 8.32912 49.1246
      vertex 20 8.375 50
      vertex 30 8.375 50
    endloop
  endfacet
  facet normal 0 0.998629 -0.0523385
    outer loop
      vertex 20 8.375 50
      vertex 30 8.32912 49.1246
      vertex 20 8.32912 49.1246
    endloop
  endfacet
  facet normal 0 0.838673 -0.544635
    outer loop
      vertex 30 6.77552 45.0773
      vertex 20 7.25296 45.8125
      vertex 30 7.25296 45.8125
    endloop
  endfacet
  facet normal 0 0.838673 -0.544635
    outer loop
      vertex 20 7.25296 45.8125
      vertex 30 6.77552 45.0773
      vertex 20 6.77552 45.0773
    endloop
  endfacet
  facet normal 0 -0.987691 -0.156418
    outer loop
      vertex 20 -8.19199 48.2587
      vertex 30 -8.32912 49.1246
      vertex 20 -8.32912 49.1246
    endloop
  endfacet
  facet normal 0 -0.987691 -0.156418
    outer loop
      vertex 30 -8.32912 49.1246
      vertex 20 -8.19199 48.2587
      vertex 30 -8.19199 48.2587
    endloop
  endfacet
  facet normal 0 -0.933578 -0.358374
    outer loop
      vertex 20 -7.65094 46.5936
      vertex 30 -7.9651 47.412
      vertex 20 -7.9651 47.412
    endloop
  endfacet
  facet normal 0 -0.933578 -0.358374
    outer loop
      vertex 30 -7.9651 47.412
      vertex 20 -7.65094 46.5936
      vertex 30 -7.65094 46.5936
    endloop
  endfacet
  facet normal 0 -0.707067 -0.707147
    outer loop
      vertex 20 -5.60397 43.7762
      vertex 30 -6.22384 44.396
      vertex 20 -6.22384 44.396
    endloop
  endfacet
  facet normal 0 -0.707067 -0.707147
    outer loop
      vertex 30 -6.22384 44.396
      vertex 20 -5.60397 43.7762
      vertex 30 -5.60397 43.7762
    endloop
  endfacet
  facet normal 0 -0.838673 -0.544635
    outer loop
      vertex 20 -6.77552 45.0773
      vertex 30 -7.25296 45.8125
      vertex 20 -7.25296 45.8125
    endloop
  endfacet
  facet normal 0 -0.838673 -0.544635
    outer loop
      vertex 30 -7.25296 45.8125
      vertex 20 -6.77552 45.0773
      vertex 30 -6.77552 45.0773
    endloop
  endfacet
  facet normal 0 -0.544684 -0.838642
    outer loop
      vertex 20 -4.9227 43.2245
      vertex 30 -4.1875 42.747
      vertex 30 -4.9227 43.2245
    endloop
  endfacet
  facet normal -0 -0.544684 -0.838642
    outer loop
      vertex 30 -4.1875 42.747
      vertex 20 -4.9227 43.2245
      vertex 20 -4.1875 42.747
    endloop
  endfacet
  facet normal 0 -0.358413 -0.933563
    outer loop
      vertex 20 -3.40642 42.3491
      vertex 30 -2.58802 42.0349
      vertex 30 -3.40642 42.3491
    endloop
  endfacet
  facet normal -0 -0.358413 -0.933563
    outer loop
      vertex 30 -2.58802 42.0349
      vertex 20 -3.40642 42.3491
      vertex 20 -2.58802 42.0349
    endloop
  endfacet
  facet normal 0 -0.156396 -0.987694
    outer loop
      vertex 20 -1.74126 41.808
      vertex 30 -0.875425 41.6709
      vertex 30 -1.74126 41.808
    endloop
  endfacet
  facet normal -0 -0.156396 -0.987694
    outer loop
      vertex 30 -0.875425 41.6709
      vertex 20 -1.74126 41.808
      vertex 20 -0.875425 41.6709
    endloop
  endfacet
  facet normal 0 -0.0523598 -0.998628
    outer loop
      vertex 20 -0.875425 41.6709
      vertex 30 0 41.625
      vertex 30 -0.875425 41.6709
    endloop
  endfacet
  facet normal -0 -0.0523598 -0.998628
    outer loop
      vertex 30 0 41.625
      vertex 20 -0.875425 41.6709
      vertex 20 0 41.625
    endloop
  endfacet
  facet normal -1 0 0
    outer loop
      vertex 30 8.375 38
      vertex 30 8.32912 49.1246
      vertex 30 8.375 50
    endloop
  endfacet
  facet normal -1 0 0
    outer loop
      vertex 30 8.375 38
      vertex 30 8.19199 48.2587
      vertex 30 8.32912 49.1246
    endloop
  endfacet
  facet normal -1 0 0
    outer loop
      vertex 30 8.375 38
      vertex 30 7.9651 47.412
      vertex 30 8.19199 48.2587
    endloop
  endfacet
  facet normal -1 0 0
    outer loop
      vertex 30 8.375 38
      vertex 30 7.65094 46.5936
      vertex 30 7.9651 47.412
    endloop
  endfacet
  facet normal -1 0 0
    outer loop
      vertex 30 8.375 38
      vertex 30 7.25296 45.8125
      vertex 30 7.65094 46.5936
    endloop
  endfacet
  facet normal -1 0 0
    outer loop
      vertex 30 8.375 38
      vertex 30 6.77552 45.0773
      vertex 30 7.25296 45.8125
    endloop
  endfacet
  facet normal -1 0 0
    outer loop
      vertex 30 8.375 38
      vertex 30 6.22384 44.396
      vertex 30 6.77552 45.0773
    endloop
  endfacet
  facet normal -1 0 0
    outer loop
      vertex 30 8.375 38
      vertex 30 5.60397 43.7762
      vertex 30 6.22384 44.396
    endloop
  endfacet
  facet normal -1 0 0
    outer loop
      vertex 30 8.375 38
      vertex 30 4.9227 43.2245
      vertex 30 5.60397 43.7762
    endloop
  endfacet
  facet normal -1 0 0
    outer loop
      vertex 30 8.375 38
      vertex 30 4.1875 42.747
      vertex 30 4.9227 43.2245
    endloop
  endfacet
  facet normal -1 0 0
    outer loop
      vertex 30 8.375 38
      vertex 30 3.40642 42.3491
      vertex 30 4.1875 42.747
    endloop
  endfacet
  facet normal -1 0 0
    outer loop
      vertex 30 8.375 38
      vertex 30 2.58802 42.0349
      vertex 30 3.40642 42.3491
    endloop
  endfacet
  facet normal -1 0 0
    outer loop
      vertex 30 8.375 38
      vertex 30 1.74126 41.808
      vertex 30 2.58802 42.0349
    endloop
  endfacet
  facet normal -1 0 0
    outer loop
      vertex 30 8.375 38
      vertex 30 0.875425 41.6709
      vertex 30 1.74126 41.808
    endloop
  endfacet
  facet normal -1 0 0
    outer loop
      vertex 30 8.375 38
      vertex 30 0 41.625
      vertex 30 0.875425 41.6709
    endloop
  endfacet
  facet normal -1 0 0
    outer loop
      vertex 30 -8.375 38
      vertex 30 0 41.625
      vertex 30 8.375 38
    endloop
  endfacet
  facet normal -1 -0 0
    outer loop
      vertex 30 0 41.625
      vertex 30 -8.375 38
      vertex 30 -0.875425 41.6709
    endloop
  endfacet
  facet normal -1 -0 0
    outer loop
      vertex 30 -0.875425 41.6709
      vertex 30 -8.375 38
      vertex 30 -1.74126 41.808
    endloop
  endfacet
  facet normal -1 -0 0
    outer loop
      vertex 30 -1.74126 41.808
      vertex 30 -8.375 38
      vertex 30 -2.58802 42.0349
    endloop
  endfacet
  facet normal -1 0 0
    outer loop
      vertex 30 -8.375 38
      vertex 30 -3.40642 42.3491
      vertex 30 -2.58802 42.0349
    endloop
  endfacet
  facet normal -1 0 0
    outer loop
      vertex 30 -8.375 38
      vertex 30 -4.1875 42.747
      vertex 30 -3.40642 42.3491
    endloop
  endfacet
  facet normal -1 0 0
    outer loop
      vertex 30 -8.375 38
      vertex 30 -4.9227 43.2245
      vertex 30 -4.1875 42.747
    endloop
  endfacet
  facet normal -1 0 0
    outer loop
      vertex 30 -8.375 38
      vertex 30 -5.60397 43.7762
      vertex 30 -4.9227 43.2245
    endloop
  endfacet
  facet normal -1 0 0
    outer loop
      vertex 30 -8.375 38
      vertex 30 -6.22384 44.396
      vertex 30 -5.60397 43.7762
    endloop
  endfacet
  facet normal -1 0 0
    outer loop
      vertex 30 -8.375 38
      vertex 30 -6.77552 45.0773
      vertex 30 -6.22384 44.396
    endloop
  endfacet
  facet normal -1 0 0
    outer loop
      vertex 30 -8.375 38
      vertex 30 -7.25296 45.8125
      vertex 30 -6.77552 45.0773
    endloop
  endfacet
  facet normal -1 0 0
    outer loop
      vertex 30 -8.375 38
      vertex 30 -7.65094 46.5936
      vertex 30 -7.25296 45.8125
    endloop
  endfacet
  facet normal -1 0 0
    outer loop
      vertex 30 -8.375 38
      vertex 30 -7.9651 47.412
      vertex 30 -7.65094 46.5936
    endloop
  endfacet
  facet normal -1 0 0
    outer loop
      vertex 30 -8.375 38
      vertex 30 -8.19199 48.2587
      vertex 30 -7.9651 47.412
    endloop
  endfacet
  facet normal -1 0 0
    outer loop
      vertex 30 -8.375 38
      vertex 30 -8.32912 49.1246
      vertex 30 -8.19199 48.2587
    endloop
  endfacet
  facet normal -1 -0 0
    outer loop
      vertex 30 -8.32912 49.1246
      vertex 30 -8.375 38
      vertex 30 -8.375 50
    endloop
  endfacet
  facet normal 0 0 -1
    outer loop
      vertex 30 -8.375 38
      vertex 45 8.375 38
      vertex 45 -8.375 38
    endloop
  endfacet
  facet normal -0 0 -1
    outer loop
      vertex 45 8.375 38
      vertex 30 -8.375 38
      vertex 30 8.375 38
    endloop
  endfacet
  facet normal 0 -1 0
    outer loop
      vertex 30 -8.375 38
      vertex 45 -8.375 50
      vertex 30 -8.375 50
    endloop
  endfacet
  facet normal 0 -1 -0
    outer loop
      vertex 45 -8.375 50
      vertex 30 -8.375 38
      vertex 45 -8.375 38
    endloop
  endfacet
  facet normal 0 1 -0
    outer loop
      vertex 45 8.375 38
      vertex 30 8.375 50
      vertex 45 8.375 50
    endloop
  endfacet
  facet normal 0 1 0
    outer loop
      vertex 30 8.375 50
      vertex 45 8.375 38
      vertex 30 8.375 38
    endloop
  endfacet
  facet normal 0.997264 0.0522767 -0.0522586
    outer loop
      vertex -6.66061 -0.705566 31
      vertex -6.68435 -0.252686 31
      vertex -6.56669 -0.705566 32.7923
    endloop
  endfacet
  facet normal 0.997265 0.0522538 -0.0522647
    outer loop
      vertex -6.60346 0 32.7961
      vertex -6.68435 -0.252686 31
      vertex -6.69759 0 31
    endloop
  endfacet
  facet normal 0.997265 0.0522532 -0.0522646
    outer loop
      vertex -6.68435 -0.252686 31
      vertex -6.60346 0 32.7961
      vertex -6.56669 -0.705566 32.7923
    endloop
  endfacet
  facet normal 0.986367 0.156228 -0.0516974
    outer loop
      vertex -6.55009 -1.4034 31
      vertex -6.62087 -0.956522 31
      vertex -6.45676 -1.4034 32.7807
    endloop
  endfacet
  facet normal 0.986373 0.156197 -0.0516878
    outer loop
      vertex -6.56669 -0.705566 32.7923
      vertex -6.62087 -0.956522 31
      vertex -6.66061 -0.705566 31
    endloop
  endfacet
  facet normal 0.986365 0.156242 -0.0516939
    outer loop
      vertex -6.62087 -0.956522 31
      vertex -6.56669 -0.705566 32.7923
      vertex -6.45676 -1.4034 32.7807
    endloop
  endfacet
  facet normal 0.964689 0.258496 -0.0505563
    outer loop
      vertex -6.36722 -2.08586 31
      vertex -6.48387 -1.65053 31
      vertex -6.2749 -2.08586 32.7616
    endloop
  endfacet
  facet normal 0.964689 0.258494 -0.0505612
    outer loop
      vertex -6.45676 -1.4034 32.7807
      vertex -6.48387 -1.65053 31
      vertex -6.55009 -1.4034 31
    endloop
  endfacet
  facet normal 0.964692 0.258483 -0.0505598
    outer loop
      vertex -6.48387 -1.65053 31
      vertex -6.45676 -1.4034 32.7807
      vertex -6.2749 -2.08586 32.7616
    endloop
  endfacet
  facet normal 0.932464 0.357944 -0.0488669
    outer loop
      vertex -6.11402 -2.74547 31
      vertex -6.27465 -2.32702 31
      vertex -6.02309 -2.74547 32.7351
    endloop
  endfacet
  facet normal 0.932468 0.357931 -0.0488678
    outer loop
      vertex -6.2749 -2.08586 32.7616
      vertex -6.27465 -2.32702 31
      vertex -6.36722 -2.08586 31
    endloop
  endfacet
  facet normal 0.932466 0.357938 -0.0488687
    outer loop
      vertex -6.27465 -2.32702 31
      vertex -6.2749 -2.08586 32.7616
      vertex -6.02309 -2.74547 32.7351
    endloop
  endfacet
  facet normal 0.890039 0.453493 -0.0466412
    outer loop
      vertex -5.79326 -3.375 31
      vertex -5.99529 -2.97849 31
      vertex -5.70409 -3.375 32.7016
    endloop
  endfacet
  facet normal 0.890036 0.453498 -0.0466434
    outer loop
      vertex -6.02309 -2.74547 32.7351
      vertex -5.99529 -2.97849 31
      vertex -6.11402 -2.74547 31
    endloop
  endfacet
  facet normal 0.89004 0.45349 -0.0466423
    outer loop
      vertex -5.99529 -2.97849 31
      vertex -6.02309 -2.74547 32.7351
      vertex -5.70409 -3.375 32.7016
    endloop
  endfacet
  facet normal 0.837868 0.544104 -0.0439106
    outer loop
      vertex -5.40846 -3.96755 31
      vertex -5.64867 -3.59765 31
      vertex -5.32139 -3.96755 32.6614
    endloop
  endfacet
  facet normal 0.837863 0.544112 -0.043907
    outer loop
      vertex -5.70409 -3.375 32.7016
      vertex -5.64867 -3.59765 31
      vertex -5.79326 -3.375 31
    endloop
  endfacet
  facet normal 0.837862 0.544114 -0.0439073
    outer loop
      vertex -5.64867 -3.59765 31
      vertex -5.70409 -3.375 32.7016
      vertex -5.32139 -3.96755 32.6614
    endloop
  endfacet
  facet normal 0.7765 0.628802 -0.040693
    outer loop
      vertex -4.96382 -4.51663 31
      vertex -5.23842 -4.17753 31
      vertex -4.87919 -4.51663 32.6149
    endloop
  endfacet
  facet normal 0.776499 0.628803 -0.0406945
    outer loop
      vertex -5.32139 -3.96755 32.6614
      vertex -5.23842 -4.17753 31
      vertex -5.40846 -3.96755 31
    endloop
  endfacet
  facet normal 0.776502 0.6288 -0.040694
    outer loop
      vertex -5.23842 -4.17753 31
      vertex -5.32139 -3.96755 32.6614
      vertex -4.87919 -4.51663 32.6149
    endloop
  endfacet
  facet normal 0.706622 0.706622 -0.037029
    outer loop
      vertex -4.46422 -5.01623 31
      vertex -4.76887 -4.71158 31
      vertex -4.38233 -5.01623 32.5627
    endloop
  endfacet
  facet normal 0.706625 0.706619 -0.0370304
    outer loop
      vertex -4.76887 -4.71158 31
      vertex -4.87919 -4.51663 32.6149
      vertex -4.38233 -5.01623 32.5627
    endloop
  endfacet
  facet normal 0.706622 0.706622 -0.037031
    outer loop
      vertex -4.87919 -4.51663 32.6149
      vertex -4.76887 -4.71158 31
      vertex -4.96382 -4.51663 31
    endloop
  endfacet
  facet normal 0.62897 0.77673 -0.0329632
    outer loop
      vertex -3.91514 -5.46086 31
      vertex -4.24505 -5.19371 31
      vertex -3.83625 -5.46086 32.5053
    endloop
  endfacet
  facet normal 0.628967 0.776733 -0.0329621
    outer loop
      vertex -4.24505 -5.19371 31
      vertex -4.38233 -5.01623 32.5627
      vertex -3.83625 -5.46086 32.5053
    endloop
  endfacet
  facet normal 0.628978 0.776724 -0.0329602
    outer loop
      vertex -4.38233 -5.01623 32.5627
      vertex -4.24505 -5.19371 31
      vertex -4.46422 -5.01623 31
    endloop
  endfacet
  facet normal 0.544403 0.838339 -0.0285289
    outer loop
      vertex -3.32259 -5.84567 31
      vertex -3.67263 -5.61836 31
      vertex -3.24695 -5.84567 32.4434
    endloop
  endfacet
  facet normal 0.544424 0.838324 -0.0285374
    outer loop
      vertex -3.67263 -5.61836 31
      vertex -3.83625 -5.46086 32.5053
      vertex -3.24695 -5.84567 32.4434
    endloop
  endfacet
  facet normal 0.544447 0.83831 -0.0285335
    outer loop
      vertex -3.83625 -5.46086 32.5053
      vertex -3.67263 -5.61836 31
      vertex -3.91514 -5.46086 31
    endloop
  endfacet
  facet normal 0.453863 0.890754 -0.0237854
    outer loop
      vertex -2.69306 -6.16643 31
      vertex -3.05781 -5.98058 31
      vertex -2.62087 -6.16643 32.3775
    endloop
  endfacet
  facet normal 0.453858 0.890756 -0.0237835
    outer loop
      vertex -3.05781 -5.98058 31
      vertex -3.24695 -5.84567 32.4434
      vertex -2.62087 -6.16643 32.3775
    endloop
  endfacet
  facet normal 0.453856 0.890757 -0.0237839
    outer loop
      vertex -3.24695 -5.84567 32.4434
      vertex -3.05781 -5.98058 31
      vertex -3.32259 -5.84567 31
    endloop
  endfacet
  facet normal 0.358298 0.933418 -0.0187774
    outer loop
      vertex -2.03346 -6.41963 31
      vertex -2.40735 -6.27611 31
      vertex -1.96488 -6.41963 32.3086
    endloop
  endfacet
  facet normal 0.358308 0.933414 -0.0187811
    outer loop
      vertex -2.40735 -6.27611 31
      vertex -2.62087 -6.16643 32.3775
      vertex -1.96488 -6.41963 32.3086
    endloop
  endfacet
  facet normal 0.358322 0.933409 -0.0187784
    outer loop
      vertex -2.62087 -6.16643 32.3775
      vertex -2.40735 -6.27611 31
      vertex -2.69306 -6.16643 31
    endloop
  endfacet
  facet normal 0.258803 0.965835 -0.0135645
    outer loop
      vertex -1.351 -6.6025 31
      vertex -1.72841 -6.50137 31
      vertex -1.28615 -6.6025 32.2373
    endloop
  endfacet
  facet normal 0.2588 0.965836 -0.0135633
    outer loop
      vertex -1.72841 -6.50137 31
      vertex -1.96488 -6.41963 32.3086
      vertex -1.28615 -6.6025 32.2373
    endloop
  endfacet
  facet normal 0.258801 0.965835 -0.013563
    outer loop
      vertex -1.96488 -6.41963 32.3086
      vertex -1.72841 -6.50137 31
      vertex -2.03346 -6.41963 31
    endloop
  endfacet
  facet normal 0.156431 0.987655 -0.00819842
    outer loop
      vertex -0.653159 -6.71302 31
      vertex -1.02857 -6.65356 31
      vertex -0.592139 -6.71302 32.1643
    endloop
  endfacet
  facet normal 0.156421 0.987657 -0.0081944
    outer loop
      vertex -1.02857 -6.65356 31
      vertex -1.28615 -6.6025 32.2373
      vertex -0.592139 -6.71302 32.1643
    endloop
  endfacet
  facet normal 0.156406 0.987659 -0.00819761
    outer loop
      vertex -1.28615 -6.6025 32.2373
      vertex -1.02857 -6.65356 31
      vertex -1.351 -6.6025 31
    endloop
  endfacet
  facet normal 0.0522119 0.998632 -0.00273629
    outer loop
      vertex 0.109563 -6.75 32.0906
      vertex 0 -6.75 30
      vertex 0.0262041 -6.74863 31
    endloop
  endfacet
  facet normal 0.0523467 0.998625 -0.00274661
    outer loop
      vertex 0.109563 -6.75 32.0906
      vertex 0.0262041 -6.74863 31
      vertex -0.315658 -6.73071 31
    endloop
  endfacet
  facet normal 0.0523398 0.998626 -0.0027439
    outer loop
      vertex -0.315658 -6.73071 31
      vertex -0.592139 -6.71302 32.1643
      vertex 0.109563 -6.75 32.0906
    endloop
  endfacet
  facet normal 0.0523426 0.998625 -0.00274323
    outer loop
      vertex -0.592139 -6.71302 32.1643
      vertex -0.315658 -6.73071 31
      vertex -0.653159 -6.71302 31
    endloop
  endfacet
  facet normal -0.0523397 0.998626 0.00274306
    outer loop
      vertex 0.705567 -6.71302 30
      vertex 0 -6.75 30
      vertex 0.811265 -6.71302 32.0168
    endloop
  endfacet
  facet normal -0.0523395 0.998626 0.00274298
    outer loop
      vertex 0.811265 -6.71302 32.0168
      vertex 0 -6.75 30
      vertex 0.109563 -6.75 32.0906
    endloop
  endfacet
  facet normal -0.156421 0.987656 0.00819804
    outer loop
      vertex 1.4034 -6.6025 30
      vertex 0.705567 -6.71302 30
      vertex 1.50528 -6.6025 31.9439
    endloop
  endfacet
  facet normal -0.156421 0.987657 0.00819781
    outer loop
      vertex 1.50528 -6.6025 31.9439
      vertex 0.705567 -6.71302 30
      vertex 0.811265 -6.71302 32.0168
    endloop
  endfacet
  facet normal -0.258799 0.965836 0.0135626
    outer loop
      vertex 2.08587 -6.41963 30
      vertex 1.4034 -6.6025 30
      vertex 2.184 -6.41963 31.8725
    endloop
  endfacet
  facet normal -0.258802 0.965835 0.0135638
    outer loop
      vertex 2.184 -6.41963 31.8725
      vertex 1.4034 -6.6025 30
      vertex 1.50528 -6.6025 31.9439
    endloop
  endfacet
  facet normal -0.358309 0.933414 0.0187796
    outer loop
      vertex 2.74547 -6.16643 30
      vertex 2.08587 -6.41963 30
      vertex 2.84 -6.16643 31.8036
    endloop
  endfacet
  facet normal -0.358304 0.933416 0.0187772
    outer loop
      vertex 2.84 -6.16643 31.8036
      vertex 2.08587 -6.41963 30
      vertex 2.184 -6.41963 31.8725
    endloop
  endfacet
  facet normal -0.45386 0.890755 0.0237847
    outer loop
      vertex 3.375 -5.84567 30
      vertex 2.74547 -6.16643 30
      vertex 3.46607 -5.84567 31.7378
    endloop
  endfacet
  facet normal -0.453867 0.890752 0.023788
    outer loop
      vertex 3.46607 -5.84567 31.7378
      vertex 2.74547 -6.16643 30
      vertex 2.84 -6.16643 31.8036
    endloop
  endfacet
  facet normal -0.544421 0.838327 0.0285335
    outer loop
      vertex 3.96755 -5.46086 30
      vertex 3.375 -5.84567 30
      vertex 4.05538 -5.46086 31.6758
    endloop
  endfacet
  facet normal -0.544415 0.838331 0.0285303
    outer loop
      vertex 4.05538 -5.46086 31.6758
      vertex 3.375 -5.84567 30
      vertex 3.46607 -5.84567 31.7378
    endloop
  endfacet
  facet normal -0.628973 0.776728 0.0329623
    outer loop
      vertex 4.51663 -5.01623 30
      vertex 3.96755 -5.46086 30
      vertex 4.60145 -5.01623 31.6185
    endloop
  endfacet
  facet normal -0.628978 0.776724 0.0329652
    outer loop
      vertex 4.60145 -5.01623 31.6185
      vertex 3.96755 -5.46086 30
      vertex 4.05538 -5.46086 31.6758
    endloop
  endfacet
  facet normal -0.706622 0.706622 0.037032
    outer loop
      vertex 5.01623 -4.51663 30
      vertex 4.51663 -5.01623 30
      vertex 5.09831 -4.51663 31.5662
    endloop
  endfacet
  facet normal -0.706621 0.706622 0.0370316
    outer loop
      vertex 5.09831 -4.51663 31.5662
      vertex 4.51663 -5.01623 30
      vertex 4.60145 -5.01623 31.6185
    endloop
  endfacet
  facet normal -0.7765 0.628802 0.0406899
    outer loop
      vertex 5.46087 -3.96755 30
      vertex 5.01623 -4.51663 30
      vertex 5.54051 -3.96755 31.5198
    endloop
  endfacet
  facet normal -0.776505 0.628795 0.0406944
    outer loop
      vertex 5.54051 -3.96755 31.5198
      vertex 5.01623 -4.51663 30
      vertex 5.09831 -4.51663 31.5662
    endloop
  endfacet
  facet normal -0.837866 0.544107 0.0439122
    outer loop
      vertex 5.84567 -3.375 30
      vertex 5.46087 -3.96755 30
      vertex 5.92321 -3.375 31.4795
    endloop
  endfacet
  facet normal -0.837858 0.544119 0.0439051
    outer loop
      vertex 5.92321 -3.375 31.4795
      vertex 5.46087 -3.96755 30
      vertex 5.54051 -3.96755 31.5198
    endloop
  endfacet
  facet normal -0.890038 0.453495 0.0466439
    outer loop
      vertex 6.16643 -2.74547 30
      vertex 5.84567 -3.375 30
      vertex 6.24221 -2.74547 31.446
    endloop
  endfacet
  facet normal -0.89004 0.45349 0.0466466
    outer loop
      vertex 6.24221 -2.74547 31.446
      vertex 5.84567 -3.375 30
      vertex 5.92321 -3.375 31.4795
    endloop
  endfacet
  facet normal -0.932465 0.357939 0.0488731
    outer loop
      vertex 6.41963 -2.08586 30
      vertex 6.16643 -2.74547 30
      vertex 6.49403 -2.08586 31.4195
    endloop
  endfacet
  facet normal -0.932461 0.35795 0.0488672
    outer loop
      vertex 6.49403 -2.08586 31.4195
      vertex 6.16643 -2.74547 30
      vertex 6.24221 -2.74547 31.446
    endloop
  endfacet
  facet normal -0.964689 0.258495 0.0505559
    outer loop
      vertex 6.6025 -1.4034 30
      vertex 6.41963 -2.08586 30
      vertex 6.67589 -1.4034 31.4004
    endloop
  endfacet
  facet normal -0.964692 0.258483 0.0505622
    outer loop
      vertex 6.67589 -1.4034 31.4004
      vertex 6.41963 -2.08586 30
      vertex 6.49403 -2.08586 31.4195
    endloop
  endfacet
  facet normal -0.986369 0.156217 0.051694
    outer loop
      vertex 6.71302 -0.705566 30
      vertex 6.6025 -1.4034 30
      vertex 6.78581 -0.705566 31.3889
    endloop
  endfacet
  facet normal -0.986369 0.156221 0.0516921
    outer loop
      vertex 6.78581 -0.705566 31.3889
      vertex 6.6025 -1.4034 30
      vertex 6.67589 -1.4034 31.4004
    endloop
  endfacet
  facet normal -0.997264 0.0522684 0.0522682
    outer loop
      vertex 6.75 0 30
      vertex 6.71302 -0.705566 30
      vertex 6.82259 0 31.385
    endloop
  endfacet
  facet normal -0.997264 0.0522746 0.052265
    outer loop
      vertex 6.82259 0 31.385
      vertex 6.71302 -0.705566 30
      vertex 6.78581 -0.705566 31.3889
    endloop
  endfacet
  facet normal -0.997264 -0.0522684 0.052265
    outer loop
      vertex 6.78581 0.705566 31.3889
      vertex 6.71302 0.705566 30
      vertex 6.75 0 30
    endloop
  endfacet
  facet normal -0.997264 -0.0522746 0.0522682
    outer loop
      vertex 6.78581 0.705566 31.3889
      vertex 6.75 0 30
      vertex 6.82259 0 31.385
    endloop
  endfacet
  facet normal -0.986369 -0.156217 0.0516921
    outer loop
      vertex 6.67589 1.4034 31.4004
      vertex 6.6025 1.4034 30
      vertex 6.71302 0.705566 30
    endloop
  endfacet
  facet normal -0.986369 -0.156221 0.051694
    outer loop
      vertex 6.78581 0.705566 31.3889
      vertex 6.67589 1.4034 31.4004
      vertex 6.71302 0.705566 30
    endloop
  endfacet
  facet normal -0.964688 -0.258495 0.050562
    outer loop
      vertex 6.49403 2.08586 31.4195
      vertex 6.41963 2.08586 30
      vertex 6.6025 1.4034 30
    endloop
  endfacet
  facet normal -0.964692 -0.258483 0.0505561
    outer loop
      vertex 6.67589 1.4034 31.4004
      vertex 6.49403 2.08586 31.4195
      vertex 6.6025 1.4034 30
    endloop
  endfacet
  facet normal -0.932465 -0.357939 0.0488674
    outer loop
      vertex 6.24221 2.74547 31.446
      vertex 6.16643 2.74547 30
      vertex 6.41963 2.08586 30
    endloop
  endfacet
  facet normal -0.932461 -0.35795 0.0488729
    outer loop
      vertex 6.49403 2.08586 31.4195
      vertex 6.24221 2.74547 31.446
      vertex 6.41963 2.08586 30
    endloop
  endfacet
  facet normal -0.890038 -0.453495 0.0466465
    outer loop
      vertex 5.92321 3.375 31.4795
      vertex 5.84567 3.375 30
      vertex 6.16643 2.74547 30
    endloop
  endfacet
  facet normal -0.89004 -0.45349 0.046644
    outer loop
      vertex 6.24221 2.74547 31.446
      vertex 5.92321 3.375 31.4795
      vertex 6.16643 2.74547 30
    endloop
  endfacet
  facet normal -0.837866 -0.544107 0.0439055
    outer loop
      vertex 5.54051 3.96755 31.5198
      vertex 5.46087 3.96755 30
      vertex 5.84567 3.375 30
    endloop
  endfacet
  facet normal -0.837858 -0.544119 0.0439118
    outer loop
      vertex 5.92321 3.375 31.4795
      vertex 5.54051 3.96755 31.5198
      vertex 5.84567 3.375 30
    endloop
  endfacet
  facet normal -0.7765 -0.628802 0.0406941
    outer loop
      vertex 5.09831 4.51663 31.5662
      vertex 5.01623 4.51663 30
      vertex 5.46087 3.96755 30
    endloop
  endfacet
  facet normal -0.776506 -0.628795 0.0406902
    outer loop
      vertex 5.54051 3.96755 31.5198
      vertex 5.09831 4.51663 31.5662
      vertex 5.46087 3.96755 30
    endloop
  endfacet
  facet normal -0.706622 -0.706622 0.0370316
    outer loop
      vertex 4.60145 5.01623 31.6185
      vertex 4.51663 5.01623 30
      vertex 5.01623 4.51663 30
    endloop
  endfacet
  facet normal -0.706621 -0.706622 0.037032
    outer loop
      vertex 5.09831 4.51663 31.5662
      vertex 4.60145 5.01623 31.6185
      vertex 5.01623 4.51663 30
    endloop
  endfacet
  facet normal -0.628973 -0.776728 0.032965
    outer loop
      vertex 4.05538 5.46086 31.6758
      vertex 3.96755 5.46086 30
      vertex 4.51663 5.01623 30
    endloop
  endfacet
  facet normal -0.628978 -0.776724 0.0329626
    outer loop
      vertex 4.60145 5.01623 31.6185
      vertex 4.05538 5.46086 31.6758
      vertex 4.51663 5.01623 30
    endloop
  endfacet
  facet normal -0.544421 -0.838327 0.0285306
    outer loop
      vertex 3.46607 5.84567 31.7378
      vertex 3.375 5.84567 30
      vertex 3.96755 5.46086 30
    endloop
  endfacet
  facet normal -0.544415 -0.838331 0.0285332
    outer loop
      vertex 4.05538 5.46086 31.6758
      vertex 3.46607 5.84567 31.7378
      vertex 3.96755 5.46086 30
    endloop
  endfacet
  facet normal -0.45386 -0.890755 0.0237877
    outer loop
      vertex 2.84 6.16643 31.8036
      vertex 2.74547 6.16643 30
      vertex 3.375 5.84567 30
    endloop
  endfacet
  facet normal -0.453867 -0.890752 0.0237851
    outer loop
      vertex 3.46607 5.84567 31.7378
      vertex 2.84 6.16643 31.8036
      vertex 3.375 5.84567 30
    endloop
  endfacet
  facet normal -0.358309 -0.933414 0.0187775
    outer loop
      vertex 2.184 6.41963 31.8725
      vertex 2.08587 6.41963 30
      vertex 2.74547 6.16643 30
    endloop
  endfacet
  facet normal -0.358304 -0.933416 0.0187793
    outer loop
      vertex 2.84 6.16643 31.8036
      vertex 2.184 6.41963 31.8725
      vertex 2.74547 6.16643 30
    endloop
  endfacet
  facet normal -0.258799 -0.965836 0.0135637
    outer loop
      vertex 1.50528 6.6025 31.9439
      vertex 1.4034 6.6025 30
      vertex 2.08587 6.41963 30
    endloop
  endfacet
  facet normal -0.258802 -0.965835 0.0135627
    outer loop
      vertex 2.184 6.41963 31.8725
      vertex 1.50528 6.6025 31.9439
      vertex 2.08587 6.41963 30
    endloop
  endfacet
  facet normal -0.156421 -0.987656 0.00819784
    outer loop
      vertex 0.811265 6.71302 32.0168
      vertex 0.705567 6.71302 30
      vertex 1.4034 6.6025 30
    endloop
  endfacet
  facet normal -0.15642 -0.987657 0.00819801
    outer loop
      vertex 1.50528 6.6025 31.9439
      vertex 0.811265 6.71302 32.0168
      vertex 1.4034 6.6025 30
    endloop
  endfacet
  facet normal -0.0523397 -0.998626 0.00274299
    outer loop
      vertex 0.109563 6.75 32.0906
      vertex 0 6.75 30
      vertex 0.705567 6.71302 30
    endloop
  endfacet
  facet normal -0.0523395 -0.998626 0.00274305
    outer loop
      vertex 0.811265 6.71302 32.0168
      vertex 0.109563 6.75 32.0906
      vertex 0.705567 6.71302 30
    endloop
  endfacet
  facet normal 0.0523297 -0.998626 -0.00274256
    outer loop
      vertex -0.592139 6.71302 32.1643
      vertex -0.653159 6.71302 31
      vertex -0.273591 6.73291 31
    endloop
  endfacet
  facet normal 0.0523403 -0.998626 -0.00273965
    outer loop
      vertex -0.273591 6.73291 31
      vertex 0.109563 6.75 32.0906
      vertex -0.592139 6.71302 32.1643
    endloop
  endfacet
  facet normal 0.0523637 -0.998624 -0.0027479
    outer loop
      vertex 0.0262041 6.74863 31
      vertex 0.109563 6.75 32.0906
      vertex -0.273591 6.73291 31
    endloop
  endfacet
  facet normal 0.0522119 -0.998632 -0.00273629
    outer loop
      vertex 0.109563 6.75 32.0906
      vertex 0.0262041 6.74863 31
      vertex 0 6.75 30
    endloop
  endfacet
  facet normal 0.156418 -0.987657 -0.00819824
    outer loop
      vertex -1.28615 6.6025 32.2373
      vertex -1.351 6.6025 31
      vertex -0.965074 6.66362 31
    endloop
  endfacet
  facet normal 0.15642 -0.987657 -0.00819751
    outer loop
      vertex -0.965074 6.66362 31
      vertex -0.592139 6.71302 32.1643
      vertex -1.28615 6.6025 32.2373
    endloop
  endfacet
  facet normal 0.156422 -0.987656 -0.00819792
    outer loop
      vertex -0.592139 6.71302 32.1643
      vertex -0.965074 6.66362 31
      vertex -0.653159 6.71302 31
    endloop
  endfacet
  facet normal 0.258804 -0.965835 -0.0135632
    outer loop
      vertex -1.96488 6.41963 32.3086
      vertex -2.03346 6.41963 31
      vertex -1.64661 6.52329 31
    endloop
  endfacet
  facet normal 0.2588 -0.965836 -0.0135643
    outer loop
      vertex -1.64661 6.52329 31
      vertex -1.28615 6.6025 32.2373
      vertex -1.96488 6.41963 32.3086
    endloop
  endfacet
  facet normal 0.2588 -0.965836 -0.0135644
    outer loop
      vertex -1.28615 6.6025 32.2373
      vertex -1.64661 6.52329 31
      vertex -1.351 6.6025 31
    endloop
  endfacet
  facet normal 0.358323 -0.933409 -0.0187785
    outer loop
      vertex -2.62087 6.16643 32.3775
      vertex -2.69306 6.16643 31
      vertex -2.31089 6.31314 31
    endloop
  endfacet
  facet normal 0.358308 -0.933414 -0.0187825
    outer loop
      vertex -2.31089 6.31314 31
      vertex -1.96488 6.41963 32.3086
      vertex -2.62087 6.16643 32.3775
    endloop
  endfacet
  facet normal 0.358289 -0.933422 -0.0187769
    outer loop
      vertex -1.96488 6.41963 32.3086
      vertex -2.31089 6.31314 31
      vertex -2.03346 6.41963 31
    endloop
  endfacet
  facet normal 0.453858 -0.890757 -0.023784
    outer loop
      vertex -3.24695 5.84567 32.4434
      vertex -3.32259 5.84567 31
      vertex -2.95071 6.03515 31
    endloop
  endfacet
  facet normal 0.453858 -0.890756 -0.0237838
    outer loop
      vertex -2.95071 6.03515 31
      vertex -2.62087 6.16643 32.3775
      vertex -3.24695 5.84567 32.4434
    endloop
  endfacet
  facet normal 0.453864 -0.890753 -0.0237854
    outer loop
      vertex -2.62087 6.16643 32.3775
      vertex -2.95071 6.03515 31
      vertex -2.69306 6.16643 31
    endloop
  endfacet
  facet normal 0.54442 -0.838328 -0.028532
    outer loop
      vertex -3.83625 5.46086 32.5053
      vertex -3.91514 5.46086 31
      vertex -3.55911 5.69207 31
    endloop
  endfacet
  facet normal 0.544425 -0.838324 -0.0285306
    outer loop
      vertex -3.55911 5.69207 31
      vertex -3.24695 5.84567 32.4434
      vertex -3.83625 5.46086 32.5053
    endloop
  endfacet
  facet normal 0.544423 -0.838326 -0.0285299
    outer loop
      vertex -3.24695 5.84567 32.4434
      vertex -3.55911 5.69207 31
      vertex -3.32259 5.84567 31
    endloop
  endfacet
  facet normal 0.628976 -0.776726 -0.0329602
    outer loop
      vertex -4.38233 5.01623 32.5627
      vertex -4.46422 5.01623 31
      vertex -4.1294 5.28736 31
    endloop
  endfacet
  facet normal 0.628967 -0.776733 -0.0329627
    outer loop
      vertex -4.1294 5.28736 31
      vertex -3.83625 5.46086 32.5053
      vertex -4.38233 5.01623 32.5627
    endloop
  endfacet
  facet normal 0.628969 -0.776731 -0.0329631
    outer loop
      vertex -3.83625 5.46086 32.5053
      vertex -4.1294 5.28736 31
      vertex -3.91514 5.46086 31
    endloop
  endfacet
  facet normal 0.706622 -0.706622 -0.037031
    outer loop
      vertex -4.87919 4.51663 32.6149
      vertex -4.96382 4.51663 31
      vertex -4.65528 4.82517 31
    endloop
  endfacet
  facet normal 0.706625 -0.706619 -0.03703
    outer loop
      vertex -4.65528 4.82517 31
      vertex -4.38233 5.01623 32.5627
      vertex -4.87919 4.51663 32.6149
    endloop
  endfacet
  facet normal 0.706622 -0.706622 -0.037029
    outer loop
      vertex -4.38233 5.01623 32.5627
      vertex -4.65528 4.82517 31
      vertex -4.46422 5.01623 31
    endloop
  endfacet
  facet normal 0.776502 -0.6288 -0.0406946
    outer loop
      vertex -5.32139 3.96755 32.6614
      vertex -5.40846 3.96755 31
      vertex -5.13089 4.31032 31
    endloop
  endfacet
  facet normal 0.776496 -0.628807 -0.0406928
    outer loop
      vertex -4.87919 4.51663 32.6149
      vertex -5.13089 4.31032 31
      vertex -4.96382 4.51663 31
    endloop
  endfacet
  facet normal 0.776502 -0.6288 -0.0406947
    outer loop
      vertex -5.13089 4.31032 31
      vertex -4.87919 4.51663 32.6149
      vertex -5.32139 3.96755 32.6614
    endloop
  endfacet
  facet normal 0.837864 -0.544111 -0.0439071
    outer loop
      vertex -5.70409 3.375 32.7016
      vertex -5.79326 3.375 31
      vertex -5.55089 3.74822 31
    endloop
  endfacet
  facet normal 0.83787 -0.544101 -0.0439107
    outer loop
      vertex -5.32139 3.96755 32.6614
      vertex -5.55089 3.74822 31
      vertex -5.40846 3.96755 31
    endloop
  endfacet
  facet normal 0.837862 -0.544114 -0.043908
    outer loop
      vertex -5.55089 3.74822 31
      vertex -5.32139 3.96755 32.6614
      vertex -5.70409 3.375 32.7016
    endloop
  endfacet
  facet normal 0.890045 -0.45348 -0.0466439
    outer loop
      vertex -6.02309 2.74547 32.7351
      vertex -6.11402 2.74547 31
      vertex -5.91054 3.14484 31
    endloop
  endfacet
  facet normal 0.890025 -0.45352 -0.0466405
    outer loop
      vertex -5.70409 3.375 32.7016
      vertex -5.91054 3.14484 31
      vertex -5.79326 3.375 31
    endloop
  endfacet
  facet normal 0.89004 -0.45349 -0.0466464
    outer loop
      vertex -5.91054 3.14484 31
      vertex -5.70409 3.375 32.7016
      vertex -6.02309 2.74547 32.7351
    endloop
  endfacet
  facet normal 0.932468 -0.357931 -0.0488678
    outer loop
      vertex -6.2749 2.08586 32.7616
      vertex -6.36722 2.08586 31
      vertex -6.20571 2.50662 31
    endloop
  endfacet
  facet normal 0.93246 -0.357954 -0.0488667
    outer loop
      vertex -6.02309 2.74547 32.7351
      vertex -6.20571 2.50662 31
      vertex -6.11402 2.74547 31
    endloop
  endfacet
  facet normal 0.932466 -0.357938 -0.0488695
    outer loop
      vertex -6.20571 2.50662 31
      vertex -6.02309 2.74547 32.7351
      vertex -6.2749 2.08586 32.7616
    endloop
  endfacet
  facet normal 0.964687 -0.258499 -0.0505612
    outer loop
      vertex -6.45676 1.4034 32.7807
      vertex -6.55009 1.4034 31
      vertex -6.43298 1.84044 31
    endloop
  endfacet
  facet normal 0.964691 -0.258488 -0.0505565
    outer loop
      vertex -6.2749 2.08586 32.7616
      vertex -6.43298 1.84044 31
      vertex -6.36722 2.08586 31
    endloop
  endfacet
  facet normal 0.964692 -0.258483 -0.0505572
    outer loop
      vertex -6.43298 1.84044 31
      vertex -6.2749 2.08586 32.7616
      vertex -6.45676 1.4034 32.7807
    endloop
  endfacet
  facet normal 0.98637 -0.156216 -0.0516877
    outer loop
      vertex -6.56669 0.705566 32.7923
      vertex -6.66061 0.705566 31
      vertex -6.58967 1.15349 31
    endloop
  endfacet
  facet normal 0.986369 -0.156218 -0.0516975
    outer loop
      vertex -6.45676 1.4034 32.7807
      vertex -6.58967 1.15349 31
      vertex -6.55009 1.4034 31
    endloop
  endfacet
  facet normal 0.986365 -0.156242 -0.051694
    outer loop
      vertex -6.58967 1.15349 31
      vertex -6.45676 1.4034 32.7807
      vertex -6.56669 0.705566 32.7923
    endloop
  endfacet
  facet normal 0.997265 -0.0522583 -0.0522647
    outer loop
      vertex -6.60346 0 32.7961
      vertex -6.69759 0 31
      vertex -6.67384 0.45323 31
    endloop
  endfacet
  facet normal 0.997264 -0.0522866 -0.0522586
    outer loop
      vertex -6.56669 0.705566 32.7923
      vertex -6.67384 0.45323 31
      vertex -6.66061 0.705566 31
    endloop
  endfacet
  facet normal 0.997265 -0.0522532 -0.0522634
    outer loop
      vertex -6.67384 0.45323 31
      vertex -6.56669 0.705566 32.7923
      vertex -6.60346 0 32.7961
    endloop
  endfacet
  facet normal 0.986339 0.0522436 -0.156226
    outer loop
      vertex -6.56669 -0.705566 32.7923
      vertex -6.60346 0 32.7961
      vertex -6.12928 -0.705566 35.5539
    endloop
  endfacet
  facet normal 0.986338 0.0522683 -0.15622
    outer loop
      vertex -6.12928 -0.705566 35.5539
      vertex -6.60346 0 32.7961
      vertex -6.16545 0 35.5616
    endloop
  endfacet
  facet normal 0.975558 0.156248 -0.154508
    outer loop
      vertex -6.45676 -1.4034 32.7807
      vertex -6.56669 -0.705566 32.7923
      vertex -6.02117 -1.4034 35.531
    endloop
  endfacet
  facet normal 0.975563 0.156207 -0.154519
    outer loop
      vertex -6.02117 -1.4034 35.531
      vertex -6.56669 -0.705566 32.7923
      vertex -6.12928 -0.705566 35.5539
    endloop
  endfacet
  facet normal 0.954124 0.258481 -0.151114
    outer loop
      vertex -6.2749 -2.08586 32.7616
      vertex -6.45676 -1.4034 32.7807
      vertex -5.8423 -2.08586 35.493
    endloop
  endfacet
  facet normal 0.954123 0.258486 -0.151113
    outer loop
      vertex -5.8423 -2.08586 35.493
      vertex -6.45676 -1.4034 32.7807
      vertex -6.02117 -1.4034 35.531
    endloop
  endfacet
  facet normal 0.922248 0.357942 -0.146069
    outer loop
      vertex -6.02309 -2.74547 32.7351
      vertex -6.2749 -2.08586 32.7616
      vertex -5.59463 -2.74547 35.4403
    endloop
  endfacet
  facet normal 0.922244 0.357954 -0.146065
    outer loop
      vertex -5.59463 -2.74547 35.4403
      vertex -6.2749 -2.08586 32.7616
      vertex -5.8423 -2.08586 35.493
    endloop
  endfacet
  facet normal 0.88029 0.453486 -0.139426
    outer loop
      vertex -5.70409 -3.375 32.7016
      vertex -6.02309 -2.74547 32.7351
      vertex -5.28088 -3.375 35.3736
    endloop
  endfacet
  facet normal 0.880286 0.453496 -0.139423
    outer loop
      vertex -5.28088 -3.375 35.3736
      vertex -6.02309 -2.74547 32.7351
      vertex -5.59463 -2.74547 35.4403
    endloop
  endfacet
  facet normal 0.828683 0.544112 -0.131254
    outer loop
      vertex -5.32139 -3.96755 32.6614
      vertex -5.70409 -3.375 32.7016
      vertex -4.90448 -3.96755 35.2936
    endloop
  endfacet
  facet normal 0.828681 0.544115 -0.131252
    outer loop
      vertex -4.90448 -3.96755 35.2936
      vertex -5.70409 -3.375 32.7016
      vertex -5.28088 -3.375 35.3736
    endloop
  endfacet
  facet normal 0.767993 0.628802 -0.121638
    outer loop
      vertex -4.87919 -4.51663 32.6149
      vertex -5.32139 -3.96755 32.6614
      vertex -4.46956 -4.51663 35.2012
    endloop
  endfacet
  facet normal 0.767999 0.628793 -0.121642
    outer loop
      vertex -4.46956 -4.51663 35.2012
      vertex -5.32139 -3.96755 32.6614
      vertex -4.90448 -3.96755 35.2936
    endloop
  endfacet
  facet normal 0.698884 0.706617 -0.110695
    outer loop
      vertex -4.38233 -5.01623 32.5627
      vertex -4.87919 -4.51663 32.6149
      vertex -3.98088 -5.01623 35.0973
    endloop
  endfacet
  facet normal 0.698879 0.706623 -0.110692
    outer loop
      vertex -3.98088 -5.01623 35.0973
      vertex -4.87919 -4.51663 32.6149
      vertex -4.46956 -4.51663 35.2012
    endloop
  endfacet
  facet normal 0.622076 0.776733 -0.0985284
    outer loop
      vertex -3.83625 -5.46086 32.5053
      vertex -4.38233 -5.01623 32.5627
      vertex -3.4438 -5.46086 34.9831
    endloop
  endfacet
  facet normal 0.622078 0.776731 -0.0985297
    outer loop
      vertex -3.4438 -5.46086 34.9831
      vertex -4.38233 -5.01623 32.5627
      vertex -3.98088 -5.01623 35.0973
    endloop
  endfacet
  facet normal 0.538462 0.838323 -0.0852871
    outer loop
      vertex -3.24695 -5.84567 32.4434
      vertex -3.83625 -5.46086 32.5053
      vertex -2.8642 -5.84567 34.8599
    endloop
  endfacet
  facet normal 0.538456 0.838326 -0.0852842
    outer loop
      vertex -2.8642 -5.84567 34.8599
      vertex -3.83625 -5.46086 32.5053
      vertex -3.4438 -5.46086 34.9831
    endloop
  endfacet
  facet normal 0.44888 0.890759 -0.0710954
    outer loop
      vertex -2.62087 -6.16643 32.3775
      vertex -3.24695 -5.84567 32.4434
      vertex -2.24843 -6.16643 34.729
    endloop
  endfacet
  facet normal 0.448888 0.890755 -0.0710995
    outer loop
      vertex -2.24843 -6.16643 34.729
      vertex -3.24695 -5.84567 32.4434
      vertex -2.8642 -5.84567 34.8599
    endloop
  endfacet
  facet normal 0.354385 0.933414 -0.0561292
    outer loop
      vertex -1.96488 -6.41963 32.3086
      vertex -2.62087 -6.16643 32.3775
      vertex -1.60324 -6.41963 34.5919
    endloop
  endfacet
  facet normal 0.354384 0.933414 -0.0561288
    outer loop
      vertex -1.60324 -6.41963 34.5919
      vertex -2.62087 -6.16643 32.3775
      vertex -2.24843 -6.16643 34.729
    endloop
  endfacet
  facet normal 0.255966 0.965835 -0.0405416
    outer loop
      vertex -1.28615 -6.6025 32.2373
      vertex -1.96488 -6.41963 32.3086
      vertex -0.935688 -6.6025 34.45
    endloop
  endfacet
  facet normal 0.255965 0.965836 -0.0405409
    outer loop
      vertex -0.935688 -6.6025 34.45
      vertex -1.96488 -6.41963 32.3086
      vertex -1.60324 -6.41963 34.5919
    endloop
  endfacet
  facet normal 0.154705 0.987657 -0.024503
    outer loop
      vertex -0.592139 -6.71302 32.1643
      vertex -1.28615 -6.6025 32.2373
      vertex -0.2531 -6.71302 34.3049
    endloop
  endfacet
  facet normal 0.154706 0.987657 -0.0245033
    outer loop
      vertex -0.2531 -6.71302 34.3049
      vertex -1.28615 -6.6025 32.2373
      vertex -0.935688 -6.6025 34.45
    endloop
  endfacet
  facet normal 0.0517668 0.998626 -0.00819932
    outer loop
      vertex 0.109563 -6.75 32.0906
      vertex -0.592139 -6.71302 32.1643
      vertex 0.437049 -6.75 34.1582
    endloop
  endfacet
  facet normal 0.0517662 0.998626 -0.00819899
    outer loop
      vertex 0.437049 -6.75 34.1582
      vertex -0.592139 -6.71302 32.1643
      vertex -0.2531 -6.71302 34.3049
    endloop
  endfacet
  facet normal -0.0517657 0.998626 0.00819902
    outer loop
      vertex 0.811265 -6.71302 32.0168
      vertex 0.109563 -6.75 32.0906
      vertex 1.1272 -6.71302 34.0115
    endloop
  endfacet
  facet normal -0.051766 0.998626 0.00819919
    outer loop
      vertex 1.1272 -6.71302 34.0115
      vertex 0.109563 -6.75 32.0906
      vertex 0.437049 -6.75 34.1582
    endloop
  endfacet
  facet normal -0.154708 0.987656 0.0245038
    outer loop
      vertex 1.50528 -6.6025 31.9439
      vertex 0.811265 -6.71302 32.0168
      vertex 1.80978 -6.6025 33.8664
    endloop
  endfacet
  facet normal -0.154708 0.987656 0.0245037
    outer loop
      vertex 1.80978 -6.6025 33.8664
      vertex 0.811265 -6.71302 32.0168
      vertex 1.1272 -6.71302 34.0115
    endloop
  endfacet
  facet normal -0.255964 0.965836 0.0405388
    outer loop
      vertex 2.184 -6.41963 31.8725
      vertex 1.50528 -6.6025 31.9439
      vertex 2.47733 -6.41963 33.7246
    endloop
  endfacet
  facet normal -0.255971 0.965834 0.0405425
    outer loop
      vertex 2.47733 -6.41963 33.7246
      vertex 1.50528 -6.6025 31.9439
      vertex 1.80978 -6.6025 33.8664
    endloop
  endfacet
  facet normal -0.35438 0.933415 0.0561291
    outer loop
      vertex 2.84 -6.16643 31.8036
      vertex 2.184 -6.41963 31.8725
      vertex 3.12253 -6.16643 33.5874
    endloop
  endfacet
  facet normal -0.354373 0.933418 0.0561245
    outer loop
      vertex 3.12253 -6.16643 33.5874
      vertex 2.184 -6.41963 31.8725
      vertex 2.47733 -6.41963 33.7246
    endloop
  endfacet
  facet normal -0.448894 0.890752 0.0711017
    outer loop
      vertex 3.46607 -5.84567 31.7378
      vertex 2.84 -6.16643 31.8036
      vertex 3.7383 -5.84567 33.4565
    endloop
  endfacet
  facet normal -0.448888 0.890755 0.0710979
    outer loop
      vertex 3.7383 -5.84567 33.4565
      vertex 2.84 -6.16643 31.8036
      vertex 3.12253 -6.16643 33.5874
    endloop
  endfacet
  facet normal -0.538446 0.838333 0.0852808
    outer loop
      vertex 4.05538 -5.46086 31.6758
      vertex 3.46607 -5.84567 31.7378
      vertex 4.3179 -5.46086 33.3333
    endloop
  endfacet
  facet normal -0.538456 0.838327 0.0852876
    outer loop
      vertex 4.3179 -5.46086 33.3333
      vertex 3.46607 -5.84567 31.7378
      vertex 3.7383 -5.84567 33.4565
    endloop
  endfacet
  facet normal -0.622093 0.776718 0.0985315
    outer loop
      vertex 4.60145 -5.01623 31.6185
      vertex 4.05538 -5.46086 31.6758
      vertex 4.85498 -5.01623 33.2192
    endloop
  endfacet
  facet normal -0.622089 0.776722 0.0985285
    outer loop
      vertex 4.85498 -5.01623 33.2192
      vertex 4.05538 -5.46086 31.6758
      vertex 4.3179 -5.46086 33.3333
    endloop
  endfacet
  facet normal -0.698874 0.706628 0.110689
    outer loop
      vertex 5.09831 -4.51663 31.5662
      vertex 4.60145 -5.01623 31.6185
      vertex 5.34366 -4.51663 33.1153
    endloop
  endfacet
  facet normal -0.698878 0.706623 0.110693
    outer loop
      vertex 5.34366 -4.51663 33.1153
      vertex 4.60145 -5.01623 31.6185
      vertex 4.85498 -5.01623 33.2192
    endloop
  endfacet
  facet normal -0.768003 0.628788 0.121641
    outer loop
      vertex 5.54051 -3.96755 31.5198
      vertex 5.09831 -4.51663 31.5662
      vertex 5.77858 -3.96755 33.0229
    endloop
  endfacet
  facet normal -0.768 0.628793 0.121638
    outer loop
      vertex 5.77858 -3.96755 33.0229
      vertex 5.09831 -4.51663 31.5662
      vertex 5.34366 -4.51663 33.1153
    endloop
  endfacet
  facet normal -0.828673 0.544127 0.131252
    outer loop
      vertex 5.92321 -3.375 31.4795
      vertex 5.54051 -3.96755 31.5198
      vertex 6.15498 -3.375 32.9428
    endloop
  endfacet
  facet normal -0.828671 0.544131 0.13125
    outer loop
      vertex 6.15498 -3.375 32.9428
      vertex 5.54051 -3.96755 31.5198
      vertex 5.77858 -3.96755 33.0229
    endloop
  endfacet
  facet normal -0.88029 0.453486 0.139423
    outer loop
      vertex 6.24221 -2.74547 31.446
      vertex 5.92321 -3.375 31.4795
      vertex 6.46873 -2.74547 32.8762
    endloop
  endfacet
  facet normal -0.880294 0.453478 0.139428
    outer loop
      vertex 6.46873 -2.74547 32.8762
      vertex 5.92321 -3.375 31.4795
      vertex 6.15498 -3.375 32.9428
    endloop
  endfacet
  facet normal -0.922243 0.357954 0.146068
    outer loop
      vertex 6.49403 -2.08586 31.4195
      vertex 6.24221 -2.74547 31.446
      vertex 6.7164 -2.08586 32.8235
    endloop
  endfacet
  facet normal -0.922244 0.357954 0.146068
    outer loop
      vertex 6.7164 -2.08586 32.8235
      vertex 6.24221 -2.74547 31.446
      vertex 6.46873 -2.74547 32.8762
    endloop
  endfacet
  facet normal -0.954124 0.258481 0.151113
    outer loop
      vertex 6.67589 -1.4034 31.4004
      vertex 6.49403 -2.08586 31.4195
      vertex 6.89526 -1.4034 32.7855
    endloop
  endfacet
  facet normal -0.954125 0.258473 0.151117
    outer loop
      vertex 6.89526 -1.4034 32.7855
      vertex 6.49403 -2.08586 31.4195
      vertex 6.7164 -2.08586 32.8235
    endloop
  endfacet
  facet normal -0.975561 0.156213 0.154523
    outer loop
      vertex 6.78581 -0.705566 31.3889
      vertex 6.67589 -1.4034 31.4004
      vertex 7.00338 -0.705566 32.7625
    endloop
  endfacet
  facet normal -0.975559 0.156242 0.154508
    outer loop
      vertex 7.00338 -0.705566 32.7625
      vertex 6.67589 -1.4034 31.4004
      vertex 6.89526 -1.4034 32.7855
    endloop
  endfacet
  facet normal -0.986337 0.0522797 0.156224
    outer loop
      vertex 6.82259 0 31.385
      vertex 6.78581 -0.705566 31.3889
      vertex 7.03955 0 32.7548
    endloop
  endfacet
  facet normal -0.986337 0.0522684 0.15623
    outer loop
      vertex 7.03955 0 32.7548
      vertex 6.78581 -0.705566 31.3889
      vertex 7.00338 -0.705566 32.7625
    endloop
  endfacet
  facet normal -0.986336 -0.0522796 0.15623
    outer loop
      vertex 7.00338 0.705566 32.7625
      vertex 6.78581 0.705566 31.3889
      vertex 6.82259 0 31.385
    endloop
  endfacet
  facet normal -0.986338 -0.0522683 0.156224
    outer loop
      vertex 7.00338 0.705566 32.7625
      vertex 6.82259 0 31.385
      vertex 7.03955 0 32.7548
    endloop
  endfacet
  facet normal -0.975564 -0.156213 0.154508
    outer loop
      vertex 6.89526 1.4034 32.7855
      vertex 6.67589 1.4034 31.4004
      vertex 6.78581 0.705566 31.3889
    endloop
  endfacet
  facet normal -0.975557 -0.156242 0.154522
    outer loop
      vertex 6.89526 1.4034 32.7855
      vertex 6.78581 0.705566 31.3889
      vertex 7.00338 0.705566 32.7625
    endloop
  endfacet
  facet normal -0.954123 -0.258481 0.151117
    outer loop
      vertex 6.7164 2.08586 32.8235
      vertex 6.49403 2.08586 31.4195
      vertex 6.67589 1.4034 31.4004
    endloop
  endfacet
  facet normal -0.954126 -0.258473 0.151113
    outer loop
      vertex 6.7164 2.08586 32.8235
      vertex 6.67589 1.4034 31.4004
      vertex 6.89526 1.4034 32.7855
    endloop
  endfacet
  facet normal -0.922243 -0.357954 0.146068
    outer loop
      vertex 6.46873 2.74547 32.8762
      vertex 6.24221 2.74547 31.446
      vertex 6.49403 2.08586 31.4195
    endloop
  endfacet
  facet normal -0.922244 -0.357954 0.146068
    outer loop
      vertex 6.7164 2.08586 32.8235
      vertex 6.46873 2.74547 32.8762
      vertex 6.49403 2.08586 31.4195
    endloop
  endfacet
  facet normal -0.88029 -0.453486 0.139428
    outer loop
      vertex 6.15498 3.375 32.9428
      vertex 5.92321 3.375 31.4795
      vertex 6.24221 2.74547 31.446
    endloop
  endfacet
  facet normal -0.880295 -0.453478 0.139424
    outer loop
      vertex 6.46873 2.74547 32.8762
      vertex 6.15498 3.375 32.9428
      vertex 6.24221 2.74547 31.446
    endloop
  endfacet
  facet normal -0.828673 -0.544127 0.13125
    outer loop
      vertex 5.77858 3.96755 33.0229
      vertex 5.54051 3.96755 31.5198
      vertex 5.92321 3.375 31.4795
    endloop
  endfacet
  facet normal -0.82867 -0.544131 0.131252
    outer loop
      vertex 6.15498 3.375 32.9428
      vertex 5.77858 3.96755 33.0229
      vertex 5.92321 3.375 31.4795
    endloop
  endfacet
  facet normal -0.768003 -0.628788 0.121638
    outer loop
      vertex 5.34366 4.51663 33.1153
      vertex 5.09831 4.51663 31.5662
      vertex 5.54051 3.96755 31.5198
    endloop
  endfacet
  facet normal -0.767999 -0.628793 0.12164
    outer loop
      vertex 5.77858 3.96755 33.0229
      vertex 5.34366 4.51663 33.1153
      vertex 5.54051 3.96755 31.5198
    endloop
  endfacet
  facet normal -0.698873 -0.706628 0.110692
    outer loop
      vertex 4.85498 5.01623 33.2192
      vertex 4.60145 5.01623 31.6185
      vertex 5.09831 4.51663 31.5662
    endloop
  endfacet
  facet normal -0.698879 -0.706623 0.11069
    outer loop
      vertex 5.34366 4.51663 33.1153
      vertex 4.85498 5.01623 33.2192
      vertex 5.09831 4.51663 31.5662
    endloop
  endfacet
  facet normal -0.622094 -0.776718 0.0985291
    outer loop
      vertex 4.3179 5.46086 33.3333
      vertex 4.05538 5.46086 31.6758
      vertex 4.60145 5.01623 31.6185
    endloop
  endfacet
  facet normal -0.622089 -0.776722 0.0985308
    outer loop
      vertex 4.85498 5.01623 33.2192
      vertex 4.3179 5.46086 33.3333
      vertex 4.60145 5.01623 31.6185
    endloop
  endfacet
  facet normal -0.538445 -0.838333 0.085286
    outer loop
      vertex 3.7383 5.84567 33.4565
      vertex 3.46607 5.84567 31.7378
      vertex 4.05538 5.46086 31.6758
    endloop
  endfacet
  facet normal -0.538457 -0.838326 0.0852825
    outer loop
      vertex 4.3179 5.46086 33.3333
      vertex 3.7383 5.84567 33.4565
      vertex 4.05538 5.46086 31.6758
    endloop
  endfacet
  facet normal -0.448894 -0.890752 0.0710988
    outer loop
      vertex 3.12253 6.16643 33.5874
      vertex 2.84 6.16643 31.8036
      vertex 3.46607 5.84567 31.7378
    endloop
  endfacet
  facet normal -0.448888 -0.890755 0.0711006
    outer loop
      vertex 3.7383 5.84567 33.4565
      vertex 3.12253 6.16643 33.5874
      vertex 3.46607 5.84567 31.7378
    endloop
  endfacet
  facet normal -0.354381 -0.933415 0.0561257
    outer loop
      vertex 2.47733 6.41963 33.7246
      vertex 2.184 6.41963 31.8725
      vertex 2.84 6.16643 31.8036
    endloop
  endfacet
  facet normal -0.354372 -0.933419 0.0561278
    outer loop
      vertex 3.12253 6.16643 33.5874
      vertex 2.47733 6.41963 33.7246
      vertex 2.84 6.16643 31.8036
    endloop
  endfacet
  facet normal -0.255964 -0.965836 0.0405415
    outer loop
      vertex 1.80978 6.6025 33.8664
      vertex 1.50528 6.6025 31.9439
      vertex 2.184 6.41963 31.8725
    endloop
  endfacet
  facet normal -0.255971 -0.965834 0.0405399
    outer loop
      vertex 2.47733 6.41963 33.7246
      vertex 1.80978 6.6025 33.8664
      vertex 2.184 6.41963 31.8725
    endloop
  endfacet
  facet normal -0.154708 -0.987656 0.0245037
    outer loop
      vertex 1.1272 6.71302 34.0115
      vertex 0.811265 6.71302 32.0168
      vertex 1.50528 6.6025 31.9439
    endloop
  endfacet
  facet normal -0.154708 -0.987656 0.0245037
    outer loop
      vertex 1.80978 6.6025 33.8664
      vertex 1.1272 6.71302 34.0115
      vertex 1.50528 6.6025 31.9439
    endloop
  endfacet
  facet normal -0.0517657 -0.998626 0.00819914
    outer loop
      vertex 0.437049 6.75 34.1582
      vertex 0.109563 6.75 32.0906
      vertex 0.811265 6.71302 32.0168
    endloop
  endfacet
  facet normal -0.051766 -0.998626 0.00819908
    outer loop
      vertex 1.1272 6.71302 34.0115
      vertex 0.437049 6.75 34.1582
      vertex 0.811265 6.71302 32.0168
    endloop
  endfacet
  facet normal 0.0517668 -0.998626 -0.00819909
    outer loop
      vertex -0.2531 6.71302 34.3049
      vertex -0.592139 6.71302 32.1643
      vertex 0.109563 6.75 32.0906
    endloop
  endfacet
  facet normal 0.0517661 -0.998626 -0.00819921
    outer loop
      vertex 0.437049 6.75 34.1582
      vertex -0.2531 6.71302 34.3049
      vertex 0.109563 6.75 32.0906
    endloop
  endfacet
  facet normal 0.154705 -0.987657 -0.0245032
    outer loop
      vertex -0.935688 6.6025 34.45
      vertex -1.28615 6.6025 32.2373
      vertex -0.592139 6.71302 32.1643
    endloop
  endfacet
  facet normal 0.154706 -0.987657 -0.0245031
    outer loop
      vertex -0.2531 6.71302 34.3049
      vertex -0.935688 6.6025 34.45
      vertex -0.592139 6.71302 32.1643
    endloop
  endfacet
  facet normal 0.255966 -0.965835 -0.0405411
    outer loop
      vertex -1.60324 6.41963 34.5919
      vertex -1.96488 6.41963 32.3086
      vertex -1.28615 6.6025 32.2373
    endloop
  endfacet
  facet normal 0.255964 -0.965836 -0.0405413
    outer loop
      vertex -0.935688 6.6025 34.45
      vertex -1.60324 6.41963 34.5919
      vertex -1.28615 6.6025 32.2373
    endloop
  endfacet
  facet normal 0.354385 -0.933414 -0.0561289
    outer loop
      vertex -2.24843 6.16643 34.729
      vertex -2.62087 6.16643 32.3775
      vertex -1.96488 6.41963 32.3086
    endloop
  endfacet
  facet normal 0.354384 -0.933414 -0.0561291
    outer loop
      vertex -1.60324 6.41963 34.5919
      vertex -2.24843 6.16643 34.729
      vertex -1.96488 6.41963 32.3086
    endloop
  endfacet
  facet normal 0.44888 -0.890759 -0.0710982
    outer loop
      vertex -2.8642 5.84567 34.8599
      vertex -3.24695 5.84567 32.4434
      vertex -2.62087 6.16643 32.3775
    endloop
  endfacet
  facet normal 0.448888 -0.890755 -0.0710967
    outer loop
      vertex -2.24843 6.16643 34.729
      vertex -2.8642 5.84567 34.8599
      vertex -2.62087 6.16643 32.3775
    endloop
  endfacet
  facet normal 0.538462 -0.838323 -0.0852851
    outer loop
      vertex -3.4438 5.46086 34.9831
      vertex -3.83625 5.46086 32.5053
      vertex -3.24695 5.84567 32.4434
    endloop
  endfacet
  facet normal 0.538456 -0.838326 -0.0852862
    outer loop
      vertex -2.8642 5.84567 34.8599
      vertex -3.4438 5.46086 34.9831
      vertex -3.24695 5.84567 32.4434
    endloop
  endfacet
  facet normal 0.622076 -0.776733 -0.0985293
    outer loop
      vertex -3.98088 5.01623 35.0973
      vertex -4.38233 5.01623 32.5627
      vertex -3.83625 5.46086 32.5053
    endloop
  endfacet
  facet normal 0.622078 -0.776731 -0.0985288
    outer loop
      vertex -3.4438 5.46086 34.9831
      vertex -3.98088 5.01623 35.0973
      vertex -3.83625 5.46086 32.5053
    endloop
  endfacet
  facet normal 0.698884 -0.706617 -0.110693
    outer loop
      vertex -4.46956 4.51663 35.2012
      vertex -4.87919 4.51663 32.6149
      vertex -4.38233 5.01623 32.5627
    endloop
  endfacet
  facet normal 0.698878 -0.706623 -0.110694
    outer loop
      vertex -3.98088 5.01623 35.0973
      vertex -4.46956 4.51663 35.2012
      vertex -4.38233 5.01623 32.5627
    endloop
  endfacet
  facet normal 0.767992 -0.628802 -0.121641
    outer loop
      vertex -4.90448 3.96755 35.2936
      vertex -5.32139 3.96755 32.6614
      vertex -4.87919 4.51663 32.6149
    endloop
  endfacet
  facet normal 0.767999 -0.628793 -0.121639
    outer loop
      vertex -4.46956 4.51663 35.2012
      vertex -4.90448 3.96755 35.2936
      vertex -4.87919 4.51663 32.6149
    endloop
  endfacet
  facet normal 0.828683 -0.544112 -0.131253
    outer loop
      vertex -5.28088 3.375 35.3736
      vertex -5.70409 3.375 32.7016
      vertex -5.32139 3.96755 32.6614
    endloop
  endfacet
  facet normal 0.82868 -0.544115 -0.131253
    outer loop
      vertex -5.28088 3.375 35.3736
      vertex -5.32139 3.96755 32.6614
      vertex -4.90448 3.96755 35.2936
    endloop
  endfacet
  facet normal 0.88029 -0.453486 -0.139424
    outer loop
      vertex -5.59463 2.74547 35.4403
      vertex -6.02309 2.74547 32.7351
      vertex -5.70409 3.375 32.7016
    endloop
  endfacet
  facet normal 0.880285 -0.453496 -0.139426
    outer loop
      vertex -5.59463 2.74547 35.4403
      vertex -5.70409 3.375 32.7016
      vertex -5.28088 3.375 35.3736
    endloop
  endfacet
  facet normal 0.922248 -0.357942 -0.146066
    outer loop
      vertex -5.8423 2.08586 35.493
      vertex -6.2749 2.08586 32.7616
      vertex -6.02309 2.74547 32.7351
    endloop
  endfacet
  facet normal 0.922244 -0.357954 -0.146068
    outer loop
      vertex -5.8423 2.08586 35.493
      vertex -6.02309 2.74547 32.7351
      vertex -5.59463 2.74547 35.4403
    endloop
  endfacet
  facet normal 0.954124 -0.258481 -0.151113
    outer loop
      vertex -6.02117 1.4034 35.531
      vertex -6.45676 1.4034 32.7807
      vertex -6.2749 2.08586 32.7616
    endloop
  endfacet
  facet normal 0.954122 -0.258486 -0.151114
    outer loop
      vertex -6.02117 1.4034 35.531
      vertex -6.2749 2.08586 32.7616
      vertex -5.8423 2.08586 35.493
    endloop
  endfacet
  facet normal 0.975557 -0.156248 -0.154518
    outer loop
      vertex -6.12928 0.705566 35.5539
      vertex -6.56669 0.705566 32.7923
      vertex -6.45676 1.4034 32.7807
    endloop
  endfacet
  facet normal 0.975565 -0.156207 -0.154509
    outer loop
      vertex -6.12928 0.705566 35.5539
      vertex -6.45676 1.4034 32.7807
      vertex -6.02117 1.4034 35.531
    endloop
  endfacet
  facet normal 0.98634 -0.0522437 -0.15622
    outer loop
      vertex -6.16545 0 35.5616
      vertex -6.60346 0 32.7961
      vertex -6.56669 0.705566 32.7923
    endloop
  endfacet
  facet normal 0.986337 -0.0522683 -0.156226
    outer loop
      vertex -6.16545 0 35.5616
      vertex -6.56669 0.705566 32.7923
      vertex -6.12928 0.705566 35.5539
    endloop
  endfacet
  facet normal 0.964607 0.05227 -0.258461
    outer loop
      vertex -6.12928 -0.705566 35.5539
      vertex -6.16545 0 35.5616
      vertex -5.40559 -0.705566 38.2548
    endloop
  endfacet
  facet normal 0.964606 0.0522583 -0.258464
    outer loop
      vertex -5.40559 -0.705566 38.2548
      vertex -6.16545 0 35.5616
      vertex -5.44076 0 38.2662
    endloop
  endfacet
  facet normal 0.954069 0.156196 -0.255647
    outer loop
      vertex -6.02117 -1.4034 35.531
      vertex -6.12928 -0.705566 35.5539
      vertex -5.30048 -1.4034 38.2206
    endloop
  endfacet
  facet normal 0.954066 0.156233 -0.255636
    outer loop
      vertex -5.30048 -1.4034 38.2206
      vertex -6.12928 -0.705566 35.5539
      vertex -5.40559 -0.705566 38.2548
    endloop
  endfacet
  facet normal 0.933098 0.258483 -0.25003
    outer loop
      vertex -5.8423 -2.08586 35.493
      vertex -6.02117 -1.4034 35.531
      vertex -5.12656 -2.08586 38.1641
    endloop
  endfacet
  facet normal 0.933096 0.258492 -0.250027
    outer loop
      vertex -5.12656 -2.08586 38.1641
      vertex -6.02117 -1.4034 35.531
      vertex -5.30048 -1.4034 38.2206
    endloop
  endfacet
  facet normal 0.901921 0.357961 -0.241667
    outer loop
      vertex -5.59463 -2.74547 35.4403
      vertex -5.8423 -2.08586 35.493
      vertex -4.88575 -2.74547 38.0859
    endloop
  endfacet
  facet normal 0.901931 0.357928 -0.241679
    outer loop
      vertex -4.88575 -2.74547 38.0859
      vertex -5.8423 -2.08586 35.493
      vertex -5.12656 -2.08586 38.1641
    endloop
  endfacet
  facet normal 0.86089 0.453497 -0.23067
    outer loop
      vertex -5.28088 -3.375 35.3736
      vertex -5.59463 -2.74547 35.4403
      vertex -4.58069 -3.375 37.9868
    endloop
  endfacet
  facet normal 0.860894 0.453488 -0.230674
    outer loop
      vertex -4.58069 -3.375 37.9868
      vertex -5.59463 -2.74547 35.4403
      vertex -4.88575 -2.74547 38.0859
    endloop
  endfacet
  facet normal 0.810422 0.544115 -0.217154
    outer loop
      vertex -4.90448 -3.96755 35.2936
      vertex -5.28088 -3.375 35.3736
      vertex -4.21472 -3.96755 37.8678
    endloop
  endfacet
  facet normal 0.810411 0.544134 -0.217144
    outer loop
      vertex -4.21472 -3.96755 37.8678
      vertex -5.28088 -3.375 35.3736
      vertex -4.58069 -3.375 37.9868
    endloop
  endfacet
  facet normal 0.75108 0.628789 -0.201255
    outer loop
      vertex -4.46956 -4.51663 35.2012
      vertex -4.90448 -3.96755 35.2936
      vertex -3.79185 -4.51663 37.7304
    endloop
  endfacet
  facet normal 0.751075 0.628796 -0.201251
    outer loop
      vertex -3.79185 -4.51663 37.7304
      vertex -4.90448 -3.96755 35.2936
      vertex -4.21472 -3.96755 37.8678
    endloop
  endfacet
  facet normal 0.683479 0.706625 -0.183134
    outer loop
      vertex -3.98088 -5.01623 35.0973
      vertex -4.46956 -4.51663 35.2012
      vertex -3.3167 -5.01623 37.5761
    endloop
  endfacet
  facet normal 0.683494 0.706608 -0.183145
    outer loop
      vertex -3.3167 -5.01623 37.5761
      vertex -4.46956 -4.51663 35.2012
      vertex -3.79185 -4.51663 37.7304
    endloop
  endfacet
  facet normal 0.60837 0.776733 -0.163009
    outer loop
      vertex -3.4438 -5.46086 34.9831
      vertex -3.98088 -5.01623 35.0973
      vertex -2.79449 -5.46086 37.4064
    endloop
  endfacet
  facet normal 0.608369 0.776734 -0.163009
    outer loop
      vertex -2.79449 -5.46086 37.4064
      vertex -3.98088 -5.01623 35.0973
      vertex -3.3167 -5.01623 37.5761
    endloop
  endfacet
  facet normal 0.526593 0.838327 -0.141096
    outer loop
      vertex -2.8642 -5.84567 34.8599
      vertex -3.4438 -5.46086 34.9831
      vertex -2.23095 -5.84567 37.2233
    endloop
  endfacet
  facet normal 0.526599 0.838322 -0.141099
    outer loop
      vertex -2.23095 -5.84567 37.2233
      vertex -3.4438 -5.46086 34.9831
      vertex -2.79449 -5.46086 37.4064
    endloop
  endfacet
  facet normal 0.438997 0.890755 -0.117628
    outer loop
      vertex -2.24843 -6.16643 34.729
      vertex -2.8642 -5.84567 34.8599
      vertex -1.63223 -6.16643 37.0287
    endloop
  endfacet
  facet normal 0.438988 0.890761 -0.117623
    outer loop
      vertex -1.63223 -6.16643 37.0287
      vertex -2.8642 -5.84567 34.8599
      vertex -2.23095 -5.84567 37.2233
    endloop
  endfacet
  facet normal 0.346577 0.933413 -0.0928666
    outer loop
      vertex -1.60324 -6.41963 34.5919
      vertex -2.24843 -6.16643 34.729
      vertex -1.0049 -6.41963 36.8249
    endloop
  endfacet
  facet normal 0.346572 0.933415 -0.0928633
    outer loop
      vertex -1.0049 -6.41963 36.8249
      vertex -2.24843 -6.16643 34.729
      vertex -1.63223 -6.16643 37.0287
    endloop
  endfacet
  facet normal 0.250324 0.965836 -0.0670742
    outer loop
      vertex -0.935688 -6.6025 34.45
      vertex -1.60324 -6.41963 34.5919
      vertex -0.355846 -6.6025 36.614
    endloop
  endfacet
  facet normal 0.250327 0.965835 -0.067076
    outer loop
      vertex -0.355846 -6.6025 36.614
      vertex -1.60324 -6.41963 34.5919
      vertex -1.0049 -6.41963 36.8249
    endloop
  endfacet
  facet normal 0.151297 0.987657 -0.0405388
    outer loop
      vertex -0.2531 -6.71302 34.3049
      vertex -0.935688 -6.6025 34.45
      vertex 0.307836 -6.71302 36.3984
    endloop
  endfacet
  facet normal 0.1513 0.987656 -0.0405407
    outer loop
      vertex 0.307836 -6.71302 36.3984
      vertex -0.935688 -6.6025 34.45
      vertex -0.355846 -6.6025 36.614
    endloop
  endfacet
  facet normal 0.0506256 0.998626 -0.0135651
    outer loop
      vertex 0.437049 -6.75 34.1582
      vertex -0.2531 -6.71302 34.3049
      vertex 0.97887 -6.75 36.1803
    endloop
  endfacet
  facet normal 0.0506245 0.998626 -0.0135644
    outer loop
      vertex 0.97887 -6.75 36.1803
      vertex -0.2531 -6.71302 34.3049
      vertex 0.307836 -6.71302 36.3984
    endloop
  endfacet
  facet normal -0.0506255 0.998626 0.0135647
    outer loop
      vertex 1.1272 -6.71302 34.0115
      vertex 0.437049 -6.75 34.1582
      vertex 1.6499 -6.71302 35.9623
    endloop
  endfacet
  facet normal -0.0506265 0.998626 0.0135654
    outer loop
      vertex 1.6499 -6.71302 35.9623
      vertex 0.437049 -6.75 34.1582
      vertex 0.97887 -6.75 36.1803
    endloop
  endfacet
  facet normal -0.151299 0.987656 0.0405392
    outer loop
      vertex 1.80978 -6.6025 33.8664
      vertex 1.1272 -6.71302 34.0115
      vertex 2.31359 -6.6025 35.7467
    endloop
  endfacet
  facet normal -0.151299 0.987656 0.0405392
    outer loop
      vertex 2.31359 -6.6025 35.7467
      vertex 1.1272 -6.71302 34.0115
      vertex 1.6499 -6.71302 35.9623
    endloop
  endfacet
  facet normal -0.250334 0.965833 0.0670781
    outer loop
      vertex 2.47733 -6.41963 33.7246
      vertex 1.80978 -6.6025 33.8664
      vertex 2.96265 -6.41963 35.5358
    endloop
  endfacet
  facet normal -0.250326 0.965835 0.0670727
    outer loop
      vertex 2.96265 -6.41963 35.5358
      vertex 1.80978 -6.6025 33.8664
      vertex 2.31359 -6.6025 35.7467
    endloop
  endfacet
  facet normal -0.346561 0.93342 0.0928613
    outer loop
      vertex 3.12253 -6.16643 33.5874
      vertex 2.47733 -6.41963 33.7246
      vertex 3.58997 -6.16643 35.3319
    endloop
  endfacet
  facet normal -0.346564 0.933418 0.0928636
    outer loop
      vertex 3.58997 -6.16643 35.3319
      vertex 2.47733 -6.41963 33.7246
      vertex 2.96265 -6.41963 35.5358
    endloop
  endfacet
  facet normal -0.438997 0.890755 0.117627
    outer loop
      vertex 3.7383 -5.84567 33.4565
      vertex 3.12253 -6.16643 33.5874
      vertex 4.18869 -5.84567 35.1374
    endloop
  endfacet
  facet normal -0.439001 0.890753 0.117631
    outer loop
      vertex 4.18869 -5.84567 35.1374
      vertex 3.12253 -6.16643 33.5874
      vertex 3.58997 -6.16643 35.3319
    endloop
  endfacet
  facet normal -0.526593 0.838327 0.141095
    outer loop
      vertex 4.3179 -5.46086 33.3333
      vertex 3.7383 -5.84567 33.4565
      vertex 4.75223 -5.46086 34.9543
    endloop
  endfacet
  facet normal -0.526599 0.838322 0.1411
    outer loop
      vertex 4.75223 -5.46086 34.9543
      vertex 3.7383 -5.84567 33.4565
      vertex 4.18869 -5.84567 35.1374
    endloop
  endfacet
  facet normal -0.608385 0.776718 0.163021
    outer loop
      vertex 4.85498 -5.01623 33.2192
      vertex 4.3179 -5.46086 33.3333
      vertex 5.27444 -5.01623 34.7846
    endloop
  endfacet
  facet normal -0.60837 0.776734 0.163006
    outer loop
      vertex 5.27444 -5.01623 34.7846
      vertex 4.3179 -5.46086 33.3333
      vertex 4.75223 -5.46086 34.9543
    endloop
  endfacet
  facet normal -0.683476 0.706625 0.183143
    outer loop
      vertex 5.34366 -4.51663 33.1153
      vertex 4.85498 -5.01623 33.2192
      vertex 5.74959 -4.51663 34.6302
    endloop
  endfacet
  facet normal -0.683475 0.706626 0.183142
    outer loop
      vertex 5.74959 -4.51663 34.6302
      vertex 4.85498 -5.01623 33.2192
      vertex 5.27444 -5.01623 34.7846
    endloop
  endfacet
  facet normal -0.751078 0.628789 0.201262
    outer loop
      vertex 5.77858 -3.96755 33.0229
      vertex 5.34366 -4.51663 33.1153
      vertex 6.17246 -3.96755 34.4928
    endloop
  endfacet
  facet normal -0.751074 0.628796 0.201256
    outer loop
      vertex 6.17246 -3.96755 34.4928
      vertex 5.34366 -4.51663 33.1153
      vertex 5.74959 -4.51663 34.6302
    endloop
  endfacet
  facet normal -0.810408 0.544141 0.217141
    outer loop
      vertex 6.15498 -3.375 32.9428
      vertex 5.77858 -3.96755 33.0229
      vertex 6.53843 -3.375 34.3739
    endloop
  endfacet
  facet normal -0.810423 0.544108 0.217164
    outer loop
      vertex 6.53843 -3.375 34.3739
      vertex 5.77858 -3.96755 33.0229
      vertex 6.17246 -3.96755 34.4928
    endloop
  endfacet
  facet normal -0.860901 0.453468 0.230688
    outer loop
      vertex 6.46873 -2.74547 32.8762
      vertex 6.15498 -3.375 32.9428
      vertex 6.8435 -2.74547 34.2748
    endloop
  endfacet
  facet normal -0.86089 0.453498 0.230668
    outer loop
      vertex 6.8435 -2.74547 34.2748
      vertex 6.15498 -3.375 32.9428
      vertex 6.53843 -3.375 34.3739
    endloop
  endfacet
  facet normal -0.901924 0.357961 0.241656
    outer loop
      vertex 6.7164 -2.08586 32.8235
      vertex 6.46873 -2.74547 32.8762
      vertex 7.0843 -2.08586 34.1966
    endloop
  endfacet
  facet normal -0.901934 0.357917 0.241683
    outer loop
      vertex 7.0843 -2.08586 34.1966
      vertex 6.46873 -2.74547 32.8762
      vertex 6.8435 -2.74547 34.2748
    endloop
  endfacet
  facet normal -0.933104 0.25847 0.250022
    outer loop
      vertex 6.89526 -1.4034 32.7855
      vertex 6.7164 -2.08586 32.8235
      vertex 7.25822 -1.4034 34.1401
    endloop
  endfacet
  facet normal -0.933101 0.258492 0.250009
    outer loop
      vertex 7.25822 -1.4034 34.1401
      vertex 6.7164 -2.08586 32.8235
      vertex 7.0843 -2.08586 34.1966
    endloop
  endfacet
  facet normal -0.954065 0.156245 0.255632
    outer loop
      vertex 7.00338 -0.705566 32.7625
      vertex 6.89526 -1.4034 32.7855
      vertex 7.36333 -0.705566 34.1059
    endloop
  endfacet
  facet normal -0.954065 0.156233 0.255638
    outer loop
      vertex 7.36333 -0.705566 34.1059
      vertex 6.89526 -1.4034 32.7855
      vertex 7.25822 -1.4034 34.1401
    endloop
  endfacet
  facet normal -0.964609 0.0522701 0.258451
    outer loop
      vertex 7.03955 0 32.7548
      vertex 7.00338 -0.705566 32.7625
      vertex 7.3985 0 34.0945
    endloop
  endfacet
  facet normal -0.964608 0.0522583 0.258457
    outer loop
      vertex 7.3985 0 34.0945
      vertex 7.00338 -0.705566 32.7625
      vertex 7.36333 -0.705566 34.1059
    endloop
  endfacet
  facet normal -0.964608 -0.0522701 0.258457
    outer loop
      vertex 7.36333 0.705566 34.1059
      vertex 7.00338 0.705566 32.7625
      vertex 7.03955 0 32.7548
    endloop
  endfacet
  facet normal -0.96461 -0.0522583 0.258451
    outer loop
      vertex 7.36333 0.705566 34.1059
      vertex 7.03955 0 32.7548
      vertex 7.3985 0 34.0945
    endloop
  endfacet
  facet normal -0.954063 -0.156245 0.255638
    outer loop
      vertex 7.25822 1.4034 34.1401
      vertex 6.89526 1.4034 32.7855
      vertex 7.00338 0.705566 32.7625
    endloop
  endfacet
  facet normal -0.954067 -0.156233 0.255632
    outer loop
      vertex 7.25822 1.4034 34.1401
      vertex 7.00338 0.705566 32.7625
      vertex 7.36333 0.705566 34.1059
    endloop
  endfacet
  facet normal -0.933106 -0.258471 0.250011
    outer loop
      vertex 7.0843 2.08586 34.1966
      vertex 6.7164 2.08586 32.8235
      vertex 6.89526 1.4034 32.7855
    endloop
  endfacet
  facet normal -0.933098 -0.258492 0.25002
    outer loop
      vertex 7.0843 2.08586 34.1966
      vertex 6.89526 1.4034 32.7855
      vertex 7.25822 1.4034 34.1401
    endloop
  endfacet
  facet normal -0.901918 -0.357961 0.241679
    outer loop
      vertex 6.8435 2.74547 34.2748
      vertex 6.46873 2.74547 32.8762
      vertex 6.7164 2.08586 32.8235
    endloop
  endfacet
  facet normal -0.90194 -0.357916 0.24166
    outer loop
      vertex 6.8435 2.74547 34.2748
      vertex 6.7164 2.08586 32.8235
      vertex 7.0843 2.08586 34.1966
    endloop
  endfacet
  facet normal -0.860905 -0.453468 0.230672
    outer loop
      vertex 6.53843 3.375 34.3739
      vertex 6.15498 3.375 32.9428
      vertex 6.46873 2.74547 32.8762
    endloop
  endfacet
  facet normal -0.860886 -0.453499 0.230684
    outer loop
      vertex 6.53843 3.375 34.3739
      vertex 6.46873 2.74547 32.8762
      vertex 6.8435 2.74547 34.2748
    endloop
  endfacet
  facet normal -0.810403 -0.54414 0.217159
    outer loop
      vertex 6.17246 3.96755 34.4928
      vertex 5.77858 3.96755 33.0229
      vertex 6.15498 3.375 32.9428
    endloop
  endfacet
  facet normal -0.810428 -0.544108 0.217147
    outer loop
      vertex 6.17246 3.96755 34.4928
      vertex 6.15498 3.375 32.9428
      vertex 6.53843 3.375 34.3739
    endloop
  endfacet
  facet normal -0.751079 -0.628789 0.201258
    outer loop
      vertex 5.74959 4.51663 34.6302
      vertex 5.34366 4.51663 33.1153
      vertex 5.77858 3.96755 33.0229
    endloop
  endfacet
  facet normal -0.751073 -0.628796 0.20126
    outer loop
      vertex 6.17246 3.96755 34.4928
      vertex 5.74959 4.51663 34.6302
      vertex 5.77858 3.96755 33.0229
    endloop
  endfacet
  facet normal -0.683477 -0.706625 0.183142
    outer loop
      vertex 5.27444 5.01623 34.7846
      vertex 4.85498 5.01623 33.2192
      vertex 5.34366 4.51663 33.1153
    endloop
  endfacet
  facet normal -0.683475 -0.706626 0.183143
    outer loop
      vertex 5.74959 4.51663 34.6302
      vertex 5.27444 5.01623 34.7846
      vertex 5.34366 4.51663 33.1153
    endloop
  endfacet
  facet normal -0.608388 -0.776719 0.163011
    outer loop
      vertex 4.75223 5.46086 34.9543
      vertex 4.3179 5.46086 33.3333
      vertex 4.85498 5.01623 33.2192
    endloop
  endfacet
  facet normal -0.608367 -0.776734 0.163016
    outer loop
      vertex 5.27444 5.01623 34.7846
      vertex 4.75223 5.46086 34.9543
      vertex 4.85498 5.01623 33.2192
    endloop
  endfacet
  facet normal -0.526593 -0.838327 0.141098
    outer loop
      vertex 4.18869 5.84567 35.1374
      vertex 3.7383 5.84567 33.4565
      vertex 4.3179 5.46086 33.3333
    endloop
  endfacet
  facet normal -0.5266 -0.838322 0.141097
    outer loop
      vertex 4.75223 5.46086 34.9543
      vertex 4.18869 5.84567 35.1374
      vertex 4.3179 5.46086 33.3333
    endloop
  endfacet
  facet normal -0.438997 -0.890755 0.117629
    outer loop
      vertex 3.58997 6.16643 35.3319
      vertex 3.12253 6.16643 33.5874
      vertex 3.7383 5.84567 33.4565
    endloop
  endfacet
  facet normal -0.439002 -0.890753 0.117629
    outer loop
      vertex 4.18869 5.84567 35.1374
      vertex 3.58997 6.16643 35.3319
      vertex 3.7383 5.84567 33.4565
    endloop
  endfacet
  facet normal -0.346561 -0.93342 0.0928627
    outer loop
      vertex 2.96265 6.41963 35.5358
      vertex 2.47733 6.41963 33.7246
      vertex 3.12253 6.16643 33.5874
    endloop
  endfacet
  facet normal -0.346565 -0.933418 0.0928622
    outer loop
      vertex 3.58997 6.16643 35.3319
      vertex 2.96265 6.41963 35.5358
      vertex 3.12253 6.16643 33.5874
    endloop
  endfacet
  facet normal -0.250334 -0.965833 0.0670749
    outer loop
      vertex 2.31359 6.6025 35.7467
      vertex 1.80978 6.6025 33.8664
      vertex 2.47733 6.41963 33.7246
    endloop
  endfacet
  facet normal -0.250325 -0.965835 0.0670759
    outer loop
      vertex 2.96265 6.41963 35.5358
      vertex 2.31359 6.6025 35.7467
      vertex 2.47733 6.41963 33.7246
    endloop
  endfacet
  facet normal -0.151299 -0.987656 0.0405392
    outer loop
      vertex 1.6499 6.71302 35.9623
      vertex 1.1272 6.71302 34.0115
      vertex 1.80978 6.6025 33.8664
    endloop
  endfacet
  facet normal -0.151299 -0.987656 0.0405392
    outer loop
      vertex 2.31359 6.6025 35.7467
      vertex 1.6499 6.71302 35.9623
      vertex 1.80978 6.6025 33.8664
    endloop
  endfacet
  facet normal -0.0506254 -0.998626 0.0135651
    outer loop
      vertex 0.97887 6.75 36.1803
      vertex 0.437049 6.75 34.1582
      vertex 1.1272 6.71302 34.0115
    endloop
  endfacet
  facet normal -0.0506267 -0.998626 0.013565
    outer loop
      vertex 1.6499 6.71302 35.9623
      vertex 0.97887 6.75 36.1803
      vertex 1.1272 6.71302 34.0115
    endloop
  endfacet
  facet normal 0.0506256 -0.998626 -0.0135647
    outer loop
      vertex 0.307836 6.71302 36.3984
      vertex -0.2531 6.71302 34.3049
      vertex 0.437049 6.75 34.1582
    endloop
  endfacet
  facet normal 0.0506244 -0.998626 -0.0135648
    outer loop
      vertex 0.97887 6.75 36.1803
      vertex 0.307836 6.71302 36.3984
      vertex 0.437049 6.75 34.1582
    endloop
  endfacet
  facet normal 0.151297 -0.987657 -0.0405399
    outer loop
      vertex -0.355846 6.6025 36.614
      vertex -0.935688 6.6025 34.45
      vertex -0.2531 6.71302 34.3049
    endloop
  endfacet
  facet normal 0.1513 -0.987656 -0.0405397
    outer loop
      vertex 0.307836 6.71302 36.3984
      vertex -0.355846 6.6025 36.614
      vertex -0.2531 6.71302 34.3049
    endloop
  endfacet
  facet normal 0.250324 -0.965836 -0.0670752
    outer loop
      vertex -1.0049 6.41963 36.8249
      vertex -1.60324 6.41963 34.5919
      vertex -0.935688 6.6025 34.45
    endloop
  endfacet
  facet normal 0.250328 -0.965835 -0.0670751
    outer loop
      vertex -0.355846 6.6025 36.614
      vertex -1.0049 6.41963 36.8249
      vertex -0.935688 6.6025 34.45
    endloop
  endfacet
  facet normal 0.346578 -0.933413 -0.0928648
    outer loop
      vertex -1.63223 6.16643 37.0287
      vertex -2.24843 6.16643 34.729
      vertex -1.60324 6.41963 34.5919
    endloop
  endfacet
  facet normal 0.346572 -0.933415 -0.0928651
    outer loop
      vertex -1.0049 6.41963 36.8249
      vertex -1.63223 6.16643 37.0287
      vertex -1.60324 6.41963 34.5919
    endloop
  endfacet
  facet normal 0.438998 -0.890755 -0.117625
    outer loop
      vertex -2.23095 5.84567 37.2233
      vertex -2.8642 5.84567 34.8599
      vertex -2.24843 6.16643 34.729
    endloop
  endfacet
  facet normal 0.438987 -0.890761 -0.117626
    outer loop
      vertex -2.23095 5.84567 37.2233
      vertex -2.24843 6.16643 34.729
      vertex -1.63223 6.16643 37.0287
    endloop
  endfacet
  facet normal 0.526593 -0.838327 -0.141098
    outer loop
      vertex -2.79449 5.46086 37.4064
      vertex -3.4438 5.46086 34.9831
      vertex -2.8642 5.84567 34.8599
    endloop
  endfacet
  facet normal 0.5266 -0.838322 -0.141097
    outer loop
      vertex -2.79449 5.46086 37.4064
      vertex -2.8642 5.84567 34.8599
      vertex -2.23095 5.84567 37.2233
    endloop
  endfacet
  facet normal 0.60837 -0.776733 -0.163009
    outer loop
      vertex -3.3167 5.01623 37.5761
      vertex -3.98088 5.01623 35.0973
      vertex -3.4438 5.46086 34.9831
    endloop
  endfacet
  facet normal 0.608369 -0.776734 -0.163009
    outer loop
      vertex -3.3167 5.01623 37.5761
      vertex -3.4438 5.46086 34.9831
      vertex -2.79449 5.46086 37.4064
    endloop
  endfacet
  facet normal 0.683477 -0.706625 -0.183141
    outer loop
      vertex -3.79185 4.51663 37.7304
      vertex -4.46956 4.51663 35.2012
      vertex -3.98088 5.01623 35.0973
    endloop
  endfacet
  facet normal 0.683495 -0.706608 -0.183139
    outer loop
      vertex -3.79185 4.51663 37.7304
      vertex -3.98088 5.01623 35.0973
      vertex -3.3167 5.01623 37.5761
    endloop
  endfacet
  facet normal 0.75108 -0.628789 -0.201253
    outer loop
      vertex -4.21472 3.96755 37.8678
      vertex -4.90448 3.96755 35.2936
      vertex -4.46956 4.51663 35.2012
    endloop
  endfacet
  facet normal 0.751075 -0.628796 -0.201254
    outer loop
      vertex -4.21472 3.96755 37.8678
      vertex -4.46956 4.51663 35.2012
      vertex -3.79185 4.51663 37.7304
    endloop
  endfacet
  facet normal 0.810423 -0.544115 -0.217148
    outer loop
      vertex -4.58069 3.375 37.9868
      vertex -5.28088 3.375 35.3736
      vertex -4.90448 3.96755 35.2936
    endloop
  endfacet
  facet normal 0.81041 -0.544134 -0.21715
    outer loop
      vertex -4.58069 3.375 37.9868
      vertex -4.90448 3.96755 35.2936
      vertex -4.21472 3.96755 37.8678
    endloop
  endfacet
  facet normal 0.860889 -0.453497 -0.230673
    outer loop
      vertex -4.88575 2.74547 38.0859
      vertex -5.59463 2.74547 35.4403
      vertex -5.28088 3.375 35.3736
    endloop
  endfacet
  facet normal 0.860895 -0.453488 -0.230671
    outer loop
      vertex -4.88575 2.74547 38.0859
      vertex -5.28088 3.375 35.3736
      vertex -4.58069 3.375 37.9868
    endloop
  endfacet
  facet normal 0.901919 -0.357961 -0.241675
    outer loop
      vertex -5.12656 2.08586 38.1641
      vertex -5.8423 2.08586 35.493
      vertex -5.59463 2.74547 35.4403
    endloop
  endfacet
  facet normal 0.901933 -0.357928 -0.24167
    outer loop
      vertex -5.12656 2.08586 38.1641
      vertex -5.59463 2.74547 35.4403
      vertex -4.88575 2.74547 38.0859
    endloop
  endfacet
  facet normal 0.933098 -0.258483 -0.250028
    outer loop
      vertex -5.30048 1.4034 38.2206
      vertex -6.02117 1.4034 35.531
      vertex -5.8423 2.08586 35.493
    endloop
  endfacet
  facet normal 0.933095 -0.258492 -0.250029
    outer loop
      vertex -5.30048 1.4034 38.2206
      vertex -5.8423 2.08586 35.493
      vertex -5.12656 2.08586 38.1641
    endloop
  endfacet
  facet normal 0.954071 -0.156196 -0.255638
    outer loop
      vertex -5.40559 0.705566 38.2548
      vertex -6.12928 0.705566 35.5539
      vertex -6.02117 1.4034 35.531
    endloop
  endfacet
  facet normal 0.954063 -0.156233 -0.255645
    outer loop
      vertex -5.40559 0.705566 38.2548
      vertex -6.02117 1.4034 35.531
      vertex -5.30048 1.4034 38.2206
    endloop
  endfacet
  facet normal 0.964606 -0.05227 -0.258463
    outer loop
      vertex -5.44076 0 38.2662
      vertex -6.16545 0 35.5616
      vertex -6.12928 0.705566 35.5539
    endloop
  endfacet
  facet normal 0.964607 -0.0522583 -0.258461
    outer loop
      vertex -5.44076 0 38.2662
      vertex -6.12928 0.705566 35.5539
      vertex -5.40559 0.705566 38.2548
    endloop
  endfacet
  facet normal 0.932306 0.0522545 -0.357876
    outer loop
      vertex -5.40559 -0.705566 38.2548
      vertex -5.44076 0 38.2662
      vertex -4.40356 -0.705566 40.8652
    endloop
  endfacet
  facet normal 0.932306 0.0522438 -0.357878
    outer loop
      vertex -4.40356 -0.705566 40.8652
      vertex -5.44076 0 38.2662
      vertex -4.43734 0 40.8802
    endloop
  endfacet
  facet normal 0.922116 0.156239 -0.353966
    outer loop
      vertex -5.30048 -1.4034 38.2206
      vertex -5.40559 -0.705566 38.2548
      vertex -4.30259 -1.4034 40.8202
    endloop
  endfacet
  facet normal 0.922115 0.156247 -0.353964
    outer loop
      vertex -4.30259 -1.4034 40.8202
      vertex -5.40559 -0.705566 38.2548
      vertex -4.40356 -0.705566 40.8652
    endloop
  endfacet
  facet normal 0.901851 0.258491 -0.346191
    outer loop
      vertex -5.12656 -2.08586 38.1641
      vertex -5.30048 -1.4034 38.2206
      vertex -4.13553 -2.08586 40.7458
    endloop
  endfacet
  facet normal 0.901848 0.258505 -0.346186
    outer loop
      vertex -4.13553 -2.08586 40.7458
      vertex -5.30048 -1.4034 38.2206
      vertex -4.30259 -1.4034 40.8202
    endloop
  endfacet
  facet normal 0.871729 0.357923 -0.334635
    outer loop
      vertex -4.88575 -2.74547 38.0859
      vertex -5.12656 -2.08586 38.1641
      vertex -3.90422 -2.74547 40.6428
    endloop
  endfacet
  facet normal 0.871723 0.357946 -0.334626
    outer loop
      vertex -3.90422 -2.74547 40.6428
      vertex -5.12656 -2.08586 38.1641
      vertex -4.13553 -2.08586 40.7458
    endloop
  endfacet
  facet normal 0.832066 0.453485 -0.319401
    outer loop
      vertex -4.58069 -3.375 37.9868
      vertex -4.88575 -2.74547 38.0859
      vertex -3.6112 -3.375 40.5124
    endloop
  endfacet
  facet normal 0.832076 0.453459 -0.319413
    outer loop
      vertex -3.6112 -3.375 40.5124
      vertex -4.88575 -2.74547 38.0859
      vertex -3.90422 -2.74547 40.6428
    endloop
  endfacet
  facet normal 0.78327 0.544143 -0.300659
    outer loop
      vertex -4.21472 -3.96755 37.8678
      vertex -4.58069 -3.375 37.9868
      vertex -3.25966 -3.96755 40.3559
    endloop
  endfacet
  facet normal 0.783287 0.54411 -0.300676
    outer loop
      vertex -3.25966 -3.96755 40.3559
      vertex -4.58069 -3.375 37.9868
      vertex -3.6112 -3.375 40.5124
    endloop
  endfacet
  facet normal 0.725925 0.628796 -0.278655
    outer loop
      vertex -3.79185 -4.51663 37.7304
      vertex -4.21472 -3.96755 37.8678
      vertex -2.85346 -4.51663 40.175
    endloop
  endfacet
  facet normal 0.725911 0.628818 -0.278642
    outer loop
      vertex -2.85346 -4.51663 40.175
      vertex -4.21472 -3.96755 37.8678
      vertex -3.25966 -3.96755 40.3559
    endloop
  endfacet
  facet normal 0.660611 0.706601 -0.253589
    outer loop
      vertex -3.3167 -5.01623 37.5761
      vertex -3.79185 -4.51663 37.7304
      vertex -2.39706 -5.01623 39.9718
    endloop
  endfacet
  facet normal 0.6606 0.706615 -0.253579
    outer loop
      vertex -2.39706 -5.01623 39.9718
      vertex -3.79185 -4.51663 37.7304
      vertex -2.85346 -4.51663 40.175
    endloop
  endfacet
  facet normal 0.587995 0.776735 -0.225708
    outer loop
      vertex -2.79449 -5.46086 37.4064
      vertex -3.3167 -5.01623 37.5761
      vertex -1.89545 -5.46086 39.7485
    endloop
  endfacet
  facet normal 0.588008 0.776722 -0.225719
    outer loop
      vertex -1.89545 -5.46086 39.7485
      vertex -3.3167 -5.01623 37.5761
      vertex -2.39706 -5.01623 39.9718
    endloop
  endfacet
  facet normal 0.508965 0.838322 -0.195373
    outer loop
      vertex -2.23095 -5.84567 37.2233
      vertex -2.79449 -5.46086 37.4064
      vertex -1.35413 -5.84567 39.5075
    endloop
  endfacet
  facet normal 0.508962 0.838324 -0.195371
    outer loop
      vertex -1.35413 -5.84567 39.5075
      vertex -2.79449 -5.46086 37.4064
      vertex -1.89545 -5.46086 39.7485
    endloop
  endfacet
  facet normal 0.424284 0.890763 -0.162866
    outer loop
      vertex -1.63223 -6.16643 37.0287
      vertex -2.23095 -5.84567 37.2233
      vertex -0.779022 -6.16643 39.2514
    endloop
  endfacet
  facet normal 0.424286 0.890761 -0.162868
    outer loop
      vertex -0.779022 -6.16643 39.2514
      vertex -2.23095 -5.84567 37.2233
      vertex -1.35413 -5.84567 39.5075
    endloop
  endfacet
  facet normal 0.334968 0.933415 -0.128583
    outer loop
      vertex -1.0049 -6.41963 36.8249
      vertex -1.63223 -6.16643 37.0287
      vertex -0.176441 -6.41963 38.9831
    endloop
  endfacet
  facet normal 0.334964 0.933416 -0.12858
    outer loop
      vertex -0.176441 -6.41963 38.9831
      vertex -1.63223 -6.16643 37.0287
      vertex -0.779022 -6.16643 39.2514
    endloop
  endfacet
  facet normal 0.241944 0.965835 -0.0928751
    outer loop
      vertex -0.355846 -6.6025 36.614
      vertex -1.0049 -6.41963 36.8249
      vertex 0.447018 -6.6025 38.7055
    endloop
  endfacet
  facet normal 0.241942 0.965836 -0.0928732
    outer loop
      vertex 0.447018 -6.6025 38.7055
      vertex -1.0049 -6.41963 36.8249
      vertex -0.176441 -6.41963 38.9831
    endloop
  endfacet
  facet normal 0.146234 0.987656 -0.0561349
    outer loop
      vertex 0.307836 -6.71302 36.3984
      vertex -0.355846 -6.6025 36.614
      vertex 1.08452 -6.71302 38.4217
    endloop
  endfacet
  facet normal 0.146234 0.987656 -0.0561349
    outer loop
      vertex 1.08452 -6.71302 38.4217
      vertex -0.355846 -6.6025 36.614
      vertex 0.447018 -6.6025 38.7055
    endloop
  endfacet
  facet normal 0.0489287 0.998626 -0.0187819
    outer loop
      vertex 0.97887 -6.75 36.1803
      vertex 0.307836 -6.71302 36.3984
      vertex 1.72909 -6.75 38.1347
    endloop
  endfacet
  facet normal 0.0489296 0.998626 -0.0187826
    outer loop
      vertex 1.72909 -6.75 38.1347
      vertex 0.307836 -6.71302 36.3984
      vertex 1.08452 -6.71302 38.4217
    endloop
  endfacet
  facet normal -0.0489316 0.998626 0.0187827
    outer loop
      vertex 1.6499 -6.71302 35.9623
      vertex 0.97887 -6.75 36.1803
      vertex 2.37366 -6.71302 37.8478
    endloop
  endfacet
  facet normal -0.0489322 0.998625 0.0187832
    outer loop
      vertex 2.37366 -6.71302 37.8478
      vertex 0.97887 -6.75 36.1803
      vertex 1.72909 -6.75 38.1347
    endloop
  endfacet
  facet normal -0.146233 0.987656 0.0561345
    outer loop
      vertex 2.31359 -6.6025 35.7467
      vertex 1.6499 -6.71302 35.9623
      vertex 3.01116 -6.6025 37.5639
    endloop
  endfacet
  facet normal -0.146228 0.987657 0.0561305
    outer loop
      vertex 3.01116 -6.6025 37.5639
      vertex 1.6499 -6.71302 35.9623
      vertex 2.37366 -6.71302 37.8478
    endloop
  endfacet
  facet normal -0.241942 0.965835 0.0928751
    outer loop
      vertex 2.96265 -6.41963 35.5358
      vertex 2.31359 -6.6025 35.7467
      vertex 3.63462 -6.41963 37.2863
    endloop
  endfacet
  facet normal -0.241941 0.965836 0.0928741
    outer loop
      vertex 3.63462 -6.41963 37.2863
      vertex 2.31359 -6.6025 35.7467
      vertex 3.01116 -6.6025 37.5639
    endloop
  endfacet
  facet normal -0.334956 0.93342 0.128579
    outer loop
      vertex 3.58997 -6.16643 35.3319
      vertex 2.96265 -6.41963 35.5358
      vertex 4.23721 -6.16643 37.018
    endloop
  endfacet
  facet normal -0.334959 0.933418 0.128582
    outer loop
      vertex 4.23721 -6.16643 37.018
      vertex 2.96265 -6.41963 35.5358
      vertex 3.63462 -6.41963 37.2863
    endloop
  endfacet
  facet normal -0.424303 0.890752 0.162873
    outer loop
      vertex 4.18869 -5.84567 35.1374
      vertex 3.58997 -6.16643 35.3319
      vertex 4.81231 -5.84567 36.762
    endloop
  endfacet
  facet normal -0.424308 0.890749 0.162878
    outer loop
      vertex 4.81231 -5.84567 36.762
      vertex 3.58997 -6.16643 35.3319
      vertex 4.23721 -6.16643 37.018
    endloop
  endfacet
  facet normal -0.508965 0.838322 0.195373
    outer loop
      vertex 4.75223 -5.46086 34.9543
      vertex 4.18869 -5.84567 35.1374
      vertex 5.35363 -5.46086 36.521
    endloop
  endfacet
  facet normal -0.508962 0.838324 0.195371
    outer loop
      vertex 5.35363 -5.46086 36.521
      vertex 4.18869 -5.84567 35.1374
      vertex 4.81231 -5.84567 36.762
    endloop
  endfacet
  facet normal -0.587998 0.776735 0.225702
    outer loop
      vertex 5.27444 -5.01623 34.7846
      vertex 4.75223 -5.46086 34.9543
      vertex 5.85524 -5.01623 36.2977
    endloop
  endfacet
  facet normal -0.58801 0.776722 0.225716
    outer loop
      vertex 5.85524 -5.01623 36.2977
      vertex 4.75223 -5.46086 34.9543
      vertex 5.35363 -5.46086 36.521
    endloop
  endfacet
  facet normal -0.660589 0.706627 0.253575
    outer loop
      vertex 5.74959 -4.51663 34.6302
      vertex 5.27444 -5.01623 34.7846
      vertex 6.31164 -4.51663 36.0944
    endloop
  endfacet
  facet normal -0.66058 0.706641 0.253562
    outer loop
      vertex 6.31164 -4.51663 36.0944
      vertex 5.27444 -5.01623 34.7846
      vertex 5.85524 -5.01623 36.2977
    endloop
  endfacet
  facet normal -0.725927 0.628796 0.27865
    outer loop
      vertex 6.17246 -3.96755 34.4928
      vertex 5.74959 -4.51663 34.6302
      vertex 6.71784 -3.96755 35.9136
    endloop
  endfacet
  facet normal -0.725932 0.628787 0.278657
    outer loop
      vertex 6.71784 -3.96755 35.9136
      vertex 5.74959 -4.51663 34.6302
      vertex 6.31164 -4.51663 36.0944
    endloop
  endfacet
  facet normal -0.783291 0.544107 0.300671
    outer loop
      vertex 6.53843 -3.375 34.3739
      vertex 6.17246 -3.96755 34.4928
      vertex 7.06938 -3.375 35.7571
    endloop
  endfacet
  facet normal -0.78329 0.54411 0.300669
    outer loop
      vertex 7.06938 -3.375 35.7571
      vertex 6.17246 -3.96755 34.4928
      vertex 6.71784 -3.96755 35.9136
    endloop
  endfacet
  facet normal -0.832061 0.453496 0.3194
    outer loop
      vertex 6.8435 -2.74547 34.2748
      vertex 6.53843 -3.375 34.3739
      vertex 7.36241 -2.74547 35.6266
    endloop
  endfacet
  facet normal -0.832057 0.45351 0.31939
    outer loop
      vertex 7.36241 -2.74547 35.6266
      vertex 6.53843 -3.375 34.3739
      vertex 7.06938 -3.375 35.7571
    endloop
  endfacet
  facet normal -0.871729 0.357911 0.334647
    outer loop
      vertex 7.0843 -2.08586 34.1966
      vertex 6.8435 -2.74547 34.2748
      vertex 7.59372 -2.08586 35.5236
    endloop
  endfacet
  facet normal -0.871723 0.357946 0.334625
    outer loop
      vertex 7.59372 -2.08586 35.5236
      vertex 6.8435 -2.74547 34.2748
      vertex 7.36241 -2.74547 35.6266
    endloop
  endfacet
  facet normal -0.901853 0.258491 0.346185
    outer loop
      vertex 7.25822 -1.4034 34.1401
      vertex 7.0843 -2.08586 34.1966
      vertex 7.76077 -1.4034 35.4493
    endloop
  endfacet
  facet normal -0.901856 0.258445 0.346212
    outer loop
      vertex 7.76077 -1.4034 35.4493
      vertex 7.0843 -2.08586 34.1966
      vertex 7.59372 -2.08586 35.5236
    endloop
  endfacet
  facet normal -0.922115 0.156239 0.353967
    outer loop
      vertex 7.36333 -0.705566 34.1059
      vertex 7.25822 -1.4034 34.1401
      vertex 7.86174 -0.705566 35.4043
    endloop
  endfacet
  facet normal -0.922115 0.156247 0.353964
    outer loop
      vertex 7.86174 -0.705566 35.4043
      vertex 7.25822 -1.4034 34.1401
      vertex 7.76077 -1.4034 35.4493
    endloop
  endfacet
  facet normal -0.932307 0.0522545 0.357874
    outer loop
      vertex 7.3985 0 34.0945
      vertex 7.36333 -0.705566 34.1059
      vertex 7.89552 0 35.3893
    endloop
  endfacet
  facet normal -0.932305 0.0522438 0.357879
    outer loop
      vertex 7.89552 0 35.3893
      vertex 7.36333 -0.705566 34.1059
      vertex 7.86174 -0.705566 35.4043
    endloop
  endfacet
  facet normal -0.932305 -0.0522545 0.357879
    outer loop
      vertex 7.86174 0.705566 35.4043
      vertex 7.36333 0.705566 34.1059
      vertex 7.3985 0 34.0945
    endloop
  endfacet
  facet normal -0.932307 -0.0522438 0.357874
    outer loop
      vertex 7.86174 0.705566 35.4043
      vertex 7.3985 0 34.0945
      vertex 7.89552 0 35.3893
    endloop
  endfacet
  facet normal -0.922116 -0.156239 0.353964
    outer loop
      vertex 7.76077 1.4034 35.4493
      vertex 7.25822 1.4034 34.1401
      vertex 7.36333 0.705566 34.1059
    endloop
  endfacet
  facet normal -0.922114 -0.156247 0.353967
    outer loop
      vertex 7.76077 1.4034 35.4493
      vertex 7.36333 0.705566 34.1059
      vertex 7.86174 0.705566 35.4043
    endloop
  endfacet
  facet normal -0.901844 -0.258491 0.346208
    outer loop
      vertex 7.59372 2.08586 35.5236
      vertex 7.0843 2.08586 34.1966
      vertex 7.25822 1.4034 34.1401
    endloop
  endfacet
  facet normal -0.901864 -0.258445 0.34619
    outer loop
      vertex 7.59372 2.08586 35.5236
      vertex 7.25822 1.4034 34.1401
      vertex 7.76077 1.4034 35.4493
    endloop
  endfacet
  facet normal -0.871735 -0.357911 0.33463
    outer loop
      vertex 7.36241 2.74547 35.6266
      vertex 6.8435 2.74547 34.2748
      vertex 7.0843 2.08586 34.1966
    endloop
  endfacet
  facet normal -0.871716 -0.357946 0.334642
    outer loop
      vertex 7.36241 2.74547 35.6266
      vertex 7.0843 2.08586 34.1966
      vertex 7.59372 2.08586 35.5236
    endloop
  endfacet
  facet normal -0.832063 -0.453496 0.319393
    outer loop
      vertex 7.06938 3.375 35.7571
      vertex 6.53843 3.375 34.3739
      vertex 6.8435 2.74547 34.2748
    endloop
  endfacet
  facet normal -0.832054 -0.45351 0.319397
    outer loop
      vertex 7.06938 3.375 35.7571
      vertex 6.8435 2.74547 34.2748
      vertex 7.36241 2.74547 35.6266
    endloop
  endfacet
  facet normal -0.783291 -0.544107 0.30067
    outer loop
      vertex 6.71784 3.96755 35.9136
      vertex 6.17246 3.96755 34.4928
      vertex 6.53843 3.375 34.3739
    endloop
  endfacet
  facet normal -0.783289 -0.54411 0.30067
    outer loop
      vertex 6.71784 3.96755 35.9136
      vertex 6.53843 3.375 34.3739
      vertex 7.06938 3.375 35.7571
    endloop
  endfacet
  facet normal -0.725925 -0.628796 0.278655
    outer loop
      vertex 6.31164 4.51663 36.0944
      vertex 5.74959 4.51663 34.6302
      vertex 6.17246 3.96755 34.4928
    endloop
  endfacet
  facet normal -0.725933 -0.628787 0.278653
    outer loop
      vertex 6.31164 4.51663 36.0944
      vertex 6.17246 3.96755 34.4928
      vertex 6.71784 3.96755 35.9136
    endloop
  endfacet
  facet normal -0.660592 -0.706627 0.253567
    outer loop
      vertex 5.85524 5.01623 36.2977
      vertex 5.27444 5.01623 34.7846
      vertex 5.74959 4.51663 34.6302
    endloop
  endfacet
  facet normal -0.660576 -0.706641 0.25357
    outer loop
      vertex 5.85524 5.01623 36.2977
      vertex 5.74959 4.51663 34.6302
      vertex 6.31164 4.51663 36.0944
    endloop
  endfacet
  facet normal -0.587995 -0.776735 0.22571
    outer loop
      vertex 5.35363 5.46086 36.521
      vertex 4.75223 5.46086 34.9543
      vertex 5.27444 5.01623 34.7846
    endloop
  endfacet
  facet normal -0.588013 -0.776722 0.225708
    outer loop
      vertex 5.35363 5.46086 36.521
      vertex 5.27444 5.01623 34.7846
      vertex 5.85524 5.01623 36.2977
    endloop
  endfacet
  facet normal -0.508965 -0.838322 0.195372
    outer loop
      vertex 4.81231 5.84567 36.762
      vertex 4.18869 5.84567 35.1374
      vertex 4.75223 5.46086 34.9543
    endloop
  endfacet
  facet normal -0.508961 -0.838325 0.195372
    outer loop
      vertex 4.81231 5.84567 36.762
      vertex 4.75223 5.46086 34.9543
      vertex 5.35363 5.46086 36.521
    endloop
  endfacet
  facet normal -0.424302 -0.890752 0.162876
    outer loop
      vertex 4.23721 6.16643 37.018
      vertex 3.58997 6.16643 35.3319
      vertex 4.18869 5.84567 35.1374
    endloop
  endfacet
  facet normal -0.424309 -0.890749 0.162876
    outer loop
      vertex 4.23721 6.16643 37.018
      vertex 4.18869 5.84567 35.1374
      vertex 4.81231 5.84567 36.762
    endloop
  endfacet
  facet normal -0.334955 -0.933419 0.12858
    outer loop
      vertex 3.63462 6.41963 37.2863
      vertex 2.96265 6.41963 35.5358
      vertex 3.58997 6.16643 35.3319
    endloop
  endfacet
  facet normal -0.33496 -0.933418 0.12858
    outer loop
      vertex 3.63462 6.41963 37.2863
      vertex 3.58997 6.16643 35.3319
      vertex 4.23721 6.16643 37.018
    endloop
  endfacet
  facet normal -0.241942 -0.965836 0.0928746
    outer loop
      vertex 3.01116 6.6025 37.5639
      vertex 2.31359 6.6025 35.7467
      vertex 2.96265 6.41963 35.5358
    endloop
  endfacet
  facet normal -0.241941 -0.965836 0.0928746
    outer loop
      vertex 3.01116 6.6025 37.5639
      vertex 2.96265 6.41963 35.5358
      vertex 3.63462 6.41963 37.2863
    endloop
  endfacet
  facet normal -0.146233 -0.987656 0.0561325
    outer loop
      vertex 2.37366 6.71302 37.8478
      vertex 1.6499 6.71302 35.9623
      vertex 2.31359 6.6025 35.7467
    endloop
  endfacet
  facet normal -0.146227 -0.987657 0.0561324
    outer loop
      vertex 2.37366 6.71302 37.8478
      vertex 2.31359 6.6025 35.7467
      vertex 3.01116 6.6025 37.5639
    endloop
  endfacet
  facet normal -0.0489315 -0.998626 0.0187829
    outer loop
      vertex 1.72909 6.75 38.1347
      vertex 0.97887 6.75 36.1803
      vertex 1.6499 6.71302 35.9623
    endloop
  endfacet
  facet normal -0.0489324 -0.998625 0.018783
    outer loop
      vertex 1.72909 6.75 38.1347
      vertex 1.6499 6.71302 35.9623
      vertex 2.37366 6.71302 37.8478
    endloop
  endfacet
  facet normal 0.0489286 -0.998626 -0.0187822
    outer loop
      vertex 1.08452 6.71302 38.4217
      vertex 0.307836 6.71302 36.3984
      vertex 0.97887 6.75 36.1803
    endloop
  endfacet
  facet normal 0.0489298 -0.998626 -0.0187823
    outer loop
      vertex 1.08452 6.71302 38.4217
      vertex 0.97887 6.75 36.1803
      vertex 1.72909 6.75 38.1347
    endloop
  endfacet
  facet normal 0.146234 -0.987656 -0.0561349
    outer loop
      vertex 0.447018 6.6025 38.7055
      vertex -0.355846 6.6025 36.614
      vertex 0.307836 6.71302 36.3984
    endloop
  endfacet
  facet normal 0.146234 -0.987656 -0.0561349
    outer loop
      vertex 0.447018 6.6025 38.7055
      vertex 0.307836 6.71302 36.3984
      vertex 1.08452 6.71302 38.4217
    endloop
  endfacet
  facet normal 0.241945 -0.965835 -0.0928742
    outer loop
      vertex -0.176441 6.41963 38.9831
      vertex -1.0049 6.41963 36.8249
      vertex -0.355846 6.6025 36.614
    endloop
  endfacet
  facet normal 0.241941 -0.965836 -0.092874
    outer loop
      vertex -0.176441 6.41963 38.9831
      vertex -0.355846 6.6025 36.614
      vertex 0.447018 6.6025 38.7055
    endloop
  endfacet
  facet normal 0.334968 -0.933415 -0.128581
    outer loop
      vertex -0.779022 6.16643 39.2514
      vertex -1.63223 6.16643 37.0287
      vertex -1.0049 6.41963 36.8249
    endloop
  endfacet
  facet normal 0.334964 -0.933416 -0.128581
    outer loop
      vertex -0.779022 6.16643 39.2514
      vertex -1.0049 6.41963 36.8249
      vertex -0.176441 6.41963 38.9831
    endloop
  endfacet
  facet normal 0.424284 -0.890762 -0.162867
    outer loop
      vertex -1.35413 5.84567 39.5075
      vertex -2.23095 5.84567 37.2233
      vertex -1.63223 6.16643 37.0287
    endloop
  endfacet
  facet normal 0.424286 -0.890761 -0.162867
    outer loop
      vertex -1.35413 5.84567 39.5075
      vertex -1.63223 6.16643 37.0287
      vertex -0.779022 6.16643 39.2514
    endloop
  endfacet
  facet normal 0.508965 -0.838322 -0.195372
    outer loop
      vertex -1.89545 5.46086 39.7485
      vertex -2.79449 5.46086 37.4064
      vertex -2.23095 5.84567 37.2233
    endloop
  endfacet
  facet normal 0.508962 -0.838325 -0.195372
    outer loop
      vertex -1.89545 5.46086 39.7485
      vertex -2.23095 5.84567 37.2233
      vertex -1.35413 5.84567 39.5075
    endloop
  endfacet
  facet normal 0.587993 -0.776735 -0.225714
    outer loop
      vertex -2.39706 5.01623 39.9718
      vertex -3.3167 5.01623 37.5761
      vertex -2.79449 5.46086 37.4064
    endloop
  endfacet
  facet normal 0.58801 -0.776722 -0.225714
    outer loop
      vertex -2.39706 5.01623 39.9718
      vertex -2.79449 5.46086 37.4064
      vertex -1.89545 5.46086 39.7485
    endloop
  endfacet
  facet normal 0.660613 -0.706602 -0.253584
    outer loop
      vertex -2.85346 4.51663 40.175
      vertex -3.79185 4.51663 37.7304
      vertex -3.3167 5.01623 37.5761
    endloop
  endfacet
  facet normal 0.660598 -0.706616 -0.253584
    outer loop
      vertex -2.85346 4.51663 40.175
      vertex -3.3167 5.01623 37.5761
      vertex -2.39706 5.01623 39.9718
    endloop
  endfacet
  facet normal 0.725928 -0.628796 -0.278648
    outer loop
      vertex -3.25966 3.96755 40.3559
      vertex -4.21472 3.96755 37.8678
      vertex -3.79185 4.51663 37.7304
    endloop
  endfacet
  facet normal 0.725908 -0.628818 -0.278649
    outer loop
      vertex -3.25966 3.96755 40.3559
      vertex -3.79185 4.51663 37.7304
      vertex -2.85346 4.51663 40.175
    endloop
  endfacet
  facet normal 0.783267 -0.544143 -0.300669
    outer loop
      vertex -3.6112 3.375 40.5124
      vertex -4.58069 3.375 37.9868
      vertex -4.21472 3.96755 37.8678
    endloop
  endfacet
  facet normal 0.78329 -0.54411 -0.300667
    outer loop
      vertex -3.6112 3.375 40.5124
      vertex -4.21472 3.96755 37.8678
      vertex -3.25966 3.96755 40.3559
    endloop
  endfacet
  facet normal 0.832063 -0.453485 -0.319408
    outer loop
      vertex -3.90422 2.74547 40.6428
      vertex -4.88575 2.74547 38.0859
      vertex -4.58069 3.375 37.9868
    endloop
  endfacet
  facet normal 0.832078 -0.453459 -0.319406
    outer loop
      vertex -3.90422 2.74547 40.6428
      vertex -4.58069 3.375 37.9868
      vertex -3.6112 3.375 40.5124
    endloop
  endfacet
  facet normal 0.871731 -0.357923 -0.334629
    outer loop
      vertex -4.13553 2.08586 40.7458
      vertex -5.12656 2.08586 38.1641
      vertex -4.88575 2.74547 38.0859
    endloop
  endfacet
  facet normal 0.87172 -0.357946 -0.334632
    outer loop
      vertex -4.13553 2.08586 40.7458
      vertex -4.88575 2.74547 38.0859
      vertex -3.90422 2.74547 40.6428
    endloop
  endfacet
  facet normal 0.901852 -0.258491 -0.346187
    outer loop
      vertex -4.30259 1.4034 40.8202
      vertex -5.30048 1.4034 38.2206
      vertex -5.12656 2.08586 38.1641
    endloop
  endfacet
  facet normal 0.901847 -0.258505 -0.34619
    outer loop
      vertex -4.30259 1.4034 40.8202
      vertex -5.12656 2.08586 38.1641
      vertex -4.13553 2.08586 40.7458
    endloop
  endfacet
  facet normal 0.922116 -0.156239 -0.353964
    outer loop
      vertex -4.40356 0.705566 40.8652
      vertex -5.40559 0.705566 38.2548
      vertex -5.30048 1.4034 38.2206
    endloop
  endfacet
  facet normal 0.922115 -0.156247 -0.353966
    outer loop
      vertex -4.40356 0.705566 40.8652
      vertex -5.30048 1.4034 38.2206
      vertex -4.30259 1.4034 40.8202
    endloop
  endfacet
  facet normal 0.932305 -0.0522545 -0.357878
    outer loop
      vertex -4.43734 0 40.8802
      vertex -5.44076 0 38.2662
      vertex -5.40559 0.705566 38.2548
    endloop
  endfacet
  facet normal 0.932307 -0.0522438 -0.357876
    outer loop
      vertex -4.43734 0 40.8802
      vertex -5.40559 0.705566 38.2548
      vertex -4.40356 0.705566 40.8652
    endloop
  endfacet
  facet normal 0.889787 0.0522384 -0.453376
    outer loop
      vertex -4.40356 -0.705566 40.8652
      vertex -4.43734 0 40.8802
      vertex -3.13416 -0.705566 43.3565
    endloop
  endfacet
  facet normal 0.889789 0.0522678 -0.453369
    outer loop
      vertex -3.13416 -0.705566 43.3565
      vertex -4.43734 0 40.8802
      vertex -3.16618 0 43.375
    endloop
  endfacet
  facet normal 0.88006 0.156253 -0.448419
    outer loop
      vertex -4.30259 -1.4034 40.8202
      vertex -4.40356 -0.705566 40.8652
      vertex -3.03844 -1.4034 43.3012
    endloop
  endfacet
  facet normal 0.88006 0.156251 -0.44842
    outer loop
      vertex -3.03844 -1.4034 43.3012
      vertex -4.40356 -0.705566 40.8652
      vertex -3.13416 -0.705566 43.3565
    endloop
  endfacet
  facet normal 0.860722 0.258507 -0.438556
    outer loop
      vertex -4.13553 -2.08586 40.7458
      vertex -4.30259 -1.4034 40.8202
      vertex -2.88007 -2.08586 43.2098
    endloop
  endfacet
  facet normal 0.860726 0.258474 -0.438568
    outer loop
      vertex -2.88007 -2.08586 43.2098
      vertex -4.30259 -1.4034 40.8202
      vertex -3.03844 -1.4034 43.3012
    endloop
  endfacet
  facet normal 0.831972 0.357948 -0.423906
    outer loop
      vertex -3.90422 -2.74547 40.6428
      vertex -4.13553 -2.08586 40.7458
      vertex -2.66079 -2.74547 43.0832
    endloop
  endfacet
  facet normal 0.831973 0.357942 -0.423908
    outer loop
      vertex -2.66079 -2.74547 43.0832
      vertex -4.13553 -2.08586 40.7458
      vertex -2.88007 -2.08586 43.2098
    endloop
  endfacet
  facet normal 0.794133 0.453452 -0.404641
    outer loop
      vertex -3.6112 -3.375 40.5124
      vertex -3.90422 -2.74547 40.6428
      vertex -2.38301 -3.375 42.9228
    endloop
  endfacet
  facet normal 0.794118 0.453498 -0.404618
    outer loop
      vertex -2.38301 -3.375 42.9228
      vertex -3.90422 -2.74547 40.6428
      vertex -2.66079 -2.74547 43.0832
    endloop
  endfacet
  facet normal 0.747564 0.544108 -0.380913
    outer loop
      vertex -3.25966 -3.96755 40.3559
      vertex -3.6112 -3.375 40.5124
      vertex -2.04976 -3.96755 42.7304
    endloop
  endfacet
  facet normal 0.747563 0.544111 -0.380912
    outer loop
      vertex -2.04976 -3.96755 42.7304
      vertex -3.6112 -3.375 40.5124
      vertex -2.38301 -3.375 42.9228
    endloop
  endfacet
  facet normal 0.692802 0.628822 -0.352999
    outer loop
      vertex -2.85346 -4.51663 40.175
      vertex -3.25966 -3.96755 40.3559
      vertex -1.66469 -4.51663 42.5081
    endloop
  endfacet
  facet normal 0.692817 0.628795 -0.353017
    outer loop
      vertex -1.66469 -4.51663 42.5081
      vertex -3.25966 -3.96755 40.3559
      vertex -2.04976 -3.96755 42.7304
    endloop
  endfacet
  facet normal 0.630474 0.706615 -0.321243
    outer loop
      vertex -2.39706 -5.01623 39.9718
      vertex -2.85346 -4.51663 40.175
      vertex -1.23203 -5.01623 42.2583
    endloop
  endfacet
  facet normal 0.630473 0.706618 -0.321241
    outer loop
      vertex -1.23203 -5.01623 42.2583
      vertex -2.85346 -4.51663 40.175
      vertex -1.66469 -4.51663 42.5081
    endloop
  endfacet
  facet normal 0.561197 0.77672 -0.285944
    outer loop
      vertex -1.89545 -5.46086 39.7485
      vertex -2.39706 -5.01623 39.9718
      vertex -0.756507 -5.46086 41.9838
    endloop
  endfacet
  facet normal 0.561196 0.776721 -0.285944
    outer loop
      vertex -0.756507 -5.46086 41.9838
      vertex -2.39706 -5.01623 39.9718
      vertex -1.23203 -5.01623 42.2583
    endloop
  endfacet
  facet normal 0.48575 0.838324 -0.247507
    outer loop
      vertex -1.35413 -5.84567 39.5075
      vertex -1.89545 -5.46086 39.7485
      vertex -0.243343 -5.84567 41.6875
    endloop
  endfacet
  facet normal 0.485741 0.838332 -0.247498
    outer loop
      vertex -0.243343 -5.84567 41.6875
      vertex -1.89545 -5.46086 39.7485
      vertex -0.756507 -5.46086 41.9838
    endloop
  endfacet
  facet normal 0.404934 0.890763 -0.206326
    outer loop
      vertex -0.779022 -6.16643 39.2514
      vertex -1.35413 -5.84567 39.5075
      vertex 0.301844 -6.16643 41.3727
    endloop
  endfacet
  facet normal 0.404938 0.89076 -0.20633
    outer loop
      vertex 0.301844 -6.16643 41.3727
      vertex -1.35413 -5.84567 39.5075
      vertex -0.243343 -5.84567 41.6875
    endloop
  endfacet
  facet normal 0.319688 0.933417 -0.162889
    outer loop
      vertex -0.176441 -6.41963 38.9831
      vertex -0.779022 -6.16643 39.2514
      vertex 0.87308 -6.41963 41.0429
    endloop
  endfacet
  facet normal 0.319691 0.933415 -0.162892
    outer loop
      vertex 0.87308 -6.41963 41.0429
      vertex -0.779022 -6.16643 39.2514
      vertex 0.301844 -6.16643 41.3727
    endloop
  endfacet
  facet normal 0.230909 0.965836 -0.117651
    outer loop
      vertex 0.447018 -6.6025 38.7055
      vertex -0.176441 -6.41963 38.9831
      vertex 1.46411 -6.6025 40.7017
    endloop
  endfacet
  facet normal 0.230915 0.965834 -0.117657
    outer loop
      vertex 1.46411 -6.6025 40.7017
      vertex -0.176441 -6.41963 38.9831
      vertex 0.87308 -6.41963 41.0429
    endloop
  endfacet
  facet normal 0.139567 0.987656 -0.0711118
    outer loop
      vertex 1.08452 -6.71302 38.4217
      vertex 0.447018 -6.6025 38.7055
      vertex 2.06845 -6.71302 40.3528
    endloop
  endfacet
  facet normal 0.139566 0.987656 -0.0711108
    outer loop
      vertex 2.06845 -6.71302 40.3528
      vertex 0.447018 -6.6025 38.7055
      vertex 1.46411 -6.6025 40.7017
    endloop
  endfacet
  facet normal 0.0466984 0.998626 -0.0237936
    outer loop
      vertex 1.72909 -6.75 38.1347
      vertex 1.08452 -6.71302 38.4217
      vertex 2.67949 -6.75 40
    endloop
  endfacet
  facet normal 0.0466986 0.998626 -0.0237938
    outer loop
      vertex 2.67949 -6.75 40
      vertex 1.08452 -6.71302 38.4217
      vertex 2.06845 -6.71302 40.3528
    endloop
  endfacet
  facet normal -0.046701 0.998625 0.0237961
    outer loop
      vertex 2.37366 -6.71302 37.8478
      vertex 1.72909 -6.75 38.1347
      vertex 3.29053 -6.71302 39.6472
    endloop
  endfacet
  facet normal -0.0466987 0.998626 0.0237937
    outer loop
      vertex 3.29053 -6.71302 39.6472
      vertex 1.72909 -6.75 38.1347
      vertex 2.67949 -6.75 40
    endloop
  endfacet
  facet normal -0.139558 0.987657 0.0711083
    outer loop
      vertex 3.01116 -6.6025 37.5639
      vertex 2.37366 -6.71302 37.8478
      vertex 3.89488 -6.6025 39.2983
    endloop
  endfacet
  facet normal -0.139562 0.987656 0.0711129
    outer loop
      vertex 3.89488 -6.6025 39.2983
      vertex 2.37366 -6.71302 37.8478
      vertex 3.29053 -6.71302 39.6472
    endloop
  endfacet
  facet normal -0.23091 0.965836 0.117649
    outer loop
      vertex 3.63462 -6.41963 37.2863
      vertex 3.01116 -6.6025 37.5639
      vertex 4.4859 -6.41963 38.9571
    endloop
  endfacet
  facet normal -0.230918 0.965833 0.117658
    outer loop
      vertex 4.4859 -6.41963 38.9571
      vertex 3.01116 -6.6025 37.5639
      vertex 3.89488 -6.6025 39.2983
    endloop
  endfacet
  facet normal -0.319688 0.933418 0.16288
    outer loop
      vertex 4.23721 -6.16643 37.018
      vertex 3.63462 -6.41963 37.2863
      vertex 5.05714 -6.16643 38.6273
    endloop
  endfacet
  facet normal -0.319693 0.933416 0.162885
    outer loop
      vertex 5.05714 -6.16643 38.6273
      vertex 3.63462 -6.41963 37.2863
      vertex 4.4859 -6.41963 38.9571
    endloop
  endfacet
  facet normal -0.404962 0.890747 0.206338
    outer loop
      vertex 4.81231 -5.84567 36.762
      vertex 4.23721 -6.16643 37.018
      vertex 5.60233 -5.84567 38.3125
    endloop
  endfacet
  facet normal -0.404944 0.89076 0.206317
    outer loop
      vertex 5.60233 -5.84567 38.3125
      vertex 4.23721 -6.16643 37.018
      vertex 5.05714 -6.16643 38.6273
    endloop
  endfacet
  facet normal -0.48575 0.838324 0.247508
    outer loop
      vertex 5.35363 -5.46086 36.521
      vertex 4.81231 -5.84567 36.762
      vertex 6.11549 -5.46086 38.0162
    endloop
  endfacet
  facet normal -0.485743 0.83833 0.247499
    outer loop
      vertex 6.11549 -5.46086 38.0162
      vertex 4.81231 -5.84567 36.762
      vertex 5.60233 -5.84567 38.3125
    endloop
  endfacet
  facet normal -0.561194 0.77672 0.285949
    outer loop
      vertex 5.85524 -5.01623 36.2977
      vertex 5.35363 -5.46086 36.521
      vertex 6.59101 -5.01623 37.7417
    endloop
  endfacet
  facet normal -0.561195 0.776719 0.28595
    outer loop
      vertex 6.59101 -5.01623 37.7417
      vertex 5.35363 -5.46086 36.521
      vertex 6.11549 -5.46086 38.0162
    endloop
  endfacet
  facet normal -0.630451 0.706648 0.321217
    outer loop
      vertex 6.31164 -4.51663 36.0944
      vertex 5.85524 -5.01623 36.2977
      vertex 7.02367 -4.51663 37.4919
    endloop
  endfacet
  facet normal -0.630469 0.706618 0.321247
    outer loop
      vertex 7.02367 -4.51663 37.4919
      vertex 5.85524 -5.01623 36.2977
      vertex 6.59101 -5.01623 37.7417
    endloop
  endfacet
  facet normal -0.692833 0.628783 0.353007
    outer loop
      vertex 6.71784 -3.96755 35.9136
      vertex 6.31164 -4.51663 36.0944
      vertex 7.40874 -3.96755 37.2696
    endloop
  endfacet
  facet normal -0.692828 0.628795 0.352998
    outer loop
      vertex 7.40874 -3.96755 37.2696
      vertex 6.31164 -4.51663 36.0944
      vertex 7.02367 -4.51663 37.4919
    endloop
  endfacet
  facet normal -0.747571 0.544109 0.380898
    outer loop
      vertex 7.06938 -3.375 35.7571
      vertex 6.71784 -3.96755 35.9136
      vertex 7.74199 -3.375 37.0772
    endloop
  endfacet
  facet normal -0.74757 0.54411 0.380897
    outer loop
      vertex 7.74199 -3.375 37.0772
      vertex 6.71784 -3.96755 35.9136
      vertex 7.40874 -3.96755 37.2696
    endloop
  endfacet
  facet normal -0.794114 0.453514 0.404609
    outer loop
      vertex 7.36241 -2.74547 35.6266
      vertex 7.06938 -3.375 35.7571
      vertex 8.01978 -2.74547 36.9168
    endloop
  endfacet
  facet normal -0.794115 0.453508 0.404613
    outer loop
      vertex 8.01978 -2.74547 36.9168
      vertex 7.06938 -3.375 35.7571
      vertex 7.74199 -3.375 37.0772
    endloop
  endfacet
  facet normal -0.831977 0.357948 0.423897
    outer loop
      vertex 7.59372 -2.08586 35.5236
      vertex 7.36241 -2.74547 35.6266
      vertex 8.23906 -2.08586 36.7902
    endloop
  endfacet
  facet normal -0.831977 0.357942 0.423901
    outer loop
      vertex 8.23906 -2.08586 36.7902
      vertex 7.36241 -2.74547 35.6266
      vertex 8.01978 -2.74547 36.9168
    endloop
  endfacet
  facet normal -0.860738 0.258435 0.438567
    outer loop
      vertex 7.76077 -1.4034 35.4493
      vertex 7.59372 -2.08586 35.5236
      vertex 8.39742 -1.4034 36.6988
    endloop
  endfacet
  facet normal -0.860738 0.258462 0.438551
    outer loop
      vertex 8.39742 -1.4034 36.6988
      vertex 7.59372 -2.08586 35.5236
      vertex 8.23906 -2.08586 36.7902
    endloop
  endfacet
  facet normal -0.880064 0.156253 0.448412
    outer loop
      vertex 7.86174 -0.705566 35.4043
      vertex 7.76077 -1.4034 35.4493
      vertex 8.49314 -0.705566 36.6435
    endloop
  endfacet
  facet normal -0.880063 0.15625 0.448413
    outer loop
      vertex 8.49314 -0.705566 36.6435
      vertex 7.76077 -1.4034 35.4493
      vertex 8.39742 -1.4034 36.6988
    endloop
  endfacet
  facet normal -0.889784 0.0522384 0.453382
    outer loop
      vertex 7.89552 0 35.3893
      vertex 7.86174 -0.705566 35.4043
      vertex 8.52516 0 36.625
    endloop
  endfacet
  facet normal -0.88979 0.0522678 0.453368
    outer loop
      vertex 8.52516 0 36.625
      vertex 7.86174 -0.705566 35.4043
      vertex 8.49314 -0.705566 36.6435
    endloop
  endfacet
  facet normal -0.889791 -0.0522384 0.453368
    outer loop
      vertex 8.49314 0.705566 36.6435
      vertex 7.86174 0.705566 35.4043
      vertex 7.89552 0 35.3893
    endloop
  endfacet
  facet normal -0.889783 -0.0522678 0.453381
    outer loop
      vertex 8.49314 0.705566 36.6435
      vertex 7.89552 0 35.3893
      vertex 8.52516 0 36.625
    endloop
  endfacet
  facet normal -0.880063 -0.156253 0.448413
    outer loop
      vertex 8.39742 1.4034 36.6988
      vertex 7.76077 1.4034 35.4493
      vertex 7.86174 0.705566 35.4043
    endloop
  endfacet
  facet normal -0.880064 -0.15625 0.448412
    outer loop
      vertex 8.39742 1.4034 36.6988
      vertex 7.86174 0.705566 35.4043
      vertex 8.49314 0.705566 36.6435
    endloop
  endfacet
  facet normal -0.860745 -0.258436 0.438554
    outer loop
      vertex 8.23906 2.08586 36.7902
      vertex 7.59372 2.08586 35.5236
      vertex 7.76077 1.4034 35.4493
    endloop
  endfacet
  facet normal -0.860732 -0.258462 0.438563
    outer loop
      vertex 8.23906 2.08586 36.7902
      vertex 7.76077 1.4034 35.4493
      vertex 8.39742 1.4034 36.6988
    endloop
  endfacet
  facet normal -0.831975 -0.357948 0.4239
    outer loop
      vertex 8.01978 2.74547 36.9168
      vertex 7.36241 2.74547 35.6266
      vertex 7.59372 2.08586 35.5236
    endloop
  endfacet
  facet normal -0.831979 -0.357941 0.423898
    outer loop
      vertex 8.01978 2.74547 36.9168
      vertex 7.59372 2.08586 35.5236
      vertex 8.23906 2.08586 36.7902
    endloop
  endfacet
  facet normal -0.794112 -0.453514 0.404612
    outer loop
      vertex 7.74199 3.375 37.0772
      vertex 7.06938 3.375 35.7571
      vertex 7.36241 2.74547 35.6266
    endloop
  endfacet
  facet normal -0.794116 -0.453508 0.40461
    outer loop
      vertex 7.74199 3.375 37.0772
      vertex 7.36241 2.74547 35.6266
      vertex 8.01978 2.74547 36.9168
    endloop
  endfacet
  facet normal -0.747571 -0.544109 0.380897
    outer loop
      vertex 7.40874 3.96755 37.2696
      vertex 6.71784 3.96755 35.9136
      vertex 7.06938 3.375 35.7571
    endloop
  endfacet
  facet normal -0.74757 -0.54411 0.380898
    outer loop
      vertex 7.40874 3.96755 37.2696
      vertex 7.06938 3.375 35.7571
      vertex 7.74199 3.375 37.0772
    endloop
  endfacet
  facet normal -0.692836 -0.628784 0.353002
    outer loop
      vertex 7.02367 4.51663 37.4919
      vertex 6.31164 4.51663 36.0944
      vertex 6.71784 3.96755 35.9136
    endloop
  endfacet
  facet normal -0.692825 -0.628795 0.353003
    outer loop
      vertex 7.02367 4.51663 37.4919
      vertex 6.71784 3.96755 35.9136
      vertex 7.40874 3.96755 37.2696
    endloop
  endfacet
  facet normal -0.630443 -0.706647 0.321233
    outer loop
      vertex 6.59101 5.01623 37.7417
      vertex 5.85524 5.01623 36.2977
      vertex 6.31164 4.51663 36.0944
    endloop
  endfacet
  facet normal -0.630478 -0.706617 0.32123
    outer loop
      vertex 6.59101 5.01623 37.7417
      vertex 6.31164 4.51663 36.0944
      vertex 7.02367 4.51663 37.4919
    endloop
  endfacet
  facet normal -0.561194 -0.77672 0.285949
    outer loop
      vertex 6.11549 5.46086 38.0162
      vertex 5.35363 5.46086 36.521
      vertex 5.85524 5.01623 36.2977
    endloop
  endfacet
  facet normal -0.561195 -0.776719 0.285949
    outer loop
      vertex 6.11549 5.46086 38.0162
      vertex 5.85524 5.01623 36.2977
      vertex 6.59101 5.01623 37.7417
    endloop
  endfacet
  facet normal -0.485752 -0.838324 0.247503
    outer loop
      vertex 5.60233 5.84567 38.3125
      vertex 4.81231 5.84567 36.762
      vertex 5.35363 5.46086 36.521
    endloop
  endfacet
  facet normal -0.485741 -0.83833 0.247503
    outer loop
      vertex 5.60233 5.84567 38.3125
      vertex 5.35363 5.46086 36.521
      vertex 6.11549 5.46086 38.0162
    endloop
  endfacet
  facet normal -0.404966 -0.890747 0.206328
    outer loop
      vertex 5.05714 6.16643 38.6273
      vertex 4.23721 6.16643 37.018
      vertex 4.81231 5.84567 36.762
    endloop
  endfacet
  facet normal -0.404939 -0.89076 0.206327
    outer loop
      vertex 5.05714 6.16643 38.6273
      vertex 4.81231 5.84567 36.762
      vertex 5.60233 5.84567 38.3125
    endloop
  endfacet
  facet normal -0.319687 -0.933418 0.162882
    outer loop
      vertex 4.4859 6.41963 38.9571
      vertex 3.63462 6.41963 37.2863
      vertex 4.23721 6.16643 37.018
    endloop
  endfacet
  facet normal -0.319694 -0.933416 0.162883
    outer loop
      vertex 4.4859 6.41963 38.9571
      vertex 4.23721 6.16643 37.018
      vertex 5.05714 6.16643 38.6273
    endloop
  endfacet
  facet normal -0.230908 -0.965836 0.117653
    outer loop
      vertex 3.89488 6.6025 39.2983
      vertex 3.01116 6.6025 37.5639
      vertex 3.63462 6.41963 37.2863
    endloop
  endfacet
  facet normal -0.23092 -0.965833 0.117655
    outer loop
      vertex 3.89488 6.6025 39.2983
      vertex 3.63462 6.41963 37.2863
      vertex 4.4859 6.41963 38.9571
    endloop
  endfacet
  facet normal -0.139557 -0.987657 0.0711102
    outer loop
      vertex 3.29053 6.71302 39.6472
      vertex 2.37366 6.71302 37.8478
      vertex 3.01116 6.6025 37.5639
    endloop
  endfacet
  facet normal -0.139563 -0.987656 0.071111
    outer loop
      vertex 3.29053 6.71302 39.6472
      vertex 3.01116 6.6025 37.5639
      vertex 3.89488 6.6025 39.2983
    endloop
  endfacet
  facet normal -0.0467014 -0.998625 0.0237951
    outer loop
      vertex 2.67949 6.75 40
      vertex 1.72909 6.75 38.1347
      vertex 2.37366 6.71302 37.8478
    endloop
  endfacet
  facet normal -0.0466981 -0.998626 0.0237947
    outer loop
      vertex 2.67949 6.75 40
      vertex 2.37366 6.71302 37.8478
      vertex 3.29053 6.71302 39.6472
    endloop
  endfacet
  facet normal 0.0466984 -0.998626 -0.0237937
    outer loop
      vertex 2.06845 6.71302 40.3528
      vertex 1.08452 6.71302 38.4217
      vertex 1.72909 6.75 38.1347
    endloop
  endfacet
  facet normal 0.0466987 -0.998626 -0.0237937
    outer loop
      vertex 2.06845 6.71302 40.3528
      vertex 1.72909 6.75 38.1347
      vertex 2.67949 6.75 40
    endloop
  endfacet
  facet normal 0.139567 -0.987656 -0.0711114
    outer loop
      vertex 1.46411 6.6025 40.7017
      vertex 0.447018 6.6025 38.7055
      vertex 1.08452 6.71302 38.4217
    endloop
  endfacet
  facet normal 0.139566 -0.987656 -0.0711112
    outer loop
      vertex 1.46411 6.6025 40.7017
      vertex 1.08452 6.71302 38.4217
      vertex 2.06845 6.71302 40.3528
    endloop
  endfacet
  facet normal 0.230908 -0.965836 -0.117654
    outer loop
      vertex 0.87308 6.41963 41.0429
      vertex -0.176441 6.41963 38.9831
      vertex 0.447018 6.6025 38.7055
    endloop
  endfacet
  facet normal 0.230916 -0.965834 -0.117655
    outer loop
      vertex 0.87308 6.41963 41.0429
      vertex 0.447018 6.6025 38.7055
      vertex 1.46411 6.6025 40.7017
    endloop
  endfacet
  facet normal 0.319687 -0.933417 -0.16289
    outer loop
      vertex 0.301844 6.16643 41.3727
      vertex -0.779022 6.16643 39.2514
      vertex -0.176441 6.41963 38.9831
    endloop
  endfacet
  facet normal 0.319691 -0.933415 -0.162891
    outer loop
      vertex 0.301844 6.16643 41.3727
      vertex -0.176441 6.41963 38.9831
      vertex 0.87308 6.41963 41.0429
    endloop
  endfacet
  facet normal 0.404933 -0.890762 -0.206328
    outer loop
      vertex -0.243343 5.84567 41.6875
      vertex -1.35413 5.84567 39.5075
      vertex -0.779022 6.16643 39.2514
    endloop
  endfacet
  facet normal 0.404939 -0.89076 -0.206329
    outer loop
      vertex -0.243343 5.84567 41.6875
      vertex -0.779022 6.16643 39.2514
      vertex 0.301844 6.16643 41.3727
    endloop
  endfacet
  facet normal 0.485752 -0.838324 -0.247503
    outer loop
      vertex -0.756507 5.46086 41.9838
      vertex -1.89545 5.46086 39.7485
      vertex -1.35413 5.84567 39.5075
    endloop
  endfacet
  facet normal 0.485739 -0.838332 -0.247501
    outer loop
      vertex -0.756507 5.46086 41.9838
      vertex -1.35413 5.84567 39.5075
      vertex -0.243343 5.84567 41.6875
    endloop
  endfacet
  facet normal 0.561197 -0.77672 -0.285944
    outer loop
      vertex -1.23203 5.01623 42.2583
      vertex -2.39706 5.01623 39.9718
      vertex -1.89545 5.46086 39.7485
    endloop
  endfacet
  facet normal 0.561196 -0.776721 -0.285944
    outer loop
      vertex -1.23203 5.01623 42.2583
      vertex -1.89545 5.46086 39.7485
      vertex -0.756507 5.46086 41.9838
    endloop
  endfacet
  facet normal 0.630475 -0.706615 -0.321242
    outer loop
      vertex -1.66469 4.51663 42.5081
      vertex -2.85346 4.51663 40.175
      vertex -2.39706 5.01623 39.9718
    endloop
  endfacet
  facet normal 0.630472 -0.706618 -0.321242
    outer loop
      vertex -1.66469 4.51663 42.5081
      vertex -2.39706 5.01623 39.9718
      vertex -1.23203 5.01623 42.2583
    endloop
  endfacet
  facet normal 0.692798 -0.628822 -0.353007
    outer loop
      vertex -2.04976 3.96755 42.7304
      vertex -3.25966 3.96755 40.3559
      vertex -2.85346 4.51663 40.175
    endloop
  endfacet
  facet normal 0.692821 -0.628795 -0.353009
    outer loop
      vertex -2.04976 3.96755 42.7304
      vertex -2.85346 4.51663 40.175
      vertex -1.66469 4.51663 42.5081
    endloop
  endfacet
  facet normal 0.747564 -0.544108 -0.380912
    outer loop
      vertex -2.38301 3.375 42.9228
      vertex -3.6112 3.375 40.5124
      vertex -3.25966 3.96755 40.3559
    endloop
  endfacet
  facet normal 0.747562 -0.544111 -0.380912
    outer loop
      vertex -2.38301 3.375 42.9228
      vertex -3.25966 3.96755 40.3559
      vertex -2.04976 3.96755 42.7304
    endloop
  endfacet
  facet normal 0.794139 -0.453453 -0.404629
    outer loop
      vertex -2.66079 2.74547 43.0832
      vertex -3.90422 2.74547 40.6428
      vertex -3.6112 3.375 40.5124
    endloop
  endfacet
  facet normal 0.794112 -0.453499 -0.40463
    outer loop
      vertex -2.66079 2.74547 43.0832
      vertex -3.6112 3.375 40.5124
      vertex -2.38301 3.375 42.9228
    endloop
  endfacet
  facet normal 0.831971 -0.357947 -0.423907
    outer loop
      vertex -2.88007 2.08586 43.2098
      vertex -4.13553 2.08586 40.7458
      vertex -3.90422 2.74547 40.6428
    endloop
  endfacet
  facet normal 0.831974 -0.357942 -0.423907
    outer loop
      vertex -2.88007 2.08586 43.2098
      vertex -3.90422 2.74547 40.6428
      vertex -2.66079 2.74547 43.0832
    endloop
  endfacet
  facet normal 0.860718 -0.258507 -0.438564
    outer loop
      vertex -3.03844 1.4034 43.3012
      vertex -4.30259 1.4034 40.8202
      vertex -4.13553 2.08586 40.7458
    endloop
  endfacet
  facet normal 0.86073 -0.258474 -0.43856
    outer loop
      vertex -3.03844 1.4034 43.3012
      vertex -4.13553 2.08586 40.7458
      vertex -2.88007 2.08586 43.2098
    endloop
  endfacet
  facet normal 0.88006 -0.156253 -0.44842
    outer loop
      vertex -3.13416 0.705566 43.3565
      vertex -4.40356 0.705566 40.8652
      vertex -4.30259 1.4034 40.8202
    endloop
  endfacet
  facet normal 0.88006 -0.156251 -0.448419
    outer loop
      vertex -3.13416 0.705566 43.3565
      vertex -4.30259 1.4034 40.8202
      vertex -3.03844 1.4034 43.3012
    endloop
  endfacet
  facet normal 0.889791 -0.0522384 -0.453369
    outer loop
      vertex -3.16618 0 43.375
      vertex -4.43734 0 40.8802
      vertex -4.40356 0.705566 40.8652
    endloop
  endfacet
  facet normal 0.889786 -0.0522678 -0.453375
    outer loop
      vertex -3.16618 0 43.375
      vertex -4.40356 0.705566 40.8652
      vertex -3.13416 0.705566 43.3565
    endloop
  endfacet
  facet normal 0.837523 0.0522695 -0.543897
    outer loop
      vertex -3.13416 -0.705566 43.3565
      vertex -3.16618 0 43.375
      vertex -1.61129 -0.705566 45.7015
    endloop
  endfacet
  facet normal 0.837526 0.0523086 -0.543887
    outer loop
      vertex -1.61129 -0.705566 45.7015
      vertex -3.16618 0 43.375
      vertex -1.6412 0 45.7233
    endloop
  endfacet
  facet normal 0.828378 0.156255 -0.537935
    outer loop
      vertex -3.03844 -1.4034 43.3012
      vertex -3.13416 -0.705566 43.3565
      vertex -1.52187 -1.4034 45.6366
    endloop
  endfacet
  facet normal 0.828378 0.156179 -0.537958
    outer loop
      vertex -1.52187 -1.4034 45.6366
      vertex -3.13416 -0.705566 43.3565
      vertex -1.61129 -0.705566 45.7015
    endloop
  endfacet
  facet normal 0.810177 0.25847 -0.526124
    outer loop
      vertex -2.88007 -2.08586 43.2098
      vertex -3.03844 -1.4034 43.3012
      vertex -1.37393 -2.08586 45.5291
    endloop
  endfacet
  facet normal 0.810175 0.258498 -0.526114
    outer loop
      vertex -1.37393 -2.08586 45.5291
      vertex -3.03844 -1.4034 43.3012
      vertex -1.52187 -1.4034 45.6366
    endloop
  endfacet
  facet normal 0.783102 0.357941 -0.508556
    outer loop
      vertex -2.66079 -2.74547 43.0832
      vertex -2.88007 -2.08586 43.2098
      vertex -1.16909 -2.74547 45.3802
    endloop
  endfacet
  facet normal 0.783095 0.357985 -0.508537
    outer loop
      vertex -1.16909 -2.74547 45.3802
      vertex -2.88007 -2.08586 43.2098
      vertex -1.37393 -2.08586 45.5291
    endloop
  endfacet
  facet normal 0.747473 0.453501 -0.485409
    outer loop
      vertex -2.38301 -3.375 42.9228
      vertex -2.66079 -2.74547 43.0832
      vertex -0.909587 -3.375 45.1917
    endloop
  endfacet
  facet normal 0.74748 0.453474 -0.485423
    outer loop
      vertex -0.909587 -3.375 45.1917
      vertex -2.66079 -2.74547 43.0832
      vertex -1.16909 -2.74547 45.3802
    endloop
  endfacet
  facet normal 0.703656 0.54411 -0.456959
    outer loop
      vertex -2.04976 -3.96755 42.7304
      vertex -2.38301 -3.375 42.9228
      vertex -0.598271 -3.96755 44.9655
    endloop
  endfacet
  facet normal 0.703652 0.544123 -0.456951
    outer loop
      vertex -0.598271 -3.96755 44.9655
      vertex -2.38301 -3.375 42.9228
      vertex -0.909587 -3.375 45.1917
    endloop
  endfacet
  facet normal 0.652131 0.628793 -0.423491
    outer loop
      vertex -1.66469 -4.51663 42.5081
      vertex -2.04976 -3.96755 42.7304
      vertex -0.238553 -4.51663 44.7042
    endloop
  endfacet
  facet normal 0.65214 0.628775 -0.423504
    outer loop
      vertex -0.238553 -4.51663 44.7042
      vertex -2.04976 -3.96755 42.7304
      vertex -0.598271 -3.96755 44.9655
    endloop
  endfacet
  facet normal 0.593439 0.706618 -0.385385
    outer loop
      vertex -1.23203 -5.01623 42.2583
      vertex -1.66469 -4.51663 42.5081
      vertex 0.165628 -5.01623 44.4105
    endloop
  endfacet
  facet normal 0.593428 0.706636 -0.385369
    outer loop
      vertex 0.165628 -5.01623 44.4105
      vertex -1.66469 -4.51663 42.5081
      vertex -0.238553 -4.51663 44.7042
    endloop
  endfacet
  facet normal 0.528235 0.776718 -0.34304
    outer loop
      vertex -0.756507 -5.46086 41.9838
      vertex -1.23203 -5.01623 42.2583
      vertex 0.609845 -5.46086 44.0878
    endloop
  endfacet
  facet normal 0.528237 0.776716 -0.343042
    outer loop
      vertex 0.609845 -5.46086 44.0878
      vertex -1.23203 -5.01623 42.2583
      vertex 0.165628 -5.01623 44.4105
    endloop
  endfacet
  facet normal 0.45721 0.838333 -0.296913
    outer loop
      vertex -0.243343 -5.84567 41.6875
      vertex -0.756507 -5.46086 41.9838
      vertex 1.08923 -5.84567 43.7395
    endloop
  endfacet
  facet normal 0.457213 0.838329 -0.296917
    outer loop
      vertex 1.08923 -5.84567 43.7395
      vertex -0.756507 -5.46086 41.9838
      vertex 0.609845 -5.46086 44.0878
    endloop
  endfacet
  facet normal 0.381157 0.890761 -0.247517
    outer loop
      vertex 0.301844 -6.16643 41.3727
      vertex -0.243343 -5.84567 41.6875
      vertex 1.59853 -6.16643 43.3695
    endloop
  endfacet
  facet normal 0.38117 0.890751 -0.247533
    outer loop
      vertex 1.59853 -6.16643 43.3695
      vertex -0.243343 -5.84567 41.6875
      vertex 1.08923 -5.84567 43.7395
    endloop
  endfacet
  facet normal 0.300913 0.933415 -0.195417
    outer loop
      vertex 0.87308 -6.41963 41.0429
      vertex 0.301844 -6.16643 41.3727
      vertex 2.13216 -6.41963 42.9817
    endloop
  endfacet
  facet normal 0.300897 0.933424 -0.195397
    outer loop
      vertex 2.13216 -6.41963 42.9817
      vertex 0.301844 -6.16643 41.3727
      vertex 1.59853 -6.16643 43.3695
    endloop
  endfacet
  facet normal 0.217352 0.965834 -0.14115
    outer loop
      vertex 1.46411 -6.6025 40.7017
      vertex 0.87308 -6.41963 41.0429
      vertex 2.68428 -6.6025 42.5806
    endloop
  endfacet
  facet normal 0.217354 0.965833 -0.141152
    outer loop
      vertex 2.68428 -6.6025 42.5806
      vertex 0.87308 -6.41963 41.0429
      vertex 2.13216 -6.41963 42.9817
    endloop
  endfacet
  facet normal 0.131366 0.987656 -0.0853131
    outer loop
      vertex 2.06845 -6.71302 40.3528
      vertex 1.46411 -6.6025 40.7017
      vertex 3.24885 -6.71302 42.1704
    endloop
  endfacet
  facet normal 0.131362 0.987657 -0.0853072
    outer loop
      vertex 3.24885 -6.71302 42.1704
      vertex 1.46411 -6.6025 40.7017
      vertex 2.68428 -6.6025 42.5806
    endloop
  endfacet
  facet normal 0.0439553 0.998626 -0.0285451
    outer loop
      vertex 2.67949 -6.75 40
      vertex 2.06845 -6.71302 40.3528
      vertex 3.81966 -6.75 41.7557
    endloop
  endfacet
  facet normal 0.0439566 0.998626 -0.0285466
    outer loop
      vertex 3.81966 -6.75 41.7557
      vertex 2.06845 -6.71302 40.3528
      vertex 3.24885 -6.71302 42.1704
    endloop
  endfacet
  facet normal -0.0439556 0.998626 0.0285447
    outer loop
      vertex 3.29053 -6.71302 39.6472
      vertex 2.67949 -6.75 40
      vertex 4.39048 -6.71302 41.341
    endloop
  endfacet
  facet normal -0.0439565 0.998626 0.0285458
    outer loop
      vertex 4.39048 -6.71302 41.341
      vertex 2.67949 -6.75 40
      vertex 3.81966 -6.75 41.7557
    endloop
  endfacet
  facet normal -0.131366 0.987656 0.0853102
    outer loop
      vertex 3.89488 -6.6025 39.2983
      vertex 3.29053 -6.71302 39.6472
      vertex 4.95504 -6.6025 40.9308
    endloop
  endfacet
  facet normal -0.131364 0.987657 0.0853074
    outer loop
      vertex 4.95504 -6.6025 40.9308
      vertex 3.29053 -6.71302 39.6472
      vertex 4.39048 -6.71302 41.341
    endloop
  endfacet
  facet normal -0.217354 0.965833 0.141152
    outer loop
      vertex 4.4859 -6.41963 38.9571
      vertex 3.89488 -6.6025 39.2983
      vertex 5.50716 -6.41963 40.5297
    endloop
  endfacet
  facet normal -0.217355 0.965833 0.141152
    outer loop
      vertex 5.50716 -6.41963 40.5297
      vertex 3.89488 -6.6025 39.2983
      vertex 4.95504 -6.6025 40.9308
    endloop
  endfacet
  facet normal -0.300913 0.933416 0.195414
    outer loop
      vertex 5.05714 -6.16643 38.6273
      vertex 4.4859 -6.41963 38.9571
      vertex 6.04079 -6.16643 40.142
    endloop
  endfacet
  facet normal -0.300915 0.933414 0.195417
    outer loop
      vertex 6.04079 -6.16643 40.142
      vertex 4.4859 -6.41963 38.9571
      vertex 5.50716 -6.41963 40.5297
    endloop
  endfacet
  facet normal -0.38115 0.890761 0.247526
    outer loop
      vertex 5.60233 -5.84567 38.3125
      vertex 5.05714 -6.16643 38.6273
      vertex 6.55009 -5.84567 39.7719
    endloop
  endfacet
  facet normal -0.381144 0.890767 0.247516
    outer loop
      vertex 6.55009 -5.84567 39.7719
      vertex 5.05714 -6.16643 38.6273
      vertex 6.04079 -6.16643 40.142
    endloop
  endfacet
  facet normal -0.457209 0.838331 0.296919
    outer loop
      vertex 6.11549 -5.46086 38.0162
      vertex 5.60233 -5.84567 38.3125
      vertex 7.02948 -5.46086 39.4236
    endloop
  endfacet
  facet normal -0.457209 0.838331 0.296919
    outer loop
      vertex 7.02948 -5.46086 39.4236
      vertex 5.60233 -5.84567 38.3125
      vertex 6.55009 -5.84567 39.7719
    endloop
  endfacet
  facet normal -0.528236 0.776717 0.343042
    outer loop
      vertex 6.59101 -5.01623 37.7417
      vertex 6.11549 -5.46086 38.0162
      vertex 7.47369 -5.01623 39.1009
    endloop
  endfacet
  facet normal -0.528238 0.776713 0.343047
    outer loop
      vertex 7.47369 -5.01623 39.1009
      vertex 6.11549 -5.46086 38.0162
      vertex 7.02948 -5.46086 39.4236
    endloop
  endfacet
  facet normal -0.593433 0.706618 0.385395
    outer loop
      vertex 7.02367 -4.51663 37.4919
      vertex 6.59101 -5.01623 37.7417
      vertex 7.87787 -4.51663 38.8072
    endloop
  endfacet
  facet normal -0.593424 0.706635 0.385376
    outer loop
      vertex 7.87787 -4.51663 38.8072
      vertex 6.59101 -5.01623 37.7417
      vertex 7.47369 -5.01623 39.1009
    endloop
  endfacet
  facet normal -0.652125 0.628793 0.4235
    outer loop
      vertex 7.40874 -3.96755 37.2696
      vertex 7.02367 -4.51663 37.4919
      vertex 8.23759 -3.96755 38.5459
    endloop
  endfacet
  facet normal -0.65213 0.628777 0.423515
    outer loop
      vertex 8.23759 -3.96755 38.5459
      vertex 7.02367 -4.51663 37.4919
      vertex 7.87787 -4.51663 38.8072
    endloop
  endfacet
  facet normal -0.703648 0.54411 0.456972
    outer loop
      vertex 7.74199 -3.375 37.0772
      vertex 7.40874 -3.96755 37.2696
      vertex 8.54891 -3.375 38.3197
    endloop
  endfacet
  facet normal -0.703644 0.544127 0.456958
    outer loop
      vertex 8.54891 -3.375 38.3197
      vertex 7.40874 -3.96755 37.2696
      vertex 8.23759 -3.96755 38.5459
    endloop
  endfacet
  facet normal -0.747469 0.45351 0.485405
    outer loop
      vertex 8.01978 -2.74547 36.9168
      vertex 7.74199 -3.375 37.0772
      vertex 8.80841 -2.74547 38.1312
    endloop
  endfacet
  facet normal -0.747474 0.453471 0.485434
    outer loop
      vertex 8.80841 -2.74547 38.1312
      vertex 7.74199 -3.375 37.0772
      vertex 8.54891 -3.375 38.3197
    endloop
  endfacet
  facet normal -0.783094 0.357941 0.508568
    outer loop
      vertex 8.23906 -2.08586 36.7902
      vertex 8.01978 -2.74547 36.9168
      vertex 9.01325 -2.08586 37.9823
    endloop
  endfacet
  facet normal -0.783093 0.357985 0.50854
    outer loop
      vertex 9.01325 -2.08586 37.9823
      vertex 8.01978 -2.74547 36.9168
      vertex 8.80841 -2.74547 38.1312
    endloop
  endfacet
  facet normal -0.810174 0.258459 0.526134
    outer loop
      vertex 8.39742 -1.4034 36.6988
      vertex 8.23906 -2.08586 36.7902
      vertex 9.16119 -1.4034 37.8749
    endloop
  endfacet
  facet normal -0.810172 0.258426 0.526153
    outer loop
      vertex 9.16119 -1.4034 37.8749
      vertex 8.23906 -2.08586 36.7902
      vertex 9.01325 -2.08586 37.9823
    endloop
  endfacet
  facet normal -0.828369 0.156255 0.53795
    outer loop
      vertex 8.49314 -0.705566 36.6435
      vertex 8.39742 -1.4034 36.6988
      vertex 9.25061 -0.705566 37.8099
    endloop
  endfacet
  facet normal -0.828369 0.156254 0.53795
    outer loop
      vertex 9.25061 -0.705566 37.8099
      vertex 8.39742 -1.4034 36.6988
      vertex 9.16119 -1.4034 37.8749
    endloop
  endfacet
  facet normal -0.837531 0.0522695 0.543884
    outer loop
      vertex 8.52516 0 36.625
      vertex 8.49314 -0.705566 36.6435
      vertex 9.28053 0 37.7882
    endloop
  endfacet
  facet normal -0.837525 0.0522436 0.543896
    outer loop
      vertex 9.28053 0 37.7882
      vertex 8.49314 -0.705566 36.6435
      vertex 9.25061 -0.705566 37.8099
    endloop
  endfacet
  facet normal -0.837524 -0.0522695 0.543895
    outer loop
      vertex 9.25061 0.705566 37.8099
      vertex 8.49314 0.705566 36.6435
      vertex 8.52516 0 36.625
    endloop
  endfacet
  facet normal -0.837532 -0.0522435 0.543885
    outer loop
      vertex 9.25061 0.705566 37.8099
      vertex 8.52516 0 36.625
      vertex 9.28053 0 37.7882
    endloop
  endfacet
  facet normal -0.828368 -0.156255 0.53795
    outer loop
      vertex 9.16119 1.4034 37.8749
      vertex 8.39742 1.4034 36.6988
      vertex 8.49314 0.705566 36.6435
    endloop
  endfacet
  facet normal -0.828369 -0.156254 0.53795
    outer loop
      vertex 9.16119 1.4034 37.8749
      vertex 8.49314 0.705566 36.6435
      vertex 9.25061 0.705566 37.8099
    endloop
  endfacet
  facet normal -0.810165 -0.258459 0.526148
    outer loop
      vertex 9.01325 2.08586 37.9823
      vertex 8.23906 2.08586 36.7902
      vertex 8.39742 1.4034 36.6988
    endloop
  endfacet
  facet normal -0.810181 -0.258426 0.526139
    outer loop
      vertex 9.01325 2.08586 37.9823
      vertex 8.39742 1.4034 36.6988
      vertex 9.16119 1.4034 37.8749
    endloop
  endfacet
  facet normal -0.783107 -0.357942 0.508549
    outer loop
      vertex 8.80841 2.74547 38.1312
      vertex 8.01978 2.74547 36.9168
      vertex 8.23906 2.08586 36.7902
    endloop
  endfacet
  facet normal -0.78308 -0.357985 0.508559
    outer loop
      vertex 8.80841 2.74547 38.1312
      vertex 8.23906 2.08586 36.7902
      vertex 9.01325 2.08586 37.9823
    endloop
  endfacet
  facet normal -0.747458 -0.45351 0.485423
    outer loop
      vertex 8.54891 3.375 38.3197
      vertex 7.74199 3.375 37.0772
      vertex 8.01978 2.74547 36.9168
    endloop
  endfacet
  facet normal -0.747486 -0.453471 0.485416
    outer loop
      vertex 8.54891 3.375 38.3197
      vertex 8.01978 2.74547 36.9168
      vertex 8.80841 2.74547 38.1312
    endloop
  endfacet
  facet normal -0.703653 -0.54411 0.456964
    outer loop
      vertex 8.23759 3.96755 38.5459
      vertex 7.40874 3.96755 37.2696
      vertex 7.74199 3.375 37.0772
    endloop
  endfacet
  facet normal -0.703639 -0.544127 0.456966
    outer loop
      vertex 8.23759 3.96755 38.5459
      vertex 7.74199 3.375 37.0772
      vertex 8.54891 3.375 38.3197
    endloop
  endfacet
  facet normal -0.65212 -0.628793 0.423508
    outer loop
      vertex 7.87787 4.51663 38.8072
      vertex 7.02367 4.51663 37.4919
      vertex 7.40874 3.96755 37.2696
    endloop
  endfacet
  facet normal -0.652136 -0.628777 0.423508
    outer loop
      vertex 7.87787 4.51663 38.8072
      vertex 7.40874 3.96755 37.2696
      vertex 8.23759 3.96755 38.5459
    endloop
  endfacet
  facet normal -0.593438 -0.706618 0.385386
    outer loop
      vertex 7.47369 5.01623 39.1009
      vertex 6.59101 5.01623 37.7417
      vertex 7.02367 4.51663 37.4919
    endloop
  endfacet
  facet normal -0.593418 -0.706636 0.385385
    outer loop
      vertex 7.47369 5.01623 39.1009
      vertex 7.02367 4.51663 37.4919
      vertex 7.87787 4.51663 38.8072
    endloop
  endfacet
  facet normal -0.528234 -0.776717 0.343044
    outer loop
      vertex 7.02948 5.46086 39.4236
      vertex 6.11549 5.46086 38.0162
      vertex 6.59101 5.01623 37.7417
    endloop
  endfacet
  facet normal -0.52824 -0.776713 0.343045
    outer loop
      vertex 7.02948 5.46086 39.4236
      vertex 6.59101 5.01623 37.7417
      vertex 7.47369 5.01623 39.1009
    endloop
  endfacet
  facet normal -0.457208 -0.838331 0.296919
    outer loop
      vertex 6.55009 5.84567 39.7719
      vertex 5.60233 5.84567 38.3125
      vertex 6.11549 5.46086 38.0162
    endloop
  endfacet
  facet normal -0.457209 -0.838331 0.296919
    outer loop
      vertex 6.55009 5.84567 39.7719
      vertex 6.11549 5.46086 38.0162
      vertex 7.02948 5.46086 39.4236
    endloop
  endfacet
  facet normal -0.381153 -0.890761 0.247522
    outer loop
      vertex 6.04079 6.16643 40.142
      vertex 5.05714 6.16643 38.6273
      vertex 5.60233 5.84567 38.3125
    endloop
  endfacet
  facet normal -0.381141 -0.890767 0.24752
    outer loop
      vertex 6.04079 6.16643 40.142
      vertex 5.60233 5.84567 38.3125
      vertex 6.55009 5.84567 39.7719
    endloop
  endfacet
  facet normal -0.300912 -0.933416 0.195415
    outer loop
      vertex 5.50716 6.41963 40.5297
      vertex 4.4859 6.41963 38.9571
      vertex 5.05714 6.16643 38.6273
    endloop
  endfacet
  facet normal -0.300916 -0.933414 0.195416
    outer loop
      vertex 5.50716 6.41963 40.5297
      vertex 5.05714 6.16643 38.6273
      vertex 6.04079 6.16643 40.142
    endloop
  endfacet
  facet normal -0.217354 -0.965833 0.141152
    outer loop
      vertex 4.95504 6.6025 40.9308
      vertex 3.89488 6.6025 39.2983
      vertex 4.4859 6.41963 38.9571
    endloop
  endfacet
  facet normal -0.217355 -0.965833 0.141152
    outer loop
      vertex 4.95504 6.6025 40.9308
      vertex 4.4859 6.41963 38.9571
      vertex 5.50716 6.41963 40.5297
    endloop
  endfacet
  facet normal -0.131367 -0.987656 0.0853092
    outer loop
      vertex 4.39048 6.71302 41.341
      vertex 3.29053 6.71302 39.6472
      vertex 3.89488 6.6025 39.2983
    endloop
  endfacet
  facet normal -0.131363 -0.987657 0.0853084
    outer loop
      vertex 4.39048 6.71302 41.341
      vertex 3.89488 6.6025 39.2983
      vertex 4.95504 6.6025 40.9308
    endloop
  endfacet
  facet normal -0.0439553 -0.998626 0.0285451
    outer loop
      vertex 3.81966 6.75 41.7557
      vertex 2.67949 6.75 40
      vertex 3.29053 6.71302 39.6472
    endloop
  endfacet
  facet normal -0.0439567 -0.998626 0.0285454
    outer loop
      vertex 3.81966 6.75 41.7557
      vertex 3.29053 6.71302 39.6472
      vertex 4.39048 6.71302 41.341
    endloop
  endfacet
  facet normal 0.043955 -0.998626 -0.0285456
    outer loop
      vertex 3.24885 6.71302 42.1704
      vertex 2.06845 6.71302 40.3528
      vertex 2.67949 6.75 40
    endloop
  endfacet
  facet normal 0.043957 -0.998626 -0.0285461
    outer loop
      vertex 3.24885 6.71302 42.1704
      vertex 2.67949 6.75 40
      vertex 3.81966 6.75 41.7557
    endloop
  endfacet
  facet normal 0.131368 -0.987656 -0.085311
    outer loop
      vertex 2.68428 6.6025 42.5806
      vertex 1.46411 6.6025 40.7017
      vertex 2.06845 6.71302 40.3528
    endloop
  endfacet
  facet normal 0.13136 -0.987657 -0.0853091
    outer loop
      vertex 2.68428 6.6025 42.5806
      vertex 2.06845 6.71302 40.3528
      vertex 3.24885 6.71302 42.1704
    endloop
  endfacet
  facet normal 0.217352 -0.965834 -0.141151
    outer loop
      vertex 2.13216 6.41963 42.9817
      vertex 0.87308 6.41963 41.0429
      vertex 1.46411 6.6025 40.7017
    endloop
  endfacet
  facet normal 0.217355 -0.965833 -0.141152
    outer loop
      vertex 2.13216 6.41963 42.9817
      vertex 1.46411 6.6025 40.7017
      vertex 2.68428 6.6025 42.5806
    endloop
  endfacet
  facet normal 0.300917 -0.933415 -0.19541
    outer loop
      vertex 1.59853 6.16643 43.3695
      vertex 0.301844 6.16643 41.3727
      vertex 0.87308 6.41963 41.0429
    endloop
  endfacet
  facet normal 0.300893 -0.933424 -0.195404
    outer loop
      vertex 1.59853 6.16643 43.3695
      vertex 0.87308 6.41963 41.0429
      vertex 2.13216 6.41963 42.9817
    endloop
  endfacet
  facet normal 0.381154 -0.89076 -0.247522
    outer loop
      vertex 1.08923 5.84567 43.7395
      vertex -0.243343 5.84567 41.6875
      vertex 0.301844 6.16643 41.3727
    endloop
  endfacet
  facet normal 0.381174 -0.890751 -0.247528
    outer loop
      vertex 1.08923 5.84567 43.7395
      vertex 0.301844 6.16643 41.3727
      vertex 1.59853 6.16643 43.3695
    endloop
  endfacet
  facet normal 0.457209 -0.838333 -0.296915
    outer loop
      vertex 0.609845 5.46086 44.0878
      vertex -0.756507 5.46086 41.9838
      vertex -0.243343 5.84567 41.6875
    endloop
  endfacet
  facet normal 0.457214 -0.838329 -0.296916
    outer loop
      vertex 0.609845 5.46086 44.0878
      vertex -0.243343 5.84567 41.6875
      vertex 1.08923 5.84567 43.7395
    endloop
  endfacet
  facet normal 0.528235 -0.776718 -0.34304
    outer loop
      vertex 0.165628 5.01623 44.4105
      vertex -1.23203 5.01623 42.2583
      vertex -0.756507 5.46086 41.9838
    endloop
  endfacet
  facet normal 0.528237 -0.776716 -0.343041
    outer loop
      vertex 0.165628 5.01623 44.4105
      vertex -0.756507 5.46086 41.9838
      vertex 0.609845 5.46086 44.0878
    endloop
  endfacet
  facet normal 0.593442 -0.706618 -0.385379
    outer loop
      vertex -0.238553 4.51663 44.7042
      vertex -1.66469 4.51663 42.5081
      vertex -1.23203 5.01623 42.2583
    endloop
  endfacet
  facet normal 0.593424 -0.706636 -0.385375
    outer loop
      vertex -0.238553 4.51663 44.7042
      vertex -1.23203 5.01623 42.2583
      vertex 0.165628 5.01623 44.4105
    endloop
  endfacet
  facet normal 0.652127 -0.628793 -0.423496
    outer loop
      vertex -0.598271 3.96755 44.9655
      vertex -2.04976 3.96755 42.7304
      vertex -1.66469 4.51663 42.5081
    endloop
  endfacet
  facet normal 0.652143 -0.628775 -0.423499
    outer loop
      vertex -0.598271 3.96755 44.9655
      vertex -1.66469 4.51663 42.5081
      vertex -0.238553 4.51663 44.7042
    endloop
  endfacet
  facet normal 0.703659 -0.54411 -0.456956
    outer loop
      vertex -0.909587 3.375 45.1917
      vertex -2.38301 3.375 42.9228
      vertex -2.04976 3.96755 42.7304
    endloop
  endfacet
  facet normal 0.703649 -0.544123 -0.456955
    outer loop
      vertex -0.909587 3.375 45.1917
      vertex -2.04976 3.96755 42.7304
      vertex -0.598271 3.96755 44.9655
    endloop
  endfacet
  facet normal 0.747468 -0.453501 -0.485415
    outer loop
      vertex -1.16909 2.74547 45.3802
      vertex -2.66079 2.74547 43.0832
      vertex -2.38301 3.375 42.9228
    endloop
  endfacet
  facet normal 0.747484 -0.453474 -0.485416
    outer loop
      vertex -1.16909 2.74547 45.3802
      vertex -2.38301 3.375 42.9228
      vertex -0.909587 3.375 45.1917
    endloop
  endfacet
  facet normal 0.783108 -0.357942 -0.508546
    outer loop
      vertex -1.37393 2.08586 45.5291
      vertex -2.88007 2.08586 43.2098
      vertex -2.66079 2.74547 43.0832
    endloop
  endfacet
  facet normal 0.783088 -0.357985 -0.508547
    outer loop
      vertex -1.37393 2.08586 45.5291
      vertex -2.66079 2.74547 43.0832
      vertex -1.16909 2.74547 45.3802
    endloop
  endfacet
  facet normal 0.810181 -0.25847 -0.526118
    outer loop
      vertex -1.52187 1.4034 45.6366
      vertex -3.03844 1.4034 43.3012
      vertex -2.88007 2.08586 43.2098
    endloop
  endfacet
  facet normal 0.810171 -0.258498 -0.52612
    outer loop
      vertex -1.52187 1.4034 45.6366
      vertex -2.88007 2.08586 43.2098
      vertex -1.37393 2.08586 45.5291
    endloop
  endfacet
  facet normal 0.828367 -0.156255 -0.537951
    outer loop
      vertex -1.61129 0.705566 45.7015
      vertex -3.13416 0.705566 43.3565
      vertex -3.03844 1.4034 43.3012
    endloop
  endfacet
  facet normal 0.828388 -0.156179 -0.537942
    outer loop
      vertex -1.61129 0.705566 45.7015
      vertex -3.03844 1.4034 43.3012
      vertex -1.52187 1.4034 45.6366
    endloop
  endfacet
  facet normal 0.837528 -0.0522695 -0.543889
    outer loop
      vertex -1.6412 0 45.7233
      vertex -3.16618 0 43.375
      vertex -3.13416 0.705566 43.3565
    endloop
  endfacet
  facet normal 0.837521 -0.0523086 -0.543896
    outer loop
      vertex -1.6412 0 45.7233
      vertex -3.13416 0.705566 43.3565
      vertex -1.61129 0.705566 45.7015
    endloop
  endfacet
  facet normal 0.776084 0.0523169 -0.628455
    outer loop
      vertex -1.61129 -0.705566 45.7015
      vertex -1.6412 0 45.7233
      vertex 0.148355 -0.705566 47.8745
    endloop
  endfacet
  facet normal 0.776074 0.0522263 -0.628476
    outer loop
      vertex 0.148355 -0.705566 47.8745
      vertex -1.6412 0 45.7233
      vertex 0.120876 0 47.8992
    endloop
  endfacet
  facet normal 0.767598 0.156171 -0.621614
    outer loop
      vertex -1.52187 -1.4034 45.6366
      vertex -1.61129 -0.705566 45.7015
      vertex 0.230493 -1.4034 47.8005
    endloop
  endfacet
  facet normal 0.767602 0.156264 -0.621586
    outer loop
      vertex 0.230493 -1.4034 47.8005
      vertex -1.61129 -0.705566 45.7015
      vertex 0.148355 -0.705566 47.8745
    endloop
  endfacet
  facet normal 0.75073 0.2585 -0.607933
    outer loop
      vertex -1.37393 -2.08586 45.5291
      vertex -1.52187 -1.4034 45.6366
      vertex 0.366388 -2.08586 47.6782
    endloop
  endfacet
  facet normal 0.750732 0.258438 -0.607956
    outer loop
      vertex 0.366388 -2.08586 47.6782
      vertex -1.52187 -1.4034 45.6366
      vertex 0.230493 -1.4034 47.8005
    endloop
  endfacet
  facet normal 0.725651 0.357993 -0.587598
    outer loop
      vertex -1.16909 -2.74547 45.3802
      vertex -1.37393 -2.08586 45.5291
      vertex 0.554552 -2.74547 47.5088
    endloop
  endfacet
  facet normal 0.72566 0.35792 -0.587632
    outer loop
      vertex 0.554552 -2.74547 47.5088
      vertex -1.37393 -2.08586 45.5291
      vertex 0.366388 -2.08586 47.6782
    endloop
  endfacet
  facet normal 0.692645 0.45347 -0.5609
    outer loop
      vertex -0.909587 -3.375 45.1917
      vertex -1.16909 -2.74547 45.3802
      vertex 0.792924 -3.375 47.2941
    endloop
  endfacet
  facet normal 0.692629 0.453544 -0.560859
    outer loop
      vertex 0.792924 -3.375 47.2941
      vertex -1.16909 -2.74547 45.3802
      vertex 0.554552 -2.74547 47.5088
    endloop
  endfacet
  facet normal 0.652026 0.544125 -0.528006
    outer loop
      vertex -0.598271 -3.96755 44.9655
      vertex -0.909587 -3.375 45.1917
      vertex 1.07889 -3.96755 47.0366
    endloop
  endfacet
  facet normal 0.652027 0.544122 -0.528008
    outer loop
      vertex 1.07889 -3.96755 47.0366
      vertex -0.909587 -3.375 45.1917
      vertex 0.792924 -3.375 47.2941
    endloop
  endfacet
  facet normal 0.604295 0.628771 -0.489361
    outer loop
      vertex -0.238553 -4.51663 44.7042
      vertex -0.598271 -3.96755 44.9655
      vertex 1.40932 -4.51663 46.7391
    endloop
  endfacet
  facet normal 0.604287 0.628789 -0.489347
    outer loop
      vertex 1.40932 -4.51663 46.7391
      vertex -0.598271 -3.96755 44.9655
      vertex 1.07889 -3.96755 47.0366
    endloop
  endfacet
  facet normal 0.549888 0.706639 -0.445293
    outer loop
      vertex 0.165628 -5.01623 44.4105
      vertex -0.238553 -4.51663 44.7042
      vertex 1.78059 -5.01623 46.4048
    endloop
  endfacet
  facet normal 0.549897 0.70662 -0.44531
    outer loop
      vertex 1.78059 -5.01623 46.4048
      vertex -0.238553 -4.51663 44.7042
      vertex 1.40932 -4.51663 46.7391
    endloop
  endfacet
  facet normal 0.489483 0.776714 -0.396386
    outer loop
      vertex 0.609845 -5.46086 44.0878
      vertex 0.165628 -5.01623 44.4105
      vertex 2.18864 -5.46086 46.0374
    endloop
  endfacet
  facet normal 0.489474 0.776728 -0.396371
    outer loop
      vertex 2.18864 -5.46086 46.0374
      vertex 0.165628 -5.01623 44.4105
      vertex 1.78059 -5.01623 46.4048
    endloop
  endfacet
  facet normal 0.423668 0.838329 -0.343088
    outer loop
      vertex 1.08923 -5.84567 43.7395
      vertex 0.609845 -5.46086 44.0878
      vertex 2.62899 -5.84567 45.6409
    endloop
  endfacet
  facet normal 0.423669 0.838329 -0.343089
    outer loop
      vertex 2.62899 -5.84567 45.6409
      vertex 0.609845 -5.46086 44.0878
      vertex 2.18864 -5.46086 46.0374
    endloop
  endfacet
  facet normal 0.353205 0.89075 -0.286025
    outer loop
      vertex 1.59853 -6.16643 43.3695
      vertex 1.08923 -5.84567 43.7395
      vertex 3.09682 -6.16643 45.2197
    endloop
  endfacet
  facet normal 0.353208 0.890748 -0.286029
    outer loop
      vertex 3.09682 -6.16643 45.2197
      vertex 1.08923 -5.84567 43.7395
      vertex 2.62899 -5.84567 45.6409
    endloop
  endfacet
  facet normal 0.278819 0.933426 -0.22578
    outer loop
      vertex 2.13216 -6.41963 42.9817
      vertex 1.59853 -6.16643 43.3695
      vertex 3.587 -6.41963 44.7783
    endloop
  endfacet
  facet normal 0.278828 0.933419 -0.225795
    outer loop
      vertex 3.587 -6.41963 44.7783
      vertex 1.59853 -6.16643 43.3695
      vertex 3.09682 -6.16643 45.2197
    endloop
  endfacet
  facet normal 0.201412 0.965833 -0.163097
    outer loop
      vertex 2.68428 -6.6025 42.5806
      vertex 2.13216 -6.41963 42.9817
      vertex 4.09417 -6.6025 44.3217
    endloop
  endfacet
  facet normal 0.201413 0.965832 -0.163099
    outer loop
      vertex 4.09417 -6.6025 44.3217
      vertex 2.13216 -6.41963 42.9817
      vertex 3.587 -6.41963 44.7783
    endloop
  endfacet
  facet normal 0.121725 0.987657 -0.0985708
    outer loop
      vertex 3.24885 -6.71302 42.1704
      vertex 2.68428 -6.6025 42.5806
      vertex 4.61277 -6.71302 43.8547
    endloop
  endfacet
  facet normal 0.121722 0.987658 -0.098567
    outer loop
      vertex 4.61277 -6.71302 43.8547
      vertex 2.68428 -6.6025 42.5806
      vertex 4.09417 -6.6025 44.3217
    endloop
  endfacet
  facet normal 0.0407324 0.998625 -0.0329845
    outer loop
      vertex 3.81966 -6.75 41.7557
      vertex 3.24885 -6.71302 42.1704
      vertex 5.1371 -6.75 43.3826
    endloop
  endfacet
  facet normal 0.0407324 0.998626 -0.0329845
    outer loop
      vertex 5.1371 -6.75 43.3826
      vertex 3.24885 -6.71302 42.1704
      vertex 4.61277 -6.71302 43.8547
    endloop
  endfacet
  facet normal -0.040732 0.998626 0.0329842
    outer loop
      vertex 4.39048 -6.71302 41.341
      vertex 3.81966 -6.75 41.7557
      vertex 5.66144 -6.71302 42.9105
    endloop
  endfacet
  facet normal -0.0407319 0.998626 0.0329841
    outer loop
      vertex 5.66144 -6.71302 42.9105
      vertex 3.81966 -6.75 41.7557
      vertex 5.1371 -6.75 43.3826
    endloop
  endfacet
  facet normal -0.121728 0.987657 0.0985698
    outer loop
      vertex 4.95504 -6.6025 40.9308
      vertex 4.39048 -6.71302 41.341
      vertex 6.18004 -6.6025 42.4436
    endloop
  endfacet
  facet normal -0.121732 0.987656 0.0985769
    outer loop
      vertex 6.18004 -6.6025 42.4436
      vertex 4.39048 -6.71302 41.341
      vertex 5.66144 -6.71302 42.9105
    endloop
  endfacet
  facet normal -0.201409 0.965833 0.163101
    outer loop
      vertex 5.50716 -6.41963 40.5297
      vertex 4.95504 -6.6025 40.9308
      vertex 6.6872 -6.41963 41.9869
    endloop
  endfacet
  facet normal -0.2014 0.965837 0.163085
    outer loop
      vertex 6.6872 -6.41963 41.9869
      vertex 4.95504 -6.6025 40.9308
      vertex 6.18004 -6.6025 42.4436
    endloop
  endfacet
  facet normal -0.278834 0.933414 0.225809
    outer loop
      vertex 6.04079 -6.16643 40.142
      vertex 5.50716 -6.41963 40.5297
      vertex 7.17739 -6.16643 41.5455
    endloop
  endfacet
  facet normal -0.278825 0.933421 0.225793
    outer loop
      vertex 7.17739 -6.16643 41.5455
      vertex 5.50716 -6.41963 40.5297
      vertex 6.6872 -6.41963 41.9869
    endloop
  endfacet
  facet normal -0.353183 0.890768 0.285996
    outer loop
      vertex 6.55009 -5.84567 39.7719
      vertex 6.04079 -6.16643 40.142
      vertex 7.64522 -5.84567 41.1243
    endloop
  endfacet
  facet normal -0.353202 0.890748 0.286035
    outer loop
      vertex 7.64522 -5.84567 41.1243
      vertex 6.04079 -6.16643 40.142
      vertex 7.17739 -6.16643 41.5455
    endloop
  endfacet
  facet normal -0.423674 0.838331 0.343075
    outer loop
      vertex 7.02948 -5.46086 39.4236
      vertex 6.55009 -5.84567 39.7719
      vertex 8.08557 -5.46086 40.7278
    endloop
  endfacet
  facet normal -0.423677 0.838328 0.34308
    outer loop
      vertex 8.08557 -5.46086 40.7278
      vertex 6.55009 -5.84567 39.7719
      vertex 7.64522 -5.84567 41.1243
    endloop
  endfacet
  facet normal -0.489489 0.776711 0.396383
    outer loop
      vertex 7.47369 -5.01623 39.1009
      vertex 7.02948 -5.46086 39.4236
      vertex 8.49362 -5.01623 40.3604
    endloop
  endfacet
  facet normal -0.489481 0.776727 0.396362
    outer loop
      vertex 8.49362 -5.01623 40.3604
      vertex 7.02948 -5.46086 39.4236
      vertex 8.08557 -5.46086 40.7278
    endloop
  endfacet
  facet normal -0.549895 0.706638 0.445284
    outer loop
      vertex 7.87787 -4.51663 38.8072
      vertex 7.47369 -5.01623 39.1009
      vertex 8.86489 -4.51663 40.0261
    endloop
  endfacet
  facet normal -0.549902 0.70662 0.445305
    outer loop
      vertex 8.86489 -4.51663 40.0261
      vertex 7.47369 -5.01623 39.1009
      vertex 8.49362 -5.01623 40.3604
    endloop
  endfacet
  facet normal -0.6043 0.628773 0.489352
    outer loop
      vertex 8.23759 -3.96755 38.5459
      vertex 7.87787 -4.51663 38.8072
      vertex 9.19532 -3.96755 39.7286
    endloop
  endfacet
  facet normal -0.604296 0.628789 0.489337
    outer loop
      vertex 9.19532 -3.96755 39.7286
      vertex 7.87787 -4.51663 38.8072
      vertex 8.86489 -4.51663 40.0261
    endloop
  endfacet
  facet normal -0.652031 0.544128 0.527996
    outer loop
      vertex 8.54891 -3.375 38.3197
      vertex 8.23759 -3.96755 38.5459
      vertex 9.48128 -3.375 39.4711
    endloop
  endfacet
  facet normal -0.652033 0.544117 0.528005
    outer loop
      vertex 9.48128 -3.375 39.4711
      vertex 8.23759 -3.96755 38.5459
      vertex 9.19532 -3.96755 39.7286
    endloop
  endfacet
  facet normal -0.692649 0.453467 0.560896
    outer loop
      vertex 8.80841 -2.74547 38.1312
      vertex 8.54891 -3.375 38.3197
      vertex 9.71966 -2.74547 39.2565
    endloop
  endfacet
  facet normal -0.692648 0.453481 0.560886
    outer loop
      vertex 9.71966 -2.74547 39.2565
      vertex 8.54891 -3.375 38.3197
      vertex 9.48128 -3.375 39.4711
    endloop
  endfacet
  facet normal -0.72564 0.357993 0.587612
    outer loop
      vertex 9.01325 -2.08586 37.9823
      vertex 8.80841 -2.74547 38.1312
      vertex 9.90782 -2.08586 39.087
    endloop
  endfacet
  facet normal -0.72564 0.357994 0.587611
    outer loop
      vertex 9.90782 -2.08586 39.087
      vertex 8.80841 -2.74547 38.1312
      vertex 9.71966 -2.74547 39.2565
    endloop
  endfacet
  facet normal -0.750747 0.258417 0.607948
    outer loop
      vertex 9.16119 -1.4034 37.8749
      vertex 9.01325 -2.08586 37.9823
      vertex 10.0437 -1.4034 38.9647
    endloop
  endfacet
  facet normal -0.750747 0.258423 0.607944
    outer loop
      vertex 10.0437 -1.4034 38.9647
      vertex 9.01325 -2.08586 37.9823
      vertex 9.90782 -2.08586 39.087
    endloop
  endfacet
  facet normal -0.767574 0.156258 0.621622
    outer loop
      vertex 9.25061 -0.705566 37.8099
      vertex 9.16119 -1.4034 37.8749
      vertex 10.1259 -0.705566 38.8907
    endloop
  endfacet
  facet normal -0.767588 0.156331 0.621586
    outer loop
      vertex 10.1259 -0.705566 38.8907
      vertex 9.16119 -1.4034 37.8749
      vertex 10.0437 -1.4034 38.9647
    endloop
  endfacet
  facet normal -0.77609 0.052239 0.628454
    outer loop
      vertex 9.28053 0 37.7882
      vertex 9.25061 -0.705566 37.8099
      vertex 10.1533 0 38.866
    endloop
  endfacet
  facet normal -0.776062 0.0521397 0.628497
    outer loop
      vertex 10.1533 0 38.866
      vertex 9.25061 -0.705566 37.8099
      vertex 10.1259 -0.705566 38.8907
    endloop
  endfacet
  facet normal -0.776058 -0.0522389 0.628494
    outer loop
      vertex 10.1259 0.705566 38.8907
      vertex 9.25061 0.705566 37.8099
      vertex 9.28053 0 37.7882
    endloop
  endfacet
  facet normal -0.776094 -0.0521395 0.628458
    outer loop
      vertex 10.1259 0.705566 38.8907
      vertex 9.28053 0 37.7882
      vertex 10.1533 0 38.866
    endloop
  endfacet
  facet normal -0.767597 -0.156258 0.621593
    outer loop
      vertex 10.0437 1.4034 38.9647
      vertex 9.16119 1.4034 37.8749
      vertex 9.25061 0.705566 37.8099
    endloop
  endfacet
  facet normal -0.767565 -0.156331 0.621615
    outer loop
      vertex 10.0437 1.4034 38.9647
      vertex 9.25061 0.705566 37.8099
      vertex 10.1259 0.705566 38.8907
    endloop
  endfacet
  facet normal -0.750749 -0.258417 0.607945
    outer loop
      vertex 9.90782 2.08586 39.087
      vertex 9.01325 2.08586 37.9823
      vertex 9.16119 1.4034 37.8749
    endloop
  endfacet
  facet normal -0.750745 -0.258423 0.607947
    outer loop
      vertex 9.90782 2.08586 39.087
      vertex 9.16119 1.4034 37.8749
      vertex 10.0437 1.4034 38.9647
    endloop
  endfacet
  facet normal -0.72564 -0.357993 0.587612
    outer loop
      vertex 9.71966 2.74547 39.2565
      vertex 8.80841 2.74547 38.1312
      vertex 9.01325 2.08586 37.9823
    endloop
  endfacet
  facet normal -0.725639 -0.357994 0.587612
    outer loop
      vertex 9.71966 2.74547 39.2565
      vertex 9.01325 2.08586 37.9823
      vertex 9.90782 2.08586 39.087
    endloop
  endfacet
  facet normal -0.692654 -0.453468 0.560891
    outer loop
      vertex 9.48128 3.375 39.4711
      vertex 8.54891 3.375 38.3197
      vertex 8.80841 2.74547 38.1312
    endloop
  endfacet
  facet normal -0.692644 -0.453481 0.560892
    outer loop
      vertex 9.48128 3.375 39.4711
      vertex 8.80841 2.74547 38.1312
      vertex 9.71966 2.74547 39.2565
    endloop
  endfacet
  facet normal -0.652028 -0.544128 0.528001
    outer loop
      vertex 9.19532 3.96755 39.7286
      vertex 8.23759 3.96755 38.5459
      vertex 8.54891 3.375 38.3197
    endloop
  endfacet
  facet normal -0.652037 -0.544117 0.528
    outer loop
      vertex 9.19532 3.96755 39.7286
      vertex 8.54891 3.375 38.3197
      vertex 9.48128 3.375 39.4711
    endloop
  endfacet
  facet normal -0.604306 -0.628773 0.489345
    outer loop
      vertex 8.86489 4.51663 40.0261
      vertex 7.87787 4.51663 38.8072
      vertex 8.23759 3.96755 38.5459
    endloop
  endfacet
  facet normal -0.60429 -0.628789 0.489344
    outer loop
      vertex 8.86489 4.51663 40.0261
      vertex 8.23759 3.96755 38.5459
      vertex 9.19532 3.96755 39.7286
    endloop
  endfacet
  facet normal -0.549888 -0.706638 0.445293
    outer loop
      vertex 8.49362 5.01623 40.3604
      vertex 7.47369 5.01623 39.1009
      vertex 7.87787 4.51663 38.8072
    endloop
  endfacet
  facet normal -0.549909 -0.70662 0.445296
    outer loop
      vertex 8.49362 5.01623 40.3604
      vertex 7.87787 4.51663 38.8072
      vertex 8.86489 4.51663 40.0261
    endloop
  endfacet
  facet normal -0.489496 -0.776711 0.396375
    outer loop
      vertex 8.08557 5.46086 40.7278
      vertex 7.02948 5.46086 39.4236
      vertex 7.47369 5.01623 39.1009
    endloop
  endfacet
  facet normal -0.489474 -0.776728 0.396371
    outer loop
      vertex 8.08557 5.46086 40.7278
      vertex 7.47369 5.01623 39.1009
      vertex 8.49362 5.01623 40.3604
    endloop
  endfacet
  facet normal -0.423673 -0.838331 0.343077
    outer loop
      vertex 7.64522 5.84567 41.1243
      vertex 6.55009 5.84567 39.7719
      vertex 7.02948 5.46086 39.4236
    endloop
  endfacet
  facet normal -0.423678 -0.838328 0.343078
    outer loop
      vertex 7.64522 5.84567 41.1243
      vertex 7.02948 5.46086 39.4236
      vertex 8.08557 5.46086 40.7278
    endloop
  endfacet
  facet normal -0.353172 -0.890768 0.28601
    outer loop
      vertex 7.17739 6.16643 41.5455
      vertex 6.04079 6.16643 40.142
      vertex 6.55009 5.84567 39.7719
    endloop
  endfacet
  facet normal -0.353214 -0.890748 0.286021
    outer loop
      vertex 7.17739 6.16643 41.5455
      vertex 6.55009 5.84567 39.7719
      vertex 7.64522 5.84567 41.1243
    endloop
  endfacet
  facet normal -0.278838 -0.933414 0.225803
    outer loop
      vertex 6.6872 6.41963 41.9869
      vertex 5.50716 6.41963 40.5297
      vertex 6.04079 6.16643 40.142
    endloop
  endfacet
  facet normal -0.27882 -0.933421 0.225798
    outer loop
      vertex 6.6872 6.41963 41.9869
      vertex 6.04079 6.16643 40.142
      vertex 7.17739 6.16643 41.5455
    endloop
  endfacet
  facet normal -0.201413 -0.965833 0.163096
    outer loop
      vertex 6.18004 6.6025 42.4436
      vertex 4.95504 6.6025 40.9308
      vertex 5.50716 6.41963 40.5297
    endloop
  endfacet
  facet normal -0.201395 -0.965837 0.16309
    outer loop
      vertex 6.18004 6.6025 42.4436
      vertex 5.50716 6.41963 40.5297
      vertex 6.6872 6.41963 41.9869
    endloop
  endfacet
  facet normal -0.121726 -0.987657 0.098572
    outer loop
      vertex 5.66144 6.71302 42.9105
      vertex 4.39048 6.71302 41.341
      vertex 4.95504 6.6025 40.9308
    endloop
  endfacet
  facet normal -0.121734 -0.987656 0.0985748
    outer loop
      vertex 5.66144 6.71302 42.9105
      vertex 4.95504 6.6025 40.9308
      vertex 6.18004 6.6025 42.4436
    endloop
  endfacet
  facet normal -0.040732 -0.998626 0.0329842
    outer loop
      vertex 5.1371 6.75 43.3826
      vertex 3.81966 6.75 41.7557
      vertex 4.39048 6.71302 41.341
    endloop
  endfacet
  facet normal -0.0407319 -0.998626 0.0329841
    outer loop
      vertex 5.1371 6.75 43.3826
      vertex 4.39048 6.71302 41.341
      vertex 5.66144 6.71302 42.9105
    endloop
  endfacet
  facet normal 0.0407325 -0.998625 -0.0329845
    outer loop
      vertex 4.61277 6.71302 43.8547
      vertex 3.24885 6.71302 42.1704
      vertex 3.81966 6.75 41.7557
    endloop
  endfacet
  facet normal 0.0407324 -0.998626 -0.0329845
    outer loop
      vertex 4.61277 6.71302 43.8547
      vertex 3.81966 6.75 41.7557
      vertex 5.1371 6.75 43.3826
    endloop
  endfacet
  facet normal 0.121726 -0.987657 -0.0985697
    outer loop
      vertex 4.09417 6.6025 44.3217
      vertex 2.68428 6.6025 42.5806
      vertex 3.24885 6.71302 42.1704
    endloop
  endfacet
  facet normal 0.121721 -0.987658 -0.098568
    outer loop
      vertex 4.09417 6.6025 44.3217
      vertex 3.24885 6.71302 42.1704
      vertex 4.61277 6.71302 43.8547
    endloop
  endfacet
  facet normal 0.201411 -0.965833 -0.163098
    outer loop
      vertex 3.587 6.41963 44.7783
      vertex 2.13216 6.41963 42.9817
      vertex 2.68428 6.6025 42.5806
    endloop
  endfacet
  facet normal 0.201414 -0.965832 -0.163099
    outer loop
      vertex 3.587 6.41963 44.7783
      vertex 2.68428 6.6025 42.5806
      vertex 4.09417 6.6025 44.3217
    endloop
  endfacet
  facet normal 0.278815 -0.933426 -0.225784
    outer loop
      vertex 3.09682 6.16643 45.2197
      vertex 1.59853 6.16643 43.3695
      vertex 2.13216 6.41963 42.9817
    endloop
  endfacet
  facet normal 0.278832 -0.933419 -0.225791
    outer loop
      vertex 3.09682 6.16643 45.2197
      vertex 2.13216 6.41963 42.9817
      vertex 3.587 6.41963 44.7783
    endloop
  endfacet
  facet normal 0.353205 -0.89075 -0.286026
    outer loop
      vertex 2.62899 5.84567 45.6409
      vertex 1.08923 5.84567 43.7395
      vertex 1.59853 6.16643 43.3695
    endloop
  endfacet
  facet normal 0.353208 -0.890748 -0.286028
    outer loop
      vertex 2.62899 5.84567 45.6409
      vertex 1.59853 6.16643 43.3695
      vertex 3.09682 6.16643 45.2197
    endloop
  endfacet
  facet normal 0.423668 -0.838329 -0.343088
    outer loop
      vertex 2.18864 5.46086 46.0374
      vertex 0.609845 5.46086 44.0878
      vertex 1.08923 5.84567 43.7395
    endloop
  endfacet
  facet normal 0.423669 -0.838329 -0.343089
    outer loop
      vertex 2.18864 5.46086 46.0374
      vertex 1.08923 5.84567 43.7395
      vertex 2.62899 5.84567 45.6409
    endloop
  endfacet
  facet normal 0.489487 -0.776714 -0.396381
    outer loop
      vertex 1.78059 5.01623 46.4048
      vertex 0.165628 5.01623 44.4105
      vertex 0.609845 5.46086 44.0878
    endloop
  endfacet
  facet normal 0.48947 -0.776728 -0.396375
    outer loop
      vertex 1.78059 5.01623 46.4048
      vertex 0.609845 5.46086 44.0878
      vertex 2.18864 5.46086 46.0374
    endloop
  endfacet
  facet normal 0.549883 -0.706638 -0.445298
    outer loop
      vertex 1.40932 4.51663 46.7391
      vertex -0.238553 4.51663 44.7042
      vertex 0.165628 5.01623 44.4105
    endloop
  endfacet
  facet normal 0.549902 -0.70662 -0.445304
    outer loop
      vertex 1.40932 4.51663 46.7391
      vertex 0.165628 5.01623 44.4105
      vertex 1.78059 5.01623 46.4048
    endloop
  endfacet
  facet normal 0.604299 -0.628772 -0.489356
    outer loop
      vertex 1.07889 3.96755 47.0366
      vertex -0.598271 3.96755 44.9655
      vertex -0.238553 4.51663 44.7042
    endloop
  endfacet
  facet normal 0.604284 -0.628789 -0.489352
    outer loop
      vertex 1.07889 3.96755 47.0366
      vertex -0.238553 4.51663 44.7042
      vertex 1.40932 4.51663 46.7391
    endloop
  endfacet
  facet normal 0.652026 -0.544125 -0.528006
    outer loop
      vertex 0.792924 3.375 47.2941
      vertex -0.909587 3.375 45.1917
      vertex -0.598271 3.96755 44.9655
    endloop
  endfacet
  facet normal 0.652028 -0.544122 -0.528007
    outer loop
      vertex 0.792924 3.375 47.2941
      vertex -0.598271 3.96755 44.9655
      vertex 1.07889 3.96755 47.0366
    endloop
  endfacet
  facet normal 0.692658 -0.45347 -0.560883
    outer loop
      vertex 0.554552 2.74547 47.5088
      vertex -1.16909 2.74547 45.3802
      vertex -0.909587 3.375 45.1917
    endloop
  endfacet
  facet normal 0.692615 -0.453545 -0.560876
    outer loop
      vertex 0.554552 2.74547 47.5088
      vertex -0.909587 3.375 45.1917
      vertex 0.792924 3.375 47.2941
    endloop
  endfacet
  facet normal 0.725638 -0.357993 -0.587614
    outer loop
      vertex 0.366388 2.08586 47.6782
      vertex -1.37393 2.08586 45.5291
      vertex -1.16909 2.74547 45.3802
    endloop
  endfacet
  facet normal 0.725673 -0.35792 -0.587616
    outer loop
      vertex 0.366388 2.08586 47.6782
      vertex -1.16909 2.74547 45.3802
      vertex 0.554552 2.74547 47.5088
    endloop
  endfacet
  facet normal 0.75072 -0.2585 -0.607946
    outer loop
      vertex 0.230493 1.4034 47.8005
      vertex -1.52187 1.4034 45.6366
      vertex -1.37393 2.08586 45.5291
    endloop
  endfacet
  facet normal 0.750743 -0.258438 -0.607943
    outer loop
      vertex 0.230493 1.4034 47.8005
      vertex -1.37393 2.08586 45.5291
      vertex 0.366388 2.08586 47.6782
    endloop
  endfacet
  facet normal 0.767613 -0.156171 -0.621595
    outer loop
      vertex 0.148355 0.705566 47.8745
      vertex -1.61129 0.705566 45.7015
      vertex -1.52187 1.4034 45.6366
    endloop
  endfacet
  facet normal 0.767587 -0.156265 -0.621605
    outer loop
      vertex 0.148355 0.705566 47.8745
      vertex -1.52187 1.4034 45.6366
      vertex 0.230493 1.4034 47.8005
    endloop
  endfacet
  facet normal 0.77607 -0.0523168 -0.628473
    outer loop
      vertex 0.120876 0 47.8992
      vertex -1.6412 0 45.7233
      vertex -1.61129 0.705566 45.7015
    endloop
  endfacet
  facet normal 0.776088 -0.0522262 -0.628458
    outer loop
      vertex 0.120876 0 47.8992
      vertex -1.61129 0.705566 45.7015
      vertex 0.148355 0.705566 47.8745
    endloop
  endfacet
  facet normal 0.706143 0.0522825 -0.706137
    outer loop
      vertex 2.1255 -0.705566 49.8516
      vertex 0.120876 0 47.8992
      vertex 2.10076 0 49.8791
    endloop
  endfacet
  facet normal 0.706134 0.0522216 -0.70615
    outer loop
      vertex 0.120876 0 47.8992
      vertex 2.1255 -0.705566 49.8516
      vertex 0.148355 -0.705566 47.8745
    endloop
  endfacet
  facet normal 0.69842 0.156193 -0.698436
    outer loop
      vertex 2.19946 -1.4034 49.7695
      vertex 0.148355 -0.705566 47.8745
      vertex 2.1255 -0.705566 49.8516
    endloop
  endfacet
  facet normal 0.698425 0.156269 -0.698414
    outer loop
      vertex 0.148355 -0.705566 47.8745
      vertex 2.19946 -1.4034 49.7695
      vertex 0.230493 -1.4034 47.8005
    endloop
  endfacet
  facet normal 0.68308 0.258492 -0.683069
    outer loop
      vertex 2.32182 -2.08586 49.6336
      vertex 0.230493 -1.4034 47.8005
      vertex 2.19946 -1.4034 49.7695
    endloop
  endfacet
  facet normal 0.68308 0.258432 -0.683092
    outer loop
      vertex 0.230493 -1.4034 47.8005
      vertex 2.32182 -2.08586 49.6336
      vertex 0.366388 -2.08586 47.6782
    endloop
  endfacet
  facet normal 0.660244 0.357967 -0.660255
    outer loop
      vertex 2.49124 -2.74547 49.4454
      vertex 0.366388 -2.08586 47.6782
      vertex 2.32182 -2.08586 49.6336
    endloop
  endfacet
  facet normal 0.660248 0.357918 -0.660278
    outer loop
      vertex 0.366388 -2.08586 47.6782
      vertex 2.49124 -2.74547 49.4454
      vertex 0.554552 -2.74547 47.5088
    endloop
  endfacet
  facet normal 0.630221 0.453438 -0.63025
    outer loop
      vertex 2.70587 -3.375 49.2071
      vertex 0.554552 -2.74547 47.5088
      vertex 2.49124 -2.74547 49.4454
    endloop
  endfacet
  facet normal 0.630204 0.453551 -0.630186
    outer loop
      vertex 0.554552 -2.74547 47.5088
      vertex 2.70587 -3.375 49.2071
      vertex 0.792924 -3.375 47.2941
    endloop
  endfacet
  facet normal 0.593267 0.54414 -0.59325
    outer loop
      vertex 2.96336 -3.96755 48.9211
      vertex 0.792924 -3.375 47.2941
      vertex 2.70587 -3.375 49.2071
    endloop
  endfacet
  facet normal 0.593271 0.544123 -0.593262
    outer loop
      vertex 0.792924 -3.375 47.2941
      vertex 2.96336 -3.96755 48.9211
      vertex 1.07889 -3.96755 47.0366
    endloop
  endfacet
  facet normal 0.549838 0.628781 -0.549829
    outer loop
      vertex 3.26088 -4.51663 48.5907
      vertex 1.07889 -3.96755 47.0366
      vertex 2.96336 -3.96755 48.9211
    endloop
  endfacet
  facet normal 0.549836 0.628788 -0.549824
    outer loop
      vertex 1.07889 -3.96755 47.0366
      vertex 3.26088 -4.51663 48.5907
      vertex 1.40932 -4.51663 46.7391
    endloop
  endfacet
  facet normal 0.500342 0.70663 -0.500331
    outer loop
      vertex 3.59517 -5.01623 48.2194
      vertex 1.40932 -4.51663 46.7391
      vertex 3.26088 -4.51663 48.5907
    endloop
  endfacet
  facet normal 0.500346 0.70662 -0.500341
    outer loop
      vertex 1.40932 -4.51663 46.7391
      vertex 3.59517 -5.01623 48.2194
      vertex 1.78059 -5.01623 46.4048
    endloop
  endfacet
  facet normal 0.445379 0.776711 -0.445374
    outer loop
      vertex 3.96258 -5.46086 47.8114
      vertex 1.78059 -5.01623 46.4048
      vertex 3.59517 -5.01623 48.2194
    endloop
  endfacet
  facet normal 0.44537 0.776727 -0.445354
    outer loop
      vertex 1.78059 -5.01623 46.4048
      vertex 3.96258 -5.46086 47.8114
      vertex 2.18864 -5.46086 46.0374
    endloop
  endfacet
  facet normal 0.385484 0.83834 -0.385471
    outer loop
      vertex 4.35907 -5.84567 47.371
      vertex 2.18864 -5.46086 46.0374
      vertex 3.96258 -5.46086 47.8114
    endloop
  endfacet
  facet normal 0.385492 0.838329 -0.385488
    outer loop
      vertex 2.18864 -5.46086 46.0374
      vertex 4.35907 -5.84567 47.371
      vertex 2.62899 -5.84567 45.6409
    endloop
  endfacet
  facet normal 0.321379 0.890749 -0.321375
    outer loop
      vertex 4.78031 -6.16643 46.9032
      vertex 2.62899 -5.84567 45.6409
      vertex 4.35907 -5.84567 47.371
    endloop
  endfacet
  facet normal 0.32138 0.890747 -0.321379
    outer loop
      vertex 2.62899 -5.84567 45.6409
      vertex 4.78031 -6.16643 46.9032
      vertex 3.09682 -6.16643 45.2197
    endloop
  endfacet
  facet normal 0.253706 0.933417 -0.253704
    outer loop
      vertex 5.22167 -6.41963 46.413
      vertex 3.09682 -6.16643 45.2197
      vertex 4.78031 -6.16643 46.9032
    endloop
  endfacet
  facet normal 0.253702 0.93342 -0.253698
    outer loop
      vertex 3.09682 -6.16643 45.2197
      vertex 5.22167 -6.41963 46.413
      vertex 3.587 -6.41963 44.7783
    endloop
  endfacet
  facet normal 0.183247 0.965838 -0.183244
    outer loop
      vertex 5.67833 -6.6025 45.9058
      vertex 3.587 -6.41963 44.7783
      vertex 5.22167 -6.41963 46.413
    endloop
  endfacet
  facet normal 0.183258 0.965832 -0.183265
    outer loop
      vertex 3.587 -6.41963 44.7783
      vertex 5.67833 -6.6025 45.9058
      vertex 4.09417 -6.6025 44.3217
    endloop
  endfacet
  facet normal 0.110755 0.987657 -0.110759
    outer loop
      vertex 6.14527 -6.71302 45.3872
      vertex 4.09417 -6.6025 44.3217
      vertex 5.67833 -6.6025 45.9058
    endloop
  endfacet
  facet normal 0.110751 0.987658 -0.110751
    outer loop
      vertex 4.09417 -6.6025 44.3217
      vertex 6.14527 -6.71302 45.3872
      vertex 4.61277 -6.71302 43.8547
    endloop
  endfacet
  facet normal 0.0370619 0.998625 -0.0370619
    outer loop
      vertex 6.61739 -6.75 44.8629
      vertex 4.61277 -6.71302 43.8547
      vertex 6.14527 -6.71302 45.3872
    endloop
  endfacet
  facet normal 0.0370616 0.998626 -0.0370613
    outer loop
      vertex 4.61277 -6.71302 43.8547
      vertex 6.61739 -6.75 44.8629
      vertex 5.1371 -6.75 43.3826
    endloop
  endfacet
  facet normal -0.037062 0.998625 0.0370617
    outer loop
      vertex 7.08951 -6.71302 44.3386
      vertex 5.1371 -6.75 43.3826
      vertex 6.61739 -6.75 44.8629
    endloop
  endfacet
  facet normal -0.0370615 0.998626 0.0370607
    outer loop
      vertex 5.1371 -6.75 43.3826
      vertex 7.08951 -6.71302 44.3386
      vertex 5.66144 -6.71302 42.9105
    endloop
  endfacet
  facet normal -0.110759 0.987657 0.110756
    outer loop
      vertex 7.55645 -6.6025 43.82
      vertex 5.66144 -6.71302 42.9105
      vertex 7.08951 -6.71302 44.3386
    endloop
  endfacet
  facet normal -0.110761 0.987656 0.110762
    outer loop
      vertex 5.66144 -6.71302 42.9105
      vertex 7.55645 -6.6025 43.82
      vertex 6.18004 -6.6025 42.4436
    endloop
  endfacet
  facet normal -0.183246 0.965837 0.183248
    outer loop
      vertex 8.0131 -6.41963 43.3128
      vertex 6.18004 -6.6025 42.4436
      vertex 7.55645 -6.6025 43.82
    endloop
  endfacet
  facet normal -0.183245 0.965838 0.183245
    outer loop
      vertex 6.18004 -6.6025 42.4436
      vertex 8.0131 -6.41963 43.3128
      vertex 6.6872 -6.41963 41.9869
    endloop
  endfacet
  facet normal -0.253702 0.933419 0.253702
    outer loop
      vertex 8.45447 -6.16643 42.8226
      vertex 6.6872 -6.41963 41.9869
      vertex 8.0131 -6.41963 43.3128
    endloop
  endfacet
  facet normal -0.2537 0.933421 0.253696
    outer loop
      vertex 6.6872 -6.41963 41.9869
      vertex 8.45447 -6.16643 42.8226
      vertex 7.17739 -6.16643 41.5455
    endloop
  endfacet
  facet normal -0.321382 0.890747 0.321377
    outer loop
      vertex 8.8757 -5.84567 42.3548
      vertex 7.17739 -6.16643 41.5455
      vertex 8.45447 -6.16643 42.8226
    endloop
  endfacet
  facet normal -0.321382 0.890747 0.321377
    outer loop
      vertex 7.17739 -6.16643 41.5455
      vertex 8.8757 -5.84567 42.3548
      vertex 7.64522 -5.84567 41.1243
    endloop
  endfacet
  facet normal -0.385477 0.838343 0.385471
    outer loop
      vertex 9.2722 -5.46086 41.9144
      vertex 7.64522 -5.84567 41.1243
      vertex 8.8757 -5.84567 42.3548
    endloop
  endfacet
  facet normal -0.385485 0.838329 0.385495
    outer loop
      vertex 7.64522 -5.84567 41.1243
      vertex 9.2722 -5.46086 41.9144
      vertex 8.08557 -5.46086 40.7278
    endloop
  endfacet
  facet normal -0.445374 0.776707 0.445385
    outer loop
      vertex 9.6396 -5.01623 41.5064
      vertex 8.08557 -5.46086 40.7278
      vertex 9.2722 -5.46086 41.9144
    endloop
  endfacet
  facet normal -0.445366 0.776727 0.445358
    outer loop
      vertex 8.08557 -5.46086 40.7278
      vertex 9.6396 -5.01623 41.5064
      vertex 8.49362 -5.01623 40.3604
    endloop
  endfacet
  facet normal -0.500338 0.706635 0.500329
    outer loop
      vertex 9.9739 -4.51663 41.1351
      vertex 8.49362 -5.01623 40.3604
      vertex 9.6396 -5.01623 41.5064
    endloop
  endfacet
  facet normal -0.500342 0.70662 0.500346
    outer loop
      vertex 8.49362 -5.01623 40.3604
      vertex 9.9739 -4.51663 41.1351
      vertex 8.86489 -4.51663 40.0261
    endloop
  endfacet
  facet normal -0.549838 0.62877 0.549843
    outer loop
      vertex 10.2714 -3.96755 40.8047
      vertex 8.86489 -4.51663 40.0261
      vertex 9.9739 -4.51663 41.1351
    endloop
  endfacet
  facet normal -0.549835 0.628788 0.549825
    outer loop
      vertex 8.86489 -4.51663 40.0261
      vertex 10.2714 -3.96755 40.8047
      vertex 9.19532 -3.96755 39.7286
    endloop
  endfacet
  facet normal -0.593263 0.544119 0.593274
    outer loop
      vertex 9.19532 -3.96755 39.7286
      vertex 10.5289 -3.375 40.5187
      vertex 9.48128 -3.375 39.4711
    endloop
  endfacet
  facet normal -0.593261 0.544147 0.59325
    outer loop
      vertex 10.5289 -3.375 40.5187
      vertex 9.19532 -3.96755 39.7286
      vertex 10.2714 -3.96755 40.8047
    endloop
  endfacet
  facet normal -0.630209 0.453477 0.630234
    outer loop
      vertex 9.48128 -3.375 39.4711
      vertex 10.7435 -2.74547 40.2803
      vertex 9.71966 -2.74547 39.2565
    endloop
  endfacet
  facet normal -0.63021 0.453494 0.630222
    outer loop
      vertex 10.7435 -2.74547 40.2803
      vertex 9.48128 -3.375 39.4711
      vertex 10.5289 -3.375 40.5187
    endloop
  endfacet
  facet normal -0.660261 0.357949 0.660248
    outer loop
      vertex 9.90782 -2.08586 39.087
      vertex 10.7435 -2.74547 40.2803
      vertex 10.913 -2.08586 40.0922
    endloop
  endfacet
  facet normal -0.660228 0.358001 0.660253
    outer loop
      vertex 10.7435 -2.74547 40.2803
      vertex 9.90782 -2.08586 39.087
      vertex 9.71966 -2.74547 39.2565
    endloop
  endfacet
  facet normal -0.683085 0.258437 0.683085
    outer loop
      vertex 10.0437 -1.4034 38.9647
      vertex 10.913 -2.08586 40.0922
      vertex 11.0353 -1.4034 39.9563
    endloop
  endfacet
  facet normal -0.683095 0.258418 0.683082
    outer loop
      vertex 10.913 -2.08586 40.0922
      vertex 10.0437 -1.4034 38.9647
      vertex 9.90782 -2.08586 39.087
    endloop
  endfacet
  facet normal -0.698413 0.15633 0.698413
    outer loop
      vertex 10.1259 -0.705566 38.8907
      vertex 11.0353 -1.4034 39.9563
      vertex 11.1093 -0.705566 39.8741
    endloop
  endfacet
  facet normal -0.698413 0.15633 0.698413
    outer loop
      vertex 11.0353 -1.4034 39.9563
      vertex 10.1259 -0.705566 38.8907
      vertex 10.0437 -1.4034 38.9647
    endloop
  endfacet
  facet normal -0.706145 0.0521427 0.706145
    outer loop
      vertex 10.1533 0 38.866
      vertex 11.1093 -0.705566 39.8741
      vertex 11.134 0 39.8467
    endloop
  endfacet
  facet normal -0.706145 0.0521427 0.706145
    outer loop
      vertex 11.1093 -0.705566 39.8741
      vertex 10.1533 0 38.866
      vertex 10.1259 -0.705566 38.8907
    endloop
  endfacet
  facet normal -0.706145 -0.0521427 0.706145
    outer loop
      vertex 11.1093 0.705566 39.8741
      vertex 10.1533 0 38.866
      vertex 11.134 0 39.8467
    endloop
  endfacet
  facet normal -0.706145 -0.0521427 0.706145
    outer loop
      vertex 10.1533 0 38.866
      vertex 11.1093 0.705566 39.8741
      vertex 10.1259 0.705566 38.8907
    endloop
  endfacet
  facet normal -0.698413 -0.15633 0.698413
    outer loop
      vertex 11.0353 1.4034 39.9563
      vertex 10.1259 0.705566 38.8907
      vertex 11.1093 0.705566 39.8741
    endloop
  endfacet
  facet normal -0.698413 -0.15633 0.698413
    outer loop
      vertex 10.1259 0.705566 38.8907
      vertex 11.0353 1.4034 39.9563
      vertex 10.0437 1.4034 38.9647
    endloop
  endfacet
  facet normal -0.683085 -0.258437 0.683085
    outer loop
      vertex 10.913 2.08586 40.0922
      vertex 10.0437 1.4034 38.9647
      vertex 11.0353 1.4034 39.9563
    endloop
  endfacet
  facet normal -0.683095 -0.258418 0.683082
    outer loop
      vertex 10.0437 1.4034 38.9647
      vertex 10.913 2.08586 40.0922
      vertex 9.90782 2.08586 39.087
    endloop
  endfacet
  facet normal -0.660261 -0.357949 0.660248
    outer loop
      vertex 10.7435 2.74547 40.2803
      vertex 9.90782 2.08586 39.087
      vertex 10.913 2.08586 40.0922
    endloop
  endfacet
  facet normal -0.660228 -0.358001 0.660253
    outer loop
      vertex 9.90782 2.08586 39.087
      vertex 10.7435 2.74547 40.2803
      vertex 9.71966 2.74547 39.2565
    endloop
  endfacet
  facet normal -0.630209 -0.453477 0.630234
    outer loop
      vertex 10.7435 2.74547 40.2803
      vertex 9.48128 3.375 39.4711
      vertex 9.71966 2.74547 39.2565
    endloop
  endfacet
  facet normal -0.63021 -0.453494 0.630222
    outer loop
      vertex 9.48128 3.375 39.4711
      vertex 10.7435 2.74547 40.2803
      vertex 10.5289 3.375 40.5187
    endloop
  endfacet
  facet normal -0.593263 -0.544119 0.593274
    outer loop
      vertex 10.5289 3.375 40.5187
      vertex 9.19532 3.96755 39.7286
      vertex 9.48128 3.375 39.4711
    endloop
  endfacet
  facet normal -0.593261 -0.544147 0.59325
    outer loop
      vertex 9.19532 3.96755 39.7286
      vertex 10.5289 3.375 40.5187
      vertex 10.2714 3.96755 40.8047
    endloop
  endfacet
  facet normal -0.549838 -0.62877 0.549843
    outer loop
      vertex 8.86489 4.51663 40.0261
      vertex 10.2714 3.96755 40.8047
      vertex 9.9739 4.51663 41.1351
    endloop
  endfacet
  facet normal -0.549835 -0.628788 0.549825
    outer loop
      vertex 10.2714 3.96755 40.8047
      vertex 8.86489 4.51663 40.0261
      vertex 9.19532 3.96755 39.7286
    endloop
  endfacet
  facet normal -0.500338 -0.706635 0.500329
    outer loop
      vertex 8.49362 5.01623 40.3604
      vertex 9.9739 4.51663 41.1351
      vertex 9.6396 5.01623 41.5064
    endloop
  endfacet
  facet normal -0.500342 -0.70662 0.500346
    outer loop
      vertex 9.9739 4.51663 41.1351
      vertex 8.49362 5.01623 40.3604
      vertex 8.86489 4.51663 40.0261
    endloop
  endfacet
  facet normal -0.445374 -0.776707 0.445385
    outer loop
      vertex 8.08557 5.46086 40.7278
      vertex 9.6396 5.01623 41.5064
      vertex 9.2722 5.46086 41.9144
    endloop
  endfacet
  facet normal -0.445366 -0.776727 0.445358
    outer loop
      vertex 9.6396 5.01623 41.5064
      vertex 8.08557 5.46086 40.7278
      vertex 8.49362 5.01623 40.3604
    endloop
  endfacet
  facet normal -0.385477 -0.838343 0.385471
    outer loop
      vertex 7.64522 5.84567 41.1243
      vertex 9.2722 5.46086 41.9144
      vertex 8.8757 5.84567 42.3548
    endloop
  endfacet
  facet normal -0.385485 -0.838329 0.385495
    outer loop
      vertex 9.2722 5.46086 41.9144
      vertex 7.64522 5.84567 41.1243
      vertex 8.08557 5.46086 40.7278
    endloop
  endfacet
  facet normal -0.321382 -0.890747 0.321377
    outer loop
      vertex 7.17739 6.16643 41.5455
      vertex 8.8757 5.84567 42.3548
      vertex 8.45447 6.16643 42.8226
    endloop
  endfacet
  facet normal -0.321382 -0.890747 0.321377
    outer loop
      vertex 8.8757 5.84567 42.3548
      vertex 7.17739 6.16643 41.5455
      vertex 7.64522 5.84567 41.1243
    endloop
  endfacet
  facet normal -0.253702 -0.933419 0.253702
    outer loop
      vertex 6.6872 6.41963 41.9869
      vertex 8.45447 6.16643 42.8226
      vertex 8.0131 6.41963 43.3128
    endloop
  endfacet
  facet normal -0.2537 -0.933421 0.253696
    outer loop
      vertex 8.45447 6.16643 42.8226
      vertex 6.6872 6.41963 41.9869
      vertex 7.17739 6.16643 41.5455
    endloop
  endfacet
  facet normal -0.183246 -0.965837 0.183248
    outer loop
      vertex 6.18004 6.6025 42.4436
      vertex 8.0131 6.41963 43.3128
      vertex 7.55645 6.6025 43.82
    endloop
  endfacet
  facet normal -0.183245 -0.965838 0.183245
    outer loop
      vertex 8.0131 6.41963 43.3128
      vertex 6.18004 6.6025 42.4436
      vertex 6.6872 6.41963 41.9869
    endloop
  endfacet
  facet normal -0.110759 -0.987657 0.110756
    outer loop
      vertex 5.66144 6.71302 42.9105
      vertex 7.55645 6.6025 43.82
      vertex 7.08951 6.71302 44.3386
    endloop
  endfacet
  facet normal -0.110761 -0.987656 0.110762
    outer loop
      vertex 7.55645 6.6025 43.82
      vertex 5.66144 6.71302 42.9105
      vertex 6.18004 6.6025 42.4436
    endloop
  endfacet
  facet normal -0.037062 -0.998625 0.0370617
    outer loop
      vertex 5.1371 6.75 43.3826
      vertex 7.08951 6.71302 44.3386
      vertex 6.61739 6.75 44.8629
    endloop
  endfacet
  facet normal -0.0370615 -0.998626 0.0370607
    outer loop
      vertex 7.08951 6.71302 44.3386
      vertex 5.1371 6.75 43.3826
      vertex 5.66144 6.71302 42.9105
    endloop
  endfacet
  facet normal 0.0370619 -0.998625 -0.0370619
    outer loop
      vertex 4.61277 6.71302 43.8547
      vertex 6.61739 6.75 44.8629
      vertex 6.14527 6.71302 45.3872
    endloop
  endfacet
  facet normal 0.0370616 -0.998626 -0.0370613
    outer loop
      vertex 6.61739 6.75 44.8629
      vertex 4.61277 6.71302 43.8547
      vertex 5.1371 6.75 43.3826
    endloop
  endfacet
  facet normal 0.110755 -0.987657 -0.110759
    outer loop
      vertex 4.09417 6.6025 44.3217
      vertex 6.14527 6.71302 45.3872
      vertex 5.67833 6.6025 45.9058
    endloop
  endfacet
  facet normal 0.110751 -0.987658 -0.110751
    outer loop
      vertex 6.14527 6.71302 45.3872
      vertex 4.09417 6.6025 44.3217
      vertex 4.61277 6.71302 43.8547
    endloop
  endfacet
  facet normal 0.183247 -0.965838 -0.183244
    outer loop
      vertex 3.587 6.41963 44.7783
      vertex 5.67833 6.6025 45.9058
      vertex 5.22167 6.41963 46.413
    endloop
  endfacet
  facet normal 0.183258 -0.965832 -0.183265
    outer loop
      vertex 5.67833 6.6025 45.9058
      vertex 3.587 6.41963 44.7783
      vertex 4.09417 6.6025 44.3217
    endloop
  endfacet
  facet normal 0.253706 -0.933417 -0.253704
    outer loop
      vertex 3.09682 6.16643 45.2197
      vertex 5.22167 6.41963 46.413
      vertex 4.78031 6.16643 46.9032
    endloop
  endfacet
  facet normal 0.253702 -0.93342 -0.253698
    outer loop
      vertex 5.22167 6.41963 46.413
      vertex 3.09682 6.16643 45.2197
      vertex 3.587 6.41963 44.7783
    endloop
  endfacet
  facet normal 0.321379 -0.890749 -0.321375
    outer loop
      vertex 2.62899 5.84567 45.6409
      vertex 4.78031 6.16643 46.9032
      vertex 4.35907 5.84567 47.371
    endloop
  endfacet
  facet normal 0.32138 -0.890747 -0.321379
    outer loop
      vertex 4.78031 6.16643 46.9032
      vertex 2.62899 5.84567 45.6409
      vertex 3.09682 6.16643 45.2197
    endloop
  endfacet
  facet normal 0.385484 -0.83834 -0.385471
    outer loop
      vertex 2.18864 5.46086 46.0374
      vertex 4.35907 5.84567 47.371
      vertex 3.96258 5.46086 47.8114
    endloop
  endfacet
  facet normal 0.385492 -0.838329 -0.385488
    outer loop
      vertex 4.35907 5.84567 47.371
      vertex 2.18864 5.46086 46.0374
      vertex 2.62899 5.84567 45.6409
    endloop
  endfacet
  facet normal 0.445379 -0.776711 -0.445374
    outer loop
      vertex 1.78059 5.01623 46.4048
      vertex 3.96258 5.46086 47.8114
      vertex 3.59517 5.01623 48.2194
    endloop
  endfacet
  facet normal 0.44537 -0.776727 -0.445354
    outer loop
      vertex 3.96258 5.46086 47.8114
      vertex 1.78059 5.01623 46.4048
      vertex 2.18864 5.46086 46.0374
    endloop
  endfacet
  facet normal 0.500342 -0.70663 -0.500331
    outer loop
      vertex 1.40932 4.51663 46.7391
      vertex 3.59517 5.01623 48.2194
      vertex 3.26088 4.51663 48.5907
    endloop
  endfacet
  facet normal 0.500346 -0.70662 -0.500341
    outer loop
      vertex 3.59517 5.01623 48.2194
      vertex 1.40932 4.51663 46.7391
      vertex 1.78059 5.01623 46.4048
    endloop
  endfacet
  facet normal 0.549838 -0.628781 -0.549829
    outer loop
      vertex 1.07889 3.96755 47.0366
      vertex 3.26088 4.51663 48.5907
      vertex 2.96336 3.96755 48.9211
    endloop
  endfacet
  facet normal 0.549836 -0.628788 -0.549824
    outer loop
      vertex 3.26088 4.51663 48.5907
      vertex 1.07889 3.96755 47.0366
      vertex 1.40932 4.51663 46.7391
    endloop
  endfacet
  facet normal 0.593267 -0.54414 -0.59325
    outer loop
      vertex 0.792924 3.375 47.2941
      vertex 2.96336 3.96755 48.9211
      vertex 2.70587 3.375 49.2071
    endloop
  endfacet
  facet normal 0.593271 -0.544123 -0.593262
    outer loop
      vertex 2.96336 3.96755 48.9211
      vertex 0.792924 3.375 47.2941
      vertex 1.07889 3.96755 47.0366
    endloop
  endfacet
  facet normal 0.630221 -0.453438 -0.63025
    outer loop
      vertex 0.554552 2.74547 47.5088
      vertex 2.70587 3.375 49.2071
      vertex 2.49124 2.74547 49.4454
    endloop
  endfacet
  facet normal 0.630204 -0.453551 -0.630186
    outer loop
      vertex 2.70587 3.375 49.2071
      vertex 0.554552 2.74547 47.5088
      vertex 0.792924 3.375 47.2941
    endloop
  endfacet
  facet normal 0.660244 -0.357967 -0.660255
    outer loop
      vertex 0.366388 2.08586 47.6782
      vertex 2.49124 2.74547 49.4454
      vertex 2.32182 2.08586 49.6336
    endloop
  endfacet
  facet normal 0.660248 -0.357918 -0.660278
    outer loop
      vertex 2.49124 2.74547 49.4454
      vertex 0.366388 2.08586 47.6782
      vertex 0.554552 2.74547 47.5088
    endloop
  endfacet
  facet normal 0.68308 -0.258492 -0.683069
    outer loop
      vertex 0.230493 1.4034 47.8005
      vertex 2.32182 2.08586 49.6336
      vertex 2.19946 1.4034 49.7695
    endloop
  endfacet
  facet normal 0.68308 -0.258432 -0.683092
    outer loop
      vertex 2.32182 2.08586 49.6336
      vertex 0.230493 1.4034 47.8005
      vertex 0.366388 2.08586 47.6782
    endloop
  endfacet
  facet normal 0.69842 -0.156193 -0.698436
    outer loop
      vertex 0.148355 0.705566 47.8745
      vertex 2.19946 1.4034 49.7695
      vertex 2.1255 0.705566 49.8516
    endloop
  endfacet
  facet normal 0.698425 -0.156269 -0.698414
    outer loop
      vertex 2.19946 1.4034 49.7695
      vertex 0.148355 0.705566 47.8745
      vertex 0.230493 1.4034 47.8005
    endloop
  endfacet
  facet normal 0.706143 -0.0522825 -0.706137
    outer loop
      vertex 0.120876 0 47.8992
      vertex 2.1255 0.705566 49.8516
      vertex 2.10076 0 49.8791
    endloop
  endfacet
  facet normal 0.706134 -0.0522216 -0.70615
    outer loop
      vertex 2.1255 0.705566 49.8516
      vertex 0.120876 0 47.8992
      vertex 0.148355 0.705566 47.8745
    endloop
  endfacet
  facet normal 0.628472 0.0522848 -0.776073
    outer loop
      vertex 2.1255 -0.705566 49.8516
      vertex 2.10076 0 49.8791
      vertex 4.29848 -0.705566 51.6113
    endloop
  endfacet
  facet normal 0.628466 0.0522526 -0.77608
    outer loop
      vertex 4.29848 -0.705566 51.6113
      vertex 2.10076 0 49.8791
      vertex 4.27674 0 51.6412
    endloop
  endfacet
  facet normal 0.621604 0.156189 -0.767602
    outer loop
      vertex 2.19946 -1.4034 49.7695
      vertex 2.1255 -0.705566 49.8516
      vertex 4.36345 -1.4034 51.5219
    endloop
  endfacet
  facet normal 0.621607 0.15621 -0.767596
    outer loop
      vertex 4.36345 -1.4034 51.5219
      vertex 2.1255 -0.705566 49.8516
      vertex 4.29848 -0.705566 51.6113
    endloop
  endfacet
  facet normal 0.607929 0.258493 -0.750736
    outer loop
      vertex 2.32182 -2.08586 49.6336
      vertex 2.19946 -1.4034 49.7695
      vertex 4.47093 -2.08586 51.3739
    endloop
  endfacet
  facet normal 0.60793 0.258545 -0.750716
    outer loop
      vertex 4.47093 -2.08586 51.3739
      vertex 2.19946 -1.4034 49.7695
      vertex 4.36345 -1.4034 51.5219
    endloop
  endfacet
  facet normal 0.587629 0.357971 -0.725637
    outer loop
      vertex 2.49124 -2.74547 49.4454
      vertex 2.32182 -2.08586 49.6336
      vertex 4.61976 -2.74547 51.1691
    endloop
  endfacet
  facet normal 0.587631 0.3579 -0.72567
    outer loop
      vertex 4.61976 -2.74547 51.1691
      vertex 2.32182 -2.08586 49.6336
      vertex 4.47093 -2.08586 51.3739
    endloop
  endfacet
  facet normal 0.560905 0.453432 -0.692665
    outer loop
      vertex 2.70587 -3.375 49.2071
      vertex 2.49124 -2.74547 49.4454
      vertex 4.8083 -3.375 50.9096
    endloop
  endfacet
  facet normal 0.560899 0.453495 -0.692629
    outer loop
      vertex 4.8083 -3.375 50.9096
      vertex 2.49124 -2.74547 49.4454
      vertex 4.61976 -2.74547 51.1691
    endloop
  endfacet
  facet normal 0.528003 0.544142 -0.652014
    outer loop
      vertex 2.96336 -3.96755 48.9211
      vertex 2.70587 -3.375 49.2071
      vertex 5.03448 -3.96755 50.5983
    endloop
  endfacet
  facet normal 0.52801 0.5441 -0.652043
    outer loop
      vertex 5.03448 -3.96755 50.5983
      vertex 2.70587 -3.375 49.2071
      vertex 4.8083 -3.375 50.9096
    endloop
  endfacet
  facet normal 0.489354 0.62878 -0.604291
    outer loop
      vertex 3.26088 -4.51663 48.5907
      vertex 2.96336 -3.96755 48.9211
      vertex 5.29583 -4.51663 50.2386
    endloop
  endfacet
  facet normal 0.489353 0.628786 -0.604286
    outer loop
      vertex 5.29583 -4.51663 50.2386
      vertex 2.96336 -3.96755 48.9211
      vertex 5.03448 -3.96755 50.5983
    endloop
  endfacet
  facet normal 0.4453 0.706632 -0.549889
    outer loop
      vertex 3.59517 -5.01623 48.2194
      vertex 3.26088 -4.51663 48.5907
      vertex 5.58949 -5.01623 49.8344
    endloop
  endfacet
  facet normal 0.445301 0.706631 -0.549891
    outer loop
      vertex 5.58949 -5.01623 49.8344
      vertex 3.26088 -4.51663 48.5907
      vertex 5.29583 -4.51663 50.2386
    endloop
  endfacet
  facet normal 0.396384 0.776709 -0.489492
    outer loop
      vertex 3.96258 -5.46086 47.8114
      vertex 3.59517 -5.01623 48.2194
      vertex 5.91223 -5.46086 49.3902
    endloop
  endfacet
  facet normal 0.396379 0.776721 -0.489478
    outer loop
      vertex 5.91223 -5.46086 49.3902
      vertex 3.59517 -5.01623 48.2194
      vertex 5.58949 -5.01623 49.8344
    endloop
  endfacet
  facet normal 0.343075 0.838342 -0.423653
    outer loop
      vertex 4.35907 -5.84567 47.371
      vertex 3.96258 -5.46086 47.8114
      vertex 6.26052 -5.84567 48.9108
    endloop
  endfacet
  facet normal 0.343081 0.838332 -0.423669
    outer loop
      vertex 6.26052 -5.84567 48.9108
      vertex 3.96258 -5.46086 47.8114
      vertex 5.91223 -5.46086 49.3902
    endloop
  endfacet
  facet normal 0.286025 0.890748 -0.35321
    outer loop
      vertex 4.78031 -6.16643 46.9032
      vertex 4.35907 -5.84567 47.371
      vertex 6.63055 -6.16643 48.4015
    endloop
  endfacet
  facet normal 0.286019 0.890755 -0.353196
    outer loop
      vertex 6.63055 -6.16643 48.4015
      vertex 4.35907 -5.84567 47.371
      vertex 6.26052 -5.84567 48.9108
    endloop
  endfacet
  facet normal 0.225791 0.933417 -0.278838
    outer loop
      vertex 5.22167 -6.41963 46.413
      vertex 4.78031 -6.16643 46.9032
      vertex 7.01826 -6.41963 47.8678
    endloop
  endfacet
  facet normal 0.225783 0.933425 -0.278818
    outer loop
      vertex 7.01826 -6.41963 47.8678
      vertex 4.78031 -6.16643 46.9032
      vertex 6.63055 -6.16643 48.4015
    endloop
  endfacet
  facet normal 0.163087 0.965838 -0.201395
    outer loop
      vertex 5.67833 -6.6025 45.9058
      vertex 5.22167 -6.41963 46.413
      vertex 7.4194 -6.6025 47.3157
    endloop
  endfacet
  facet normal 0.163093 0.965834 -0.20141
    outer loop
      vertex 7.4194 -6.6025 47.3157
      vertex 5.22167 -6.41963 46.413
      vertex 7.01826 -6.41963 47.8678
    endloop
  endfacet
  facet normal 0.0985766 0.987657 -0.121725
    outer loop
      vertex 6.14527 -6.71302 45.3872
      vertex 5.67833 -6.6025 45.9058
      vertex 7.82957 -6.71302 46.7512
    endloop
  endfacet
  facet normal 0.0985813 0.987655 -0.121737
    outer loop
      vertex 7.82957 -6.71302 46.7512
      vertex 5.67833 -6.6025 45.9058
      vertex 7.4194 -6.6025 47.3157
    endloop
  endfacet
  facet normal 0.0329843 0.998625 -0.0407336
    outer loop
      vertex 6.61739 -6.75 44.8629
      vertex 6.14527 -6.71302 45.3872
      vertex 8.2443 -6.75 46.1803
    endloop
  endfacet
  facet normal 0.0329816 0.998626 -0.0407265
    outer loop
      vertex 8.2443 -6.75 46.1803
      vertex 6.14527 -6.71302 45.3872
      vertex 7.82957 -6.71302 46.7512
    endloop
  endfacet
  facet normal -0.032984 0.998625 0.0407339
    outer loop
      vertex 7.08951 -6.71302 44.3386
      vertex 6.61739 -6.75 44.8629
      vertex 8.65902 -6.71302 45.6095
    endloop
  endfacet
  facet normal -0.0329836 0.998626 0.0407327
    outer loop
      vertex 8.65902 -6.71302 45.6095
      vertex 6.61739 -6.75 44.8629
      vertex 8.2443 -6.75 46.1803
    endloop
  endfacet
  facet normal -0.0985732 0.987657 0.121728
    outer loop
      vertex 7.55645 -6.6025 43.82
      vertex 7.08951 -6.71302 44.3386
      vertex 9.0692 -6.6025 45.045
    endloop
  endfacet
  facet normal -0.0985769 0.987655 0.121738
    outer loop
      vertex 9.0692 -6.6025 45.045
      vertex 7.08951 -6.71302 44.3386
      vertex 8.65902 -6.71302 45.6095
    endloop
  endfacet
  facet normal -0.163084 0.965837 0.2014
    outer loop
      vertex 8.0131 -6.41963 43.3128
      vertex 7.55645 -6.6025 43.82
      vertex 9.47034 -6.41963 44.4928
    endloop
  endfacet
  facet normal -0.163079 0.965841 0.201386
    outer loop
      vertex 9.47034 -6.41963 44.4928
      vertex 7.55645 -6.6025 43.82
      vertex 9.0692 -6.6025 45.045
    endloop
  endfacet
  facet normal -0.225795 0.933419 0.27883
    outer loop
      vertex 8.45447 -6.16643 42.8226
      vertex 8.0131 -6.41963 43.3128
      vertex 9.85804 -6.16643 43.9592
    endloop
  endfacet
  facet normal -0.225802 0.93341 0.278853
    outer loop
      vertex 9.85804 -6.16643 43.9592
      vertex 8.0131 -6.41963 43.3128
      vertex 9.47034 -6.41963 44.4928
    endloop
  endfacet
  facet normal -0.286018 0.890746 0.35322
    outer loop
      vertex 8.8757 -5.84567 42.3548
      vertex 8.45447 -6.16643 42.8226
      vertex 10.2281 -5.84567 43.4499
    endloop
  endfacet
  facet normal -0.28601 0.890761 0.35319
    outer loop
      vertex 10.2281 -5.84567 43.4499
      vertex 8.45447 -6.16643 42.8226
      vertex 9.85804 -6.16643 43.9592
    endloop
  endfacet
  facet normal -0.343064 0.838345 0.423657
    outer loop
      vertex 9.2722 -5.46086 41.9144
      vertex 8.8757 -5.84567 42.3548
      vertex 10.5764 -5.46086 42.9705
    endloop
  endfacet
  facet normal -0.343068 0.838335 0.423674
    outer loop
      vertex 10.5764 -5.46086 42.9705
      vertex 8.8757 -5.84567 42.3548
      vertex 10.2281 -5.84567 43.4499
    endloop
  endfacet
  facet normal -0.396381 0.776705 0.489501
    outer loop
      vertex 9.6396 -5.01623 41.5064
      vertex 9.2722 -5.46086 41.9144
      vertex 10.8991 -5.01623 42.5263
    endloop
  endfacet
  facet normal -0.39638 0.776707 0.489499
    outer loop
      vertex 10.8991 -5.01623 42.5263
      vertex 9.2722 -5.46086 41.9144
      vertex 10.5764 -5.46086 42.9705
    endloop
  endfacet
  facet normal -0.44528 0.706636 0.549901
    outer loop
      vertex 9.9739 -4.51663 41.1351
      vertex 9.6396 -5.01623 41.5064
      vertex 11.1928 -4.51663 42.1221
    endloop
  endfacet
  facet normal -0.445278 0.706649 0.549885
    outer loop
      vertex 11.1928 -4.51663 42.1221
      vertex 9.6396 -5.01623 41.5064
      vertex 10.8991 -5.01623 42.5263
    endloop
  endfacet
  facet normal -0.489345 0.628769 0.604311
    outer loop
      vertex 10.2714 -3.96755 40.8047
      vertex 9.9739 -4.51663 41.1351
      vertex 11.4541 -3.96755 41.7624
    endloop
  endfacet
  facet normal -0.489345 0.62876 0.604319
    outer loop
      vertex 11.4541 -3.96755 41.7624
      vertex 9.9739 -4.51663 41.1351
      vertex 11.1928 -4.51663 42.1221
    endloop
  endfacet
  facet normal -0.527998 0.544148 0.652013
    outer loop
      vertex 10.5289 -3.375 40.5187
      vertex 10.2714 -3.96755 40.8047
      vertex 11.6803 -3.375 41.4511
    endloop
  endfacet
  facet normal -0.527997 0.544113 0.652043
    outer loop
      vertex 11.6803 -3.375 41.4511
      vertex 10.2714 -3.96755 40.8047
      vertex 11.4541 -3.96755 41.7624
    endloop
  endfacet
  facet normal -0.560905 0.453499 0.692622
    outer loop
      vertex 10.7435 -2.74547 40.2803
      vertex 10.5289 -3.375 40.5187
      vertex 11.8688 -2.74547 41.1916
    endloop
  endfacet
  facet normal -0.560902 0.453467 0.692645
    outer loop
      vertex 11.8688 -2.74547 41.1916
      vertex 10.5289 -3.375 40.5187
      vertex 11.6803 -3.375 41.4511
    endloop
  endfacet
  facet normal -0.587598 0.357936 0.725679
    outer loop
      vertex 10.913 -2.08586 40.0922
      vertex 10.7435 -2.74547 40.2803
      vertex 12.0177 -2.08586 40.9867
    endloop
  endfacet
  facet normal -0.587618 0.35805 0.725607
    outer loop
      vertex 12.0177 -2.08586 40.9867
      vertex 10.7435 -2.74547 40.2803
      vertex 11.8688 -2.74547 41.1916
    endloop
  endfacet
  facet normal -0.607939 0.258443 0.750744
    outer loop
      vertex 11.0353 -1.4034 39.9563
      vertex 10.913 -2.08586 40.0922
      vertex 12.1251 -1.4034 40.8388
    endloop
  endfacet
  facet normal -0.607923 0.258376 0.75078
    outer loop
      vertex 12.1251 -1.4034 40.8388
      vertex 10.913 -2.08586 40.0922
      vertex 12.0177 -2.08586 40.9867
    endloop
  endfacet
  facet normal -0.621619 0.156331 0.767561
    outer loop
      vertex 11.1093 -0.705566 39.8741
      vertex 11.0353 -1.4034 39.9563
      vertex 12.1901 -0.705566 40.7494
    endloop
  endfacet
  facet normal -0.621591 0.156237 0.767603
    outer loop
      vertex 12.1901 -0.705566 40.7494
      vertex 11.0353 -1.4034 39.9563
      vertex 12.1251 -1.4034 40.8388
    endloop
  endfacet
  facet normal -0.628471 0.0521396 0.776084
    outer loop
      vertex 11.134 0 39.8467
      vertex 11.1093 -0.705566 39.8741
      vertex 12.2118 0 40.7195
    endloop
  endfacet
  facet normal -0.628499 0.0522169 0.776056
    outer loop
      vertex 12.2118 0 40.7195
      vertex 11.1093 -0.705566 39.8741
      vertex 12.1901 -0.705566 40.7494
    endloop
  endfacet
  facet normal -0.628501 -0.0521397 0.776059
    outer loop
      vertex 12.1901 0.705566 40.7494
      vertex 11.1093 0.705566 39.8741
      vertex 11.134 0 39.8467
    endloop
  endfacet
  facet normal -0.628468 -0.052217 0.776081
    outer loop
      vertex 12.1901 0.705566 40.7494
      vertex 11.134 0 39.8467
      vertex 12.2118 0 40.7195
    endloop
  endfacet
  facet normal -0.621582 -0.156331 0.767592
    outer loop
      vertex 12.1251 1.4034 40.8388
      vertex 11.0353 1.4034 39.9563
      vertex 11.1093 0.705566 39.8741
    endloop
  endfacet
  facet normal -0.621629 -0.156236 0.767573
    outer loop
      vertex 12.1251 1.4034 40.8388
      vertex 11.1093 0.705566 39.8741
      vertex 12.1901 0.705566 40.7494
    endloop
  endfacet
  facet normal -0.607912 -0.258443 0.750766
    outer loop
      vertex 12.0177 2.08586 40.9867
      vertex 10.913 2.08586 40.0922
      vertex 11.0353 1.4034 39.9563
    endloop
  endfacet
  facet normal -0.60795 -0.258376 0.750758
    outer loop
      vertex 12.0177 2.08586 40.9867
      vertex 11.0353 1.4034 39.9563
      vertex 12.1251 1.4034 40.8388
    endloop
  endfacet
  facet normal -0.587645 -0.357937 0.725641
    outer loop
      vertex 11.8688 2.74547 41.1916
      vertex 10.7435 2.74547 40.2803
      vertex 10.913 2.08586 40.0922
    endloop
  endfacet
  facet normal -0.587571 -0.358051 0.725645
    outer loop
      vertex 11.8688 2.74547 41.1916
      vertex 10.913 2.08586 40.0922
      vertex 12.0177 2.08586 40.9867
    endloop
  endfacet
  facet normal -0.560892 -0.453499 0.692632
    outer loop
      vertex 11.6803 3.375 41.4511
      vertex 10.5289 3.375 40.5187
      vertex 10.7435 2.74547 40.2803
    endloop
  endfacet
  facet normal -0.560915 -0.453467 0.692634
    outer loop
      vertex 11.6803 3.375 41.4511
      vertex 10.7435 2.74547 40.2803
      vertex 11.8688 2.74547 41.1916
    endloop
  endfacet
  facet normal -0.527983 -0.544148 0.652026
    outer loop
      vertex 11.4541 3.96755 41.7624
      vertex 10.2714 3.96755 40.8047
      vertex 10.5289 3.375 40.5187
    endloop
  endfacet
  facet normal -0.528013 -0.544112 0.652031
    outer loop
      vertex 11.4541 3.96755 41.7624
      vertex 10.5289 3.375 40.5187
      vertex 11.6803 3.375 41.4511
    endloop
  endfacet
  facet normal -0.489341 -0.628769 0.604314
    outer loop
      vertex 11.1928 4.51663 42.1221
      vertex 9.9739 4.51663 41.1351
      vertex 10.2714 3.96755 40.8047
    endloop
  endfacet
  facet normal -0.489349 -0.62876 0.604316
    outer loop
      vertex 11.1928 4.51663 42.1221
      vertex 10.2714 3.96755 40.8047
      vertex 11.4541 3.96755 41.7624
    endloop
  endfacet
  facet normal -0.445287 -0.706636 0.549895
    outer loop
      vertex 10.8991 5.01623 42.5263
      vertex 9.6396 5.01623 41.5064
      vertex 9.9739 4.51663 41.1351
    endloop
  endfacet
  facet normal -0.445272 -0.706649 0.54989
    outer loop
      vertex 10.8991 5.01623 42.5263
      vertex 9.9739 4.51663 41.1351
      vertex 11.1928 4.51663 42.1221
    endloop
  endfacet
  facet normal -0.396382 -0.776706 0.4895
    outer loop
      vertex 10.5764 5.46086 42.9705
      vertex 9.2722 5.46086 41.9144
      vertex 9.6396 5.01623 41.5064
    endloop
  endfacet
  facet normal -0.39638 -0.776707 0.489499
    outer loop
      vertex 10.5764 5.46086 42.9705
      vertex 9.6396 5.01623 41.5064
      vertex 10.8991 5.01623 42.5263
    endloop
  endfacet
  facet normal -0.343058 -0.838345 0.423662
    outer loop
      vertex 10.2281 5.84567 43.4499
      vertex 8.8757 5.84567 42.3548
      vertex 9.2722 5.46086 41.9144
    endloop
  endfacet
  facet normal -0.343074 -0.838335 0.423669
    outer loop
      vertex 10.2281 5.84567 43.4499
      vertex 9.2722 5.46086 41.9144
      vertex 10.5764 5.46086 42.9705
    endloop
  endfacet
  facet normal -0.286028 -0.890747 0.353212
    outer loop
      vertex 9.85804 6.16643 43.9592
      vertex 8.45447 6.16643 42.8226
      vertex 8.8757 5.84567 42.3548
    endloop
  endfacet
  facet normal -0.286 -0.890761 0.353197
    outer loop
      vertex 9.85804 6.16643 43.9592
      vertex 8.8757 5.84567 42.3548
      vertex 10.2281 5.84567 43.4499
    endloop
  endfacet
  facet normal -0.225788 -0.933419 0.278836
    outer loop
      vertex 9.47034 6.41963 44.4928
      vertex 8.0131 6.41963 43.3128
      vertex 8.45447 6.16643 42.8226
    endloop
  endfacet
  facet normal -0.225809 -0.93341 0.278848
    outer loop
      vertex 9.47034 6.41963 44.4928
      vertex 8.45447 6.16643 42.8226
      vertex 9.85804 6.16643 43.9592
    endloop
  endfacet
  facet normal -0.163088 -0.965837 0.201397
    outer loop
      vertex 9.0692 6.6025 45.045
      vertex 7.55645 6.6025 43.82
      vertex 8.0131 6.41963 43.3128
    endloop
  endfacet
  facet normal -0.163075 -0.965841 0.20139
    outer loop
      vertex 9.0692 6.6025 45.045
      vertex 8.0131 6.41963 43.3128
      vertex 9.47034 6.41963 44.4928
    endloop
  endfacet
  facet normal -0.0985703 -0.987657 0.12173
    outer loop
      vertex 8.65902 6.71302 45.6095
      vertex 7.08951 6.71302 44.3386
      vertex 7.55645 6.6025 43.82
    endloop
  endfacet
  facet normal -0.09858 -0.987655 0.121736
    outer loop
      vertex 8.65902 6.71302 45.6095
      vertex 7.55645 6.6025 43.82
      vertex 9.0692 6.6025 45.045
    endloop
  endfacet
  facet normal -0.0329843 -0.998625 0.0407336
    outer loop
      vertex 8.2443 6.75 46.1803
      vertex 6.61739 6.75 44.8629
      vertex 7.08951 6.71302 44.3386
    endloop
  endfacet
  facet normal -0.0329832 -0.998626 0.0407329
    outer loop
      vertex 8.2443 6.75 46.1803
      vertex 7.08951 6.71302 44.3386
      vertex 8.65902 6.71302 45.6095
    endloop
  endfacet
  facet normal 0.0329861 -0.998625 -0.040732
    outer loop
      vertex 7.82957 6.71302 46.7512
      vertex 6.14527 6.71302 45.3872
      vertex 6.61739 6.75 44.8629
    endloop
  endfacet
  facet normal 0.0329796 -0.998626 -0.0407279
    outer loop
      vertex 7.82957 6.71302 46.7512
      vertex 6.61739 6.75 44.8629
      vertex 8.2443 6.75 46.1803
    endloop
  endfacet
  facet normal 0.0985736 -0.987657 -0.121727
    outer loop
      vertex 7.4194 6.6025 47.3157
      vertex 5.67833 6.6025 45.9058
      vertex 6.14527 6.71302 45.3872
    endloop
  endfacet
  facet normal 0.0985846 -0.987655 -0.121735
    outer loop
      vertex 7.4194 6.6025 47.3157
      vertex 6.14527 6.71302 45.3872
      vertex 7.82957 6.71302 46.7512
    endloop
  endfacet
  facet normal 0.163083 -0.965838 -0.201398
    outer loop
      vertex 7.01826 6.41963 47.8678
      vertex 5.22167 6.41963 46.413
      vertex 5.67833 6.6025 45.9058
    endloop
  endfacet
  facet normal 0.163098 -0.965833 -0.201407
    outer loop
      vertex 7.01826 6.41963 47.8678
      vertex 5.67833 6.6025 45.9058
      vertex 7.4194 6.6025 47.3157
    endloop
  endfacet
  facet normal 0.225796 -0.933418 -0.278833
    outer loop
      vertex 6.63055 6.16643 48.4015
      vertex 4.78031 6.16643 46.9032
      vertex 5.22167 6.41963 46.413
    endloop
  endfacet
  facet normal 0.225778 -0.933425 -0.278822
    outer loop
      vertex 6.63055 6.16643 48.4015
      vertex 5.22167 6.41963 46.413
      vertex 7.01826 6.41963 47.8678
    endloop
  endfacet
  facet normal 0.286028 -0.890749 -0.353207
    outer loop
      vertex 6.26052 5.84567 48.9108
      vertex 4.35907 5.84567 47.371
      vertex 4.78031 6.16643 46.9032
    endloop
  endfacet
  facet normal 0.286016 -0.890755 -0.353199
    outer loop
      vertex 6.26052 5.84567 48.9108
      vertex 4.78031 6.16643 46.9032
      vertex 6.63055 6.16643 48.4015
    endloop
  endfacet
  facet normal 0.343071 -0.838342 -0.423656
    outer loop
      vertex 5.91223 5.46086 49.3902
      vertex 3.96258 5.46086 47.8114
      vertex 4.35907 5.84567 47.371
    endloop
  endfacet
  facet normal 0.343085 -0.838332 -0.423665
    outer loop
      vertex 5.91223 5.46086 49.3902
      vertex 4.35907 5.84567 47.371
      vertex 6.26052 5.84567 48.9108
    endloop
  endfacet
  facet normal 0.396388 -0.776709 -0.489489
    outer loop
      vertex 5.58949 5.01623 49.8344
      vertex 3.59517 5.01623 48.2194
      vertex 3.96258 5.46086 47.8114
    endloop
  endfacet
  facet normal 0.396375 -0.776721 -0.489481
    outer loop
      vertex 5.58949 5.01623 49.8344
      vertex 3.96258 5.46086 47.8114
      vertex 5.91223 5.46086 49.3902
    endloop
  endfacet
  facet normal 0.4453 -0.706632 -0.54989
    outer loop
      vertex 5.29583 4.51663 50.2386
      vertex 3.26088 4.51663 48.5907
      vertex 3.59517 5.01623 48.2194
    endloop
  endfacet
  facet normal 0.445301 -0.706631 -0.54989
    outer loop
      vertex 5.29583 4.51663 50.2386
      vertex 3.59517 5.01623 48.2194
      vertex 5.58949 5.01623 49.8344
    endloop
  endfacet
  facet normal 0.489356 -0.62878 -0.60429
    outer loop
      vertex 5.03448 3.96755 50.5983
      vertex 2.96336 3.96755 48.9211
      vertex 3.26088 4.51663 48.5907
    endloop
  endfacet
  facet normal 0.489351 -0.628786 -0.604287
    outer loop
      vertex 5.03448 3.96755 50.5983
      vertex 3.26088 4.51663 48.5907
      vertex 5.29583 4.51663 50.2386
    endloop
  endfacet
  facet normal 0.527993 -0.544142 -0.652022
    outer loop
      vertex 4.8083 3.375 50.9096
      vertex 2.70587 3.375 49.2071
      vertex 2.96336 3.96755 48.9211
    endloop
  endfacet
  facet normal 0.52802 -0.5441 -0.652035
    outer loop
      vertex 4.8083 3.375 50.9096
      vertex 2.96336 3.96755 48.9211
      vertex 5.03448 3.96755 50.5983
    endloop
  endfacet
  facet normal 0.560919 -0.453433 -0.692654
    outer loop
      vertex 4.61976 2.74547 51.1691
      vertex 2.49124 2.74547 49.4454
      vertex 2.70587 3.375 49.2071
    endloop
  endfacet
  facet normal 0.560884 -0.453496 -0.69264
    outer loop
      vertex 4.61976 2.74547 51.1691
      vertex 2.70587 3.375 49.2071
      vertex 4.8083 3.375 50.9096
    endloop
  endfacet
  facet normal 0.587614 -0.35797 -0.725649
    outer loop
      vertex 4.47093 2.08586 51.3739
      vertex 2.32182 2.08586 49.6336
      vertex 2.49124 2.74547 49.4454
    endloop
  endfacet
  facet normal 0.587646 -0.3579 -0.725658
    outer loop
      vertex 4.47093 2.08586 51.3739
      vertex 2.49124 2.74547 49.4454
      vertex 4.61976 2.74547 51.1691
    endloop
  endfacet
  facet normal 0.607939 -0.258493 -0.750727
    outer loop
      vertex 4.36345 1.4034 51.5219
      vertex 2.19946 1.4034 49.7695
      vertex 2.32182 2.08586 49.6336
    endloop
  endfacet
  facet normal 0.60792 -0.258545 -0.750725
    outer loop
      vertex 4.36345 1.4034 51.5219
      vertex 2.32182 2.08586 49.6336
      vertex 4.47093 2.08586 51.3739
    endloop
  endfacet
  facet normal 0.621609 -0.156189 -0.767599
    outer loop
      vertex 4.29848 0.705566 51.6113
      vertex 2.1255 0.705566 49.8516
      vertex 2.19946 1.4034 49.7695
    endloop
  endfacet
  facet normal 0.621602 -0.15621 -0.767599
    outer loop
      vertex 4.29848 0.705566 51.6113
      vertex 2.19946 1.4034 49.7695
      vertex 4.36345 1.4034 51.5219
    endloop
  endfacet
  facet normal 0.628465 -0.0522848 -0.776078
    outer loop
      vertex 4.27674 0 51.6412
      vertex 2.10076 0 49.8791
      vertex 2.1255 0.705566 49.8516
    endloop
  endfacet
  facet normal 0.628473 -0.0522526 -0.776075
    outer loop
      vertex 4.27674 0 51.6412
      vertex 2.1255 0.705566 49.8516
      vertex 4.29848 0.705566 51.6113
    endloop
  endfacet
  facet normal 0.543903 0.0522507 -0.83752
    outer loop
      vertex 4.29848 -0.705566 51.6113
      vertex 4.27674 0 51.6412
      vertex 6.64349 -0.705566 53.1342
    endloop
  endfacet
  facet normal 0.543901 0.0522381 -0.837522
    outer loop
      vertex 6.64349 -0.705566 53.1342
      vertex 4.27674 0 51.6412
      vertex 6.625 0 53.1662
    endloop
  endfacet
  facet normal 0.537938 0.156208 -0.828385
    outer loop
      vertex 4.36345 -1.4034 51.5219
      vertex 4.29848 -0.705566 51.6113
      vertex 6.69875 -1.4034 53.0384
    endloop
  endfacet
  facet normal 0.537952 0.156317 -0.828355
    outer loop
      vertex 6.69875 -1.4034 53.0384
      vertex 4.29848 -0.705566 51.6113
      vertex 6.64349 -0.705566 53.1342
    endloop
  endfacet
  facet normal 0.526135 0.25855 -0.810144
    outer loop
      vertex 4.47093 -2.08586 51.3739
      vertex 4.36345 -1.4034 51.5219
      vertex 6.79018 -2.08586 52.8801
    endloop
  endfacet
  facet normal 0.526125 0.258414 -0.810194
    outer loop
      vertex 6.79018 -2.08586 52.8801
      vertex 4.36345 -1.4034 51.5219
      vertex 6.69875 -1.4034 53.0384
    endloop
  endfacet
  facet normal 0.508562 0.357896 -0.783118
    outer loop
      vertex 4.61976 -2.74547 51.1691
      vertex 4.47093 -2.08586 51.3739
      vertex 6.91678 -2.74547 52.6608
    endloop
  endfacet
  facet normal 0.508564 0.357962 -0.783088
    outer loop
      vertex 6.91678 -2.74547 52.6608
      vertex 4.47093 -2.08586 51.3739
      vertex 6.79018 -2.08586 52.8801
    endloop
  endfacet
  facet normal 0.485411 0.453495 -0.747475
    outer loop
      vertex 4.8083 -3.375 50.9096
      vertex 4.61976 -2.74547 51.1691
      vertex 7.07716 -3.375 52.383
    endloop
  endfacet
  facet normal 0.48541 0.453508 -0.747468
    outer loop
      vertex 7.07716 -3.375 52.383
      vertex 4.61976 -2.74547 51.1691
      vertex 6.91678 -2.74547 52.6608
    endloop
  endfacet
  facet normal 0.456967 0.544099 -0.70366
    outer loop
      vertex 5.03448 -3.96755 50.5983
      vertex 4.8083 -3.375 50.9096
      vertex 7.26957 -3.96755 52.0498
    endloop
  endfacet
  facet normal 0.456969 0.544074 -0.703678
    outer loop
      vertex 7.26957 -3.96755 52.0498
      vertex 4.8083 -3.375 50.9096
      vertex 7.07716 -3.375 52.383
    endloop
  endfacet
  facet normal 0.423492 0.628785 -0.652138
    outer loop
      vertex 5.29583 -4.51663 50.2386
      vertex 5.03448 -3.96755 50.5983
      vertex 7.49189 -4.51663 51.6647
    endloop
  endfacet
  facet normal 0.423486 0.628824 -0.652104
    outer loop
      vertex 7.49189 -4.51663 51.6647
      vertex 5.03448 -3.96755 50.5983
      vertex 7.26957 -3.96755 52.0498
    endloop
  endfacet
  facet normal 0.385367 0.706631 -0.593434
    outer loop
      vertex 5.58949 -5.01623 49.8344
      vertex 5.29583 -4.51663 50.2386
      vertex 7.74168 -5.01623 51.232
    endloop
  endfacet
  facet normal 0.385366 0.706638 -0.593427
    outer loop
      vertex 7.74168 -5.01623 51.232
      vertex 5.29583 -4.51663 50.2386
      vertex 7.49189 -4.51663 51.6647
    endloop
  endfacet
  facet normal 0.34303 0.77672 -0.528238
    outer loop
      vertex 5.91223 -5.46086 49.3902
      vertex 5.58949 -5.01623 49.8344
      vertex 8.01622 -5.46086 50.7565
    endloop
  endfacet
  facet normal 0.34303 0.77672 -0.528239
    outer loop
      vertex 8.01622 -5.46086 50.7565
      vertex 5.58949 -5.01623 49.8344
      vertex 7.74168 -5.01623 51.232
    endloop
  endfacet
  facet normal 0.296904 0.838332 -0.457217
    outer loop
      vertex 6.26052 -5.84567 48.9108
      vertex 5.91223 -5.46086 49.3902
      vertex 8.3125 -5.84567 50.2433
    endloop
  endfacet
  facet normal 0.296901 0.838341 -0.457203
    outer loop
      vertex 8.3125 -5.84567 50.2433
      vertex 5.91223 -5.46086 49.3902
      vertex 8.01622 -5.46086 50.7565
    endloop
  endfacet
  facet normal 0.247532 0.890756 -0.381159
    outer loop
      vertex 6.63055 -6.16643 48.4015
      vertex 6.26052 -5.84567 48.9108
      vertex 8.62726 -6.16643 49.6982
    endloop
  endfacet
  facet normal 0.247544 0.890733 -0.381205
    outer loop
      vertex 8.62726 -6.16643 49.6982
      vertex 6.26052 -5.84567 48.9108
      vertex 8.3125 -5.84567 50.2433
    endloop
  endfacet
  facet normal 0.195402 0.933426 -0.300888
    outer loop
      vertex 7.01826 -6.41963 47.8678
      vertex 6.63055 -6.16643 48.4015
      vertex 8.95707 -6.41963 49.1269
    endloop
  endfacet
  facet normal 0.195403 0.933426 -0.300889
    outer loop
      vertex 8.95707 -6.41963 49.1269
      vertex 6.63055 -6.16643 48.4015
      vertex 8.62726 -6.16643 49.6982
    endloop
  endfacet
  facet normal 0.141153 0.965833 -0.217352
    outer loop
      vertex 7.4194 -6.6025 47.3157
      vertex 7.01826 -6.41963 47.8678
      vertex 9.2983 -6.6025 48.5359
    endloop
  endfacet
  facet normal 0.141154 0.965833 -0.217354
    outer loop
      vertex 9.2983 -6.6025 48.5359
      vertex 7.01826 -6.41963 47.8678
      vertex 8.95707 -6.41963 49.1269
    endloop
  endfacet
  facet normal 0.0853115 0.987655 -0.131379
    outer loop
      vertex 7.82957 -6.71302 46.7512
      vertex 7.4194 -6.6025 47.3157
      vertex 9.64722 -6.71302 47.9315
    endloop
  endfacet
  facet normal 0.0853052 0.987658 -0.131356
    outer loop
      vertex 9.64722 -6.71302 47.9315
      vertex 7.4194 -6.6025 47.3157
      vertex 9.2983 -6.6025 48.5359
    endloop
  endfacet
  facet normal 0.0285429 0.998626 -0.0439509
    outer loop
      vertex 8.2443 -6.75 46.1803
      vertex 7.82957 -6.71302 46.7512
      vertex 10 -6.75 47.3205
    endloop
  endfacet
  facet normal 0.0285451 0.998625 -0.0439591
    outer loop
      vertex 10 -6.75 47.3205
      vertex 7.82957 -6.71302 46.7512
      vertex 9.64722 -6.71302 47.9315
    endloop
  endfacet
  facet normal -0.0285468 0.998626 0.0439563
    outer loop
      vertex 8.65902 -6.71302 45.6095
      vertex 8.2443 -6.75 46.1803
      vertex 10.3528 -6.71302 46.7095
    endloop
  endfacet
  facet normal -0.028547 0.998625 0.0439571
    outer loop
      vertex 10.3528 -6.71302 46.7095
      vertex 8.2443 -6.75 46.1803
      vertex 10 -6.75 47.3205
    endloop
  endfacet
  facet normal -0.0853124 0.987655 0.131377
    outer loop
      vertex 9.0692 -6.6025 45.045
      vertex 8.65902 -6.71302 45.6095
      vertex 10.7017 -6.6025 46.1051
    endloop
  endfacet
  facet normal -0.0853077 0.987658 0.131357
    outer loop
      vertex 10.7017 -6.6025 46.1051
      vertex 8.65902 -6.71302 45.6095
      vertex 10.3528 -6.71302 46.7095
    endloop
  endfacet
  facet normal -0.141141 0.965841 0.217324
    outer loop
      vertex 9.47034 -6.41963 44.4928
      vertex 9.0692 -6.6025 45.045
      vertex 11.0429 -6.41963 45.5141
    endloop
  endfacet
  facet normal -0.141149 0.965831 0.217363
    outer loop
      vertex 11.0429 -6.41963 45.5141
      vertex 9.0692 -6.6025 45.045
      vertex 10.7017 -6.6025 46.1051
    endloop
  endfacet
  facet normal -0.195432 0.93341 0.300919
    outer loop
      vertex 9.85804 -6.16643 43.9592
      vertex 9.47034 -6.41963 44.4928
      vertex 11.3727 -6.16643 44.9429
    endloop
  endfacet
  facet normal -0.195433 0.933409 0.30092
    outer loop
      vertex 11.3727 -6.16643 44.9429
      vertex 9.47034 -6.41963 44.4928
      vertex 11.0429 -6.41963 45.5141
    endloop
  endfacet
  facet normal -0.247534 0.89076 0.381147
    outer loop
      vertex 10.2281 -5.84567 43.4499
      vertex 9.85804 -6.16643 43.9592
      vertex 11.6875 -5.84567 44.3977
    endloop
  endfacet
  facet normal -0.247533 0.890763 0.381141
    outer loop
      vertex 11.6875 -5.84567 44.3977
      vertex 9.85804 -6.16643 43.9592
      vertex 11.3727 -6.16643 44.9429
    endloop
  endfacet
  facet normal -0.296919 0.838335 0.457203
    outer loop
      vertex 10.5764 -5.46086 42.9705
      vertex 10.2281 -5.84567 43.4499
      vertex 11.9838 -5.46086 43.8845
    endloop
  endfacet
  facet normal -0.296916 0.838345 0.457185
    outer loop
      vertex 11.9838 -5.46086 43.8845
      vertex 10.2281 -5.84567 43.4499
      vertex 11.6875 -5.84567 44.3977
    endloop
  endfacet
  facet normal -0.343053 0.776708 0.528241
    outer loop
      vertex 10.8991 -5.01623 42.5263
      vertex 10.5764 -5.46086 42.9705
      vertex 12.2583 -5.01623 43.409
    endloop
  endfacet
  facet normal -0.343053 0.776707 0.528242
    outer loop
      vertex 12.2583 -5.01623 43.409
      vertex 10.5764 -5.46086 42.9705
      vertex 11.9838 -5.46086 43.8845
    endloop
  endfacet
  facet normal -0.385379 0.706647 0.593408
    outer loop
      vertex 11.1928 -4.51663 42.1221
      vertex 10.8991 -5.01623 42.5263
      vertex 12.5081 -4.51663 42.9763
    endloop
  endfacet
  facet normal -0.385379 0.706642 0.593415
    outer loop
      vertex 12.5081 -4.51663 42.9763
      vertex 10.8991 -5.01623 42.5263
      vertex 12.2583 -5.01623 43.409
    endloop
  endfacet
  facet normal -0.423532 0.628763 0.652133
    outer loop
      vertex 11.4541 -3.96755 41.7624
      vertex 11.1928 -4.51663 42.1221
      vertex 12.7304 -3.96755 42.5913
    endloop
  endfacet
  facet normal -0.423531 0.628743 0.652154
    outer loop
      vertex 12.7304 -3.96755 42.5913
      vertex 11.1928 -4.51663 42.1221
      vertex 12.5081 -4.51663 42.9763
    endloop
  endfacet
  facet normal -0.456964 0.54411 0.703653
    outer loop
      vertex 11.6803 -3.375 41.4511
      vertex 11.4541 -3.96755 41.7624
      vertex 12.9228 -3.375 42.258
    endloop
  endfacet
  facet normal -0.456969 0.544151 0.703618
    outer loop
      vertex 12.9228 -3.375 42.258
      vertex 11.4541 -3.96755 41.7624
      vertex 12.7304 -3.96755 42.5913
    endloop
  endfacet
  facet normal -0.485404 0.453471 0.747494
    outer loop
      vertex 11.8688 -2.74547 41.1916
      vertex 11.6803 -3.375 41.4511
      vertex 13.0832 -2.74547 41.9802
    endloop
  endfacet
  facet normal -0.485412 0.45352 0.747459
    outer loop
      vertex 13.0832 -2.74547 41.9802
      vertex 11.6803 -3.375 41.4511
      vertex 12.9228 -3.375 42.258
    endloop
  endfacet
  facet normal -0.50855 0.358047 0.783057
    outer loop
      vertex 12.0177 -2.08586 40.9867
      vertex 11.8688 -2.74547 41.1916
      vertex 13.2098 -2.08586 41.7609
    endloop
  endfacet
  facet normal -0.508531 0.357963 0.783109
    outer loop
      vertex 13.2098 -2.08586 41.7609
      vertex 11.8688 -2.74547 41.1916
      vertex 13.0832 -2.74547 41.9802
    endloop
  endfacet
  facet normal -0.52616 0.258382 0.810182
    outer loop
      vertex 12.1251 -1.4034 40.8388
      vertex 12.0177 -2.08586 40.9867
      vertex 13.3012 -1.4034 41.6026
    endloop
  endfacet
  facet normal -0.526163 0.258392 0.810177
    outer loop
      vertex 13.3012 -1.4034 41.6026
      vertex 12.0177 -2.08586 40.9867
      vertex 13.2098 -2.08586 41.7609
    endloop
  endfacet
  facet normal -0.537967 0.156231 0.828362
    outer loop
      vertex 12.1901 -0.705566 40.7494
      vertex 12.1251 -1.4034 40.8388
      vertex 13.3565 -0.705566 41.5069
    endloop
  endfacet
  facet normal -0.537967 0.156232 0.828362
    outer loop
      vertex 13.3565 -0.705566 41.5069
      vertex 12.1251 -1.4034 40.8388
      vertex 13.3012 -1.4034 41.6026
    endloop
  endfacet
  facet normal -0.54385 0.0522197 0.837556
    outer loop
      vertex 12.2118 0 40.7195
      vertex 12.1901 -0.705566 40.7494
      vertex 13.375 0 41.4748
    endloop
  endfacet
  facet normal -0.543907 0.0523641 0.83751
    outer loop
      vertex 13.375 0 41.4748
      vertex 12.1901 -0.705566 40.7494
      vertex 13.3565 -0.705566 41.5069
    endloop
  endfacet
  facet normal -0.543912 -0.0522199 0.837516
    outer loop
      vertex 13.3565 0.705566 41.5069
      vertex 12.1901 0.705566 40.7494
      vertex 12.2118 0 40.7195
    endloop
  endfacet
  facet normal -0.543846 -0.0523643 0.83755
    outer loop
      vertex 13.3565 0.705566 41.5069
      vertex 12.2118 0 40.7195
      vertex 13.375 0 41.4748
    endloop
  endfacet
  facet normal -0.537967 -0.156231 0.828362
    outer loop
      vertex 13.3012 1.4034 41.6026
      vertex 12.1251 1.4034 40.8388
      vertex 12.1901 0.705566 40.7494
    endloop
  endfacet
  facet normal -0.537967 -0.156232 0.828362
    outer loop
      vertex 13.3012 1.4034 41.6026
      vertex 12.1901 0.705566 40.7494
      vertex 13.3565 0.705566 41.5069
    endloop
  endfacet
  facet normal -0.526164 -0.258382 0.810179
    outer loop
      vertex 13.2098 2.08586 41.7609
      vertex 12.0177 2.08586 40.9867
      vertex 12.1251 1.4034 40.8388
    endloop
  endfacet
  facet normal -0.526159 -0.258392 0.810179
    outer loop
      vertex 13.2098 2.08586 41.7609
      vertex 12.1251 1.4034 40.8388
      vertex 13.3012 1.4034 41.6026
    endloop
  endfacet
  facet normal -0.508513 -0.358047 0.783082
    outer loop
      vertex 13.0832 2.74547 41.9802
      vertex 11.8688 2.74547 41.1916
      vertex 12.0177 2.08586 40.9867
    endloop
  endfacet
  facet normal -0.508568 -0.357962 0.783085
    outer loop
      vertex 13.0832 2.74547 41.9802
      vertex 12.0177 2.08586 40.9867
      vertex 13.2098 2.08586 41.7609
    endloop
  endfacet
  facet normal -0.485426 -0.453471 0.74748
    outer loop
      vertex 12.9228 3.375 42.258
      vertex 11.6803 3.375 41.4511
      vertex 11.8688 2.74547 41.1916
    endloop
  endfacet
  facet normal -0.48539 -0.45352 0.747473
    outer loop
      vertex 12.9228 3.375 42.258
      vertex 11.8688 2.74547 41.1916
      vertex 13.0832 2.74547 41.9802
    endloop
  endfacet
  facet normal -0.456983 -0.544111 0.70364
    outer loop
      vertex 12.7304 3.96755 42.5913
      vertex 11.4541 3.96755 41.7624
      vertex 11.6803 3.375 41.4511
    endloop
  endfacet
  facet normal -0.456949 -0.544152 0.703631
    outer loop
      vertex 12.7304 3.96755 42.5913
      vertex 11.6803 3.375 41.4511
      vertex 12.9228 3.375 42.258
    endloop
  endfacet
  facet normal -0.423522 -0.628763 0.65214
    outer loop
      vertex 12.5081 4.51663 42.9763
      vertex 11.1928 4.51663 42.1221
      vertex 11.4541 3.96755 41.7624
    endloop
  endfacet
  facet normal -0.423541 -0.628742 0.652147
    outer loop
      vertex 12.5081 4.51663 42.9763
      vertex 11.4541 3.96755 41.7624
      vertex 12.7304 3.96755 42.5913
    endloop
  endfacet
  facet normal -0.385376 -0.706647 0.59341
    outer loop
      vertex 12.2583 5.01623 43.409
      vertex 10.8991 5.01623 42.5263
      vertex 11.1928 4.51663 42.1221
    endloop
  endfacet
  facet normal -0.385382 -0.706641 0.593413
    outer loop
      vertex 12.2583 5.01623 43.409
      vertex 11.1928 4.51663 42.1221
      vertex 12.5081 4.51663 42.9763
    endloop
  endfacet
  facet normal -0.343053 -0.776708 0.528241
    outer loop
      vertex 11.9838 5.46086 43.8845
      vertex 10.5764 5.46086 42.9705
      vertex 10.8991 5.01623 42.5263
    endloop
  endfacet
  facet normal -0.343054 -0.776707 0.528242
    outer loop
      vertex 11.9838 5.46086 43.8845
      vertex 10.8991 5.01623 42.5263
      vertex 12.2583 5.01623 43.409
    endloop
  endfacet
  facet normal -0.296925 -0.838335 0.457198
    outer loop
      vertex 11.6875 5.84567 44.3977
      vertex 10.2281 5.84567 43.4499
      vertex 10.5764 5.46086 42.9705
    endloop
  endfacet
  facet normal -0.29691 -0.838345 0.457189
    outer loop
      vertex 11.6875 5.84567 44.3977
      vertex 10.5764 5.46086 42.9705
      vertex 11.9838 5.46086 43.8845
    endloop
  endfacet
  facet normal -0.247536 -0.890761 0.381145
    outer loop
      vertex 11.3727 6.16643 44.9429
      vertex 9.85804 6.16643 43.9592
      vertex 10.2281 5.84567 43.4499
    endloop
  endfacet
  facet normal -0.247531 -0.890763 0.381142
    outer loop
      vertex 11.3727 6.16643 44.9429
      vertex 10.2281 5.84567 43.4499
      vertex 11.6875 5.84567 44.3977
    endloop
  endfacet
  facet normal -0.195432 -0.93341 0.300919
    outer loop
      vertex 11.0429 6.41963 45.5141
      vertex 9.47034 6.41963 44.4928
      vertex 9.85804 6.16643 43.9592
    endloop
  endfacet
  facet normal -0.195433 -0.933409 0.30092
    outer loop
      vertex 11.0429 6.41963 45.5141
      vertex 9.85804 6.16643 43.9592
      vertex 11.3727 6.16643 44.9429
    endloop
  endfacet
  facet normal -0.141129 -0.965841 0.217332
    outer loop
      vertex 10.7017 6.6025 46.1051
      vertex 9.0692 6.6025 45.045
      vertex 9.47034 6.41963 44.4928
    endloop
  endfacet
  facet normal -0.141162 -0.965831 0.217356
    outer loop
      vertex 10.7017 6.6025 46.1051
      vertex 9.47034 6.41963 44.4928
      vertex 11.0429 6.41963 45.5141
    endloop
  endfacet
  facet normal -0.085318 -0.987655 0.131373
    outer loop
      vertex 10.3528 6.71302 46.7095
      vertex 8.65902 6.71302 45.6095
      vertex 9.0692 6.6025 45.045
    endloop
  endfacet
  facet normal -0.0853017 -0.987658 0.13136
    outer loop
      vertex 10.3528 6.71302 46.7095
      vertex 9.0692 6.6025 45.045
      vertex 10.7017 6.6025 46.1051
    endloop
  endfacet
  facet normal -0.0285465 -0.998626 0.0439565
    outer loop
      vertex 10 6.75 47.3205
      vertex 8.2443 6.75 46.1803
      vertex 8.65902 6.71302 45.6095
    endloop
  endfacet
  facet normal -0.0285472 -0.998625 0.043957
    outer loop
      vertex 10 6.75 47.3205
      vertex 8.65902 6.71302 45.6095
      vertex 10.3528 6.71302 46.7095
    endloop
  endfacet
  facet normal 0.0285408 -0.998626 -0.0439525
    outer loop
      vertex 9.64722 6.71302 47.9315
      vertex 7.82957 6.71302 46.7512
      vertex 8.2443 6.75 46.1803
    endloop
  endfacet
  facet normal 0.0285474 -0.998625 -0.0439578
    outer loop
      vertex 9.64722 6.71302 47.9315
      vertex 8.2443 6.75 46.1803
      vertex 10 6.75 47.3205
    endloop
  endfacet
  facet normal 0.0853175 -0.987655 -0.131374
    outer loop
      vertex 9.2983 6.6025 48.5359
      vertex 7.4194 6.6025 47.3157
      vertex 7.82957 6.71302 46.7512
    endloop
  endfacet
  facet normal 0.0852988 -0.987658 -0.131359
    outer loop
      vertex 9.2983 6.6025 48.5359
      vertex 7.82957 6.71302 46.7512
      vertex 9.64722 6.71302 47.9315
    endloop
  endfacet
  facet normal 0.141153 -0.965833 -0.217352
    outer loop
      vertex 8.95707 6.41963 49.1269
      vertex 7.01826 6.41963 47.8678
      vertex 7.4194 6.6025 47.3157
    endloop
  endfacet
  facet normal 0.141154 -0.965833 -0.217353
    outer loop
      vertex 8.95707 6.41963 49.1269
      vertex 7.4194 6.6025 47.3157
      vertex 9.2983 6.6025 48.5359
    endloop
  endfacet
  facet normal 0.195402 -0.933426 -0.300888
    outer loop
      vertex 8.62726 6.16643 49.6982
      vertex 6.63055 6.16643 48.4015
      vertex 7.01826 6.41963 47.8678
    endloop
  endfacet
  facet normal 0.195403 -0.933426 -0.300889
    outer loop
      vertex 8.62726 6.16643 49.6982
      vertex 7.01826 6.41963 47.8678
      vertex 8.95707 6.41963 49.1269
    endloop
  endfacet
  facet normal 0.24752 -0.890755 -0.381168
    outer loop
      vertex 8.3125 5.84567 50.2433
      vertex 6.26052 5.84567 48.9108
      vertex 6.63055 6.16643 48.4015
    endloop
  endfacet
  facet normal 0.247556 -0.890733 -0.381197
    outer loop
      vertex 8.3125 5.84567 50.2433
      vertex 6.63055 6.16643 48.4015
      vertex 8.62726 6.16643 49.6982
    endloop
  endfacet
  facet normal 0.296908 -0.838332 -0.457214
    outer loop
      vertex 8.01622 5.46086 50.7565
      vertex 5.91223 5.46086 49.3902
      vertex 6.26052 5.84567 48.9108
    endloop
  endfacet
  facet normal 0.296896 -0.838341 -0.457205
    outer loop
      vertex 8.01622 5.46086 50.7565
      vertex 6.26052 5.84567 48.9108
      vertex 8.3125 5.84567 50.2433
    endloop
  endfacet
  facet normal 0.34303 -0.77672 -0.528239
    outer loop
      vertex 7.74168 5.01623 51.232
      vertex 5.58949 5.01623 49.8344
      vertex 5.91223 5.46086 49.3902
    endloop
  endfacet
  facet normal 0.34303 -0.77672 -0.528239
    outer loop
      vertex 7.74168 5.01623 51.232
      vertex 5.91223 5.46086 49.3902
      vertex 8.01622 5.46086 50.7565
    endloop
  endfacet
  facet normal 0.385369 -0.706631 -0.593433
    outer loop
      vertex 7.49189 4.51663 51.6647
      vertex 5.29583 4.51663 50.2386
      vertex 5.58949 5.01623 49.8344
    endloop
  endfacet
  facet normal 0.385364 -0.706638 -0.593428
    outer loop
      vertex 7.49189 4.51663 51.6647
      vertex 5.58949 5.01623 49.8344
      vertex 7.74168 5.01623 51.232
    endloop
  endfacet
  facet normal 0.423503 -0.628786 -0.65213
    outer loop
      vertex 7.26957 3.96755 52.0498
      vertex 5.03448 3.96755 50.5983
      vertex 5.29583 4.51663 50.2386
    endloop
  endfacet
  facet normal 0.423475 -0.628824 -0.652111
    outer loop
      vertex 7.26957 3.96755 52.0498
      vertex 5.29583 4.51663 50.2386
      vertex 7.49189 4.51663 51.6647
    endloop
  endfacet
  facet normal 0.45696 -0.544099 -0.703664
    outer loop
      vertex 7.07716 3.375 52.383
      vertex 4.8083 3.375 50.9096
      vertex 5.03448 3.96755 50.5983
    endloop
  endfacet
  facet normal 0.456976 -0.544074 -0.703674
    outer loop
      vertex 7.07716 3.375 52.383
      vertex 5.03448 3.96755 50.5983
      vertex 7.26957 3.96755 52.0498
    endloop
  endfacet
  facet normal 0.485414 -0.453496 -0.747473
    outer loop
      vertex 6.91678 2.74547 52.6608
      vertex 4.61976 2.74547 51.1691
      vertex 4.8083 3.375 50.9096
    endloop
  endfacet
  facet normal 0.485407 -0.453508 -0.747469
    outer loop
      vertex 6.91678 2.74547 52.6608
      vertex 4.8083 3.375 50.9096
      vertex 7.07716 3.375 52.383
    endloop
  endfacet
  facet normal 0.508577 -0.357897 -0.783109
    outer loop
      vertex 6.79018 2.08586 52.8801
      vertex 4.47093 2.08586 51.3739
      vertex 4.61976 2.74547 51.1691
    endloop
  endfacet
  facet normal 0.508549 -0.357962 -0.783097
    outer loop
      vertex 6.79018 2.08586 52.8801
      vertex 4.61976 2.74547 51.1691
      vertex 6.91678 2.74547 52.6608
    endloop
  endfacet
  facet normal 0.526105 -0.25855 -0.810164
    outer loop
      vertex 6.69875 1.4034 53.0384
      vertex 4.36345 1.4034 51.5219
      vertex 4.47093 2.08586 51.3739
    endloop
  endfacet
  facet normal 0.526155 -0.258414 -0.810175
    outer loop
      vertex 6.69875 1.4034 53.0384
      vertex 4.47093 2.08586 51.3739
      vertex 6.79018 2.08586 52.8801
    endloop
  endfacet
  facet normal 0.537961 -0.156209 -0.82837
    outer loop
      vertex 6.64349 0.705566 53.1342
      vertex 4.29848 0.705566 51.6113
      vertex 4.36345 1.4034 51.5219
    endloop
  endfacet
  facet normal 0.537928 -0.156318 -0.828371
    outer loop
      vertex 6.64349 0.705566 53.1342
      vertex 4.36345 1.4034 51.5219
      vertex 6.69875 1.4034 53.0384
    endloop
  endfacet
  facet normal 0.543901 -0.0522507 -0.837521
    outer loop
      vertex 6.625 0 53.1662
      vertex 4.27674 0 51.6412
      vertex 4.29848 0.705566 51.6113
    endloop
  endfacet
  facet normal 0.543904 -0.0522381 -0.83752
    outer loop
      vertex 6.625 0 53.1662
      vertex 4.29848 0.705566 51.6113
      vertex 6.64349 0.705566 53.1342
    endloop
  endfacet
  facet normal 0.453369 0.0522362 -0.889791
    outer loop
      vertex 6.64349 -0.705566 53.1342
      vertex 6.625 0 53.1662
      vertex 9.13484 -0.705566 54.4036
    endloop
  endfacet
  facet normal 0.453356 0.0521699 -0.889802
    outer loop
      vertex 9.13484 -0.705566 54.4036
      vertex 6.625 0 53.1662
      vertex 9.11979 0 54.4373
    endloop
  endfacet
  facet normal 0.448422 0.156324 -0.880046
    outer loop
      vertex 6.69875 -1.4034 53.0384
      vertex 6.64349 -0.705566 53.1342
      vertex 9.17979 -1.4034 54.3026
    endloop
  endfacet
  facet normal 0.448412 0.156258 -0.880062
    outer loop
      vertex 9.17979 -1.4034 54.3026
      vertex 6.64349 -0.705566 53.1342
      vertex 9.13484 -0.705566 54.4036
    endloop
  endfacet
  facet normal 0.438553 0.258409 -0.860753
    outer loop
      vertex 6.79018 -2.08586 52.8801
      vertex 6.69875 -1.4034 53.0384
      vertex 9.25417 -2.08586 54.1355
    endloop
  endfacet
  facet normal 0.438568 0.258542 -0.860706
    outer loop
      vertex 9.25417 -2.08586 54.1355
      vertex 6.69875 -1.4034 53.0384
      vertex 9.17979 -1.4034 54.3026
    endloop
  endfacet
  facet normal 0.423899 0.357964 -0.831969
    outer loop
      vertex 6.91678 -2.74547 52.6608
      vertex 6.79018 -2.08586 52.8801
      vertex 9.35715 -2.74547 53.9042
    endloop
  endfacet
  facet normal 0.423896 0.357926 -0.831986
    outer loop
      vertex 9.35715 -2.74547 53.9042
      vertex 6.79018 -2.08586 52.8801
      vertex 9.25417 -2.08586 54.1355
    endloop
  endfacet
  facet normal 0.404622 0.453508 -0.79411
    outer loop
      vertex 7.07716 -3.375 52.383
      vertex 6.91678 -2.74547 52.6608
      vertex 9.48762 -3.375 53.6112
    endloop
  endfacet
  facet normal 0.404621 0.453469 -0.794133
    outer loop
      vertex 9.48762 -3.375 53.6112
      vertex 6.91678 -2.74547 52.6608
      vertex 9.35715 -2.74547 53.9042
    endloop
  endfacet
  facet normal 0.380916 0.54407 -0.74759
    outer loop
      vertex 7.26957 -3.96755 52.0498
      vertex 7.07716 -3.375 52.383
      vertex 9.64413 -3.96755 53.2597
    endloop
  endfacet
  facet normal 0.380916 0.544078 -0.747584
    outer loop
      vertex 9.64413 -3.96755 53.2597
      vertex 7.07716 -3.375 52.383
      vertex 9.48762 -3.375 53.6112
    endloop
  endfacet
  facet normal 0.353006 0.628826 -0.692795
    outer loop
      vertex 7.49189 -4.51663 51.6647
      vertex 7.26957 -3.96755 52.0498
      vertex 9.82498 -4.51663 52.8535
    endloop
  endfacet
  facet normal 0.353007 0.628803 -0.692815
    outer loop
      vertex 9.82498 -4.51663 52.8535
      vertex 7.26957 -3.96755 52.0498
      vertex 9.64413 -3.96755 53.2597
    endloop
  endfacet
  facet normal 0.321245 0.70664 -0.630446
    outer loop
      vertex 7.74168 -5.01623 51.232
      vertex 7.49189 -4.51663 51.6647
      vertex 10.0282 -5.01623 52.3971
    endloop
  endfacet
  facet normal 0.321247 0.706622 -0.630465
    outer loop
      vertex 10.0282 -5.01623 52.3971
      vertex 7.49189 -4.51663 51.6647
      vertex 9.82498 -4.51663 52.8535
    endloop
  endfacet
  facet normal 0.285938 0.776719 -0.561201
    outer loop
      vertex 8.01622 -5.46086 50.7565
      vertex 7.74168 -5.01623 51.232
      vertex 10.2515 -5.46086 51.8954
    endloop
  endfacet
  facet normal 0.285931 0.776765 -0.561142
    outer loop
      vertex 10.2515 -5.46086 51.8954
      vertex 7.74168 -5.01623 51.232
      vertex 10.0282 -5.01623 52.3971
    endloop
  endfacet
  facet normal 0.247497 0.838342 -0.485725
    outer loop
      vertex 8.3125 -5.84567 50.2433
      vertex 8.01622 -5.46086 50.7565
      vertex 10.4925 -5.84567 51.3541
    endloop
  endfacet
  facet normal 0.247503 0.838317 -0.485765
    outer loop
      vertex 10.4925 -5.84567 51.3541
      vertex 8.01622 -5.46086 50.7565
      vertex 10.2515 -5.46086 51.8954
    endloop
  endfacet
  facet normal 0.206341 0.890731 -0.404996
    outer loop
      vertex 8.62726 -6.16643 49.6982
      vertex 8.3125 -5.84567 50.2433
      vertex 10.7486 -6.16643 50.779
    endloop
  endfacet
  facet normal 0.206332 0.89076 -0.404936
    outer loop
      vertex 10.7486 -6.16643 50.779
      vertex 8.3125 -5.84567 50.2433
      vertex 10.4925 -5.84567 51.3541
    endloop
  endfacet
  facet normal 0.162873 0.933426 -0.319668
    outer loop
      vertex 8.95707 -6.41963 49.1269
      vertex 8.62726 -6.16643 49.6982
      vertex 11.0169 -6.41963 50.1764
    endloop
  endfacet
  facet normal 0.162876 0.93342 -0.319685
    outer loop
      vertex 11.0169 -6.41963 50.1764
      vertex 8.62726 -6.16643 49.6982
      vertex 10.7486 -6.16643 50.779
    endloop
  endfacet
  facet normal 0.117658 0.965833 -0.23092
    outer loop
      vertex 9.2983 -6.6025 48.5359
      vertex 8.95707 -6.41963 49.1269
      vertex 11.2945 -6.6025 49.553
    endloop
  endfacet
  facet normal 0.117659 0.965831 -0.230926
    outer loop
      vertex 11.2945 -6.6025 49.553
      vertex 8.95707 -6.41963 49.1269
      vertex 11.0169 -6.41963 50.1764
    endloop
  endfacet
  facet normal 0.0711094 0.987658 -0.139551
    outer loop
      vertex 9.64722 -6.71302 47.9315
      vertex 9.2983 -6.6025 48.5359
      vertex 11.5783 -6.71302 48.9155
    endloop
  endfacet
  facet normal 0.071112 0.987656 -0.139567
    outer loop
      vertex 11.5783 -6.71302 48.9155
      vertex 9.2983 -6.6025 48.5359
      vertex 11.2945 -6.6025 49.553
    endloop
  endfacet
  facet normal 0.0237952 0.998625 -0.0467016
    outer loop
      vertex 10 -6.75 47.3205
      vertex 9.64722 -6.71302 47.9315
      vertex 11.8653 -6.75 48.2709
    endloop
  endfacet
  facet normal 0.0237944 0.998626 -0.0466959
    outer loop
      vertex 11.8653 -6.75 48.2709
      vertex 9.64722 -6.71302 47.9315
      vertex 11.5783 -6.71302 48.9155
    endloop
  endfacet
  facet normal -0.0237945 0.998625 0.0467013
    outer loop
      vertex 10.3528 -6.71302 46.7095
      vertex 10 -6.75 47.3205
      vertex 12.1522 -6.71302 47.6263
    endloop
  endfacet
  facet normal -0.0237942 0.998626 0.0466997
    outer loop
      vertex 12.1522 -6.71302 47.6263
      vertex 10 -6.75 47.3205
      vertex 11.8653 -6.75 48.2709
    endloop
  endfacet
  facet normal -0.0711054 0.987658 0.139555
    outer loop
      vertex 10.7017 -6.6025 46.1051
      vertex 10.3528 -6.71302 46.7095
      vertex 12.4361 -6.6025 46.9888
    endloop
  endfacet
  facet normal -0.0711058 0.987657 0.139559
    outer loop
      vertex 12.4361 -6.6025 46.9888
      vertex 10.3528 -6.71302 46.7095
      vertex 12.1522 -6.71302 47.6263
    endloop
  endfacet
  facet normal -0.11766 0.965831 0.230924
    outer loop
      vertex 11.0429 -6.41963 45.5141
      vertex 10.7017 -6.6025 46.1051
      vertex 12.7137 -6.41963 46.3654
    endloop
  endfacet
  facet normal -0.11766 0.965831 0.230926
    outer loop
      vertex 12.7137 -6.41963 46.3654
      vertex 10.7017 -6.6025 46.1051
      vertex 12.4361 -6.6025 46.9888
    endloop
  endfacet
  facet normal -0.162886 0.933409 0.319712
    outer loop
      vertex 11.3727 -6.16643 44.9429
      vertex 11.0429 -6.41963 45.5141
      vertex 12.982 -6.16643 45.7628
    endloop
  endfacet
  facet normal -0.162883 0.93342 0.319682
    outer loop
      vertex 12.982 -6.16643 45.7628
      vertex 11.0429 -6.41963 45.5141
      vertex 12.7137 -6.41963 46.3654
    endloop
  endfacet
  facet normal -0.20632 0.890763 0.404937
    outer loop
      vertex 11.6875 -5.84567 44.3977
      vertex 11.3727 -6.16643 44.9429
      vertex 13.238 -5.84567 45.1877
    endloop
  endfacet
  facet normal -0.206322 0.890748 0.404969
    outer loop
      vertex 13.238 -5.84567 45.1877
      vertex 11.3727 -6.16643 44.9429
      vertex 12.982 -6.16643 45.7628
    endloop
  endfacet
  facet normal -0.247503 0.838346 0.485715
    outer loop
      vertex 11.9838 -5.46086 43.8845
      vertex 11.6875 -5.84567 44.3977
      vertex 13.479 -5.46086 44.6464
    endloop
  endfacet
  facet normal -0.247503 0.838317 0.485765
    outer loop
      vertex 13.479 -5.46086 44.6464
      vertex 11.6875 -5.84567 44.3977
      vertex 13.238 -5.84567 45.1877
    endloop
  endfacet
  facet normal -0.285964 0.77671 0.561201
    outer loop
      vertex 12.2583 -5.01623 43.409
      vertex 11.9838 -5.46086 43.8845
      vertex 13.7023 -5.01623 44.1448
    endloop
  endfacet
  facet normal -0.285964 0.776715 0.561194
    outer loop
      vertex 13.7023 -5.01623 44.1448
      vertex 11.9838 -5.46086 43.8845
      vertex 13.479 -5.46086 44.6464
    endloop
  endfacet
  facet normal -0.321244 0.706643 0.630442
    outer loop
      vertex 12.5081 -4.51663 42.9763
      vertex 12.2583 -5.01623 43.409
      vertex 13.9056 -4.51663 43.6884
    endloop
  endfacet
  facet normal -0.321244 0.706647 0.630438
    outer loop
      vertex 13.9056 -4.51663 43.6884
      vertex 12.2583 -5.01623 43.409
      vertex 13.7023 -5.01623 44.1448
    endloop
  endfacet
  facet normal -0.353023 0.628741 0.692863
    outer loop
      vertex 12.7304 -3.96755 42.5913
      vertex 12.5081 -4.51663 42.9763
      vertex 14.0864 -3.96755 43.2822
    endloop
  endfacet
  facet normal -0.353029 0.628783 0.692822
    outer loop
      vertex 14.0864 -3.96755 43.2822
      vertex 12.5081 -4.51663 42.9763
      vertex 13.9056 -4.51663 43.6884
    endloop
  endfacet
  facet normal -0.38088 0.544154 0.747547
    outer loop
      vertex 12.9228 -3.375 42.258
      vertex 12.7304 -3.96755 42.5913
      vertex 14.2429 -3.375 42.9306
    endloop
  endfacet
  facet normal -0.380882 0.544162 0.74754
    outer loop
      vertex 14.2429 -3.375 42.9306
      vertex 12.7304 -3.96755 42.5913
      vertex 14.0864 -3.96755 43.2822
    endloop
  endfacet
  facet normal -0.404623 0.453519 0.794104
    outer loop
      vertex 13.0832 -2.74547 41.9802
      vertex 12.9228 -3.375 42.258
      vertex 14.3734 -2.74547 42.6376
    endloop
  endfacet
  facet normal -0.404614 0.453484 0.794128
    outer loop
      vertex 14.3734 -2.74547 42.6376
      vertex 12.9228 -3.375 42.258
      vertex 14.2429 -3.375 42.9306
    endloop
  endfacet
  facet normal -0.423925 0.357964 0.831955
    outer loop
      vertex 13.2098 -2.08586 41.7609
      vertex 13.0832 -2.74547 41.9802
      vertex 14.4764 -2.08586 42.4063
    endloop
  endfacet
  facet normal -0.423917 0.357936 0.831971
    outer loop
      vertex 14.4764 -2.08586 42.4063
      vertex 13.0832 -2.74547 41.9802
      vertex 14.3734 -2.74547 42.6376
    endloop
  endfacet
  facet normal -0.438545 0.258391 0.860763
    outer loop
      vertex 13.3012 -1.4034 41.6026
      vertex 13.2098 -2.08586 41.7609
      vertex 14.5507 -1.4034 42.2392
    endloop
  endfacet
  facet normal -0.43858 0.258494 0.860714
    outer loop
      vertex 14.5507 -1.4034 42.2392
      vertex 13.2098 -2.08586 41.7609
      vertex 14.4764 -2.08586 42.4063
    endloop
  endfacet
  facet normal -0.448414 0.156226 0.880067
    outer loop
      vertex 13.3565 -0.705566 41.5069
      vertex 13.3012 -1.4034 41.6026
      vertex 14.5957 -0.705566 42.1383
    endloop
  endfacet
  facet normal -0.448391 0.156167 0.880089
    outer loop
      vertex 14.5957 -0.705566 42.1383
      vertex 13.3012 -1.4034 41.6026
      vertex 14.5507 -1.4034 42.2392
    endloop
  endfacet
  facet normal -0.453413 0.0523685 0.889761
    outer loop
      vertex 13.375 0 41.4748
      vertex 13.3565 -0.705566 41.5069
      vertex 14.6107 0 42.1045
    endloop
  endfacet
  facet normal -0.453368 0.0522636 0.88979
    outer loop
      vertex 14.6107 0 42.1045
      vertex 13.3565 -0.705566 41.5069
      vertex 14.5957 -0.705566 42.1383
    endloop
  endfacet
  facet normal -0.453365 -0.0523684 0.889785
    outer loop
      vertex 14.5957 0.705566 42.1383
      vertex 13.3565 0.705566 41.5069
      vertex 13.375 0 41.4748
    endloop
  endfacet
  facet normal -0.453415 -0.0522634 0.889766
    outer loop
      vertex 14.5957 0.705566 42.1383
      vertex 13.375 0 41.4748
      vertex 14.6107 0 42.1045
    endloop
  endfacet
  facet normal -0.448387 -0.156226 0.880081
    outer loop
      vertex 14.5507 1.4034 42.2392
      vertex 13.3012 1.4034 41.6026
      vertex 13.3565 0.705566 41.5069
    endloop
  endfacet
  facet normal -0.448418 -0.156167 0.880076
    outer loop
      vertex 14.5507 1.4034 42.2392
      vertex 13.3565 0.705566 41.5069
      vertex 14.5957 0.705566 42.1383
    endloop
  endfacet
  facet normal -0.438592 -0.258392 0.860738
    outer loop
      vertex 14.4764 2.08586 42.4063
      vertex 13.2098 2.08586 41.7609
      vertex 13.3012 1.4034 41.6026
    endloop
  endfacet
  facet normal -0.438532 -0.258495 0.860738
    outer loop
      vertex 14.4764 2.08586 42.4063
      vertex 13.3012 1.4034 41.6026
      vertex 14.5507 1.4034 42.2392
    endloop
  endfacet
  facet normal -0.423912 -0.357964 0.831962
    outer loop
      vertex 14.3734 2.74547 42.6376
      vertex 13.0832 2.74547 41.9802
      vertex 13.2098 2.08586 41.7609
    endloop
  endfacet
  facet normal -0.42393 -0.357936 0.831965
    outer loop
      vertex 14.3734 2.74547 42.6376
      vertex 13.2098 2.08586 41.7609
      vertex 14.4764 2.08586 42.4063
    endloop
  endfacet
  facet normal -0.404606 -0.453518 0.794113
    outer loop
      vertex 14.2429 3.375 42.9306
      vertex 12.9228 3.375 42.258
      vertex 13.0832 2.74547 41.9802
    endloop
  endfacet
  facet normal -0.404631 -0.453484 0.79412
    outer loop
      vertex 14.2429 3.375 42.9306
      vertex 13.0832 2.74547 41.9802
      vertex 14.3734 2.74547 42.6376
    endloop
  endfacet
  facet normal -0.380884 -0.544155 0.747545
    outer loop
      vertex 14.0864 3.96755 43.2822
      vertex 12.7304 3.96755 42.5913
      vertex 12.9228 3.375 42.258
    endloop
  endfacet
  facet normal -0.380878 -0.544162 0.747542
    outer loop
      vertex 14.0864 3.96755 43.2822
      vertex 12.9228 3.375 42.258
      vertex 14.2429 3.375 42.9306
    endloop
  endfacet
  facet normal -0.353044 -0.628742 0.692852
    outer loop
      vertex 13.9056 4.51663 43.6884
      vertex 12.5081 4.51663 42.9763
      vertex 12.7304 3.96755 42.5913
    endloop
  endfacet
  facet normal -0.353007 -0.628783 0.692833
    outer loop
      vertex 13.9056 4.51663 43.6884
      vertex 12.7304 3.96755 42.5913
      vertex 14.0864 3.96755 43.2822
    endloop
  endfacet
  facet normal -0.321246 -0.706644 0.630441
    outer loop
      vertex 13.7023 5.01623 44.1448
      vertex 12.2583 5.01623 43.409
      vertex 12.5081 4.51663 42.9763
    endloop
  endfacet
  facet normal -0.321242 -0.706647 0.630439
    outer loop
      vertex 13.7023 5.01623 44.1448
      vertex 12.5081 4.51663 42.9763
      vertex 13.9056 4.51663 43.6884
    endloop
  endfacet
  facet normal -0.285967 -0.77671 0.5612
    outer loop
      vertex 13.479 5.46086 44.6464
      vertex 11.9838 5.46086 43.8845
      vertex 12.2583 5.01623 43.409
    endloop
  endfacet
  facet normal -0.285961 -0.776715 0.561195
    outer loop
      vertex 13.479 5.46086 44.6464
      vertex 12.2583 5.01623 43.409
      vertex 13.7023 5.01623 44.1448
    endloop
  endfacet
  facet normal -0.247483 -0.838345 0.485725
    outer loop
      vertex 13.238 5.84567 45.1877
      vertex 11.6875 5.84567 44.3977
      vertex 11.9838 5.46086 43.8845
    endloop
  endfacet
  facet normal -0.247523 -0.838316 0.485755
    outer loop
      vertex 13.238 5.84567 45.1877
      vertex 11.9838 5.46086 43.8845
      vertex 13.479 5.46086 44.6464
    endloop
  endfacet
  facet normal -0.206309 -0.890762 0.404943
    outer loop
      vertex 12.982 6.16643 45.7628
      vertex 11.3727 6.16643 44.9429
      vertex 11.6875 5.84567 44.3977
    endloop
  endfacet
  facet normal -0.206334 -0.890747 0.404964
    outer loop
      vertex 12.982 6.16643 45.7628
      vertex 11.6875 5.84567 44.3977
      vertex 13.238 5.84567 45.1877
    endloop
  endfacet
  facet normal -0.162896 -0.933409 0.319706
    outer loop
      vertex 12.7137 6.41963 46.3654
      vertex 11.0429 6.41963 45.5141
      vertex 11.3727 6.16643 44.9429
    endloop
  endfacet
  facet normal -0.162873 -0.93342 0.319687
    outer loop
      vertex 12.7137 6.41963 46.3654
      vertex 11.3727 6.16643 44.9429
      vertex 12.982 6.16643 45.7628
    endloop
  endfacet
  facet normal -0.117659 -0.965831 0.230924
    outer loop
      vertex 12.4361 6.6025 46.9888
      vertex 10.7017 6.6025 46.1051
      vertex 11.0429 6.41963 45.5141
    endloop
  endfacet
  facet normal -0.11766 -0.965831 0.230926
    outer loop
      vertex 12.4361 6.6025 46.9888
      vertex 11.0429 6.41963 45.5141
      vertex 12.7137 6.41963 46.3654
    endloop
  endfacet
  facet normal -0.0711043 -0.987658 0.139556
    outer loop
      vertex 12.1522 6.71302 47.6263
      vertex 10.3528 6.71302 46.7095
      vertex 10.7017 6.6025 46.1051
    endloop
  endfacet
  facet normal -0.071107 -0.987657 0.139559
    outer loop
      vertex 12.1522 6.71302 47.6263
      vertex 10.7017 6.6025 46.1051
      vertex 12.4361 6.6025 46.9888
    endloop
  endfacet
  facet normal -0.0237949 -0.998625 0.046701
    outer loop
      vertex 11.8653 6.75 48.2709
      vertex 10 6.75 47.3205
      vertex 10.3528 6.71302 46.7095
    endloop
  endfacet
  facet normal -0.0237937 -0.998626 0.0466999
    outer loop
      vertex 11.8653 6.75 48.2709
      vertex 10.3528 6.71302 46.7095
      vertex 12.1522 6.71302 47.6263
    endloop
  endfacet
  facet normal 0.0237968 -0.998625 -0.0467007
    outer loop
      vertex 11.5783 6.71302 48.9155
      vertex 9.64722 6.71302 47.9315
      vertex 10 6.75 47.3205
    endloop
  endfacet
  facet normal 0.0237927 -0.998626 -0.0466967
    outer loop
      vertex 11.5783 6.71302 48.9155
      vertex 10 6.75 47.3205
      vertex 11.8653 6.75 48.2709
    endloop
  endfacet
  facet normal 0.071105 -0.987658 -0.139553
    outer loop
      vertex 11.2945 6.6025 49.553
      vertex 9.2983 6.6025 48.5359
      vertex 9.64722 6.71302 47.9315
    endloop
  endfacet
  facet normal 0.0711167 -0.987656 -0.139565
    outer loop
      vertex 11.2945 6.6025 49.553
      vertex 9.64722 6.71302 47.9315
      vertex 11.5783 6.71302 48.9155
    endloop
  endfacet
  facet normal 0.117656 -0.965833 -0.230921
    outer loop
      vertex 11.0169 6.41963 50.1764
      vertex 8.95707 6.41963 49.1269
      vertex 9.2983 6.6025 48.5359
    endloop
  endfacet
  facet normal 0.117661 -0.965831 -0.230925
    outer loop
      vertex 11.0169 6.41963 50.1764
      vertex 9.2983 6.6025 48.5359
      vertex 11.2945 6.6025 49.553
    endloop
  endfacet
  facet normal 0.162869 -0.933426 -0.319671
    outer loop
      vertex 10.7486 6.16643 50.779
      vertex 8.62726 6.16643 49.6982
      vertex 8.95707 6.41963 49.1269
    endloop
  endfacet
  facet normal 0.162881 -0.93342 -0.319683
    outer loop
      vertex 10.7486 6.16643 50.779
      vertex 8.95707 6.41963 49.1269
      vertex 11.0169 6.41963 50.1764
    endloop
  endfacet
  facet normal 0.206357 -0.890732 -0.404986
    outer loop
      vertex 10.4925 5.84567 51.3541
      vertex 8.3125 5.84567 50.2433
      vertex 8.62726 6.16643 49.6982
    endloop
  endfacet
  facet normal 0.206315 -0.890761 -0.404944
    outer loop
      vertex 10.4925 5.84567 51.3541
      vertex 8.62726 6.16643 49.6982
      vertex 10.7486 6.16643 50.779
    endloop
  endfacet
  facet normal 0.247485 -0.838341 -0.485731
    outer loop
      vertex 10.2515 5.46086 51.8954
      vertex 8.01622 5.46086 50.7565
      vertex 8.3125 5.84567 50.2433
    endloop
  endfacet
  facet normal 0.247514 -0.838316 -0.485759
    outer loop
      vertex 10.2515 5.46086 51.8954
      vertex 8.3125 5.84567 50.2433
      vertex 10.4925 5.84567 51.3541
    endloop
  endfacet
  facet normal 0.285956 -0.77672 -0.561191
    outer loop
      vertex 10.0282 5.01623 52.3971
      vertex 7.74168 5.01623 51.232
      vertex 8.01622 5.46086 50.7565
    endloop
  endfacet
  facet normal 0.285912 -0.776766 -0.56115
    outer loop
      vertex 10.0282 5.01623 52.3971
      vertex 8.01622 5.46086 50.7565
      vertex 10.2515 5.46086 51.8954
    endloop
  endfacet
  facet normal 0.321238 -0.70664 -0.630449
    outer loop
      vertex 9.82498 4.51663 52.8535
      vertex 7.49189 4.51663 51.6647
      vertex 7.74168 5.01623 51.232
    endloop
  endfacet
  facet normal 0.321253 -0.706621 -0.630462
    outer loop
      vertex 9.82498 4.51663 52.8535
      vertex 7.74168 5.01623 51.232
      vertex 10.0282 5.01623 52.3971
    endloop
  endfacet
  facet normal 0.352999 -0.628826 -0.692799
    outer loop
      vertex 9.64413 3.96755 53.2597
      vertex 7.26957 3.96755 52.0498
      vertex 7.49189 4.51663 51.6647
    endloop
  endfacet
  facet normal 0.353015 -0.628802 -0.692812
    outer loop
      vertex 9.64413 3.96755 53.2597
      vertex 7.49189 4.51663 51.6647
      vertex 9.82498 4.51663 52.8535
    endloop
  endfacet
  facet normal 0.380918 -0.54407 -0.747589
    outer loop
      vertex 9.48762 3.375 53.6112
      vertex 7.07716 3.375 52.383
      vertex 7.26957 3.96755 52.0498
    endloop
  endfacet
  facet normal 0.380914 -0.544078 -0.747585
    outer loop
      vertex 9.48762 3.375 53.6112
      vertex 7.26957 3.96755 52.0498
      vertex 9.64413 3.96755 53.2597
    endloop
  endfacet
  facet normal 0.404612 -0.453508 -0.794116
    outer loop
      vertex 9.35715 2.74547 53.9042
      vertex 6.91678 2.74547 52.6608
      vertex 7.07716 3.375 52.383
    endloop
  endfacet
  facet normal 0.404632 -0.453468 -0.794128
    outer loop
      vertex 9.35715 2.74547 53.9042
      vertex 7.07716 3.375 52.383
      vertex 9.48762 3.375 53.6112
    endloop
  endfacet
  facet normal 0.42389 -0.357963 -0.831974
    outer loop
      vertex 9.25417 2.08586 54.1355
      vertex 6.79018 2.08586 52.8801
      vertex 6.91678 2.74547 52.6608
    endloop
  endfacet
  facet normal 0.423905 -0.357925 -0.831982
    outer loop
      vertex 9.25417 2.08586 54.1355
      vertex 6.91678 2.74547 52.6608
      vertex 9.35715 2.74547 53.9042
    endloop
  endfacet
  facet normal 0.438584 -0.25841 -0.860737
    outer loop
      vertex 9.17979 1.4034 54.3026
      vertex 6.69875 1.4034 53.0384
      vertex 6.79018 2.08586 52.8801
    endloop
  endfacet
  facet normal 0.438537 -0.258542 -0.860721
    outer loop
      vertex 9.17979 1.4034 54.3026
      vertex 6.79018 2.08586 52.8801
      vertex 9.25417 2.08586 54.1355
    endloop
  endfacet
  facet normal 0.448407 -0.156324 -0.880053
    outer loop
      vertex 9.13484 0.705566 54.4036
      vertex 6.64349 0.705566 53.1342
      vertex 6.69875 1.4034 53.0384
    endloop
  endfacet
  facet normal 0.448427 -0.156258 -0.880055
    outer loop
      vertex 9.13484 0.705566 54.4036
      vertex 6.69875 1.4034 53.0384
      vertex 9.17979 1.4034 54.3026
    endloop
  endfacet
  facet normal 0.453354 -0.0522362 -0.889799
    outer loop
      vertex 9.11979 0 54.4373
      vertex 6.625 0 53.1662
      vertex 6.64349 0.705566 53.1342
    endloop
  endfacet
  facet normal 0.453371 -0.0521699 -0.889794
    outer loop
      vertex 9.11979 0 54.4373
      vertex 6.64349 0.705566 53.1342
      vertex 9.13484 0.705566 54.4036
    endloop
  endfacet
  facet normal 0.357873 0.0521637 -0.932312
    outer loop
      vertex 9.13484 -0.705566 54.4036
      vertex 9.11979 0 54.4373
      vertex 11.7452 -0.705566 55.4056
    endloop
  endfacet
  facet normal 0.357901 0.0522939 -0.932294
    outer loop
      vertex 11.7452 -0.705566 55.4056
      vertex 9.11979 0 54.4373
      vertex 11.7338 0 55.4408
    endloop
  endfacet
  facet normal 0.353967 0.156261 -0.922112
    outer loop
      vertex 9.17979 -1.4034 54.3026
      vertex 9.13484 -0.705566 54.4036
      vertex 11.7794 -1.4034 55.3005
    endloop
  endfacet
  facet normal 0.35396 0.156227 -0.92212
    outer loop
      vertex 11.7794 -1.4034 55.3005
      vertex 9.13484 -0.705566 54.4036
      vertex 11.7452 -0.705566 55.4056
    endloop
  endfacet
  facet normal 0.346203 0.258545 -0.90183
    outer loop
      vertex 9.25417 -2.08586 54.1355
      vertex 9.17979 -1.4034 54.3026
      vertex 11.8359 -2.08586 55.1266
    endloop
  endfacet
  facet normal 0.346192 0.258466 -0.901857
    outer loop
      vertex 11.8359 -2.08586 55.1266
      vertex 9.17979 -1.4034 54.3026
      vertex 11.7794 -1.4034 55.3005
    endloop
  endfacet
  facet normal 0.33465 0.357926 -0.871722
    outer loop
      vertex 9.35715 -2.74547 53.9042
      vertex 9.25417 -2.08586 54.1355
      vertex 11.9141 -2.74547 54.8858
    endloop
  endfacet
  facet normal 0.334648 0.357911 -0.871729
    outer loop
      vertex 11.9141 -2.74547 54.8858
      vertex 9.25417 -2.08586 54.1355
      vertex 11.8359 -2.08586 55.1266
    endloop
  endfacet
  facet normal 0.31941 0.453467 -0.832073
    outer loop
      vertex 9.48762 -3.375 53.6112
      vertex 9.35715 -2.74547 53.9042
      vertex 12.0132 -3.375 54.5807
    endloop
  endfacet
  facet normal 0.319415 0.453527 -0.832038
    outer loop
      vertex 12.0132 -3.375 54.5807
      vertex 9.35715 -2.74547 53.9042
      vertex 11.9141 -2.74547 54.8858
    endloop
  endfacet
  facet normal 0.300662 0.544076 -0.783316
    outer loop
      vertex 9.64413 -3.96755 53.2597
      vertex 9.48762 -3.375 53.6112
      vertex 12.1322 -3.96755 54.2147
    endloop
  endfacet
  facet normal 0.300667 0.54417 -0.783248
    outer loop
      vertex 12.1322 -3.96755 54.2147
      vertex 9.48762 -3.375 53.6112
      vertex 12.0132 -3.375 54.5807
    endloop
  endfacet
  facet normal 0.278628 0.628802 -0.72593
    outer loop
      vertex 9.82498 -4.51663 52.8535
      vertex 9.64413 -3.96755 53.2597
      vertex 12.2696 -4.51663 53.7918
    endloop
  endfacet
  facet normal 0.278629 0.62882 -0.725914
    outer loop
      vertex 12.2696 -4.51663 53.7918
      vertex 9.64413 -3.96755 53.2597
      vertex 12.1322 -3.96755 54.2147
    endloop
  endfacet
  facet normal 0.253573 0.70662 -0.660597
    outer loop
      vertex 10.0282 -5.01623 52.3971
      vertex 9.82498 -4.51663 52.8535
      vertex 12.4239 -5.01623 53.3167
    endloop
  endfacet
  facet normal 0.253573 0.706569 -0.660652
    outer loop
      vertex 12.4239 -5.01623 53.3167
      vertex 9.82498 -4.51663 52.8535
      vertex 12.2696 -4.51663 53.7918
    endloop
  endfacet
  facet normal 0.225706 0.776769 -0.587951
    outer loop
      vertex 10.2515 -5.46086 51.8954
      vertex 10.0282 -5.01623 52.3971
      vertex 12.5936 -5.46086 52.7945
    endloop
  endfacet
  facet normal 0.225707 0.77673 -0.588002
    outer loop
      vertex 12.5936 -5.46086 52.7945
      vertex 10.0282 -5.01623 52.3971
      vertex 12.4239 -5.01623 53.3167
    endloop
  endfacet
  facet normal 0.195372 0.838317 -0.508975
    outer loop
      vertex 10.4925 -5.84567 51.3541
      vertex 10.2515 -5.46086 51.8954
      vertex 12.7767 -5.84567 52.2309
    endloop
  endfacet
  facet normal 0.19537 0.838346 -0.508927
    outer loop
      vertex 12.7767 -5.84567 52.2309
      vertex 10.2515 -5.46086 51.8954
      vertex 12.5936 -5.46086 52.7945
    endloop
  endfacet
  facet normal 0.162867 0.890759 -0.424291
    outer loop
      vertex 10.7486 -6.16643 50.779
      vertex 10.4925 -5.84567 51.3541
      vertex 12.9713 -6.16643 51.6322
    endloop
  endfacet
  facet normal 0.162867 0.890757 -0.424295
    outer loop
      vertex 12.9713 -6.16643 51.6322
      vertex 10.4925 -5.84567 51.3541
      vertex 12.7767 -5.84567 52.2309
    endloop
  endfacet
  facet normal 0.128584 0.93342 -0.334953
    outer loop
      vertex 11.0169 -6.41963 50.1764
      vertex 10.7486 -6.16643 50.779
      vertex 13.1751 -6.41963 51.0049
    endloop
  endfacet
  facet normal 0.128585 0.93341 -0.334981
    outer loop
      vertex 13.1751 -6.41963 51.0049
      vertex 10.7486 -6.16643 50.779
      vertex 12.9713 -6.16643 51.6322
    endloop
  endfacet
  facet normal 0.0928747 0.96583 -0.241962
    outer loop
      vertex 11.2945 -6.6025 49.553
      vertex 11.0169 -6.41963 50.1764
      vertex 13.386 -6.6025 50.3558
    endloop
  endfacet
  facet normal 0.0928728 0.965839 -0.241929
    outer loop
      vertex 13.386 -6.6025 50.3558
      vertex 11.0169 -6.41963 50.1764
      vertex 13.1751 -6.41963 51.0049
    endloop
  endfacet
  facet normal 0.0561361 0.987656 -0.146234
    outer loop
      vertex 11.5783 -6.71302 48.9155
      vertex 11.2945 -6.6025 49.553
      vertex 13.6016 -6.71302 49.6922
    endloop
  endfacet
  facet normal 0.056137 0.987653 -0.146251
    outer loop
      vertex 13.6016 -6.71302 49.6922
      vertex 11.2945 -6.6025 49.553
      vertex 13.386 -6.6025 50.3558
    endloop
  endfacet
  facet normal 0.0187811 0.998626 -0.048928
    outer loop
      vertex 11.8653 -6.75 48.2709
      vertex 11.5783 -6.71302 48.9155
      vertex 13.8197 -6.75 49.0211
    endloop
  endfacet
  facet normal 0.0187809 0.998626 -0.0489242
    outer loop
      vertex 13.8197 -6.75 49.0211
      vertex 11.5783 -6.71302 48.9155
      vertex 13.6016 -6.71302 49.6922
    endloop
  endfacet
  facet normal -0.0187831 0.998626 0.04893
    outer loop
      vertex 12.1522 -6.71302 47.6263
      vertex 11.8653 -6.75 48.2709
      vertex 14.0377 -6.71302 48.3501
    endloop
  endfacet
  facet normal -0.0187832 0.998625 0.0489336
    outer loop
      vertex 14.0377 -6.71302 48.3501
      vertex 11.8653 -6.75 48.2709
      vertex 13.8197 -6.75 49.0211
    endloop
  endfacet
  facet normal -0.0561344 0.987657 0.146226
    outer loop
      vertex 12.4361 -6.6025 46.9888
      vertex 12.1522 -6.71302 47.6263
      vertex 14.2533 -6.6025 47.6864
    endloop
  endfacet
  facet normal -0.0561345 0.987657 0.146231
    outer loop
      vertex 14.2533 -6.6025 47.6864
      vertex 12.1522 -6.71302 47.6263
      vertex 14.0377 -6.71302 48.3501
    endloop
  endfacet
  facet normal -0.0928853 0.965831 0.241958
    outer loop
      vertex 12.7137 -6.41963 46.3654
      vertex 12.4361 -6.6025 46.9888
      vertex 14.4642 -6.41963 47.0374
    endloop
  endfacet
  facet normal -0.0928853 0.96583 0.24196
    outer loop
      vertex 14.4642 -6.41963 47.0374
      vertex 12.4361 -6.6025 46.9888
      vertex 14.2533 -6.6025 47.6864
    endloop
  endfacet
  facet normal -0.128572 0.93342 0.334958
    outer loop
      vertex 12.982 -6.16643 45.7628
      vertex 12.7137 -6.41963 46.3654
      vertex 14.6681 -6.16643 46.41
    endloop
  endfacet
  facet normal -0.128573 0.933433 0.334921
    outer loop
      vertex 14.6681 -6.16643 46.41
      vertex 12.7137 -6.41963 46.3654
      vertex 14.4642 -6.41963 47.0374
    endloop
  endfacet
  facet normal -0.162871 0.890748 0.424311
    outer loop
      vertex 13.238 -5.84567 45.1877
      vertex 12.982 -6.16643 45.7628
      vertex 14.8626 -5.84567 45.8113
    endloop
  endfacet
  facet normal -0.162871 0.890747 0.424315
    outer loop
      vertex 14.8626 -5.84567 45.8113
      vertex 12.982 -6.16643 45.7628
      vertex 14.6681 -6.16643 46.41
    endloop
  endfacet
  facet normal -0.195376 0.838317 0.508973
    outer loop
      vertex 13.479 -5.46086 44.6464
      vertex 13.238 -5.84567 45.1877
      vertex 15.0457 -5.46086 45.2478
    endloop
  endfacet
  facet normal -0.195375 0.838307 0.50899
    outer loop
      vertex 15.0457 -5.46086 45.2478
      vertex 13.238 -5.84567 45.1877
      vertex 14.8626 -5.84567 45.8113
    endloop
  endfacet
  facet normal -0.22571 0.776716 0.588019
    outer loop
      vertex 13.7023 -5.01623 44.1448
      vertex 13.479 -5.46086 44.6464
      vertex 15.2154 -5.01623 44.7256
    endloop
  endfacet
  facet normal -0.225712 0.77673 0.588001
    outer loop
      vertex 15.2154 -5.01623 44.7256
      vertex 13.479 -5.46086 44.6464
      vertex 15.0457 -5.46086 45.2478
    endloop
  endfacet
  facet normal -0.25355 0.70664 0.660584
    outer loop
      vertex 13.9056 -4.51663 43.6884
      vertex 13.7023 -5.01623 44.1448
      vertex 15.3698 -4.51663 44.2504
    endloop
  endfacet
  facet normal -0.253555 0.70666 0.660561
    outer loop
      vertex 15.3698 -4.51663 44.2504
      vertex 13.7023 -5.01623 44.1448
      vertex 15.2154 -5.01623 44.7256
    endloop
  endfacet
  facet normal -0.278617 0.628786 0.725948
    outer loop
      vertex 14.0864 -3.96755 43.2822
      vertex 13.9056 -4.51663 43.6884
      vertex 15.5072 -3.96755 43.8275
    endloop
  endfacet
  facet normal -0.278626 0.62882 0.725915
    outer loop
      vertex 15.5072 -3.96755 43.8275
      vertex 13.9056 -4.51663 43.6884
      vertex 15.3698 -4.51663 44.2504
    endloop
  endfacet
  facet normal -0.300682 0.544166 0.783245
    outer loop
      vertex 14.2429 -3.375 42.9306
      vertex 14.0864 -3.96755 43.2822
      vertex 15.6261 -3.375 43.4616
    endloop
  endfacet
  facet normal -0.300646 0.544043 0.783345
    outer loop
      vertex 15.6261 -3.375 43.4616
      vertex 14.0864 -3.96755 43.2822
      vertex 15.5072 -3.96755 43.8275
    endloop
  endfacet
  facet normal -0.319398 0.453478 0.832071
    outer loop
      vertex 14.3734 -2.74547 42.6376
      vertex 14.2429 -3.375 42.9306
      vertex 15.7252 -2.74547 43.1565
    endloop
  endfacet
  facet normal -0.319413 0.453527 0.832039
    outer loop
      vertex 15.7252 -2.74547 43.1565
      vertex 14.2429 -3.375 42.9306
      vertex 15.6261 -3.375 43.4616
    endloop
  endfacet
  facet normal -0.334632 0.357934 0.871725
    outer loop
      vertex 14.4764 -2.08586 42.4063
      vertex 14.3734 -2.74547 42.6376
      vertex 15.8034 -2.08586 42.9157
    endloop
  endfacet
  facet normal -0.334624 0.357911 0.871737
    outer loop
      vertex 15.8034 -2.08586 42.9157
      vertex 14.3734 -2.74547 42.6376
      vertex 15.7252 -2.74547 43.1565
    endloop
  endfacet
  facet normal -0.346214 0.258507 0.901837
    outer loop
      vertex 14.5507 -1.4034 42.2392
      vertex 14.4764 -2.08586 42.4063
      vertex 15.8599 -1.4034 42.7418
    endloop
  endfacet
  facet normal -0.346198 0.258466 0.901855
    outer loop
      vertex 15.8599 -1.4034 42.7418
      vertex 14.4764 -2.08586 42.4063
      vertex 15.8034 -2.08586 42.9157
    endloop
  endfacet
  facet normal -0.353966 0.156157 0.92213
    outer loop
      vertex 14.5957 -0.705566 42.1383
      vertex 14.5507 -1.4034 42.2392
      vertex 15.8941 -0.705566 42.6367
    endloop
  endfacet
  facet normal -0.353995 0.156226 0.922107
    outer loop
      vertex 15.8941 -0.705566 42.6367
      vertex 14.5507 -1.4034 42.2392
      vertex 15.8599 -1.4034 42.7418
    endloop
  endfacet
  facet normal -0.357861 0.0522701 0.932311
    outer loop
      vertex 14.6107 0 42.1045
      vertex 14.5957 -0.705566 42.1383
      vertex 15.9055 0 42.6015
    endloop
  endfacet
  facet normal -0.357872 0.052294 0.932305
    outer loop
      vertex 15.9055 0 42.6015
      vertex 14.5957 -0.705566 42.1383
      vertex 15.8941 -0.705566 42.6367
    endloop
  endfacet
  facet normal -0.357872 -0.0522702 0.932306
    outer loop
      vertex 15.8941 0.705566 42.6367
      vertex 14.5957 0.705566 42.1383
      vertex 14.6107 0 42.1045
    endloop
  endfacet
  facet normal -0.357861 -0.0522941 0.93231
    outer loop
      vertex 15.8941 0.705566 42.6367
      vertex 14.6107 0 42.1045
      vertex 15.9055 0 42.6015
    endloop
  endfacet
  facet normal -0.353999 -0.156157 0.922117
    outer loop
      vertex 15.8599 1.4034 42.7418
      vertex 14.5507 1.4034 42.2392
      vertex 14.5957 0.705566 42.1383
    endloop
  endfacet
  facet normal -0.353962 -0.156227 0.922119
    outer loop
      vertex 15.8599 1.4034 42.7418
      vertex 14.5957 0.705566 42.1383
      vertex 15.8941 0.705566 42.6367
    endloop
  endfacet
  facet normal -0.346194 -0.258507 0.901845
    outer loop
      vertex 15.8034 2.08586 42.9157
      vertex 14.4764 2.08586 42.4063
      vertex 14.5507 1.4034 42.2392
    endloop
  endfacet
  facet normal -0.346218 -0.258466 0.901847
    outer loop
      vertex 15.8034 2.08586 42.9157
      vertex 14.5507 1.4034 42.2392
      vertex 15.8599 1.4034 42.7418
    endloop
  endfacet
  facet normal -0.334621 -0.357934 0.871729
    outer loop
      vertex 15.7252 2.74547 43.1565
      vertex 14.3734 2.74547 42.6376
      vertex 14.4764 2.08586 42.4063
    endloop
  endfacet
  facet normal -0.334635 -0.357911 0.871733
    outer loop
      vertex 15.7252 2.74547 43.1565
      vertex 14.4764 2.08586 42.4063
      vertex 15.8034 2.08586 42.9157
    endloop
  endfacet
  facet normal -0.319422 -0.453479 0.832062
    outer loop
      vertex 15.6261 3.375 43.4616
      vertex 14.2429 3.375 42.9306
      vertex 14.3734 2.74547 42.6376
    endloop
  endfacet
  facet normal -0.319389 -0.453528 0.832048
    outer loop
      vertex 15.6261 3.375 43.4616
      vertex 14.3734 2.74547 42.6376
      vertex 15.7252 2.74547 43.1565
    endloop
  endfacet
  facet normal -0.300618 -0.544165 0.783271
    outer loop
      vertex 15.5072 3.96755 43.8275
      vertex 14.0864 3.96755 43.2822
      vertex 14.2429 3.375 42.9306
    endloop
  endfacet
  facet normal -0.300711 -0.544041 0.783321
    outer loop
      vertex 15.5072 3.96755 43.8275
      vertex 14.2429 3.375 42.9306
      vertex 15.6261 3.375 43.4616
    endloop
  endfacet
  facet normal -0.278636 -0.628787 0.72594
    outer loop
      vertex 15.3698 4.51663 44.2504
      vertex 13.9056 4.51663 43.6884
      vertex 14.0864 3.96755 43.2822
    endloop
  endfacet
  facet normal -0.278607 -0.628821 0.725922
    outer loop
      vertex 15.3698 4.51663 44.2504
      vertex 14.0864 3.96755 43.2822
      vertex 15.5072 3.96755 43.8275
    endloop
  endfacet
  facet normal -0.253562 -0.706641 0.66058
    outer loop
      vertex 15.2154 5.01623 44.7256
      vertex 13.7023 5.01623 44.1448
      vertex 13.9056 4.51663 43.6884
    endloop
  endfacet
  facet normal -0.253543 -0.706661 0.660565
    outer loop
      vertex 15.2154 5.01623 44.7256
      vertex 13.9056 4.51663 43.6884
      vertex 15.3698 4.51663 44.2504
    endloop
  endfacet
  facet normal -0.225718 -0.776717 0.588016
    outer loop
      vertex 15.0457 5.46086 45.2478
      vertex 13.479 5.46086 44.6464
      vertex 13.7023 5.01623 44.1448
    endloop
  endfacet
  facet normal -0.225704 -0.77673 0.588004
    outer loop
      vertex 15.0457 5.46086 45.2478
      vertex 13.7023 5.01623 44.1448
      vertex 15.2154 5.01623 44.7256
    endloop
  endfacet
  facet normal -0.195369 -0.838316 0.508976
    outer loop
      vertex 14.8626 5.84567 45.8113
      vertex 13.238 5.84567 45.1877
      vertex 13.479 5.46086 44.6464
    endloop
  endfacet
  facet normal -0.195382 -0.838307 0.508987
    outer loop
      vertex 14.8626 5.84567 45.8113
      vertex 13.479 5.46086 44.6464
      vertex 15.0457 5.46086 45.2478
    endloop
  endfacet
  facet normal -0.16287 -0.890748 0.424312
    outer loop
      vertex 14.6681 6.16643 46.41
      vertex 12.982 6.16643 45.7628
      vertex 13.238 5.84567 45.1877
    endloop
  endfacet
  facet normal -0.162872 -0.890747 0.424315
    outer loop
      vertex 14.6681 6.16643 46.41
      vertex 13.238 5.84567 45.1877
      vertex 14.8626 5.84567 45.8113
    endloop
  endfacet
  facet normal -0.128585 -0.93342 0.334953
    outer loop
      vertex 14.4642 6.41963 47.0374
      vertex 12.7137 6.41963 46.3654
      vertex 12.982 6.16643 45.7628
    endloop
  endfacet
  facet normal -0.128559 -0.933433 0.334925
    outer loop
      vertex 14.4642 6.41963 47.0374
      vertex 12.982 6.16643 45.7628
      vertex 14.6681 6.16643 46.41
    endloop
  endfacet
  facet normal -0.0928846 -0.965831 0.241958
    outer loop
      vertex 14.2533 6.6025 47.6864
      vertex 12.4361 6.6025 46.9888
      vertex 12.7137 6.41963 46.3654
    endloop
  endfacet
  facet normal -0.0928859 -0.96583 0.241959
    outer loop
      vertex 14.2533 6.6025 47.6864
      vertex 12.7137 6.41963 46.3654
      vertex 14.4642 6.41963 47.0374
    endloop
  endfacet
  facet normal -0.0561332 -0.987657 0.146227
    outer loop
      vertex 14.0377 6.71302 48.3501
      vertex 12.1522 6.71302 47.6263
      vertex 12.4361 6.6025 46.9888
    endloop
  endfacet
  facet normal -0.0561359 -0.987657 0.14623
    outer loop
      vertex 14.0377 6.71302 48.3501
      vertex 12.4361 6.6025 46.9888
      vertex 14.2533 6.6025 47.6864
    endloop
  endfacet
  facet normal -0.0187821 -0.998626 0.0489305
    outer loop
      vertex 13.8197 6.75 49.0211
      vertex 11.8653 6.75 48.2709
      vertex 12.1522 6.71302 47.6263
    endloop
  endfacet
  facet normal -0.0187843 -0.998625 0.0489332
    outer loop
      vertex 13.8197 6.75 49.0211
      vertex 12.1522 6.71302 47.6263
      vertex 14.0377 6.71302 48.3501
    endloop
  endfacet
  facet normal 0.0187822 -0.998626 -0.0489275
    outer loop
      vertex 13.6016 6.71302 49.6922
      vertex 11.5783 6.71302 48.9155
      vertex 11.8653 6.75 48.2709
    endloop
  endfacet
  facet normal 0.0187798 -0.998626 -0.0489246
    outer loop
      vertex 13.6016 6.71302 49.6922
      vertex 11.8653 6.75 48.2709
      vertex 13.8197 6.75 49.0211
    endloop
  endfacet
  facet normal 0.0561313 -0.987656 -0.146236
    outer loop
      vertex 13.386 6.6025 50.3558
      vertex 11.2945 6.6025 49.553
      vertex 11.5783 6.71302 48.9155
    endloop
  endfacet
  facet normal 0.056142 -0.987653 -0.14625
    outer loop
      vertex 13.386 6.6025 50.3558
      vertex 11.5783 6.71302 48.9155
      vertex 13.6016 6.71302 49.6922
    endloop
  endfacet
  facet normal 0.0928841 -0.965831 -0.241958
    outer loop
      vertex 13.1751 6.41963 51.0049
      vertex 11.0169 6.41963 50.1764
      vertex 11.2945 6.6025 49.553
    endloop
  endfacet
  facet normal 0.0928631 -0.965839 -0.241932
    outer loop
      vertex 13.1751 6.41963 51.0049
      vertex 11.2945 6.6025 49.553
      vertex 13.386 6.6025 50.3558
    endloop
  endfacet
  facet normal 0.128576 -0.93342 -0.334957
    outer loop
      vertex 12.9713 6.16643 51.6322
      vertex 10.7486 6.16643 50.779
      vertex 11.0169 6.41963 50.1764
    endloop
  endfacet
  facet normal 0.128593 -0.933409 -0.334978
    outer loop
      vertex 12.9713 6.16643 51.6322
      vertex 11.0169 6.41963 50.1764
      vertex 13.1751 6.41963 51.0049
    endloop
  endfacet
  facet normal 0.162866 -0.890759 -0.424291
    outer loop
      vertex 12.7767 5.84567 52.2309
      vertex 10.4925 5.84567 51.3541
      vertex 10.7486 6.16643 50.779
    endloop
  endfacet
  facet normal 0.162869 -0.890757 -0.424294
    outer loop
      vertex 12.7767 5.84567 52.2309
      vertex 10.7486 6.16643 50.779
      vertex 12.9713 6.16643 51.6322
    endloop
  endfacet
  facet normal 0.195386 -0.838317 -0.508969
    outer loop
      vertex 12.5936 5.46086 52.7945
      vertex 10.2515 5.46086 51.8954
      vertex 10.4925 5.84567 51.3541
    endloop
  endfacet
  facet normal 0.195356 -0.838346 -0.508932
    outer loop
      vertex 12.5936 5.46086 52.7945
      vertex 10.4925 5.84567 51.3541
      vertex 12.7767 5.84567 52.2309
    endloop
  endfacet
  facet normal 0.22569 -0.776769 -0.587957
    outer loop
      vertex 12.4239 5.01623 53.3167
      vertex 10.0282 5.01623 52.3971
      vertex 10.2515 5.46086 51.8954
    endloop
  endfacet
  facet normal 0.225724 -0.776729 -0.587997
    outer loop
      vertex 12.4239 5.01623 53.3167
      vertex 10.2515 5.46086 51.8954
      vertex 12.5936 5.46086 52.7945
    endloop
  endfacet
  facet normal 0.253555 -0.70662 -0.660604
    outer loop
      vertex 12.2696 4.51663 53.7918
      vertex 9.82498 4.51663 52.8535
      vertex 10.0282 5.01623 52.3971
    endloop
  endfacet
  facet normal 0.253592 -0.706569 -0.660645
    outer loop
      vertex 12.2696 4.51663 53.7918
      vertex 10.0282 5.01623 52.3971
      vertex 12.4239 5.01623 53.3167
    endloop
  endfacet
  facet normal 0.278634 -0.628802 -0.725928
    outer loop
      vertex 12.1322 3.96755 54.2147
      vertex 9.64413 3.96755 53.2597
      vertex 9.82498 4.51663 52.8535
    endloop
  endfacet
  facet normal 0.278623 -0.62882 -0.725916
    outer loop
      vertex 12.1322 3.96755 54.2147
      vertex 9.82498 4.51663 52.8535
      vertex 12.2696 4.51663 53.7918
    endloop
  endfacet
  facet normal 0.300689 -0.544077 -0.783305
    outer loop
      vertex 12.0132 3.375 54.5807
      vertex 9.48762 3.375 53.6112
      vertex 9.64413 3.96755 53.2597
    endloop
  endfacet
  facet normal 0.300639 -0.544171 -0.783258
    outer loop
      vertex 12.0132 3.375 54.5807
      vertex 9.64413 3.96755 53.2597
      vertex 12.1322 3.96755 54.2147
    endloop
  endfacet
  facet normal 0.319426 -0.453467 -0.832067
    outer loop
      vertex 11.9141 2.74547 54.8858
      vertex 9.35715 2.74547 53.9042
      vertex 9.48762 3.375 53.6112
    endloop
  endfacet
  facet normal 0.319399 -0.453527 -0.832044
    outer loop
      vertex 11.9141 2.74547 54.8858
      vertex 9.48762 3.375 53.6112
      vertex 12.0132 3.375 54.5807
    endloop
  endfacet
  facet normal 0.334646 -0.357926 -0.871723
    outer loop
      vertex 11.8359 2.08586 55.1266
      vertex 9.25417 2.08586 54.1355
      vertex 9.35715 2.74547 53.9042
    endloop
  endfacet
  facet normal 0.334652 -0.357911 -0.871727
    outer loop
      vertex 11.8359 2.08586 55.1266
      vertex 9.35715 2.74547 53.9042
      vertex 11.9141 2.74547 54.8858
    endloop
  endfacet
  facet normal 0.346184 -0.258544 -0.901838
    outer loop
      vertex 11.7794 1.4034 55.3005
      vertex 9.17979 1.4034 54.3026
      vertex 9.25417 2.08586 54.1355
    endloop
  endfacet
  facet normal 0.346211 -0.258466 -0.90185
    outer loop
      vertex 11.7794 1.4034 55.3005
      vertex 9.25417 2.08586 54.1355
      vertex 11.8359 2.08586 55.1266
    endloop
  endfacet
  facet normal 0.353959 -0.156261 -0.922115
    outer loop
      vertex 11.7452 0.705566 55.4056
      vertex 9.13484 0.705566 54.4036
      vertex 9.17979 1.4034 54.3026
    endloop
  endfacet
  facet normal 0.353969 -0.156227 -0.922117
    outer loop
      vertex 11.7452 0.705566 55.4056
      vertex 9.17979 1.4034 54.3026
      vertex 11.7794 1.4034 55.3005
    endloop
  endfacet
  facet normal 0.357904 -0.0521638 -0.9323
    outer loop
      vertex 11.7338 0 55.4408
      vertex 9.11979 0 54.4373
      vertex 9.13484 0.705566 54.4036
    endloop
  endfacet
  facet normal 0.35787 -0.052294 -0.932306
    outer loop
      vertex 11.7338 0 55.4408
      vertex 9.13484 0.705566 54.4036
      vertex 11.7452 0.705566 55.4056
    endloop
  endfacet
  facet normal 0.258464 0.0522992 -0.964604
    outer loop
      vertex 11.7452 -0.705566 55.4056
      vertex 11.7338 0 55.4408
      vertex 14.4461 -0.705566 56.1293
    endloop
  endfacet
  facet normal 0.258435 0.0521747 -0.964619
    outer loop
      vertex 14.4461 -0.705566 56.1293
      vertex 11.7338 0 55.4408
      vertex 14.4384 0 56.1654
    endloop
  endfacet
  facet normal 0.255649 0.15622 -0.954064
    outer loop
      vertex 11.7794 -1.4034 55.3005
      vertex 11.7452 -0.705566 55.4056
      vertex 14.469 -1.4034 56.0212
    endloop
  endfacet
  facet normal 0.255642 0.156182 -0.954073
    outer loop
      vertex 14.469 -1.4034 56.0212
      vertex 11.7452 -0.705566 55.4056
      vertex 14.4461 -0.705566 56.1293
    endloop
  endfacet
  facet normal 0.250009 0.258466 -0.933108
    outer loop
      vertex 11.8359 -2.08586 55.1266
      vertex 11.7794 -1.4034 55.3005
      vertex 14.5071 -2.08586 55.8423
    endloop
  endfacet
  facet normal 0.250026 0.258556 -0.933079
    outer loop
      vertex 14.5071 -2.08586 55.8423
      vertex 11.7794 -1.4034 55.3005
      vertex 14.469 -1.4034 56.0212
    endloop
  endfacet
  facet normal 0.241646 0.357916 -0.901944
    outer loop
      vertex 11.9141 -2.74547 54.8858
      vertex 11.8359 -2.08586 55.1266
      vertex 14.5597 -2.74547 55.5946
    endloop
  endfacet
  facet normal 0.241654 0.357965 -0.901923
    outer loop
      vertex 14.5597 -2.74547 55.5946
      vertex 11.8359 -2.08586 55.1266
      vertex 14.5071 -2.08586 55.8423
    endloop
  endfacet
  facet normal 0.230669 0.453531 -0.860873
    outer loop
      vertex 12.0132 -3.375 54.5807
      vertex 11.9141 -2.74547 54.8858
      vertex 14.6264 -3.375 55.2809
    endloop
  endfacet
  facet normal 0.230655 0.453443 -0.860922
    outer loop
      vertex 14.6264 -3.375 55.2809
      vertex 11.9141 -2.74547 54.8858
      vertex 14.5597 -2.74547 55.5946
    endloop
  endfacet
  facet normal 0.217157 0.544163 -0.810388
    outer loop
      vertex 12.1322 -3.96755 54.2147
      vertex 12.0132 -3.375 54.5807
      vertex 14.7064 -3.96755 54.9045
    endloop
  endfacet
  facet normal 0.217151 0.544115 -0.810423
    outer loop
      vertex 14.7064 -3.96755 54.9045
      vertex 12.0132 -3.375 54.5807
      vertex 14.6264 -3.375 55.2809
    endloop
  endfacet
  facet normal 0.201273 0.628821 -0.751048
    outer loop
      vertex 12.2696 -4.51663 53.7918
      vertex 12.1322 -3.96755 54.2147
      vertex 14.7988 -4.51663 54.4696
    endloop
  endfacet
  facet normal 0.201267 0.628772 -0.75109
    outer loop
      vertex 14.7988 -4.51663 54.4696
      vertex 12.1322 -3.96755 54.2147
      vertex 14.7064 -3.96755 54.9045
    endloop
  endfacet
  facet normal 0.183153 0.706573 -0.683527
    outer loop
      vertex 12.4239 -5.01623 53.3167
      vertex 12.2696 -4.51663 53.7918
      vertex 14.9027 -5.01623 53.9809
    endloop
  endfacet
  facet normal 0.18316 0.706638 -0.683458
    outer loop
      vertex 14.9027 -5.01623 53.9809
      vertex 12.2696 -4.51663 53.7918
      vertex 14.7988 -4.51663 54.4696
    endloop
  endfacet
  facet normal 0.163009 0.776728 -0.608376
    outer loop
      vertex 12.5936 -5.46086 52.7945
      vertex 12.4239 -5.01623 53.3167
      vertex 15.0169 -5.46086 53.4438
    endloop
  endfacet
  facet normal 0.16301 0.776744 -0.608356
    outer loop
      vertex 15.0169 -5.46086 53.4438
      vertex 12.4239 -5.01623 53.3167
      vertex 14.9027 -5.01623 53.9809
    endloop
  endfacet
  facet normal 0.141098 0.838347 -0.52656
    outer loop
      vertex 12.7767 -5.84567 52.2309
      vertex 12.5936 -5.46086 52.7945
      vertex 15.1401 -5.84567 52.8642
    endloop
  endfacet
  facet normal 0.141096 0.838327 -0.526593
    outer loop
      vertex 15.1401 -5.84567 52.8642
      vertex 12.5936 -5.46086 52.7945
      vertex 15.0169 -5.46086 53.4438
    endloop
  endfacet
  facet normal 0.117629 0.890755 -0.438998
    outer loop
      vertex 12.9713 -6.16643 51.6322
      vertex 12.7767 -5.84567 52.2309
      vertex 15.271 -6.16643 52.2484
    endloop
  endfacet
  facet normal 0.11763 0.890764 -0.43898
    outer loop
      vertex 15.271 -6.16643 52.2484
      vertex 12.7767 -5.84567 52.2309
      vertex 15.1401 -5.84567 52.8642
    endloop
  endfacet
  facet normal 0.0928629 0.93341 -0.346587
    outer loop
      vertex 13.1751 -6.41963 51.0049
      vertex 12.9713 -6.16643 51.6322
      vertex 15.4081 -6.41963 51.6032
    endloop
  endfacet
  facet normal 0.0928636 0.933415 -0.346573
    outer loop
      vertex 15.4081 -6.41963 51.6032
      vertex 12.9713 -6.16643 51.6322
      vertex 15.271 -6.16643 52.2484
    endloop
  endfacet
  facet normal 0.0670772 0.965839 -0.25031
    outer loop
      vertex 13.386 -6.6025 50.3558
      vertex 13.1751 -6.41963 51.0049
      vertex 15.55 -6.6025 50.9357
    endloop
  endfacet
  facet normal 0.0670756 0.965831 -0.250342
    outer loop
      vertex 15.55 -6.6025 50.9357
      vertex 13.1751 -6.41963 51.0049
      vertex 15.4081 -6.41963 51.6032
    endloop
  endfacet
  facet normal 0.0405418 0.987653 -0.151318
    outer loop
      vertex 13.6016 -6.71302 49.6922
      vertex 13.386 -6.6025 50.3558
      vertex 15.6951 -6.71302 50.2531
    endloop
  endfacet
  facet normal 0.0405431 0.987657 -0.151294
    outer loop
      vertex 15.6951 -6.71302 50.2531
      vertex 13.386 -6.6025 50.3558
      vertex 15.55 -6.6025 50.9357
    endloop
  endfacet
  facet normal 0.0135654 0.998626 -0.0506192
    outer loop
      vertex 13.8197 -6.75 49.0211
      vertex 13.6016 -6.71302 49.6922
      vertex 15.8418 -6.75 49.563
    endloop
  endfacet
  facet normal 0.0135648 0.998625 -0.0506292
    outer loop
      vertex 15.8418 -6.75 49.563
      vertex 13.6016 -6.71302 49.6922
      vertex 15.6951 -6.71302 50.2531
    endloop
  endfacet
  facet normal -0.0135655 0.998625 0.0506287
    outer loop
      vertex 14.0377 -6.71302 48.3501
      vertex 13.8197 -6.75 49.0211
      vertex 15.9885 -6.71302 48.8728
    endloop
  endfacet
  facet normal -0.013566 0.998626 0.0506216
    outer loop
      vertex 15.9885 -6.71302 48.8728
      vertex 13.8197 -6.75 49.0211
      vertex 15.8418 -6.75 49.563
    endloop
  endfacet
  facet normal -0.0405379 0.987657 0.151297
    outer loop
      vertex 14.2533 -6.6025 47.6864
      vertex 14.0377 -6.71302 48.3501
      vertex 16.1336 -6.6025 48.1902
    endloop
  endfacet
  facet normal -0.0405381 0.987657 0.151295
    outer loop
      vertex 16.1336 -6.6025 48.1902
      vertex 14.0377 -6.71302 48.3501
      vertex 15.9885 -6.71302 48.8728
    endloop
  endfacet
  facet normal -0.0670786 0.96583 0.250346
    outer loop
      vertex 14.4642 -6.41963 47.0374
      vertex 14.2533 -6.6025 47.6864
      vertex 16.2754 -6.41963 47.5227
    endloop
  endfacet
  facet normal -0.0670781 0.965829 0.250351
    outer loop
      vertex 16.2754 -6.41963 47.5227
      vertex 14.2533 -6.6025 47.6864
      vertex 16.1336 -6.6025 48.1902
    endloop
  endfacet
  facet normal -0.0928637 0.933433 0.346526
    outer loop
      vertex 14.6681 -6.16643 46.41
      vertex 14.4642 -6.41963 47.0374
      vertex 16.4126 -6.16643 46.8775
    endloop
  endfacet
  facet normal -0.0928591 0.93342 0.346562
    outer loop
      vertex 16.4126 -6.16643 46.8775
      vertex 14.4642 -6.41963 47.0374
      vertex 16.2754 -6.41963 47.5227
    endloop
  endfacet
  facet normal -0.117634 0.890747 0.439012
    outer loop
      vertex 14.8626 -5.84567 45.8113
      vertex 14.6681 -6.16643 46.41
      vertex 16.5435 -5.84567 46.2617
    endloop
  endfacet
  facet normal -0.117639 0.890764 0.438977
    outer loop
      vertex 16.5435 -5.84567 46.2617
      vertex 14.6681 -6.16643 46.41
      vertex 16.4126 -6.16643 46.8775
    endloop
  endfacet
  facet normal -0.141094 0.838306 0.526627
    outer loop
      vertex 15.0457 -5.46086 45.2478
      vertex 14.8626 -5.84567 45.8113
      vertex 16.6667 -5.46086 45.6821
    endloop
  endfacet
  facet normal -0.141101 0.838326 0.526592
    outer loop
      vertex 16.6667 -5.46086 45.6821
      vertex 14.8626 -5.84567 45.8113
      vertex 16.5435 -5.84567 46.2617
    endloop
  endfacet
  facet normal -0.162996 0.776728 0.60838
    outer loop
      vertex 15.2154 -5.01623 44.7256
      vertex 15.0457 -5.46086 45.2478
      vertex 16.7808 -5.01623 45.145
    endloop
  endfacet
  facet normal -0.162997 0.77673 0.608377
    outer loop
      vertex 16.7808 -5.01623 45.145
      vertex 15.0457 -5.46086 45.2478
      vertex 16.6667 -5.46086 45.6821
    endloop
  endfacet
  facet normal -0.183121 0.70666 0.683446
    outer loop
      vertex 15.3698 -4.51663 44.2504
      vertex 15.2154 -5.01623 44.7256
      vertex 16.8847 -4.51663 44.6563
    endloop
  endfacet
  facet normal -0.183114 0.706639 0.683469
    outer loop
      vertex 16.8847 -4.51663 44.6563
      vertex 15.2154 -5.01623 44.7256
      vertex 16.7808 -5.01623 45.145
    endloop
  endfacet
  facet normal -0.201265 0.628821 0.75105
    outer loop
      vertex 15.5072 -3.96755 43.8275
      vertex 15.3698 -4.51663 44.2504
      vertex 16.9771 -3.96755 44.2214
    endloop
  endfacet
  facet normal -0.201247 0.628773 0.751095
    outer loop
      vertex 16.9771 -3.96755 44.2214
      vertex 15.3698 -4.51663 44.2504
      vertex 16.8847 -4.51663 44.6563
    endloop
  endfacet
  facet normal -0.217146 0.54404 0.810474
    outer loop
      vertex 15.6261 -3.375 43.4616
      vertex 15.5072 -3.96755 43.8275
      vertex 17.0571 -3.375 43.845
    endloop
  endfacet
  facet normal -0.217173 0.544114 0.810417
    outer loop
      vertex 17.0571 -3.375 43.845
      vertex 15.5072 -3.96755 43.8275
      vertex 16.9771 -3.96755 44.2214
    endloop
  endfacet
  facet normal -0.230696 0.453532 0.860865
    outer loop
      vertex 15.7252 -2.74547 43.1565
      vertex 15.6261 -3.375 43.4616
      vertex 17.1238 -2.74547 43.5313
    endloop
  endfacet
  facet normal -0.230662 0.453443 0.860921
    outer loop
      vertex 17.1238 -2.74547 43.5313
      vertex 15.6261 -3.375 43.4616
      vertex 17.0571 -3.375 43.845
    endloop
  endfacet
  facet normal -0.24166 0.357916 0.90194
    outer loop
      vertex 15.8034 -2.08586 42.9157
      vertex 15.7252 -2.74547 43.1565
      vertex 17.1765 -2.08586 43.2836
    endloop
  endfacet
  facet normal -0.241693 0.357996 0.9019
    outer loop
      vertex 17.1765 -2.08586 43.2836
      vertex 15.7252 -2.74547 43.1565
      vertex 17.1238 -2.74547 43.5313
    endloop
  endfacet
  facet normal -0.249983 0.258466 0.933115
    outer loop
      vertex 15.8599 -1.4034 42.7418
      vertex 15.8034 -2.08586 42.9157
      vertex 17.2145 -1.4034 43.1047
    endloop
  endfacet
  facet normal -0.250007 0.258522 0.933093
    outer loop
      vertex 17.2145 -1.4034 43.1047
      vertex 15.8034 -2.08586 42.9157
      vertex 17.1765 -2.08586 43.2836
    endloop
  endfacet
  facet normal -0.2556 0.156219 0.954078
    outer loop
      vertex 15.8941 -0.705566 42.6367
      vertex 15.8599 -1.4034 42.7418
      vertex 17.2375 -0.705566 42.9966
    endloop
  endfacet
  facet normal -0.255599 0.156219 0.954078
    outer loop
      vertex 17.2375 -0.705566 42.9966
      vertex 15.8599 -1.4034 42.7418
      vertex 17.2145 -1.4034 43.1047
    endloop
  endfacet
  facet normal -0.258484 0.0522993 0.964599
    outer loop
      vertex 15.9055 0 42.6015
      vertex 15.8941 -0.705566 42.6367
      vertex 17.2452 0 42.9605
    endloop
  endfacet
  facet normal -0.258424 0.0521747 0.964622
    outer loop
      vertex 17.2452 0 42.9605
      vertex 15.8941 -0.705566 42.6367
      vertex 17.2375 -0.705566 42.9966
    endloop
  endfacet
  facet normal -0.258423 -0.0522991 0.964615
    outer loop
      vertex 17.2375 0.705566 42.9966
      vertex 15.8941 0.705566 42.6367
      vertex 15.9055 0 42.6015
    endloop
  endfacet
  facet normal -0.258486 -0.0521745 0.964605
    outer loop
      vertex 17.2375 0.705566 42.9966
      vertex 15.9055 0 42.6015
      vertex 17.2452 0 42.9605
    endloop
  endfacet
  facet normal -0.255599 -0.156219 0.954078
    outer loop
      vertex 17.2145 1.4034 43.1047
      vertex 15.8599 1.4034 42.7418
      vertex 15.8941 0.705566 42.6367
    endloop
  endfacet
  facet normal -0.2556 -0.156219 0.954078
    outer loop
      vertex 17.2145 1.4034 43.1047
      vertex 15.8941 0.705566 42.6367
      vertex 17.2375 0.705566 42.9966
    endloop
  endfacet
  facet normal -0.250011 -0.258466 0.933107
    outer loop
      vertex 17.1765 2.08586 43.2836
      vertex 15.8034 2.08586 42.9157
      vertex 15.8599 1.4034 42.7418
    endloop
  endfacet
  facet normal -0.249979 -0.258522 0.933101
    outer loop
      vertex 17.1765 2.08586 43.2836
      vertex 15.8599 1.4034 42.7418
      vertex 17.2145 1.4034 43.1047
    endloop
  endfacet
  facet normal -0.241701 -0.357917 0.901929
    outer loop
      vertex 17.1238 2.74547 43.5313
      vertex 15.7252 2.74547 43.1565
      vertex 15.8034 2.08586 42.9157
    endloop
  endfacet
  facet normal -0.241652 -0.357997 0.90191
    outer loop
      vertex 17.1238 2.74547 43.5313
      vertex 15.8034 2.08586 42.9157
      vertex 17.1765 2.08586 43.2836
    endloop
  endfacet
  facet normal -0.23065 -0.453531 0.860878
    outer loop
      vertex 17.0571 3.375 43.845
      vertex 15.6261 3.375 43.4616
      vertex 15.7252 2.74547 43.1565
    endloop
  endfacet
  facet normal -0.230708 -0.453442 0.860909
    outer loop
      vertex 17.0571 3.375 43.845
      vertex 15.7252 2.74547 43.1565
      vertex 17.1238 2.74547 43.5313
    endloop
  endfacet
  facet normal -0.217186 -0.544041 0.810463
    outer loop
      vertex 16.9771 3.96755 44.2214
      vertex 15.5072 3.96755 43.8275
      vertex 15.6261 3.375 43.4616
    endloop
  endfacet
  facet normal -0.217133 -0.544115 0.810427
    outer loop
      vertex 16.9771 3.96755 44.2214
      vertex 15.6261 3.375 43.4616
      vertex 17.0571 3.375 43.845
    endloop
  endfacet
  facet normal -0.201237 -0.62882 0.751058
    outer loop
      vertex 16.8847 4.51663 44.6563
      vertex 15.3698 4.51663 44.2504
      vertex 15.5072 3.96755 43.8275
    endloop
  endfacet
  facet normal -0.201275 -0.628772 0.751089
    outer loop
      vertex 16.8847 4.51663 44.6563
      vertex 15.5072 3.96755 43.8275
      vertex 16.9771 3.96755 44.2214
    endloop
  endfacet
  facet normal -0.183109 -0.70666 0.683449
    outer loop
      vertex 16.7808 5.01623 45.145
      vertex 15.2154 5.01623 44.7256
      vertex 15.3698 4.51663 44.2504
    endloop
  endfacet
  facet normal -0.183127 -0.706639 0.683466
    outer loop
      vertex 16.7808 5.01623 45.145
      vertex 15.3698 4.51663 44.2504
      vertex 16.8847 4.51663 44.6563
    endloop
  endfacet
  facet normal -0.162998 -0.776728 0.60838
    outer loop
      vertex 16.6667 5.46086 45.6821
      vertex 15.0457 5.46086 45.2478
      vertex 15.2154 5.01623 44.7256
    endloop
  endfacet
  facet normal -0.162996 -0.77673 0.608378
    outer loop
      vertex 16.6667 5.46086 45.6821
      vertex 15.2154 5.01623 44.7256
      vertex 16.7808 5.01623 45.145
    endloop
  endfacet
  facet normal -0.141109 -0.838306 0.526622
    outer loop
      vertex 16.5435 5.84567 46.2617
      vertex 14.8626 5.84567 45.8113
      vertex 15.0457 5.46086 45.2478
    endloop
  endfacet
  facet normal -0.141086 -0.838327 0.526596
    outer loop
      vertex 16.5435 5.84567 46.2617
      vertex 15.0457 5.46086 45.2478
      vertex 16.6667 5.46086 45.6821
    endloop
  endfacet
  facet normal -0.117647 -0.890748 0.439008
    outer loop
      vertex 16.4126 6.16643 46.8775
      vertex 14.6681 6.16643 46.41
      vertex 14.8626 5.84567 45.8113
    endloop
  endfacet
  facet normal -0.117626 -0.890764 0.438981
    outer loop
      vertex 16.4126 6.16643 46.8775
      vertex 14.8626 5.84567 45.8113
      vertex 16.5435 5.84567 46.2617
    endloop
  endfacet
  facet normal -0.0928506 -0.933432 0.34653
    outer loop
      vertex 16.2754 6.41963 47.5227
      vertex 14.4642 6.41963 47.0374
      vertex 14.6681 6.16643 46.41
    endloop
  endfacet
  facet normal -0.0928726 -0.933419 0.346559
    outer loop
      vertex 16.2754 6.41963 47.5227
      vertex 14.6681 6.16643 46.41
      vertex 16.4126 6.16643 46.8775
    endloop
  endfacet
  facet normal -0.0670768 -0.96583 0.250346
    outer loop
      vertex 16.1336 6.6025 48.1902
      vertex 14.2533 6.6025 47.6864
      vertex 14.4642 6.41963 47.0374
    endloop
  endfacet
  facet normal -0.06708 -0.965829 0.250351
    outer loop
      vertex 16.1336 6.6025 48.1902
      vertex 14.4642 6.41963 47.0374
      vertex 16.2754 6.41963 47.5227
    endloop
  endfacet
  facet normal -0.0405387 -0.987657 0.151297
    outer loop
      vertex 15.9885 6.71302 48.8728
      vertex 14.0377 6.71302 48.3501
      vertex 14.2533 6.6025 47.6864
    endloop
  endfacet
  facet normal -0.0405373 -0.987657 0.151295
    outer loop
      vertex 15.9885 6.71302 48.8728
      vertex 14.2533 6.6025 47.6864
      vertex 16.1336 6.6025 48.1902
    endloop
  endfacet
  facet normal -0.0135677 -0.998625 0.050628
    outer loop
      vertex 15.8418 6.75 49.563
      vertex 13.8197 6.75 49.0211
      vertex 14.0377 6.71302 48.3501
    endloop
  endfacet
  facet normal -0.0135638 -0.998626 0.0506221
    outer loop
      vertex 15.8418 6.75 49.563
      vertex 14.0377 6.71302 48.3501
      vertex 15.9885 6.71302 48.8728
    endloop
  endfacet
  facet normal 0.0135624 -0.998626 -0.0506202
    outer loop
      vertex 15.6951 6.71302 50.2531
      vertex 13.6016 6.71302 49.6922
      vertex 13.8197 6.75 49.0211
    endloop
  endfacet
  facet normal 0.0135679 -0.998625 -0.0506285
    outer loop
      vertex 15.6951 6.71302 50.2531
      vertex 13.8197 6.75 49.0211
      vertex 15.8418 6.75 49.563
    endloop
  endfacet
  facet normal 0.040549 -0.987653 -0.151316
    outer loop
      vertex 15.55 6.6025 50.9357
      vertex 13.386 6.6025 50.3558
      vertex 13.6016 6.71302 49.6922
    endloop
  endfacet
  facet normal 0.0405357 -0.987657 -0.151295
    outer loop
      vertex 15.55 6.6025 50.9357
      vertex 13.6016 6.71302 49.6922
      vertex 15.6951 6.71302 50.2531
    endloop
  endfacet
  facet normal 0.0670678 -0.965839 -0.250313
    outer loop
      vertex 15.4081 6.41963 51.6032
      vertex 13.1751 6.41963 51.0049
      vertex 13.386 6.6025 50.3558
    endloop
  endfacet
  facet normal 0.0670852 -0.965831 -0.25034
    outer loop
      vertex 15.4081 6.41963 51.6032
      vertex 13.386 6.6025 50.3558
      vertex 15.55 6.6025 50.9357
    endloop
  endfacet
  facet normal 0.0928669 -0.93341 -0.346586
    outer loop
      vertex 15.271 6.16643 52.2484
      vertex 12.9713 6.16643 51.6322
      vertex 13.1751 6.41963 51.0049
    endloop
  endfacet
  facet normal 0.0928595 -0.933415 -0.346574
    outer loop
      vertex 15.271 6.16643 52.2484
      vertex 13.1751 6.41963 51.0049
      vertex 15.4081 6.41963 51.6032
    endloop
  endfacet
  facet normal 0.117634 -0.890755 -0.438996
    outer loop
      vertex 15.1401 5.84567 52.8642
      vertex 12.7767 5.84567 52.2309
      vertex 12.9713 6.16643 51.6322
    endloop
  endfacet
  facet normal 0.117624 -0.890764 -0.438981
    outer loop
      vertex 15.1401 5.84567 52.8642
      vertex 12.9713 6.16643 51.6322
      vertex 15.271 6.16643 52.2484
    endloop
  endfacet
  facet normal 0.141088 -0.838347 -0.526563
    outer loop
      vertex 15.0169 5.46086 53.4438
      vertex 12.5936 5.46086 52.7945
      vertex 12.7767 5.84567 52.2309
    endloop
  endfacet
  facet normal 0.141106 -0.838326 -0.526591
    outer loop
      vertex 15.0169 5.46086 53.4438
      vertex 12.7767 5.84567 52.2309
      vertex 15.1401 5.84567 52.8642
    endloop
  endfacet
  facet normal 0.163015 -0.776728 -0.608374
    outer loop
      vertex 14.9027 5.01623 53.9809
      vertex 12.4239 5.01623 53.3167
      vertex 12.5936 5.46086 52.7945
    endloop
  endfacet
  facet normal 0.163004 -0.776744 -0.608357
    outer loop
      vertex 14.9027 5.01623 53.9809
      vertex 12.5936 5.46086 52.7945
      vertex 15.0169 5.46086 53.4438
    endloop
  endfacet
  facet normal 0.183176 -0.706574 -0.68352
    outer loop
      vertex 14.7988 4.51663 54.4696
      vertex 12.2696 4.51663 53.7918
      vertex 12.4239 5.01623 53.3167
    endloop
  endfacet
  facet normal 0.183136 -0.706639 -0.683464
    outer loop
      vertex 14.7988 4.51663 54.4696
      vertex 12.4239 5.01623 53.3167
      vertex 14.9027 5.01623 53.9809
    endloop
  endfacet
  facet normal 0.201257 -0.628821 -0.751053
    outer loop
      vertex 14.7064 3.96755 54.9045
      vertex 12.1322 3.96755 54.2147
      vertex 12.2696 4.51663 53.7918
    endloop
  endfacet
  facet normal 0.201284 -0.628772 -0.751086
    outer loop
      vertex 14.7064 3.96755 54.9045
      vertex 12.2696 4.51663 53.7918
      vertex 14.7988 4.51663 54.4696
    endloop
  endfacet
  facet normal 0.217143 -0.544163 -0.810393
    outer loop
      vertex 14.6264 3.375 55.2809
      vertex 12.0132 3.375 54.5807
      vertex 12.1322 3.96755 54.2147
    endloop
  endfacet
  facet normal 0.217165 -0.544114 -0.810419
    outer loop
      vertex 14.6264 3.375 55.2809
      vertex 12.1322 3.96755 54.2147
      vertex 14.7064 3.96755 54.9045
    endloop
  endfacet
  facet normal 0.230644 -0.453531 -0.860879
    outer loop
      vertex 14.5597 2.74547 55.5946
      vertex 11.9141 2.74547 54.8858
      vertex 12.0132 3.375 54.5807
    endloop
  endfacet
  facet normal 0.23068 -0.453443 -0.860916
    outer loop
      vertex 14.5597 2.74547 55.5946
      vertex 12.0132 3.375 54.5807
      vertex 14.6264 3.375 55.2809
    endloop
  endfacet
  facet normal 0.241659 -0.357916 -0.901941
    outer loop
      vertex 14.5071 2.08586 55.8423
      vertex 11.8359 2.08586 55.1266
      vertex 11.9141 2.74547 54.8858
    endloop
  endfacet
  facet normal 0.241641 -0.357965 -0.901926
    outer loop
      vertex 14.5071 2.08586 55.8423
      vertex 11.9141 2.74547 54.8858
      vertex 14.5597 2.74547 55.5946
    endloop
  endfacet
  facet normal 0.250032 -0.258467 -0.933102
    outer loop
      vertex 14.469 1.4034 56.0212
      vertex 11.7794 1.4034 55.3005
      vertex 11.8359 2.08586 55.1266
    endloop
  endfacet
  facet normal 0.250003 -0.258556 -0.933085
    outer loop
      vertex 14.469 1.4034 56.0212
      vertex 11.8359 2.08586 55.1266
      vertex 14.5071 2.08586 55.8423
    endloop
  endfacet
  facet normal 0.25564 -0.15622 -0.954067
    outer loop
      vertex 14.4461 0.705566 56.1293
      vertex 11.7452 0.705566 55.4056
      vertex 11.7794 1.4034 55.3005
    endloop
  endfacet
  facet normal 0.255651 -0.156182 -0.95407
    outer loop
      vertex 14.4461 0.705566 56.1293
      vertex 11.7794 1.4034 55.3005
      vertex 14.469 1.4034 56.0212
    endloop
  endfacet
  facet normal 0.258433 -0.0522991 -0.964612
    outer loop
      vertex 14.4384 0 56.1654
      vertex 11.7338 0 55.4408
      vertex 11.7452 0.705566 55.4056
    endloop
  endfacet
  facet normal 0.258465 -0.0521746 -0.964611
    outer loop
      vertex 14.4384 0 56.1654
      vertex 11.7452 0.705566 55.4056
      vertex 14.4461 0.705566 56.1293
    endloop
  endfacet
  facet normal 0.156223 0.0521707 -0.986343
    outer loop
      vertex 14.4461 -0.705566 56.1293
      vertex 14.4384 0 56.1654
      vertex 17.2077 -0.705566 56.5667
    endloop
  endfacet
  facet normal 0.156251 0.0522854 -0.986333
    outer loop
      vertex 17.2077 -0.705566 56.5667
      vertex 14.4384 0 56.1654
      vertex 17.2039 0 56.6035
    endloop
  endfacet
  facet normal 0.154513 0.156193 -0.975566
    outer loop
      vertex 14.469 -1.4034 56.0212
      vertex 14.4461 -0.705566 56.1293
      vertex 17.2193 -1.4034 56.4568
    endloop
  endfacet
  facet normal 0.154516 0.156207 -0.975563
    outer loop
      vertex 17.2193 -1.4034 56.4568
      vertex 14.4461 -0.705566 56.1293
      vertex 17.2077 -0.705566 56.5667
    endloop
  endfacet
  facet normal 0.151117 0.258546 -0.954106
    outer loop
      vertex 14.5071 -2.08586 55.8423
      vertex 14.469 -1.4034 56.0212
      vertex 17.2384 -2.08586 56.2749
    endloop
  endfacet
  facet normal 0.151114 0.258534 -0.954109
    outer loop
      vertex 17.2384 -2.08586 56.2749
      vertex 14.469 -1.4034 56.0212
      vertex 17.2193 -1.4034 56.4568
    endloop
  endfacet
  facet normal 0.146081 0.357971 -0.922235
    outer loop
      vertex 14.5597 -2.74547 55.5946
      vertex 14.5071 -2.08586 55.8423
      vertex 17.2649 -2.74547 56.0231
    endloop
  endfacet
  facet normal 0.146072 0.35793 -0.922252
    outer loop
      vertex 17.2649 -2.74547 56.0231
      vertex 14.5071 -2.08586 55.8423
      vertex 17.2384 -2.08586 56.2749
    endloop
  endfacet
  facet normal 0.139427 0.45344 -0.880314
    outer loop
      vertex 14.6264 -3.375 55.2809
      vertex 14.5597 -2.74547 55.5946
      vertex 17.2984 -3.375 55.7041
    endloop
  endfacet
  facet normal 0.139436 0.453486 -0.880288
    outer loop
      vertex 17.2984 -3.375 55.7041
      vertex 14.5597 -2.74547 55.5946
      vertex 17.2649 -2.74547 56.0231
    endloop
  endfacet
  facet normal 0.13125 0.544115 -0.828681
    outer loop
      vertex 14.7064 -3.96755 54.9045
      vertex 14.6264 -3.375 55.2809
      vertex 17.3386 -3.96755 55.3214
    endloop
  endfacet
  facet normal 0.13125 0.544112 -0.828683
    outer loop
      vertex 17.3386 -3.96755 55.3214
      vertex 14.6264 -3.375 55.2809
      vertex 17.2984 -3.375 55.7041
    endloop
  endfacet
  facet normal 0.121633 0.628776 -0.768014
    outer loop
      vertex 14.7988 -4.51663 54.4696
      vertex 14.7064 -3.96755 54.9045
      vertex 17.3851 -4.51663 54.8792
    endloop
  endfacet
  facet normal 0.121638 0.628802 -0.767993
    outer loop
      vertex 17.3851 -4.51663 54.8792
      vertex 14.7064 -3.96755 54.9045
      vertex 17.3386 -3.96755 55.3214
    endloop
  endfacet
  facet normal 0.110678 0.706637 -0.698867
    outer loop
      vertex 14.9027 -5.01623 53.9809
      vertex 14.7988 -4.51663 54.4696
      vertex 17.4373 -5.01623 54.3823
    endloop
  endfacet
  facet normal 0.11068 0.706645 -0.698858
    outer loop
      vertex 17.4373 -5.01623 54.3823
      vertex 14.7988 -4.51663 54.4696
      vertex 17.3851 -4.51663 54.8792
    endloop
  endfacet
  facet normal 0.0985388 0.776742 -0.622062
    outer loop
      vertex 15.0169 -5.46086 53.4438
      vertex 14.9027 -5.01623 53.9809
      vertex 17.4947 -5.46086 53.8363
    endloop
  endfacet
  facet normal 0.0985258 0.776689 -0.622131
    outer loop
      vertex 17.4947 -5.46086 53.8363
      vertex 14.9027 -5.01623 53.9809
      vertex 17.4373 -5.01623 54.3823
    endloop
  endfacet
  facet normal 0.0852754 0.838326 -0.538458
    outer loop
      vertex 15.1401 -5.84567 52.8642
      vertex 15.0169 -5.46086 53.4438
      vertex 17.5566 -5.84567 53.2469
    endloop
  endfacet
  facet normal 0.0852858 0.838364 -0.538398
    outer loop
      vertex 17.5566 -5.84567 53.2469
      vertex 15.0169 -5.46086 53.4438
      vertex 17.4947 -5.46086 53.8363
    endloop
  endfacet
  facet normal 0.0711052 0.890764 -0.448869
    outer loop
      vertex 15.271 -6.16643 52.2484
      vertex 15.1401 -5.84567 52.8642
      vertex 17.6225 -6.16643 52.6209
    endloop
  endfacet
  facet normal 0.0710961 0.890736 -0.448925
    outer loop
      vertex 17.6225 -6.16643 52.6209
      vertex 15.1401 -5.84567 52.8642
      vertex 17.5566 -5.84567 53.2469
    endloop
  endfacet
  facet normal 0.0561373 0.933416 -0.354378
    outer loop
      vertex 15.4081 -6.41963 51.6032
      vertex 15.271 -6.16643 52.2484
      vertex 17.6914 -6.41963 51.9649
    endloop
  endfacet
  facet normal 0.0561371 0.933415 -0.354379
    outer loop
      vertex 17.6914 -6.41963 51.9649
      vertex 15.271 -6.16643 52.2484
      vertex 17.6225 -6.16643 52.6209
    endloop
  endfacet
  facet normal 0.0405484 0.965831 -0.255982
    outer loop
      vertex 15.55 -6.6025 50.9357
      vertex 15.4081 -6.41963 51.6032
      vertex 17.7627 -6.6025 51.2862
    endloop
  endfacet
  facet normal 0.0405494 0.965832 -0.255976
    outer loop
      vertex 17.7627 -6.6025 51.2862
      vertex 15.4081 -6.41963 51.6032
      vertex 17.6914 -6.41963 51.9649
    endloop
  endfacet
  facet normal 0.0245 0.987657 -0.154704
    outer loop
      vertex 15.6951 -6.71302 50.2531
      vertex 15.55 -6.6025 50.9357
      vertex 17.8357 -6.71302 50.5921
    endloop
  endfacet
  facet normal 0.0245028 0.98766 -0.154686
    outer loop
      vertex 17.8357 -6.71302 50.5921
      vertex 15.55 -6.6025 50.9357
      vertex 17.7627 -6.6025 51.2862
    endloop
  endfacet
  facet normal 0.00819769 0.998625 -0.0517701
    outer loop
      vertex 15.8418 -6.75 49.563
      vertex 15.6951 -6.71302 50.2531
      vertex 17.9094 -6.75 49.8904
    endloop
  endfacet
  facet normal 0.00819819 0.998626 -0.0517671
    outer loop
      vertex 17.9094 -6.75 49.8904
      vertex 15.6951 -6.71302 50.2531
      vertex 17.8357 -6.71302 50.5921
    endloop
  endfacet
  facet normal -0.00819764 0.998626 0.0517627
    outer loop
      vertex 15.9885 -6.71302 48.8728
      vertex 15.8418 -6.75 49.563
      vertex 17.9832 -6.71302 49.1887
    endloop
  endfacet
  facet normal -0.00819704 0.998626 0.051766
    outer loop
      vertex 17.9832 -6.71302 49.1887
      vertex 15.8418 -6.75 49.563
      vertex 17.9094 -6.75 49.8904
    endloop
  endfacet
  facet normal -0.0245031 0.987657 0.154703
    outer loop
      vertex 16.1336 -6.6025 48.1902
      vertex 15.9885 -6.71302 48.8728
      vertex 18.0561 -6.6025 48.4947
    endloop
  endfacet
  facet normal -0.0245016 0.987656 0.154711
    outer loop
      vertex 18.0561 -6.6025 48.4947
      vertex 15.9885 -6.71302 48.8728
      vertex 17.9832 -6.71302 49.1887
    endloop
  endfacet
  facet normal -0.0405387 0.965829 0.255989
    outer loop
      vertex 16.2754 -6.41963 47.5227
      vertex 16.1336 -6.6025 48.1902
      vertex 18.1275 -6.41963 47.816
    endloop
  endfacet
  facet normal -0.0405426 0.965834 0.255971
    outer loop
      vertex 18.1275 -6.41963 47.816
      vertex 16.1336 -6.6025 48.1902
      vertex 18.0561 -6.6025 48.4947
    endloop
  endfacet
  facet normal -0.056122 0.933418 0.354373
    outer loop
      vertex 16.4126 -6.16643 46.8775
      vertex 16.2754 -6.41963 47.5227
      vertex 18.1964 -6.16643 47.16
    endloop
  endfacet
  facet normal -0.0561201 0.933415 0.354381
    outer loop
      vertex 18.1964 -6.16643 47.16
      vertex 16.2754 -6.41963 47.5227
      vertex 18.1275 -6.41963 47.816
    endloop
  endfacet
  facet normal -0.0710904 0.890764 0.448872
    outer loop
      vertex 16.5435 -5.84567 46.2617
      vertex 16.4126 -6.16643 46.8775
      vertex 18.2622 -5.84567 46.5339
    endloop
  endfacet
  facet normal -0.0710888 0.890761 0.448878
    outer loop
      vertex 18.2622 -5.84567 46.5339
      vertex 16.4126 -6.16643 46.8775
      vertex 18.1964 -6.16643 47.16
    endloop
  endfacet
  facet normal -0.0852762 0.838326 0.538458
    outer loop
      vertex 16.6667 -5.46086 45.6821
      vertex 16.5435 -5.84567 46.2617
      vertex 18.3242 -5.46086 45.9446
    endloop
  endfacet
  facet normal -0.0852778 0.838329 0.538453
    outer loop
      vertex 18.3242 -5.46086 45.9446
      vertex 16.5435 -5.84567 46.2617
      vertex 18.2622 -5.84567 46.5339
    endloop
  endfacet
  facet normal -0.0985173 0.776733 0.622078
    outer loop
      vertex 16.7808 -5.01623 45.145
      vertex 16.6667 -5.46086 45.6821
      vertex 18.3815 -5.01623 45.3985
    endloop
  endfacet
  facet normal -0.0985185 0.776735 0.622074
    outer loop
      vertex 18.3815 -5.01623 45.3985
      vertex 16.6667 -5.46086 45.6821
      vertex 18.3242 -5.46086 45.9446
    endloop
  endfacet
  facet normal -0.11071 0.706638 0.698861
    outer loop
      vertex 16.8847 -4.51663 44.6563
      vertex 16.7808 -5.01623 45.145
      vertex 18.4338 -4.51663 44.9017
    endloop
  endfacet
  facet normal -0.110686 0.706586 0.698916
    outer loop
      vertex 18.4338 -4.51663 44.9017
      vertex 16.7808 -5.01623 45.145
      vertex 18.3815 -5.01623 45.3985
    endloop
  endfacet
  facet normal -0.121657 0.628777 0.76801
    outer loop
      vertex 16.9771 -3.96755 44.2214
      vertex 16.8847 -4.51663 44.6563
      vertex 18.4802 -3.96755 44.4595
    endloop
  endfacet
  facet normal -0.121662 0.628788 0.768
    outer loop
      vertex 18.4802 -3.96755 44.4595
      vertex 16.8847 -4.51663 44.6563
      vertex 18.4338 -4.51663 44.9017
    endloop
  endfacet
  facet normal -0.131261 0.544116 0.828679
    outer loop
      vertex 17.0571 -3.375 43.845
      vertex 16.9771 -3.96755 44.2214
      vertex 18.5205 -3.375 44.0768
    endloop
  endfacet
  facet normal -0.131266 0.544127 0.828671
    outer loop
      vertex 18.5205 -3.375 44.0768
      vertex 16.9771 -3.96755 44.2214
      vertex 18.4802 -3.96755 44.4595
    endloop
  endfacet
  facet normal -0.139415 0.45344 0.880316
    outer loop
      vertex 17.1238 -2.74547 43.5313
      vertex 17.0571 -3.375 43.845
      vertex 18.554 -2.74547 43.7578
    endloop
  endfacet
  facet normal -0.139436 0.453486 0.880289
    outer loop
      vertex 18.554 -2.74547 43.7578
      vertex 17.0571 -3.375 43.845
      vertex 18.5205 -3.375 44.0768
    endloop
  endfacet
  facet normal -0.146085 0.357991 0.922227
    outer loop
      vertex 17.1765 -2.08586 43.2836
      vertex 17.1238 -2.74547 43.5313
      vertex 18.5805 -2.08586 43.506
    endloop
  endfacet
  facet normal -0.146057 0.35793 0.922255
    outer loop
      vertex 18.5805 -2.08586 43.506
      vertex 17.1238 -2.74547 43.5313
      vertex 18.554 -2.74547 43.7578
    endloop
  endfacet
  facet normal -0.151131 0.258525 0.954109
    outer loop
      vertex 17.2145 -1.4034 43.1047
      vertex 17.1765 -2.08586 43.2836
      vertex 18.5996 -1.4034 43.3241
    endloop
  endfacet
  facet normal -0.151135 0.258533 0.954106
    outer loop
      vertex 18.5996 -1.4034 43.3241
      vertex 17.1765 -2.08586 43.2836
      vertex 18.5805 -2.08586 43.506
    endloop
  endfacet
  facet normal -0.154544 0.156215 0.975558
    outer loop
      vertex 17.2375 -0.705566 42.9966
      vertex 17.2145 -1.4034 43.1047
      vertex 18.6111 -0.705566 43.2142
    endloop
  endfacet
  facet normal -0.15453 0.156186 0.975565
    outer loop
      vertex 18.6111 -0.705566 43.2142
      vertex 17.2145 -1.4034 43.1047
      vertex 18.5996 -1.4034 43.3241
    endloop
  endfacet
  facet normal -0.156183 0.0521706 0.986349
    outer loop
      vertex 17.2452 0 42.9605
      vertex 17.2375 -0.705566 42.9966
      vertex 18.615 0 43.1774
    endloop
  endfacet
  facet normal -0.156251 0.0523075 0.986331
    outer loop
      vertex 18.615 0 43.1774
      vertex 17.2375 -0.705566 42.9966
      vertex 18.6111 -0.705566 43.2142
    endloop
  endfacet
  facet normal -0.156252 -0.0521708 0.986338
    outer loop
      vertex 18.6111 0.705566 43.2142
      vertex 17.2375 0.705566 42.9966
      vertex 17.2452 0 42.9605
    endloop
  endfacet
  facet normal -0.156182 -0.0523077 0.986342
    outer loop
      vertex 18.6111 0.705566 43.2142
      vertex 17.2452 0 42.9605
      vertex 18.615 0 43.1774
    endloop
  endfacet
  facet normal -0.154529 -0.156215 0.97556
    outer loop
      vertex 18.5996 1.4034 43.3241
      vertex 17.2145 1.4034 43.1047
      vertex 17.2375 0.705566 42.9966
    endloop
  endfacet
  facet normal -0.154545 -0.156186 0.975562
    outer loop
      vertex 18.5996 1.4034 43.3241
      vertex 17.2375 0.705566 42.9966
      vertex 18.6111 0.705566 43.2142
    endloop
  endfacet
  facet normal -0.151135 -0.258525 0.954108
    outer loop
      vertex 18.5805 2.08586 43.506
      vertex 17.1765 2.08586 43.2836
      vertex 17.2145 1.4034 43.1047
    endloop
  endfacet
  facet normal -0.151131 -0.258533 0.954107
    outer loop
      vertex 18.5805 2.08586 43.506
      vertex 17.2145 1.4034 43.1047
      vertex 18.5996 1.4034 43.3241
    endloop
  endfacet
  facet normal -0.146053 -0.35799 0.922232
    outer loop
      vertex 18.554 2.74547 43.7578
      vertex 17.1238 2.74547 43.5313
      vertex 17.1765 2.08586 43.2836
    endloop
  endfacet
  facet normal -0.146089 -0.357929 0.92225
    outer loop
      vertex 18.554 2.74547 43.7578
      vertex 17.1765 2.08586 43.2836
      vertex 18.5805 2.08586 43.506
    endloop
  endfacet
  facet normal -0.13944 -0.45344 0.880311
    outer loop
      vertex 18.5205 3.375 44.0768
      vertex 17.0571 3.375 43.845
      vertex 17.1238 2.74547 43.5313
    endloop
  endfacet
  facet normal -0.139411 -0.453487 0.880292
    outer loop
      vertex 18.5205 3.375 44.0768
      vertex 17.1238 2.74547 43.5313
      vertex 18.554 2.74547 43.7578
    endloop
  endfacet
  facet normal -0.131268 -0.544116 0.828678
    outer loop
      vertex 18.4802 3.96755 44.4595
      vertex 16.9771 3.96755 44.2214
      vertex 17.0571 3.375 43.845
    endloop
  endfacet
  facet normal -0.13126 -0.544127 0.828672
    outer loop
      vertex 18.4802 3.96755 44.4595
      vertex 17.0571 3.375 43.845
      vertex 18.5205 3.375 44.0768
    endloop
  endfacet
  facet normal -0.121664 -0.628777 0.768009
    outer loop
      vertex 18.4338 4.51663 44.9017
      vertex 16.8847 4.51663 44.6563
      vertex 16.9771 3.96755 44.2214
    endloop
  endfacet
  facet normal -0.121656 -0.628788 0.768001
    outer loop
      vertex 18.4338 4.51663 44.9017
      vertex 16.9771 3.96755 44.2214
      vertex 18.4802 3.96755 44.4595
    endloop
  endfacet
  facet normal -0.110678 -0.706637 0.698867
    outer loop
      vertex 18.3815 5.01623 45.3985
      vertex 16.7808 5.01623 45.145
      vertex 16.8847 4.51663 44.6563
    endloop
  endfacet
  facet normal -0.110718 -0.706586 0.698912
    outer loop
      vertex 18.3815 5.01623 45.3985
      vertex 16.8847 4.51663 44.6563
      vertex 18.4338 4.51663 44.9017
    endloop
  endfacet
  facet normal -0.098519 -0.776733 0.622077
    outer loop
      vertex 18.3242 5.46086 45.9446
      vertex 16.6667 5.46086 45.6821
      vertex 16.7808 5.01623 45.145
    endloop
  endfacet
  facet normal -0.0985168 -0.776735 0.622074
    outer loop
      vertex 18.3242 5.46086 45.9446
      vertex 16.7808 5.01623 45.145
      vertex 18.3815 5.01623 45.3985
    endloop
  endfacet
  facet normal -0.0852785 -0.838326 0.538458
    outer loop
      vertex 18.2622 5.84567 46.5339
      vertex 16.5435 5.84567 46.2617
      vertex 16.6667 5.46086 45.6821
    endloop
  endfacet
  facet normal -0.0852754 -0.838329 0.538453
    outer loop
      vertex 18.2622 5.84567 46.5339
      vertex 16.6667 5.46086 45.6821
      vertex 18.3242 5.46086 45.9446
    endloop
  endfacet
  facet normal -0.0710879 -0.890764 0.448873
    outer loop
      vertex 18.1964 6.16643 47.16
      vertex 16.4126 6.16643 46.8775
      vertex 16.5435 5.84567 46.2617
    endloop
  endfacet
  facet normal -0.0710913 -0.890761 0.448878
    outer loop
      vertex 18.1964 6.16643 47.16
      vertex 16.5435 5.84567 46.2617
      vertex 18.2622 5.84567 46.5339
    endloop
  endfacet
  facet normal -0.0561189 -0.933418 0.354374
    outer loop
      vertex 18.1275 6.41963 47.816
      vertex 16.2754 6.41963 47.5227
      vertex 16.4126 6.16643 46.8775
    endloop
  endfacet
  facet normal -0.0561232 -0.933415 0.354381
    outer loop
      vertex 18.1275 6.41963 47.816
      vertex 16.4126 6.16643 46.8775
      vertex 18.1964 6.16643 47.16
    endloop
  endfacet
  facet normal -0.0405453 -0.965829 0.255988
    outer loop
      vertex 18.0561 6.6025 48.4947
      vertex 16.1336 6.6025 48.1902
      vertex 16.2754 6.41963 47.5227
    endloop
  endfacet
  facet normal -0.0405358 -0.965834 0.255971
    outer loop
      vertex 18.0561 6.6025 48.4947
      vertex 16.2754 6.41963 47.5227
      vertex 18.1275 6.41963 47.816
    endloop
  endfacet
  facet normal -0.0245004 -0.987657 0.154704
    outer loop
      vertex 17.9832 6.71302 49.1887
      vertex 15.9885 6.71302 48.8728
      vertex 16.1336 6.6025 48.1902
    endloop
  endfacet
  facet normal -0.0245043 -0.987656 0.154711
    outer loop
      vertex 17.9832 6.71302 49.1887
      vertex 16.1336 6.6025 48.1902
      vertex 18.0561 6.6025 48.4947
    endloop
  endfacet
  facet normal -0.00819654 -0.998626 0.0517629
    outer loop
      vertex 17.9094 6.75 49.8904
      vertex 15.8418 6.75 49.563
      vertex 15.9885 6.71302 48.8728
    endloop
  endfacet
  facet normal -0.00819815 -0.998626 0.0517659
    outer loop
      vertex 17.9094 6.75 49.8904
      vertex 15.9885 6.71302 48.8728
      vertex 17.9832 6.71302 49.1887
    endloop
  endfacet
  facet normal 0.00819864 -0.998625 -0.0517699
    outer loop
      vertex 17.8357 6.71302 50.5921
      vertex 15.6951 6.71302 50.2531
      vertex 15.8418 6.75 49.563
    endloop
  endfacet
  facet normal 0.00819722 -0.998626 -0.0517672
    outer loop
      vertex 17.8357 6.71302 50.5921
      vertex 15.8418 6.75 49.563
      vertex 17.9094 6.75 49.8904
    endloop
  endfacet
  facet normal 0.0245055 -0.987657 -0.154703
    outer loop
      vertex 17.7627 6.6025 51.2862
      vertex 15.55 6.6025 50.9357
      vertex 15.6951 6.71302 50.2531
    endloop
  endfacet
  facet normal 0.0244972 -0.98766 -0.154686
    outer loop
      vertex 17.7627 6.6025 51.2862
      vertex 15.6951 6.71302 50.2531
      vertex 17.8357 6.71302 50.5921
    endloop
  endfacet
  facet normal 0.0405502 -0.965831 -0.255981
    outer loop
      vertex 17.6914 6.41963 51.9649
      vertex 15.4081 6.41963 51.6032
      vertex 15.55 6.6025 50.9357
    endloop
  endfacet
  facet normal 0.0405475 -0.965832 -0.255976
    outer loop
      vertex 17.6914 6.41963 51.9649
      vertex 15.55 6.6025 50.9357
      vertex 17.7627 6.6025 51.2862
    endloop
  endfacet
  facet normal 0.0561368 -0.933416 -0.354378
    outer loop
      vertex 17.6225 6.16643 52.6209
      vertex 15.271 6.16643 52.2484
      vertex 15.4081 6.41963 51.6032
    endloop
  endfacet
  facet normal 0.0561376 -0.933415 -0.354379
    outer loop
      vertex 17.6225 6.16643 52.6209
      vertex 15.4081 6.41963 51.6032
      vertex 17.6914 6.41963 51.9649
    endloop
  endfacet
  facet normal 0.0710878 -0.890764 -0.448873
    outer loop
      vertex 17.5566 5.84567 53.2469
      vertex 15.1401 5.84567 52.8642
      vertex 15.271 6.16643 52.2484
    endloop
  endfacet
  facet normal 0.0711137 -0.890736 -0.448923
    outer loop
      vertex 17.5566 5.84567 53.2469
      vertex 15.271 6.16643 52.2484
      vertex 17.6225 6.16643 52.6209
    endloop
  endfacet
  facet normal 0.0852948 -0.838327 -0.538454
    outer loop
      vertex 17.4947 5.46086 53.8363
      vertex 15.0169 5.46086 53.4438
      vertex 15.1401 5.84567 52.8642
    endloop
  endfacet
  facet normal 0.0852662 -0.838364 -0.5384
    outer loop
      vertex 17.4947 5.46086 53.8363
      vertex 15.1401 5.84567 52.8642
      vertex 17.5566 5.84567 53.2469
    endloop
  endfacet
  facet normal 0.0985156 -0.776742 -0.622067
    outer loop
      vertex 17.4373 5.01623 54.3823
      vertex 14.9027 5.01623 53.9809
      vertex 15.0169 5.46086 53.4438
    endloop
  endfacet
  facet normal 0.0985493 -0.776688 -0.622128
    outer loop
      vertex 17.4373 5.01623 54.3823
      vertex 15.0169 5.46086 53.4438
      vertex 17.4947 5.46086 53.8363
    endloop
  endfacet
  facet normal 0.110682 -0.706637 -0.698866
    outer loop
      vertex 17.3851 4.51663 54.8792
      vertex 14.7988 4.51663 54.4696
      vertex 14.9027 5.01623 53.9809
    endloop
  endfacet
  facet normal 0.110677 -0.706645 -0.698858
    outer loop
      vertex 17.3851 4.51663 54.8792
      vertex 14.9027 5.01623 53.9809
      vertex 17.4373 5.01623 54.3823
    endloop
  endfacet
  facet normal 0.121641 -0.628776 -0.768013
    outer loop
      vertex 17.3386 3.96755 55.3214
      vertex 14.7064 3.96755 54.9045
      vertex 14.7988 4.51663 54.4696
    endloop
  endfacet
  facet normal 0.121629 -0.628802 -0.767994
    outer loop
      vertex 17.3386 3.96755 55.3214
      vertex 14.7988 4.51663 54.4696
      vertex 17.3851 4.51663 54.8792
    endloop
  endfacet
  facet normal 0.131249 -0.544115 -0.828681
    outer loop
      vertex 17.2984 3.375 55.7041
      vertex 14.6264 3.375 55.2809
      vertex 14.7064 3.96755 54.9045
    endloop
  endfacet
  facet normal 0.131251 -0.544112 -0.828683
    outer loop
      vertex 17.2984 3.375 55.7041
      vertex 14.7064 3.96755 54.9045
      vertex 17.3386 3.96755 55.3214
    endloop
  endfacet
  facet normal 0.13944 -0.45344 -0.880311
    outer loop
      vertex 17.2649 2.74547 56.0231
      vertex 14.5597 2.74547 55.5946
      vertex 14.6264 3.375 55.2809
    endloop
  endfacet
  facet normal 0.139423 -0.453486 -0.88029
    outer loop
      vertex 17.2649 2.74547 56.0231
      vertex 14.6264 3.375 55.2809
      vertex 17.2984 3.375 55.7041
    endloop
  endfacet
  facet normal 0.146069 -0.357971 -0.922237
    outer loop
      vertex 17.2384 2.08586 56.2749
      vertex 14.5071 2.08586 55.8423
      vertex 14.5597 2.74547 55.5946
    endloop
  endfacet
  facet normal 0.146083 -0.35793 -0.922251
    outer loop
      vertex 17.2384 2.08586 56.2749
      vertex 14.5597 2.74547 55.5946
      vertex 17.2649 2.74547 56.0231
    endloop
  endfacet
  facet normal 0.151114 -0.258546 -0.954106
    outer loop
      vertex 17.2193 1.4034 56.4568
      vertex 14.469 1.4034 56.0212
      vertex 14.5071 2.08586 55.8423
    endloop
  endfacet
  facet normal 0.151118 -0.258533 -0.954109
    outer loop
      vertex 17.2193 1.4034 56.4568
      vertex 14.5071 2.08586 55.8423
      vertex 17.2384 2.08586 56.2749
    endloop
  endfacet
  facet normal 0.154516 -0.156193 -0.975566
    outer loop
      vertex 17.2077 0.705566 56.5667
      vertex 14.4461 0.705566 56.1293
      vertex 14.469 1.4034 56.0212
    endloop
  endfacet
  facet normal 0.154512 -0.156207 -0.975564
    outer loop
      vertex 17.2077 0.705566 56.5667
      vertex 14.469 1.4034 56.0212
      vertex 17.2193 1.4034 56.4568
    endloop
  endfacet
  facet normal 0.156252 -0.0521708 -0.986338
    outer loop
      vertex 17.2039 0 56.6035
      vertex 14.4384 0 56.1654
      vertex 14.4461 0.705566 56.1293
    endloop
  endfacet
  facet normal 0.156222 -0.0522855 -0.986337
    outer loop
      vertex 17.2039 0 56.6035
      vertex 14.4461 0.705566 56.1293
      vertex 17.2077 0.705566 56.5667
    endloop
  endfacet
  facet normal 0.0522478 0.0521684 -0.997271
    outer loop
      vertex 17.2077 -0.705566 56.5667
      vertex 19 -0.45323 56.6738
      vertex 19 -0.705566 56.6606
    endloop
  endfacet
  facet normal 0.0522296 0.0522953 -0.997265
    outer loop
      vertex 19 -0.45323 56.6738
      vertex 17.2077 -0.705566 56.5667
      vertex 17.2039 0 56.6035
    endloop
  endfacet
  facet normal 0.0522477 0.0523681 -0.99726
    outer loop
      vertex 19 -0.45323 56.6738
      vertex 17.2039 0 56.6035
      vertex 19 0 56.6976
    endloop
  endfacet
  facet normal 0.0516803 0.156295 -0.986357
    outer loop
      vertex 17.2193 -1.4034 56.4568
      vertex 19 -1.15349 56.5897
      vertex 19 -1.4034 56.5501
    endloop
  endfacet
  facet normal 0.0516947 0.1562 -0.986372
    outer loop
      vertex 19 -1.15349 56.5897
      vertex 17.2193 -1.4034 56.4568
      vertex 17.2077 -0.705566 56.5667
    endloop
  endfacet
  facet normal 0.0516774 0.156131 -0.986384
    outer loop
      vertex 19 -1.15349 56.5897
      vertex 17.2077 -0.705566 56.5667
      vertex 19 -0.705566 56.6606
    endloop
  endfacet
  facet normal 0.0505435 0.258635 -0.964652
    outer loop
      vertex 17.2384 -2.08586 56.2749
      vertex 19 -1.84044 56.433
      vertex 19 -2.08586 56.3672
    endloop
  endfacet
  facet normal 0.0505595 0.258536 -0.964678
    outer loop
      vertex 19 -1.84044 56.433
      vertex 17.2384 -2.08586 56.2749
      vertex 17.2193 -1.4034 56.4568
    endloop
  endfacet
  facet normal 0.0505452 0.258479 -0.964694
    outer loop
      vertex 19 -1.84044 56.433
      vertex 17.2193 -1.4034 56.4568
      vertex 19 -1.4034 56.5501
    endloop
  endfacet
  facet normal 0.0488499 0.357988 -0.932447
    outer loop
      vertex 17.2649 -2.74547 56.0231
      vertex 19 -2.50662 56.2057
      vertex 19 -2.74547 56.114
    endloop
  endfacet
  facet normal 0.048861 0.357925 -0.932471
    outer loop
      vertex 19 -2.50662 56.2057
      vertex 17.2649 -2.74547 56.0231
      vertex 17.2384 -2.08586 56.2749
    endloop
  endfacet
  facet normal 0.0488576 0.357912 -0.932476
    outer loop
      vertex 19 -2.50662 56.2057
      vertex 17.2384 -2.08586 56.2749
      vertex 19 -2.08586 56.3672
    endloop
  endfacet
  facet normal 0.0466627 0.453274 -0.890149
    outer loop
      vertex 17.2984 -3.375 55.7041
      vertex 19 -3.14484 55.9105
      vertex 19 -3.375 55.7933
    endloop
  endfacet
  facet normal 0.0466205 0.453489 -0.890042
    outer loop
      vertex 19 -3.14484 55.9105
      vertex 17.2984 -3.375 55.7041
      vertex 17.2649 -2.74547 56.0231
    endloop
  endfacet
  facet normal 0.0466276 0.453516 -0.890028
    outer loop
      vertex 19 -3.14484 55.9105
      vertex 17.2649 -2.74547 56.0231
      vertex 19 -2.74547 56.114
    endloop
  endfacet
  facet normal 0.0439286 0.54402 -0.837921
    outer loop
      vertex 17.3386 -3.96755 55.3214
      vertex 19 -3.74822 55.5509
      vertex 19 -3.96755 55.4085
    endloop
  endfacet
  facet normal 0.043908 0.544114 -0.837862
    outer loop
      vertex 19 -3.74822 55.5509
      vertex 17.3386 -3.96755 55.3214
      vertex 17.2984 -3.375 55.7041
    endloop
  endfacet
  facet normal 0.0439202 0.544158 -0.837832
    outer loop
      vertex 19 -3.74822 55.5509
      vertex 17.2984 -3.375 55.7041
      vertex 19 -3.375 55.7933
    endloop
  endfacet
  facet normal 0.0406755 0.628876 -0.776441
    outer loop
      vertex 17.3851 -4.51663 54.8792
      vertex 19 -4.31032 55.1309
      vertex 19 -4.51663 54.9638
    endloop
  endfacet
  facet normal 0.0406947 0.6288 -0.776502
    outer loop
      vertex 19 -4.31032 55.1309
      vertex 17.3851 -4.51663 54.8792
      vertex 17.3386 -3.96755 55.3214
    endloop
  endfacet
  facet normal 0.0407069 0.62884 -0.776468
    outer loop
      vertex 19 -4.31032 55.1309
      vertex 17.3386 -3.96755 55.3214
      vertex 19 -3.96755 55.4085
    endloop
  endfacet
  facet normal 0.0370297 0.706696 -0.706548
    outer loop
      vertex 17.4373 -5.01623 54.3823
      vertex 19 -4.82517 54.6553
      vertex 19 -5.01623 54.4642
    endloop
  endfacet
  facet normal 0.0370439 0.706647 -0.706596
    outer loop
      vertex 19 -4.82517 54.6553
      vertex 17.4373 -5.01623 54.3823
      vertex 17.3851 -4.51663 54.8792
    endloop
  endfacet
  facet normal 0.0370203 0.706576 -0.706668
    outer loop
      vertex 19 -4.82517 54.6553
      vertex 17.3851 -4.51663 54.8792
      vertex 19 -4.51663 54.9638
    endloop
  endfacet
  facet normal 0.0329218 0.77679 -0.628899
    outer loop
      vertex 17.4947 -5.46086 53.8363
      vertex 19 -5.28736 54.1294
      vertex 19 -5.46086 53.9151
    endloop
  endfacet
  facet normal 0.0329579 0.776687 -0.629023
    outer loop
      vertex 19 -5.28736 54.1294
      vertex 17.4947 -5.46086 53.8363
      vertex 17.4373 -5.01623 54.3823
    endloop
  endfacet
  facet normal 0.0329654 0.776707 -0.628998
    outer loop
      vertex 19 -5.28736 54.1294
      vertex 17.4373 -5.01623 54.3823
      vertex 19 -5.01623 54.4642
    endloop
  endfacet
  facet normal 0.0285543 0.838304 -0.544455
    outer loop
      vertex 17.5566 -5.84567 53.2469
      vertex 19 -5.69207 53.5591
      vertex 19 -5.84567 53.3226
    endloop
  endfacet
  facet normal 0.0285272 0.838366 -0.54436
    outer loop
      vertex 19 -5.69207 53.5591
      vertex 17.5566 -5.84567 53.2469
      vertex 17.4947 -5.46086 53.8363
    endloop
  endfacet
  facet normal 0.0285012 0.838307 -0.544452
    outer loop
      vertex 19 -5.69207 53.5591
      vertex 17.4947 -5.46086 53.8363
      vertex 19 -5.46086 53.9151
    endloop
  endfacet
  facet normal 0.0237924 0.890718 -0.453934
    outer loop
      vertex 17.6225 -6.16643 52.6209
      vertex 19 -6.03515 52.9507
      vertex 19 -6.16643 52.6931
    endloop
  endfacet
  facet normal 0.0237838 0.890733 -0.453904
    outer loop
      vertex 19 -6.03515 52.9507
      vertex 17.6225 -6.16643 52.6209
      vertex 17.5566 -5.84567 53.2469
    endloop
  endfacet
  facet normal 0.0238018 0.890766 -0.453838
    outer loop
      vertex 19 -6.03515 52.9507
      vertex 17.5566 -5.84567 53.2469
      vertex 19 -5.84567 53.3226
    endloop
  endfacet
  facet normal 0.0187841 0.933409 -0.358323
    outer loop
      vertex 17.6914 -6.41963 51.9649
      vertex 19 -6.31314 52.3109
      vertex 19 -6.41963 52.0335
    endloop
  endfacet
  facet normal 0.0187785 0.933416 -0.358304
    outer loop
      vertex 19 -6.31314 52.3109
      vertex 17.6914 -6.41963 51.9649
      vertex 17.6225 -6.16643 52.6209
    endloop
  endfacet
  facet normal 0.0187798 0.933418 -0.358299
    outer loop
      vertex 19 -6.31314 52.3109
      vertex 17.6225 -6.16643 52.6209
      vertex 19 -6.16643 52.6931
    endloop
  endfacet
  facet normal 0.0135543 0.965834 -0.258808
    outer loop
      vertex 17.7627 -6.6025 51.2862
      vertex 19 -6.52329 51.6466
      vertex 19 -6.6025 51.351
    endloop
  endfacet
  facet normal 0.0135554 0.965833 -0.258811
    outer loop
      vertex 19 -6.52329 51.6466
      vertex 17.7627 -6.6025 51.2862
      vertex 17.6914 -6.41963 51.9649
    endloop
  endfacet
  facet normal 0.0135655 0.965843 -0.258773
    outer loop
      vertex 19 -6.52329 51.6466
      vertex 17.6914 -6.41963 51.9649
      vertex 19 -6.41963 52.0335
    endloop
  endfacet
  facet normal 0.00820906 0.987655 -0.156429
    outer loop
      vertex 17.8357 -6.71302 50.5921
      vertex 19 -6.66362 50.9651
      vertex 19 -6.71302 50.6532
    endloop
  endfacet
  facet normal 0.00819977 0.98766 -0.1564
    outer loop
      vertex 19 -6.66362 50.9651
      vertex 17.8357 -6.71302 50.5921
      vertex 17.7627 -6.6025 51.2862
    endloop
  endfacet
  facet normal 0.00819245 0.987655 -0.156428
    outer loop
      vertex 19 -6.66362 50.9651
      vertex 17.7627 -6.6025 51.2862
      vertex 19 -6.6025 51.351
    endloop
  endfacet
  facet normal 0.00273495 0.998635 -0.0521686
    outer loop
      vertex 20 -6.75 50
      vertex 17.9094 -6.75 49.8904
      vertex 19 -6.74863 49.9738
    endloop
  endfacet
  facet normal 0.00274981 0.998624 -0.0523628
    outer loop
      vertex 17.9094 -6.75 49.8904
      vertex 19 -6.73291 50.2736
      vertex 19 -6.74863 49.9738
    endloop
  endfacet
  facet normal 0.00274183 0.998626 -0.0523402
    outer loop
      vertex 19 -6.73291 50.2736
      vertex 17.9094 -6.75 49.8904
      vertex 17.8357 -6.71302 50.5921
    endloop
  endfacet
  facet normal 0.00274592 0.998626 -0.0523253
    outer loop
      vertex 19 -6.73291 50.2736
      vertex 17.8357 -6.71302 50.5921
      vertex 19 -6.71302 50.6532
    endloop
  endfacet
  facet normal -0.00274311 0.998626 0.0523396
    outer loop
      vertex 17.9832 -6.71302 49.1887
      vertex 17.9094 -6.75 49.8904
      vertex 20 -6.71302 49.2944
    endloop
  endfacet
  facet normal -0.00274379 0.998626 0.0523373
    outer loop
      vertex 20 -6.71302 49.2944
      vertex 17.9094 -6.75 49.8904
      vertex 20 -6.75 50
    endloop
  endfacet
  facet normal -0.00819979 0.987656 0.156424
    outer loop
      vertex 18.0561 -6.6025 48.4947
      vertex 17.9832 -6.71302 49.1887
      vertex 20 -6.6025 48.5966
    endloop
  endfacet
  facet normal -0.00819837 0.987655 0.156428
    outer loop
      vertex 20 -6.6025 48.5966
      vertex 17.9832 -6.71302 49.1887
      vertex 20 -6.71302 49.2944
    endloop
  endfacet
  facet normal -0.013559 0.965833 0.258809
    outer loop
      vertex 18.1275 -6.41963 47.816
      vertex 18.0561 -6.6025 48.4947
      vertex 20 -6.41963 47.9141
    endloop
  endfacet
  facet normal -0.0135658 0.965839 0.258788
    outer loop
      vertex 20 -6.41963 47.9141
      vertex 18.0561 -6.6025 48.4947
      vertex 20 -6.6025 48.5966
    endloop
  endfacet
  facet normal -0.0187734 0.933416 0.358304
    outer loop
      vertex 18.1964 -6.16643 47.16
      vertex 18.1275 -6.41963 47.816
      vertex 20 -6.16643 47.2545
    endloop
  endfacet
  facet normal -0.0187717 0.933414 0.358309
    outer loop
      vertex 20 -6.16643 47.2545
      vertex 18.1275 -6.41963 47.816
      vertex 20 -6.41963 47.9141
    endloop
  endfacet
  facet normal -0.023792 0.890761 0.453849
    outer loop
      vertex 18.2622 -5.84567 46.5339
      vertex 18.1964 -6.16643 47.16
      vertex 20 -5.84567 46.625
    endloop
  endfacet
  facet normal -0.023781 0.890747 0.453878
    outer loop
      vertex 20 -5.84567 46.625
      vertex 18.1964 -6.16643 47.16
      vertex 20 -6.16643 47.2545
    endloop
  endfacet
  facet normal -0.0285238 0.838326 0.544422
    outer loop
      vertex 18.3242 -5.46086 45.9446
      vertex 18.2622 -5.84567 46.5339
      vertex 20 -5.46086 46.0324
    endloop
  endfacet
  facet normal -0.0285383 0.838348 0.544388
    outer loop
      vertex 20 -5.46086 46.0324
      vertex 18.2622 -5.84567 46.5339
      vertex 20 -5.84567 46.625
    endloop
  endfacet
  facet normal -0.0329924 0.776742 0.628955
    outer loop
      vertex 18.3815 -5.01623 45.3985
      vertex 18.3242 -5.46086 45.9446
      vertex 20 -5.01623 45.4834
    endloop
  endfacet
  facet normal -0.0329566 0.776683 0.629029
    outer loop
      vertex 20 -5.01623 45.4834
      vertex 18.3242 -5.46086 45.9446
      vertex 20 -5.46086 46.0324
    endloop
  endfacet
  facet normal -0.0370432 0.70658 0.706663
    outer loop
      vertex 18.4338 -4.51663 44.9017
      vertex 18.3815 -5.01623 45.3985
      vertex 20 -4.51663 44.9838
    endloop
  endfacet
  facet normal -0.0370665 0.706621 0.706621
    outer loop
      vertex 20 -4.51663 44.9838
      vertex 18.3815 -5.01623 45.3985
      vertex 20 -5.01623 45.4834
    endloop
  endfacet
  facet normal -0.0406698 0.628795 0.776507
    outer loop
      vertex 18.4802 -3.96755 44.4595
      vertex 18.4338 -4.51663 44.9017
      vertex 20 -3.96755 44.5391
    endloop
  endfacet
  facet normal -0.0407018 0.628853 0.776458
    outer loop
      vertex 20 -3.96755 44.5391
      vertex 18.4338 -4.51663 44.9017
      vertex 20 -4.51663 44.9838
    endloop
  endfacet
  facet normal -0.0438892 0.544119 0.837859
    outer loop
      vertex 18.5205 -3.375 44.0768
      vertex 18.4802 -3.96755 44.4595
      vertex 20 -3.375 44.1543
    endloop
  endfacet
  facet normal -0.0438835 0.544108 0.837867
    outer loop
      vertex 20 -3.375 44.1543
      vertex 18.4802 -3.96755 44.4595
      vertex 20 -3.96755 44.5391
    endloop
  endfacet
  facet normal -0.0466563 0.45349 0.890039
    outer loop
      vertex 18.554 -2.74547 43.7578
      vertex 18.5205 -3.375 44.0768
      vertex 20 -2.74547 43.8336
    endloop
  endfacet
  facet normal -0.0466243 0.453428 0.890073
    outer loop
      vertex 20 -2.74547 43.8336
      vertex 18.5205 -3.375 44.0768
      vertex 20 -3.375 44.1543
    endloop
  endfacet
  facet normal -0.0488734 0.357925 0.93247
    outer loop
      vertex 18.5805 -2.08586 43.506
      vertex 18.554 -2.74547 43.7578
      vertex 20 -2.08586 43.5804
    endloop
  endfacet
  facet normal -0.0488802 0.357939 0.932465
    outer loop
      vertex 20 -2.08586 43.5804
      vertex 18.554 -2.74547 43.7578
      vertex 20 -2.74547 43.8336
    endloop
  endfacet
  facet normal -0.0505622 0.258536 0.964677
    outer loop
      vertex 18.5996 -1.4034 43.3241
      vertex 18.5805 -2.08586 43.506
      vertex 20 -1.4034 43.3975
    endloop
  endfacet
  facet normal -0.0505615 0.258535 0.964678
    outer loop
      vertex 20 -1.4034 43.3975
      vertex 18.5805 -2.08586 43.506
      vertex 20 -2.08586 43.5804
    endloop
  endfacet
  facet normal -0.0517013 0.156193 0.986372
    outer loop
      vertex 18.6111 -0.705566 43.2142
      vertex 18.5996 -1.4034 43.3241
      vertex 20 -0.705566 43.287
    endloop
  endfacet
  facet normal -0.0516994 0.156189 0.986373
    outer loop
      vertex 20 -0.705566 43.287
      vertex 18.5996 -1.4034 43.3241
      vertex 20 -1.4034 43.3975
    endloop
  endfacet
  facet normal -0.0522753 0.0523029 0.997262
    outer loop
      vertex 18.615 0 43.1774
      vertex 18.6111 -0.705566 43.2142
      vertex 20 0 43.25
    endloop
  endfacet
  facet normal -0.0522721 0.0522966 0.997263
    outer loop
      vertex 20 0 43.25
      vertex 18.6111 -0.705566 43.2142
      vertex 20 -0.705566 43.287
    endloop
  endfacet
  facet normal -0.0522721 -0.0523029 0.997262
    outer loop
      vertex 20 0.705566 43.287
      vertex 18.6111 0.705566 43.2142
      vertex 18.615 0 43.1774
    endloop
  endfacet
  facet normal -0.0522753 -0.0522966 0.997262
    outer loop
      vertex 20 0.705566 43.287
      vertex 18.615 0 43.1774
      vertex 20 0 43.25
    endloop
  endfacet
  facet normal -0.0516993 -0.156193 0.986373
    outer loop
      vertex 20 1.4034 43.3975
      vertex 18.5996 1.4034 43.3241
      vertex 18.6111 0.705566 43.2142
    endloop
  endfacet
  facet normal -0.0517013 -0.156189 0.986373
    outer loop
      vertex 20 1.4034 43.3975
      vertex 18.6111 0.705566 43.2142
      vertex 20 0.705566 43.287
    endloop
  endfacet
  facet normal -0.0505615 -0.258536 0.964677
    outer loop
      vertex 20 2.08586 43.5804
      vertex 18.5805 2.08586 43.506
      vertex 18.5996 1.4034 43.3241
    endloop
  endfacet
  facet normal -0.0505622 -0.258535 0.964678
    outer loop
      vertex 20 2.08586 43.5804
      vertex 18.5996 1.4034 43.3241
      vertex 20 1.4034 43.3975
    endloop
  endfacet
  facet normal -0.0488805 -0.357926 0.93247
    outer loop
      vertex 20 2.74547 43.8336
      vertex 18.554 2.74547 43.7578
      vertex 18.5805 2.08586 43.506
    endloop
  endfacet
  facet normal -0.0488731 -0.357939 0.932465
    outer loop
      vertex 20 2.74547 43.8336
      vertex 18.5805 2.08586 43.506
      vertex 20 2.08586 43.5804
    endloop
  endfacet
  facet normal -0.0466227 -0.453489 0.890041
    outer loop
      vertex 20 3.375 44.1543
      vertex 18.5205 3.375 44.0768
      vertex 18.554 2.74547 43.7578
    endloop
  endfacet
  facet normal -0.046658 -0.453427 0.890071
    outer loop
      vertex 20 3.375 44.1543
      vertex 18.554 2.74547 43.7578
      vertex 20 2.74547 43.8336
    endloop
  endfacet
  facet normal -0.0438832 -0.544119 0.83786
    outer loop
      vertex 20 3.96755 44.5391
      vertex 18.4802 3.96755 44.4595
      vertex 18.5205 3.375 44.0768
    endloop
  endfacet
  facet normal -0.0438896 -0.544108 0.837867
    outer loop
      vertex 20 3.96755 44.5391
      vertex 18.5205 3.375 44.0768
      vertex 20 3.375 44.1543
    endloop
  endfacet
  facet normal -0.0407043 -0.628795 0.776505
    outer loop
      vertex 20 4.51663 44.9838
      vertex 18.4338 4.51663 44.9017
      vertex 18.4802 3.96755 44.4595
    endloop
  endfacet
  facet normal -0.0406673 -0.628854 0.776459
    outer loop
      vertex 20 4.51663 44.9838
      vertex 18.4802 3.96755 44.4595
      vertex 20 3.96755 44.5391
    endloop
  endfacet
  facet normal -0.0370686 -0.706581 0.706661
    outer loop
      vertex 20 5.01623 45.4834
      vertex 18.3815 5.01623 45.3985
      vertex 18.4338 4.51663 44.9017
    endloop
  endfacet
  facet normal -0.037041 -0.706622 0.706622
    outer loop
      vertex 20 5.01623 45.4834
      vertex 18.4338 4.51663 44.9017
      vertex 20 4.51663 44.9838
    endloop
  endfacet
  facet normal -0.0329529 -0.776741 0.628958
    outer loop
      vertex 20 5.46086 46.0324
      vertex 18.3242 5.46086 45.9446
      vertex 18.3815 5.01623 45.3985
    endloop
  endfacet
  facet normal -0.0329963 -0.776682 0.629028
    outer loop
      vertex 20 5.46086 46.0324
      vertex 18.3815 5.01623 45.3985
      vertex 20 5.01623 45.4834
    endloop
  endfacet
  facet normal -0.0285399 -0.838327 0.544421
    outer loop
      vertex 20 5.84567 46.625
      vertex 18.2622 5.84567 46.5339
      vertex 18.3242 5.46086 45.9446
    endloop
  endfacet
  facet normal -0.0285221 -0.838348 0.544389
    outer loop
      vertex 20 5.84567 46.625
      vertex 18.3242 5.46086 45.9446
      vertex 20 5.46086 46.0324
    endloop
  endfacet
  facet normal -0.0237796 -0.890761 0.45385
    outer loop
      vertex 20 6.16643 47.2545
      vertex 18.1964 6.16643 47.16
      vertex 18.2622 5.84567 46.5339
    endloop
  endfacet
  facet normal -0.0237934 -0.890746 0.453877
    outer loop
      vertex 20 6.16643 47.2545
      vertex 18.2622 5.84567 46.5339
      vertex 20 5.84567 46.625
    endloop
  endfacet
  facet normal -0.0187715 -0.933416 0.358304
    outer loop
      vertex 20 6.41963 47.9141
      vertex 18.1275 6.41963 47.816
      vertex 18.1964 6.16643 47.16
    endloop
  endfacet
  facet normal -0.0187737 -0.933414 0.358309
    outer loop
      vertex 20 6.41963 47.9141
      vertex 18.1964 6.16643 47.16
      vertex 20 6.16643 47.2545
    endloop
  endfacet
  facet normal -0.0135668 -0.965833 0.258808
    outer loop
      vertex 20 6.6025 48.5966
      vertex 18.0561 6.6025 48.4947
      vertex 18.1275 6.41963 47.816
    endloop
  endfacet
  facet normal -0.0135579 -0.965839 0.258788
    outer loop
      vertex 20 6.6025 48.5966
      vertex 18.1275 6.41963 47.816
      vertex 20 6.41963 47.9141
    endloop
  endfacet
  facet normal -0.00819813 -0.987656 0.156424
    outer loop
      vertex 20 6.71302 49.2944
      vertex 17.9832 6.71302 49.1887
      vertex 18.0561 6.6025 48.4947
    endloop
  endfacet
  facet normal -0.00820003 -0.987655 0.156428
    outer loop
      vertex 20 6.71302 49.2944
      vertex 18.0561 6.6025 48.4947
      vertex 20 6.6025 48.5966
    endloop
  endfacet
  facet normal -0.00274391 -0.998626 0.0523396
    outer loop
      vertex 20 6.75 50
      vertex 17.9094 6.75 49.8904
      vertex 17.9832 6.71302 49.1887
    endloop
  endfacet
  facet normal -0.00274298 -0.998626 0.0523373
    outer loop
      vertex 20 6.75 50
      vertex 17.9832 6.71302 49.1887
      vertex 20 6.71302 49.2944
    endloop
  endfacet
  facet normal 0.00274684 -0.998625 -0.0523428
    outer loop
      vertex 17.8357 6.71302 50.5921
      vertex 19 6.73071 50.3157
      vertex 19 6.71302 50.6532
    endloop
  endfacet
  facet normal 0.0027476 -0.998626 -0.0523396
    outer loop
      vertex 19 6.73071 50.3157
      vertex 17.8357 6.71302 50.5921
      vertex 17.9094 6.75 49.8904
    endloop
  endfacet
  facet normal 0.00274814 -0.998625 -0.0523409
    outer loop
      vertex 19 6.73071 50.3157
      vertex 17.9094 6.75 49.8904
      vertex 19 6.74863 49.9738
    endloop
  endfacet
  facet normal 0.00273495 -0.998635 -0.0521686
    outer loop
      vertex 20 6.75 50
      vertex 19 6.74863 49.9738
      vertex 17.9094 6.75 49.8904
    endloop
  endfacet
  facet normal 0.00819203 -0.987657 -0.15642
    outer loop
      vertex 17.7627 6.6025 51.2862
      vertex 19 6.65356 51.0286
      vertex 19 6.6025 51.351
    endloop
  endfacet
  facet normal 0.00819611 -0.98766 -0.156401
    outer loop
      vertex 19 6.65356 51.0286
      vertex 17.7627 6.6025 51.2862
      vertex 17.8357 6.71302 50.5921
    endloop
  endfacet
  facet normal 0.00820941 -0.987654 -0.156436
    outer loop
      vertex 19 6.65356 51.0286
      vertex 17.8357 6.71302 50.5921
      vertex 19 6.71302 50.6532
    endloop
  endfacet
  facet normal 0.0135649 -0.965846 -0.258762
    outer loop
      vertex 17.6914 6.41963 51.9649
      vertex 19 6.50137 51.7284
      vertex 19 6.41963 52.0335
    endloop
  endfacet
  facet normal 0.0135551 -0.965833 -0.258811
    outer loop
      vertex 19 6.50137 51.7284
      vertex 17.6914 6.41963 51.9649
      vertex 17.7627 6.6025 51.2862
    endloop
  endfacet
  facet normal 0.0135544 -0.965833 -0.25881
    outer loop
      vertex 19 6.50137 51.7284
      vertex 17.7627 6.6025 51.2862
      vertex 19 6.6025 51.351
    endloop
  endfacet
  facet normal 0.0187759 -0.933447 -0.358224
    outer loop
      vertex 17.6225 6.16643 52.6209
      vertex 19 6.27611 52.4073
      vertex 19 6.16643 52.6931
    endloop
  endfacet
  facet normal 0.0187608 -0.933416 -0.358305
    outer loop
      vertex 19 6.27611 52.4073
      vertex 17.6225 6.16643 52.6209
      vertex 17.6914 6.41963 51.9649
    endloop
  endfacet
  facet normal 0.0187868 -0.933389 -0.358374
    outer loop
      vertex 19 6.27611 52.4073
      vertex 17.6914 6.41963 51.9649
      vertex 19 6.41963 52.0335
    endloop
  endfacet
  facet normal 0.0238013 -0.890771 -0.453829
    outer loop
      vertex 17.5566 5.84567 53.2469
      vertex 19 5.98058 53.0578
      vertex 19 5.84567 53.3226
    endloop
  endfacet
  facet normal 0.023788 -0.890733 -0.453904
    outer loop
      vertex 19 5.98058 53.0578
      vertex 17.5566 5.84567 53.2469
      vertex 17.6225 6.16643 52.6209
    endloop
  endfacet
  facet normal 0.0237913 -0.890729 -0.453913
    outer loop
      vertex 19 5.98058 53.0578
      vertex 17.6225 6.16643 52.6209
      vertex 19 6.16643 52.6931
    endloop
  endfacet
  facet normal 0.0285018 -0.8383 -0.544463
    outer loop
      vertex 17.4947 5.46086 53.8363
      vertex 19 5.61836 53.6726
      vertex 19 5.46086 53.9151
    endloop
  endfacet
  facet normal 0.0285198 -0.838366 -0.544361
    outer loop
      vertex 19 5.61836 53.6726
      vertex 17.4947 5.46086 53.8363
      vertex 17.5566 5.84567 53.2469
    endloop
  endfacet
  facet normal 0.0285538 -0.83831 -0.544446
    outer loop
      vertex 19 5.61836 53.6726
      vertex 17.5566 5.84567 53.2469
      vertex 19 5.84567 53.3226
    endloop
  endfacet
  facet normal 0.0329706 -0.776626 -0.629099
    outer loop
      vertex 17.4373 5.01623 54.3823
      vertex 19 5.19371 54.2451
      vertex 19 5.01623 54.4642
    endloop
  endfacet
  facet normal 0.0329845 -0.776688 -0.629021
    outer loop
      vertex 19 5.19371 54.2451
      vertex 17.4373 5.01623 54.3823
      vertex 17.4947 5.46086 53.8363
    endloop
  endfacet
  facet normal 0.0329202 -0.776815 -0.628867
    outer loop
      vertex 19 5.19371 54.2451
      vertex 17.4947 5.46086 53.8363
      vertex 19 5.46086 53.9151
    endloop
  endfacet
  facet normal 0.0370227 -0.706531 -0.706713
    outer loop
      vertex 17.3851 4.51663 54.8792
      vertex 19 4.71158 54.7689
      vertex 19 4.51663 54.9638
    endloop
  endfacet
  facet normal 0.0370447 -0.706647 -0.706595
    outer loop
      vertex 19 4.71158 54.7689
      vertex 17.3851 4.51663 54.8792
      vertex 17.4373 5.01623 54.3823
    endloop
  endfacet
  facet normal 0.0370305 -0.70668 -0.706564
    outer loop
      vertex 19 4.71158 54.7689
      vertex 17.4373 5.01623 54.3823
      vertex 19 5.01623 54.4642
    endloop
  endfacet
  facet normal 0.0407028 -0.628936 -0.776391
    outer loop
      vertex 17.3386 3.96755 55.3214
      vertex 19 4.17753 55.2384
      vertex 19 3.96755 55.4085
    endloop
  endfacet
  facet normal 0.0406799 -0.628799 -0.776503
    outer loop
      vertex 19 4.17753 55.2384
      vertex 17.3386 3.96755 55.3214
      vertex 17.3851 4.51663 54.8792
    endloop
  endfacet
  facet normal 0.0406786 -0.628803 -0.7765
    outer loop
      vertex 19 4.17753 55.2384
      vertex 17.3851 4.51663 54.8792
      vertex 19 4.51663 54.9638
    endloop
  endfacet
  facet normal 0.0439209 -0.544138 -0.837845
    outer loop
      vertex 17.2984 3.375 55.7041
      vertex 19 3.59765 55.6487
      vertex 19 3.375 55.7933
    endloop
  endfacet
  facet normal 0.0439172 -0.544114 -0.837861
    outer loop
      vertex 19 3.59765 55.6487
      vertex 17.2984 3.375 55.7041
      vertex 17.3386 3.96755 55.3214
    endloop
  endfacet
  facet normal 0.0439263 -0.544088 -0.837877
    outer loop
      vertex 19 3.59765 55.6487
      vertex 17.3386 3.96755 55.3214
      vertex 19 3.96755 55.4085
    endloop
  endfacet
  facet normal 0.0466305 -0.453407 -0.890083
    outer loop
      vertex 17.2649 2.74547 56.0231
      vertex 19 2.97849 55.9953
      vertex 19 2.74547 56.114
    endloop
  endfacet
  facet normal 0.0466423 -0.45349 -0.89004
    outer loop
      vertex 19 2.97849 55.9953
      vertex 17.2649 2.74547 56.0231
      vertex 17.2984 3.375 55.7041
    endloop
  endfacet
  facet normal 0.0466583 -0.453439 -0.890065
    outer loop
      vertex 19 2.97849 55.9953
      vertex 17.2984 3.375 55.7041
      vertex 19 3.375 55.7933
    endloop
  endfacet
  facet normal 0.048862 -0.357695 -0.932559
    outer loop
      vertex 17.2384 2.08586 56.2749
      vertex 19 2.32702 56.2747
      vertex 19 2.08586 56.3672
    endloop
  endfacet
  facet normal 0.0488935 -0.357926 -0.932469
    outer loop
      vertex 19 2.32702 56.2747
      vertex 17.2384 2.08586 56.2749
      vertex 17.2649 2.74547 56.0231
    endloop
  endfacet
  facet normal 0.0488481 -0.35808 -0.932412
    outer loop
      vertex 19 2.32702 56.2747
      vertex 17.2649 2.74547 56.0231
      vertex 19 2.74547 56.114
    endloop
  endfacet
  facet normal 0.050546 -0.258422 -0.964709
    outer loop
      vertex 17.2193 1.4034 56.4568
      vertex 19 1.65053 56.4839
      vertex 19 1.4034 56.5501
    endloop
  endfacet
  facet normal 0.0505615 -0.258536 -0.964677
    outer loop
      vertex 19 1.65053 56.4839
      vertex 17.2193 1.4034 56.4568
      vertex 17.2384 2.08586 56.2749
    endloop
  endfacet
  facet normal 0.050544 -0.258599 -0.964661
    outer loop
      vertex 19 1.65053 56.4839
      vertex 17.2384 2.08586 56.2749
      vertex 19 2.08586 56.3672
    endloop
  endfacet
  facet normal 0.0516781 -0.156043 -0.986397
    outer loop
      vertex 17.2077 0.705566 56.5667
      vertex 19 0.956522 56.6209
      vertex 19 0.705566 56.6606
    endloop
  endfacet
  facet normal 0.0516994 -0.1562 -0.986371
    outer loop
      vertex 19 0.956522 56.6209
      vertex 17.2077 0.705566 56.5667
      vertex 17.2193 1.4034 56.4568
    endloop
  endfacet
  facet normal 0.0516805 -0.156272 -0.986361
    outer loop
      vertex 19 0.956522 56.6209
      vertex 17.2193 1.4034 56.4568
      vertex 19 1.4034 56.5501
    endloop
  endfacet
  facet normal 0.0522474 -0.0524899 -0.997254
    outer loop
      vertex 17.2039 0 56.6035
      vertex 19 0.252686 56.6843
      vertex 19 0 56.6976
    endloop
  endfacet
  facet normal 0.0522206 -0.0522953 -0.997265
    outer loop
      vertex 19 0.252686 56.6843
      vertex 17.2039 0 56.6035
      vertex 17.2077 0.705566 56.5667
    endloop
  endfacet
  facet normal 0.0522477 -0.0521889 -0.99727
    outer loop
      vertex 19 0.252686 56.6843
      vertex 17.2077 0.705566 56.5667
      vertex 19 0.705566 56.6606
    endloop
  endfacet
  facet normal 0.0522104 0.998632 0.00273625
    outer loop
      vertex 0.0262041 -6.74863 29
      vertex 0 -6.75 30
      vertex 0.0524082 -6.75 29
    endloop
  endfacet
  facet normal -0.0523426 0.998625 -0.00274322
    outer loop
      vertex 0.757976 -6.71302 29
      vertex 0.420475 -6.73071 29
      vertex 0.705567 -6.71302 30
    endloop
  endfacet
  facet normal -0.0523397 0.998626 -0.00274405
    outer loop
      vertex 0.420475 -6.73071 29
      vertex 0 -6.75 30
      vertex 0.705567 -6.71302 30
    endloop
  endfacet
  facet normal -0.0523369 0.998626 -0.00274288
    outer loop
      vertex 0 -6.75 30
      vertex 0.420475 -6.73071 29
      vertex 0.0524082 -6.75 29
    endloop
  endfacet
  facet normal -0.156422 0.987656 -0.00819808
    outer loop
      vertex 1.45581 -6.6025 29
      vertex 1.1098 -6.6573 29
      vertex 1.4034 -6.6025 30
    endloop
  endfacet
  facet normal -0.156421 0.987656 -0.00819834
    outer loop
      vertex 1.1098 -6.6573 29
      vertex 0.705567 -6.71302 30
      vertex 1.4034 -6.6025 30
    endloop
  endfacet
  facet normal -0.15642 0.987657 -0.0081978
    outer loop
      vertex 0.705567 -6.71302 30
      vertex 1.1098 -6.6573 29
      vertex 0.757976 -6.71302 29
    endloop
  endfacet
  facet normal -0.258791 0.965838 -0.0135607
    outer loop
      vertex 2.13827 -6.41963 29
      vertex 1.78719 -6.5137 29
      vertex 2.08587 -6.41963 30
    endloop
  endfacet
  facet normal -0.258799 0.965836 -0.0135582
    outer loop
      vertex 1.78719 -6.5137 29
      vertex 1.4034 -6.6025 30
      vertex 2.08587 -6.41963 30
    endloop
  endfacet
  facet normal -0.258814 0.965832 -0.0135645
    outer loop
      vertex 1.4034 -6.6025 30
      vertex 1.78719 -6.5137 29
      vertex 1.45581 -6.6025 29
    endloop
  endfacet
  facet normal -0.358314 0.933412 -0.0187792
    outer loop
      vertex 2.79788 -6.16643 29
      vertex 2.44563 -6.30165 29
      vertex 2.74547 -6.16643 30
    endloop
  endfacet
  facet normal -0.358309 0.933414 -0.018781
    outer loop
      vertex 2.44563 -6.30165 29
      vertex 2.08587 -6.41963 30
      vertex 2.74547 -6.16643 30
    endloop
  endfacet
  facet normal -0.358293 0.93342 -0.0187746
    outer loop
      vertex 2.08587 -6.41963 30
      vertex 2.44563 -6.30165 29
      vertex 2.13827 -6.41963 29
    endloop
  endfacet
  facet normal -0.453873 0.890749 -0.0237875
    outer loop
      vertex 3.42741 -5.84567 29
      vertex 3.07837 -6.02352 29
      vertex 3.375 -5.84567 30
    endloop
  endfacet
  facet normal -0.45386 0.890755 -0.0237922
    outer loop
      vertex 3.07837 -6.02352 29
      vertex 2.74547 -6.16643 30
      vertex 3.375 -5.84567 30
    endloop
  endfacet
  facet normal -0.453845 0.890763 -0.023786
    outer loop
      vertex 2.74547 -6.16643 30
      vertex 3.07837 -6.02352 29
      vertex 2.79788 -6.16643 29
    endloop
  endfacet
  facet normal -0.544426 0.838323 -0.0285334
    outer loop
      vertex 4.01996 -5.46086 29
      vertex 3.67898 -5.6823 29
      vertex 3.96755 -5.46086 30
    endloop
  endfacet
  facet normal -0.544421 0.838327 -0.0285356
    outer loop
      vertex 3.67898 -5.6823 29
      vertex 3.375 -5.84567 30
      vertex 3.96755 -5.46086 30
    endloop
  endfacet
  facet normal -0.544414 0.838331 -0.0285327
    outer loop
      vertex 3.375 -5.84567 30
      vertex 3.67898 -5.6823 29
      vertex 3.42741 -5.84567 29
    endloop
  endfacet
  facet normal -0.628982 0.776721 -0.0329649
    outer loop
      vertex 4.56904 -5.01623 29
      vertex 4.2414 -5.28155 29
      vertex 4.51663 -5.01623 30
    endloop
  endfacet
  facet normal -0.628973 0.776728 -0.0329692
    outer loop
      vertex 4.2414 -5.28155 29
      vertex 3.96755 -5.46086 30
      vertex 4.51663 -5.01623 30
    endloop
  endfacet
  facet normal -0.62896 0.776738 -0.0329638
    outer loop
      vertex 3.96755 -5.46086 30
      vertex 4.2414 -5.28155 29
      vertex 4.01996 -5.46086 29
    endloop
  endfacet
  facet normal -0.706622 0.706622 -0.037034
    outer loop
      vertex 5.06864 -4.51663 29
      vertex 4.75995 -4.82532 29
      vertex 5.01623 -4.51663 30
    endloop
  endfacet
  facet normal -0.706622 0.706622 -0.037034
    outer loop
      vertex 4.51663 -5.01623 30
      vertex 4.75995 -4.82532 29
      vertex 4.56904 -5.01623 29
    endloop
  endfacet
  facet normal -0.706622 0.706622 -0.037034
    outer loop
      vertex 4.75995 -4.82532 29
      vertex 4.51663 -5.01623 30
      vertex 5.01623 -4.51663 30
    endloop
  endfacet
  facet normal -0.776507 0.628794 -0.040689
    outer loop
      vertex 5.51327 -3.96755 29
      vertex 5.22938 -4.31813 29
      vertex 5.46087 -3.96755 30
    endloop
  endfacet
  facet normal -0.776506 0.628794 -0.0406967
    outer loop
      vertex 5.01623 -4.51663 30
      vertex 5.22938 -4.31813 29
      vertex 5.06864 -4.51663 29
    endloop
  endfacet
  facet normal -0.7765 0.628802 -0.0406936
    outer loop
      vertex 5.22938 -4.31813 29
      vertex 5.01623 -4.51663 30
      vertex 5.46087 -3.96755 30
    endloop
  endfacet
  facet normal -0.837866 0.544108 -0.0439125
    outer loop
      vertex 5.89808 -3.375 29
      vertex 5.64488 -3.7649 29
      vertex 5.84567 -3.375 30
    endloop
  endfacet
  facet normal -0.837848 0.544136 -0.0439032
    outer loop
      vertex 5.46087 -3.96755 30
      vertex 5.64488 -3.7649 29
      vertex 5.51327 -3.96755 29
    endloop
  endfacet
  facet normal -0.837866 0.544107 -0.0439123
    outer loop
      vertex 5.64488 -3.7649 29
      vertex 5.46087 -3.96755 30
      vertex 5.84567 -3.375 30
    endloop
  endfacet
  facet normal -0.890035 0.4535 -0.0466467
    outer loop
      vertex 6.21884 -2.74547 29
      vertex 6.00204 -3.17096 29
      vertex 6.16643 -2.74547 30
    endloop
  endfacet
  facet normal -0.890043 0.453484 -0.0466471
    outer loop
      vertex 5.84567 -3.375 30
      vertex 6.00204 -3.17096 29
      vertex 5.89808 -3.375 29
    endloop
  endfacet
  facet normal -0.890038 0.453495 -0.0466441
    outer loop
      vertex 6.00204 -3.17096 29
      vertex 5.84567 -3.375 30
      vertex 6.16643 -2.74547 30
    endloop
  endfacet
  facet normal -0.932467 0.357934 -0.0488706
    outer loop
      vertex 6.47204 -2.08586 29
      vertex 6.29694 -2.54202 29
      vertex 6.41963 -2.08586 30
    endloop
  endfacet
  facet normal -0.932461 0.357951 -0.0488703
    outer loop
      vertex 6.16643 -2.74547 30
      vertex 6.29694 -2.54202 29
      vertex 6.21884 -2.74547 29
    endloop
  endfacet
  facet normal -0.932465 0.357939 -0.0488733
    outer loop
      vertex 6.29694 -2.54202 29
      vertex 6.16643 -2.74547 30
      vertex 6.41963 -2.08586 30
    endloop
  endfacet
  facet normal -0.964692 0.258485 -0.0505499
    outer loop
      vertex 6.6549 -1.4034 29
      vertex 6.52608 -1.88417 29
      vertex 6.6025 -1.4034 30
    endloop
  endfacet
  facet normal -0.964694 0.258476 -0.0505596
    outer loop
      vertex 6.41963 -2.08586 30
      vertex 6.52608 -1.88417 29
      vertex 6.47204 -2.08586 29
    endloop
  endfacet
  facet normal -0.964689 0.258495 -0.0505552
    outer loop
      vertex 6.52608 -1.88417 29
      vertex 6.41963 -2.08586 30
      vertex 6.6025 -1.4034 30
    endloop
  endfacet
  facet normal -0.986369 0.156218 -0.0516956
    outer loop
      vertex 6.76543 -0.705566 29
      vertex 6.68651 -1.20387 29
      vertex 6.71302 -0.705566 30
    endloop
  endfacet
  facet normal -0.986362 0.156262 -0.0516854
    outer loop
      vertex 6.6025 -1.4034 30
      vertex 6.68651 -1.20387 29
      vertex 6.6549 -1.4034 29
    endloop
  endfacet
  facet normal -0.986369 0.156217 -0.0516949
    outer loop
      vertex 6.68651 -1.20387 29
      vertex 6.6025 -1.4034 30
      vertex 6.71302 -0.705566 30
    endloop
  endfacet
  facet normal -0.997264 0.0522762 -0.0522666
    outer loop
      vertex 6.77578 -0.508016 29
      vertex 6.75 0 30
      vertex 6.80241 0 29
    endloop
  endfacet
  facet normal -0.997265 0.0522485 -0.0522667
    outer loop
      vertex 6.71302 -0.705566 30
      vertex 6.77578 -0.508016 29
      vertex 6.76543 -0.705566 29
    endloop
  endfacet
  facet normal -0.997265 0.0522685 -0.0522627
    outer loop
      vertex 6.77578 -0.508016 29
      vertex 6.71302 -0.705566 30
      vertex 6.75 0 30
    endloop
  endfacet
  facet normal -0.997264 -0.0522678 -0.0522666
    outer loop
      vertex 6.79213 0.196133 29
      vertex 6.71302 0.705566 30
      vertex 6.76543 0.705566 29
    endloop
  endfacet
  facet normal -0.997264 -0.05227 -0.0522666
    outer loop
      vertex 6.75 0 30
      vertex 6.79213 0.196133 29
      vertex 6.80241 0 29
    endloop
  endfacet
  facet normal -0.997264 -0.0522684 -0.0522663
    outer loop
      vertex 6.79213 0.196133 29
      vertex 6.75 0 30
      vertex 6.71302 0.705566 30
    endloop
  endfacet
  facet normal -0.986368 -0.156226 -0.0516857
    outer loop
      vertex 6.73448 0.900953 29
      vertex 6.6025 1.4034 30
      vertex 6.6549 1.4034 29
    endloop
  endfacet
  facet normal -0.986365 -0.156244 -0.0516954
    outer loop
      vertex 6.71302 0.705566 30
      vertex 6.73448 0.900953 29
      vertex 6.76543 0.705566 29
    endloop
  endfacet
  facet normal -0.986369 -0.156217 -0.0516903
    outer loop
      vertex 6.73448 0.900953 29
      vertex 6.71302 0.705566 30
      vertex 6.6025 1.4034 30
    endloop
  endfacet
  facet normal -0.964689 -0.258494 -0.0505593
    outer loop
      vertex 6.60262 1.59854 29
      vertex 6.41963 2.08586 30
      vertex 6.47204 2.08586 29
    endloop
  endfacet
  facet normal -0.9647 -0.258453 -0.0505503
    outer loop
      vertex 6.6025 1.4034 30
      vertex 6.60262 1.59854 29
      vertex 6.6549 1.4034 29
    endloop
  endfacet
  facet normal -0.964689 -0.258495 -0.0505585
    outer loop
      vertex 6.60262 1.59854 29
      vertex 6.6025 1.4034 30
      vertex 6.41963 2.08586 30
    endloop
  endfacet
  facet normal -0.932462 -0.357946 -0.0488704
    outer loop
      vertex 6.39721 2.28081 29
      vertex 6.16643 2.74547 30
      vertex 6.21884 2.74547 29
    endloop
  endfacet
  facet normal -0.932472 -0.357922 -0.0488708
    outer loop
      vertex 6.41963 2.08586 30
      vertex 6.39721 2.28081 29
      vertex 6.47204 2.08586 29
    endloop
  endfacet
  facet normal -0.932465 -0.357939 -0.0488743
    outer loop
      vertex 6.39721 2.28081 29
      vertex 6.41963 2.08586 30
      vertex 6.16643 2.74547 30
    endloop
  endfacet
  facet normal -0.890034 -0.453501 -0.0466467
    outer loop
      vertex 6.11991 2.93964 29
      vertex 5.84567 3.375 30
      vertex 5.89808 3.375 29
    endloop
  endfacet
  facet normal -0.890045 -0.45348 -0.0466473
    outer loop
      vertex 6.16643 2.74547 30
      vertex 6.11991 2.93964 29
      vertex 6.21884 2.74547 29
    endloop
  endfacet
  facet normal -0.890037 -0.453494 -0.0466505
    outer loop
      vertex 6.11991 2.93964 29
      vertex 6.16643 2.74547 30
      vertex 5.84567 3.375 30
    endloop
  endfacet
  facet normal -0.83786 -0.544117 -0.0439038
    outer loop
      vertex 5.77336 3.56705 29
      vertex 5.46087 3.96755 30
      vertex 5.51327 3.96755 29
    endloop
  endfacet
  facet normal -0.837859 -0.544118 -0.0439122
    outer loop
      vertex 5.84567 3.375 30
      vertex 5.77336 3.56705 29
      vertex 5.89808 3.375 29
    endloop
  endfacet
  facet normal -0.837866 -0.544107 -0.0439097
    outer loop
      vertex 5.77336 3.56705 29
      vertex 5.84567 3.375 30
      vertex 5.46087 3.96755 30
    endloop
  endfacet
  facet normal -0.776507 -0.628793 -0.0406968
    outer loop
      vertex 5.36121 4.15533 29
      vertex 5.01623 4.51663 30
      vertex 5.06864 4.51663 29
    endloop
  endfacet
  facet normal -0.776505 -0.628796 -0.0406889
    outer loop
      vertex 5.46087 3.96755 30
      vertex 5.36121 4.15533 29
      vertex 5.51327 3.96755 29
    endloop
  endfacet
  facet normal -0.7765 -0.628802 -0.0406906
    outer loop
      vertex 5.36121 4.15533 29
      vertex 5.46087 3.96755 30
      vertex 5.01623 4.51663 30
    endloop
  endfacet
  facet normal -0.706622 -0.706622 -0.037034
    outer loop
      vertex 4.88802 4.69725 29
      vertex 4.51663 5.01623 30
      vertex 4.56904 5.01623 29
    endloop
  endfacet
  facet normal -0.706622 -0.706622 -0.037034
    outer loop
      vertex 5.01623 4.51663 30
      vertex 4.88802 4.69725 29
      vertex 5.06864 4.51663 29
    endloop
  endfacet
  facet normal -0.706622 -0.706622 -0.037034
    outer loop
      vertex 4.88802 4.69725 29
      vertex 5.01623 4.51663 30
      vertex 4.51663 5.01623 30
    endloop
  endfacet
  facet normal -0.628982 -0.776721 -0.0329649
    outer loop
      vertex 4.35922 5.18613 29
      vertex 3.96755 5.46086 30
      vertex 4.01996 5.46086 29
    endloop
  endfacet
  facet normal -0.628973 -0.776728 -0.0329594
    outer loop
      vertex 4.35922 5.18613 29
      vertex 4.51663 5.01623 30
      vertex 3.96755 5.46086 30
    endloop
  endfacet
  facet normal -0.628959 -0.77674 -0.0329637
    outer loop
      vertex 4.51663 5.01623 30
      vertex 4.35922 5.18613 29
      vertex 4.56904 5.01623 29
    endloop
  endfacet
  facet normal -0.544421 -0.838326 -0.0285331
    outer loop
      vertex 3.78099 5.61605 29
      vertex 3.375 5.84567 30
      vertex 3.42741 5.84567 29
    endloop
  endfacet
  facet normal -0.544421 -0.838327 -0.0285328
    outer loop
      vertex 3.78099 5.61605 29
      vertex 3.96755 5.46086 30
      vertex 3.375 5.84567 30
    endloop
  endfacet
  facet normal -0.54442 -0.838327 -0.028533
    outer loop
      vertex 3.96755 5.46086 30
      vertex 3.78099 5.61605 29
      vertex 4.01996 5.46086 29
    endloop
  endfacet
  facet normal -0.453861 -0.890755 -0.0237868
    outer loop
      vertex 3.16014 5.98185 29
      vertex 2.74547 6.16643 30
      vertex 2.79788 6.16643 29
    endloop
  endfacet
  facet normal -0.45386 -0.890755 -0.0237866
    outer loop
      vertex 3.16014 5.98185 29
      vertex 3.375 5.84567 30
      vertex 2.74547 6.16643 30
    endloop
  endfacet
  facet normal -0.45386 -0.890756 -0.0237868
    outer loop
      vertex 3.375 5.84567 30
      vertex 3.16014 5.98185 29
      vertex 3.42741 5.84567 29
    endloop
  endfacet
  facet normal -0.358312 -0.933413 -0.0187755
    outer loop
      vertex 2.50399 6.27924 29
      vertex 2.08587 6.41963 30
      vertex 2.13827 6.41963 29
    endloop
  endfacet
  facet normal -0.358309 -0.933414 -0.0187741
    outer loop
      vertex 2.50399 6.27924 29
      vertex 2.74547 6.16643 30
      vertex 2.08587 6.41963 30
    endloop
  endfacet
  facet normal -0.358294 -0.93342 -0.0187782
    outer loop
      vertex 2.74547 6.16643 30
      vertex 2.50399 6.27924 29
      vertex 2.79788 6.16643 29
    endloop
  endfacet
  facet normal -0.258803 -0.965835 -0.0135639
    outer loop
      vertex 1.82027 6.50484 29
      vertex 1.4034 6.6025 30
      vertex 1.45581 6.6025 29
    endloop
  endfacet
  facet normal -0.258799 -0.965836 -0.0135619
    outer loop
      vertex 1.82027 6.50484 29
      vertex 2.08587 6.41963 30
      vertex 1.4034 6.6025 30
    endloop
  endfacet
  facet normal -0.258801 -0.965835 -0.0135612
    outer loop
      vertex 2.08587 6.41963 30
      vertex 1.82027 6.50484 29
      vertex 2.13827 6.41963 29
    endloop
  endfacet
  facet normal -0.156432 -0.987655 -0.00819843
    outer loop
      vertex 1.11697 6.65616 29
      vertex 0.705567 6.71302 30
      vertex 0.757976 6.71302 29
    endloop
  endfacet
  facet normal -0.156421 -0.987656 -0.00819396
    outer loop
      vertex 1.11697 6.65616 29
      vertex 1.4034 6.6025 30
      vertex 0.705567 6.71302 30
    endloop
  endfacet
  facet normal -0.156409 -0.987658 -0.00819741
    outer loop
      vertex 1.4034 6.6025 30
      vertex 1.11697 6.65616 29
      vertex 1.45581 6.6025 29
    endloop
  endfacet
  facet normal -0.0523231 -0.998626 -0.00274216
    outer loop
      vertex 0.40225 6.73167 29
      vertex 0 6.75 30
      vertex 0.0524082 6.75 29
    endloop
  endfacet
  facet normal -0.0523397 -0.998626 -0.00274884
    outer loop
      vertex 0.40225 6.73167 29
      vertex 0.705567 6.71302 30
      vertex 0 6.75 30
    endloop
  endfacet
  facet normal -0.0523559 -0.998625 -0.00274392
    outer loop
      vertex 0.705567 6.71302 30
      vertex 0.40225 6.73167 29
      vertex 0.757976 6.71302 29
    endloop
  endfacet
  facet normal 0.0522104 -0.998632 0.00273625
    outer loop
      vertex 0.0524082 6.75 29
      vertex 0 6.75 30
      vertex 0.0262041 6.74863 29
    endloop
  endfacet
  facet normal 0 0 1
    outer loop
      vertex 6.75 0 29
      vertex 6.80241 0 29
      vertex 6.79213 0.196133 29
    endloop
  endfacet
  facet normal -0 0 1
    outer loop
      vertex 6.71302 0.705566 29
      vertex 6.79213 0.196133 29
      vertex 6.76543 0.705566 29
    endloop
  endfacet
  facet normal 0 0 1
    outer loop
      vertex 6.80241 0 29
      vertex 6.75 0 29
      vertex 6.77578 -0.508016 29
    endloop
  endfacet
  facet normal 0 0 1
    outer loop
      vertex 6.71302 -0.705566 29
      vertex 6.77578 -0.508016 29
      vertex 6.75 0 29
    endloop
  endfacet
  facet normal 0 0 1
    outer loop
      vertex 6.71302 0.705566 29
      vertex 6.76543 0.705566 29
      vertex 6.73448 0.900953 29
    endloop
  endfacet
  facet normal 0 0 1
    outer loop
      vertex 6.79213 0.196133 29
      vertex 6.71302 0.705566 29
      vertex 6.75 0 29
    endloop
  endfacet
  facet normal -0 0 1
    outer loop
      vertex 6.6025 1.4034 29
      vertex 6.73448 0.900953 29
      vertex 6.6549 1.4034 29
    endloop
  endfacet
  facet normal 0 0 1
    outer loop
      vertex 6.6025 1.4034 29
      vertex 6.6549 1.4034 29
      vertex 6.60262 1.59854 29
    endloop
  endfacet
  facet normal 0 0 1
    outer loop
      vertex 6.73448 0.900953 29
      vertex 6.6025 1.4034 29
      vertex 6.71302 0.705566 29
    endloop
  endfacet
  facet normal -0 0 1
    outer loop
      vertex 6.41963 2.08586 29
      vertex 6.60262 1.59854 29
      vertex 6.47204 2.08586 29
    endloop
  endfacet
  facet normal 0 0 1
    outer loop
      vertex 6.60262 1.59854 29
      vertex 6.41963 2.08586 29
      vertex 6.6025 1.4034 29
    endloop
  endfacet
  facet normal 0 0 1
    outer loop
      vertex 6.39721 2.28081 29
      vertex 6.41963 2.08586 29
      vertex 6.47204 2.08586 29
    endloop
  endfacet
  facet normal -0 0 1
    outer loop
      vertex 6.16643 2.74547 29
      vertex 6.39721 2.28081 29
      vertex 6.21884 2.74547 29
    endloop
  endfacet
  facet normal 0 0 1
    outer loop
      vertex 6.39721 2.28081 29
      vertex 6.16643 2.74547 29
      vertex 6.41963 2.08586 29
    endloop
  endfacet
  facet normal 0 0 1
    outer loop
      vertex 6.11991 2.93964 29
      vertex 6.16643 2.74547 29
      vertex 6.21884 2.74547 29
    endloop
  endfacet
  facet normal -0 0 1
    outer loop
      vertex 5.84567 3.375 29
      vertex 6.11991 2.93964 29
      vertex 5.89808 3.375 29
    endloop
  endfacet
  facet normal 0 0 1
    outer loop
      vertex 6.11991 2.93964 29
      vertex 5.84567 3.375 29
      vertex 6.16643 2.74547 29
    endloop
  endfacet
  facet normal 0 0 1
    outer loop
      vertex 5.77336 3.56705 29
      vertex 5.84567 3.375 29
      vertex 5.89808 3.375 29
    endloop
  endfacet
  facet normal -0 0 1
    outer loop
      vertex 5.46086 3.96755 29
      vertex 5.77336 3.56705 29
      vertex 5.51327 3.96755 29
    endloop
  endfacet
  facet normal 0 0 1
    outer loop
      vertex 5.77336 3.56705 29
      vertex 5.46086 3.96755 29
      vertex 5.84567 3.375 29
    endloop
  endfacet
  facet normal 0 0 1
    outer loop
      vertex 5.36121 4.15533 29
      vertex 5.46086 3.96755 29
      vertex 5.51327 3.96755 29
    endloop
  endfacet
  facet normal -0 0 1
    outer loop
      vertex 5.01623 4.51663 29
      vertex 5.36121 4.15533 29
      vertex 5.06864 4.51663 29
    endloop
  endfacet
  facet normal 0 0 1
    outer loop
      vertex 5.36121 4.15533 29
      vertex 5.01623 4.51663 29
      vertex 5.46086 3.96755 29
    endloop
  endfacet
  facet normal 0 0 1
    outer loop
      vertex 4.88802 4.69725 29
      vertex 5.01623 4.51663 29
      vertex 5.06864 4.51663 29
    endloop
  endfacet
  facet normal -0 0 1
    outer loop
      vertex 4.51663 5.01623 29
      vertex 4.88802 4.69725 29
      vertex 4.56904 5.01623 29
    endloop
  endfacet
  facet normal 0 0 1
    outer loop
      vertex 4.88802 4.69725 29
      vertex 4.51663 5.01623 29
      vertex 5.01623 4.51663 29
    endloop
  endfacet
  facet normal 0 0 1
    outer loop
      vertex 4.35922 5.18613 29
      vertex 4.51663 5.01623 29
      vertex 4.56904 5.01623 29
    endloop
  endfacet
  facet normal -0 0 1
    outer loop
      vertex 3.96755 5.46086 29
      vertex 4.35922 5.18613 29
      vertex 4.01996 5.46086 29
    endloop
  endfacet
  facet normal 0 0 1
    outer loop
      vertex 4.35922 5.18613 29
      vertex 3.96755 5.46086 29
      vertex 4.51663 5.01623 29
    endloop
  endfacet
  facet normal 0 0 1
    outer loop
      vertex 3.78099 5.61605 29
      vertex 3.96755 5.46086 29
      vertex 4.01996 5.46086 29
    endloop
  endfacet
  facet normal -0 0 1
    outer loop
      vertex 3.375 5.84567 29
      vertex 3.78099 5.61605 29
      vertex 3.42741 5.84567 29
    endloop
  endfacet
  facet normal 0 0 1
    outer loop
      vertex 3.78099 5.61605 29
      vertex 3.375 5.84567 29
      vertex 3.96755 5.46086 29
    endloop
  endfacet
  facet normal 0 0 1
    outer loop
      vertex 3.16014 5.98185 29
      vertex 3.375 5.84567 29
      vertex 3.42741 5.84567 29
    endloop
  endfacet
  facet normal -0 0 1
    outer loop
      vertex 2.74547 6.16643 29
      vertex 3.16014 5.98185 29
      vertex 2.79788 6.16643 29
    endloop
  endfacet
  facet normal 0 0 1
    outer loop
      vertex 3.16014 5.98185 29
      vertex 2.74547 6.16643 29
      vertex 3.375 5.84567 29
    endloop
  endfacet
  facet normal 0 0 1
    outer loop
      vertex 2.50399 6.27924 29
      vertex 2.74547 6.16643 29
      vertex 2.79788 6.16643 29
    endloop
  endfacet
  facet normal -0 0 1
    outer loop
      vertex 2.08586 6.41963 29
      vertex 2.50399 6.27924 29
      vertex 2.13827 6.41963 29
    endloop
  endfacet
  facet normal 0 0 1
    outer loop
      vertex 2.50399 6.27924 29
      vertex 2.08586 6.41963 29
      vertex 2.74547 6.16643 29
    endloop
  endfacet
  facet normal 0 0 1
    outer loop
      vertex 1.82027 6.50484 29
      vertex 2.08586 6.41963 29
      vertex 2.13827 6.41963 29
    endloop
  endfacet
  facet normal -0 0 1
    outer loop
      vertex 1.4034 6.6025 29
      vertex 1.82027 6.50484 29
      vertex 1.45581 6.6025 29
    endloop
  endfacet
  facet normal 0 0 1
    outer loop
      vertex 1.82027 6.50484 29
      vertex 1.4034 6.6025 29
      vertex 2.08586 6.41963 29
    endloop
  endfacet
  facet normal 0 0 1
    outer loop
      vertex 1.11697 6.65616 29
      vertex 1.4034 6.6025 29
      vertex 1.45581 6.6025 29
    endloop
  endfacet
  facet normal -0 0 1
    outer loop
      vertex 0.705566 6.71302 29
      vertex 1.11697 6.65616 29
      vertex 0.757976 6.71302 29
    endloop
  endfacet
  facet normal 0 0 1
    outer loop
      vertex 1.11697 6.65616 29
      vertex 0.705566 6.71302 29
      vertex 1.4034 6.6025 29
    endloop
  endfacet
  facet normal 0 0 1
    outer loop
      vertex 0.40225 6.73167 29
      vertex 0.705566 6.71302 29
      vertex 0.757976 6.71302 29
    endloop
  endfacet
  facet normal -0 0 1
    outer loop
      vertex 0.0262041 6.74863 29
      vertex 0.40225 6.73167 29
      vertex 0.0524082 6.75 29
    endloop
  endfacet
  facet normal 0 0 1
    outer loop
      vertex 0.40225 6.73167 29
      vertex 0.0262041 6.74863 29
      vertex 0.705566 6.71302 29
    endloop
  endfacet
  facet normal 0 0 1
    outer loop
      vertex 6.77578 -0.508016 29
      vertex 6.71302 -0.705566 29
      vertex 6.76543 -0.705566 29
    endloop
  endfacet
  facet normal -0 0 1
    outer loop
      vertex 6.71302 -0.705566 29
      vertex 6.68651 -1.20387 29
      vertex 6.76543 -0.705566 29
    endloop
  endfacet
  facet normal 0 0 1
    outer loop
      vertex 6.6025 -1.4034 29
      vertex 6.68651 -1.20387 29
      vertex 6.71302 -0.705566 29
    endloop
  endfacet
  facet normal 0 0 1
    outer loop
      vertex 6.68651 -1.20387 29
      vertex 6.6025 -1.4034 29
      vertex 6.6549 -1.4034 29
    endloop
  endfacet
  facet normal -0 0 1
    outer loop
      vertex 6.6025 -1.4034 29
      vertex 6.52608 -1.88417 29
      vertex 6.6549 -1.4034 29
    endloop
  endfacet
  facet normal 0 0 1
    outer loop
      vertex 6.41963 -2.08586 29
      vertex 6.52608 -1.88417 29
      vertex 6.6025 -1.4034 29
    endloop
  endfacet
  facet normal 0 0 1
    outer loop
      vertex 6.52608 -1.88417 29
      vertex 6.41963 -2.08586 29
      vertex 6.47204 -2.08586 29
    endloop
  endfacet
  facet normal -0 0 1
    outer loop
      vertex 6.41963 -2.08586 29
      vertex 6.29694 -2.54202 29
      vertex 6.47204 -2.08586 29
    endloop
  endfacet
  facet normal 0 0 1
    outer loop
      vertex 6.16643 -2.74547 29
      vertex 6.29694 -2.54202 29
      vertex 6.41963 -2.08586 29
    endloop
  endfacet
  facet normal 0 0 1
    outer loop
      vertex 6.29694 -2.54202 29
      vertex 6.16643 -2.74547 29
      vertex 6.21884 -2.74547 29
    endloop
  endfacet
  facet normal -0 0 1
    outer loop
      vertex 6.16643 -2.74547 29
      vertex 6.00204 -3.17096 29
      vertex 6.21884 -2.74547 29
    endloop
  endfacet
  facet normal 0 0 1
    outer loop
      vertex 5.84567 -3.375 29
      vertex 6.00204 -3.17096 29
      vertex 6.16643 -2.74547 29
    endloop
  endfacet
  facet normal 0 0 1
    outer loop
      vertex 6.00204 -3.17096 29
      vertex 5.84567 -3.375 29
      vertex 5.89808 -3.375 29
    endloop
  endfacet
  facet normal -0 0 1
    outer loop
      vertex 5.84567 -3.375 29
      vertex 5.64488 -3.7649 29
      vertex 5.89808 -3.375 29
    endloop
  endfacet
  facet normal 0 0 1
    outer loop
      vertex 5.46086 -3.96755 29
      vertex 5.64488 -3.7649 29
      vertex 5.84567 -3.375 29
    endloop
  endfacet
  facet normal 0 0 1
    outer loop
      vertex 5.64488 -3.7649 29
      vertex 5.46086 -3.96755 29
      vertex 5.51327 -3.96755 29
    endloop
  endfacet
  facet normal -0 0 1
    outer loop
      vertex 5.46086 -3.96755 29
      vertex 5.22938 -4.31813 29
      vertex 5.51327 -3.96755 29
    endloop
  endfacet
  facet normal 0 0 1
    outer loop
      vertex 5.01623 -4.51663 29
      vertex 5.22938 -4.31813 29
      vertex 5.46086 -3.96755 29
    endloop
  endfacet
  facet normal 0 0 1
    outer loop
      vertex 5.22938 -4.31813 29
      vertex 5.01623 -4.51663 29
      vertex 5.06864 -4.51663 29
    endloop
  endfacet
  facet normal -0 0 1
    outer loop
      vertex 5.01623 -4.51663 29
      vertex 4.75995 -4.82532 29
      vertex 5.06864 -4.51663 29
    endloop
  endfacet
  facet normal 0 0 1
    outer loop
      vertex 4.51663 -5.01623 29
      vertex 4.75995 -4.82532 29
      vertex 5.01623 -4.51663 29
    endloop
  endfacet
  facet normal 0 0 1
    outer loop
      vertex 4.75995 -4.82532 29
      vertex 4.51663 -5.01623 29
      vertex 4.56904 -5.01623 29
    endloop
  endfacet
  facet normal -0 0 1
    outer loop
      vertex 4.51663 -5.01623 29
      vertex 4.2414 -5.28155 29
      vertex 4.56904 -5.01623 29
    endloop
  endfacet
  facet normal 0 0 1
    outer loop
      vertex 3.96755 -5.46086 29
      vertex 4.2414 -5.28155 29
      vertex 4.51663 -5.01623 29
    endloop
  endfacet
  facet normal 0 0 1
    outer loop
      vertex 4.2414 -5.28155 29
      vertex 3.96755 -5.46086 29
      vertex 4.01996 -5.46086 29
    endloop
  endfacet
  facet normal -0 0 1
    outer loop
      vertex 3.96755 -5.46086 29
      vertex 3.67898 -5.6823 29
      vertex 4.01996 -5.46086 29
    endloop
  endfacet
  facet normal 0 0 1
    outer loop
      vertex 3.375 -5.84567 29
      vertex 3.67898 -5.6823 29
      vertex 3.96755 -5.46086 29
    endloop
  endfacet
  facet normal 0 0 1
    outer loop
      vertex 3.67898 -5.6823 29
      vertex 3.375 -5.84567 29
      vertex 3.42741 -5.84567 29
    endloop
  endfacet
  facet normal -0 0 1
    outer loop
      vertex 3.375 -5.84567 29
      vertex 3.07837 -6.02352 29
      vertex 3.42741 -5.84567 29
    endloop
  endfacet
  facet normal 0 0 1
    outer loop
      vertex 2.74547 -6.16643 29
      vertex 3.07837 -6.02352 29
      vertex 3.375 -5.84567 29
    endloop
  endfacet
  facet normal 0 0 1
    outer loop
      vertex 3.07837 -6.02352 29
      vertex 2.74547 -6.16643 29
      vertex 2.79788 -6.16643 29
    endloop
  endfacet
  facet normal -0 0 1
    outer loop
      vertex 2.74547 -6.16643 29
      vertex 2.44563 -6.30165 29
      vertex 2.79788 -6.16643 29
    endloop
  endfacet
  facet normal 0 0 1
    outer loop
      vertex 2.08586 -6.41963 29
      vertex 2.44563 -6.30165 29
      vertex 2.74547 -6.16643 29
    endloop
  endfacet
  facet normal 0 0 1
    outer loop
      vertex 2.44563 -6.30165 29
      vertex 2.08586 -6.41963 29
      vertex 2.13827 -6.41963 29
    endloop
  endfacet
  facet normal -0 0 1
    outer loop
      vertex 2.08586 -6.41963 29
      vertex 1.78719 -6.5137 29
      vertex 2.13827 -6.41963 29
    endloop
  endfacet
  facet normal 0 0 1
    outer loop
      vertex 1.4034 -6.6025 29
      vertex 1.78719 -6.5137 29
      vertex 2.08586 -6.41963 29
    endloop
  endfacet
  facet normal 0 0 1
    outer loop
      vertex 1.78719 -6.5137 29
      vertex 1.4034 -6.6025 29
      vertex 1.45581 -6.6025 29
    endloop
  endfacet
  facet normal -0 0 1
    outer loop
      vertex 1.4034 -6.6025 29
      vertex 1.1098 -6.6573 29
      vertex 1.45581 -6.6025 29
    endloop
  endfacet
  facet normal 0 0 1
    outer loop
      vertex 0.705566 -6.71302 29
      vertex 1.1098 -6.6573 29
      vertex 1.4034 -6.6025 29
    endloop
  endfacet
  facet normal 0 0 1
    outer loop
      vertex 1.1098 -6.6573 29
      vertex 0.705566 -6.71302 29
      vertex 0.757976 -6.71302 29
    endloop
  endfacet
  facet normal -0 0 1
    outer loop
      vertex 0.705566 -6.71302 29
      vertex 0.420475 -6.73071 29
      vertex 0.757976 -6.71302 29
    endloop
  endfacet
  facet normal 0 0 1
    outer loop
      vertex 0.0262041 -6.74863 29
      vertex 0.420475 -6.73071 29
      vertex 0.705566 -6.71302 29
    endloop
  endfacet
  facet normal 0 0 1
    outer loop
      vertex 0.420475 -6.73071 29
      vertex 0.0262041 -6.74863 29
      vertex 0.0524082 -6.75 29
    endloop
  endfacet
  facet normal -0.998629 -0.05234 0
    outer loop
      vertex 6.75 0 0
      vertex 6.71302 0.705566 29
      vertex 6.71302 0.705566 0
    endloop
  endfacet
  facet normal -0.998629 -0.05234 0
    outer loop
      vertex 6.71302 0.705566 29
      vertex 6.75 0 0
      vertex 6.75 0 29
    endloop
  endfacet
  facet normal 0.998629 -0.05234 0
    outer loop
      vertex -6.75 0 31
      vertex -6.71302 0.705566 0
      vertex -6.71302 0.705566 31
    endloop
  endfacet
  facet normal 0.998629 -0.05234 0
    outer loop
      vertex -6.71302 0.705566 0
      vertex -6.75 0 31
      vertex -6.75 0 0
    endloop
  endfacet
  facet normal -0.0522106 -0.998636 0
    outer loop
      vertex 0.0262041 6.74863 31
      vertex 0 6.75 31
      vertex 0 6.75 30
    endloop
  endfacet
  facet normal -0.0522106 -0.998636 0
    outer loop
      vertex 0 6.75 0
      vertex 0.0262041 6.74863 29
      vertex 0 6.75 30
    endloop
  endfacet
  facet normal -0.052345 -0.998629 1.21763e-07
    outer loop
      vertex 0 6.75 0
      vertex 0.705566 6.71302 29
      vertex 0.0262041 6.74863 29
    endloop
  endfacet
  facet normal -0.05234 -0.998629 -0
    outer loop
      vertex 0.705566 6.71302 29
      vertex 0 6.75 0
      vertex 0.705566 6.71302 0
    endloop
  endfacet
  facet normal -0.707107 -0.707107 0
    outer loop
      vertex 5.01623 4.51663 0
      vertex 4.51663 5.01623 29
      vertex 4.51663 5.01623 0
    endloop
  endfacet
  facet normal -0.707107 -0.707107 0
    outer loop
      vertex 4.51663 5.01623 29
      vertex 5.01623 4.51663 0
      vertex 5.01623 4.51663 29
    endloop
  endfacet
  facet normal 0.629315 -0.77715 0
    outer loop
      vertex -4.51663 5.01623 0
      vertex -3.96755 5.46086 31
      vertex -4.51663 5.01623 31
    endloop
  endfacet
  facet normal 0.629315 -0.77715 0
    outer loop
      vertex -3.96755 5.46086 31
      vertex -4.51663 5.01623 0
      vertex -3.96755 5.46086 0
    endloop
  endfacet
  facet normal 0.358367 -0.933581 0
    outer loop
      vertex -2.74547 6.16643 0
      vertex -2.08586 6.41963 31
      vertex -2.74547 6.16643 31
    endloop
  endfacet
  facet normal 0.358367 -0.933581 0
    outer loop
      vertex -2.08586 6.41963 31
      vertex -2.74547 6.16643 0
      vertex -2.08586 6.41963 0
    endloop
  endfacet
  facet normal 0.77715 0.629315 0
    outer loop
      vertex -5.01623 -4.51663 31
      vertex -5.46086 -3.96755 0
      vertex -5.46086 -3.96755 31
    endloop
  endfacet
  facet normal 0.77715 0.629315 0
    outer loop
      vertex -5.46086 -3.96755 0
      vertex -5.01623 -4.51663 31
      vertex -5.01623 -4.51663 0
    endloop
  endfacet
  facet normal -0.965924 -0.258826 0
    outer loop
      vertex 6.6025 1.4034 0
      vertex 6.41963 2.08586 29
      vertex 6.41963 2.08586 0
    endloop
  endfacet
  facet normal -0.965924 -0.258826 0
    outer loop
      vertex 6.41963 2.08586 29
      vertex 6.6025 1.4034 0
      vertex 6.6025 1.4034 29
    endloop
  endfacet
  facet normal -0.98769 -0.156426 0
    outer loop
      vertex 6.71302 0.705566 0
      vertex 6.6025 1.4034 29
      vertex 6.6025 1.4034 0
    endloop
  endfacet
  facet normal -0.98769 -0.156426 0
    outer loop
      vertex 6.6025 1.4034 29
      vertex 6.71302 0.705566 0
      vertex 6.71302 0.705566 29
    endloop
  endfacet
  facet normal -0.453989 -0.891007 0
    outer loop
      vertex 2.74547 6.16643 0
      vertex 3.375 5.84567 29
      vertex 2.74547 6.16643 29
    endloop
  endfacet
  facet normal -0.453989 -0.891007 -0
    outer loop
      vertex 3.375 5.84567 29
      vertex 2.74547 6.16643 0
      vertex 3.375 5.84567 0
    endloop
  endfacet
  facet normal -0.629315 -0.77715 0
    outer loop
      vertex 3.96755 5.46086 0
      vertex 4.51663 5.01623 29
      vertex 3.96755 5.46086 29
    endloop
  endfacet
  facet normal -0.629315 -0.77715 -0
    outer loop
      vertex 4.51663 5.01623 29
      vertex 3.96755 5.46086 0
      vertex 4.51663 5.01623 0
    endloop
  endfacet
  facet normal 0.838668 -0.544643 0
    outer loop
      vertex -5.84567 3.375 31
      vertex -5.46086 3.96755 0
      vertex -5.46086 3.96755 31
    endloop
  endfacet
  facet normal 0.838668 -0.544643 0
    outer loop
      vertex -5.46086 3.96755 0
      vertex -5.84567 3.375 31
      vertex -5.84567 3.375 0
    endloop
  endfacet
  facet normal 0.77715 -0.629315 0
    outer loop
      vertex -5.46086 3.96755 31
      vertex -5.01623 4.51663 0
      vertex -5.01623 4.51663 31
    endloop
  endfacet
  facet normal 0.77715 -0.629315 0
    outer loop
      vertex -5.01623 4.51663 0
      vertex -5.46086 3.96755 31
      vertex -5.46086 3.96755 0
    endloop
  endfacet
  facet normal 0.544643 -0.838668 0
    outer loop
      vertex -3.96755 5.46086 0
      vertex -3.375 5.84567 31
      vertex -3.96755 5.46086 31
    endloop
  endfacet
  facet normal 0.544643 -0.838668 0
    outer loop
      vertex -3.375 5.84567 31
      vertex -3.96755 5.46086 0
      vertex -3.375 5.84567 0
    endloop
  endfacet
  facet normal -0.891007 0.453989 0
    outer loop
      vertex 5.84567 -3.375 0
      vertex 6.16643 -2.74547 29
      vertex 6.16643 -2.74547 0
    endloop
  endfacet
  facet normal -0.891007 0.453989 0
    outer loop
      vertex 6.16643 -2.74547 29
      vertex 5.84567 -3.375 0
      vertex 5.84567 -3.375 29
    endloop
  endfacet
  facet normal -0.258826 0.965924 0
    outer loop
      vertex 2.08586 -6.41963 0
      vertex 1.4034 -6.6025 29
      vertex 2.08586 -6.41963 29
    endloop
  endfacet
  facet normal -0.258826 0.965924 0
    outer loop
      vertex 1.4034 -6.6025 29
      vertex 2.08586 -6.41963 0
      vertex 1.4034 -6.6025 0
    endloop
  endfacet
  facet normal -0.707107 0.707107 0
    outer loop
      vertex 4.51663 -5.01623 0
      vertex 5.01623 -4.51663 29
      vertex 5.01623 -4.51663 0
    endloop
  endfacet
  facet normal -0.707107 0.707107 0
    outer loop
      vertex 5.01623 -4.51663 29
      vertex 4.51663 -5.01623 0
      vertex 4.51663 -5.01623 29
    endloop
  endfacet
  facet normal -0.965924 0.258826 0
    outer loop
      vertex 6.41963 -2.08586 0
      vertex 6.6025 -1.4034 29
      vertex 6.6025 -1.4034 0
    endloop
  endfacet
  facet normal -0.965924 0.258826 0
    outer loop
      vertex 6.6025 -1.4034 29
      vertex 6.41963 -2.08586 0
      vertex 6.41963 -2.08586 29
    endloop
  endfacet
  facet normal 0.358367 0.933581 -0
    outer loop
      vertex -2.08586 -6.41963 0
      vertex -2.74547 -6.16643 31
      vertex -2.08586 -6.41963 31
    endloop
  endfacet
  facet normal 0.358367 0.933581 0
    outer loop
      vertex -2.74547 -6.16643 31
      vertex -2.08586 -6.41963 0
      vertex -2.74547 -6.16643 0
    endloop
  endfacet
  facet normal 0.544643 0.838668 -0
    outer loop
      vertex -3.375 -5.84567 0
      vertex -3.96755 -5.46086 31
      vertex -3.375 -5.84567 31
    endloop
  endfacet
  facet normal 0.544643 0.838668 0
    outer loop
      vertex -3.96755 -5.46086 31
      vertex -3.375 -5.84567 0
      vertex -3.96755 -5.46086 0
    endloop
  endfacet
  facet normal -0.933581 -0.358367 0
    outer loop
      vertex 6.41963 2.08586 0
      vertex 6.16643 2.74547 29
      vertex 6.16643 2.74547 0
    endloop
  endfacet
  facet normal -0.933581 -0.358367 0
    outer loop
      vertex 6.16643 2.74547 29
      vertex 6.41963 2.08586 0
      vertex 6.41963 2.08586 29
    endloop
  endfacet
  facet normal -0.891007 -0.453989 0
    outer loop
      vertex 6.16643 2.74547 0
      vertex 5.84567 3.375 29
      vertex 5.84567 3.375 0
    endloop
  endfacet
  facet normal -0.891007 -0.453989 0
    outer loop
      vertex 5.84567 3.375 29
      vertex 6.16643 2.74547 0
      vertex 6.16643 2.74547 29
    endloop
  endfacet
  facet normal -0.77715 -0.629315 0
    outer loop
      vertex 5.46086 3.96755 0
      vertex 5.01623 4.51663 29
      vertex 5.01623 4.51663 0
    endloop
  endfacet
  facet normal -0.77715 -0.629315 0
    outer loop
      vertex 5.01623 4.51663 29
      vertex 5.46086 3.96755 0
      vertex 5.46086 3.96755 29
    endloop
  endfacet
  facet normal -0.838668 -0.544643 0
    outer loop
      vertex 5.84567 3.375 0
      vertex 5.46086 3.96755 29
      vertex 5.46086 3.96755 0
    endloop
  endfacet
  facet normal -0.838668 -0.544643 0
    outer loop
      vertex 5.46086 3.96755 29
      vertex 5.84567 3.375 0
      vertex 5.84567 3.375 29
    endloop
  endfacet
  facet normal -0.258826 -0.965924 0
    outer loop
      vertex 1.4034 6.6025 0
      vertex 2.08586 6.41963 29
      vertex 1.4034 6.6025 29
    endloop
  endfacet
  facet normal -0.258826 -0.965924 -0
    outer loop
      vertex 2.08586 6.41963 29
      vertex 1.4034 6.6025 0
      vertex 2.08586 6.41963 0
    endloop
  endfacet
  facet normal -0.544643 -0.838668 0
    outer loop
      vertex 3.375 5.84567 0
      vertex 3.96755 5.46086 29
      vertex 3.375 5.84567 29
    endloop
  endfacet
  facet normal -0.544643 -0.838668 -0
    outer loop
      vertex 3.96755 5.46086 29
      vertex 3.375 5.84567 0
      vertex 3.96755 5.46086 0
    endloop
  endfacet
  facet normal 0.707107 -0.707107 0
    outer loop
      vertex -5.01623 4.51663 31
      vertex -4.51663 5.01623 0
      vertex -4.51663 5.01623 31
    endloop
  endfacet
  facet normal 0.707107 -0.707107 0
    outer loop
      vertex -4.51663 5.01623 0
      vertex -5.01623 4.51663 31
      vertex -5.01623 4.51663 0
    endloop
  endfacet
  facet normal 0.891007 -0.453989 0
    outer loop
      vertex -6.16643 2.74547 31
      vertex -5.84567 3.375 0
      vertex -5.84567 3.375 31
    endloop
  endfacet
  facet normal 0.891007 -0.453989 0
    outer loop
      vertex -5.84567 3.375 0
      vertex -6.16643 2.74547 31
      vertex -6.16643 2.74547 0
    endloop
  endfacet
  facet normal 0.933581 -0.358367 0
    outer loop
      vertex -6.41963 2.08586 31
      vertex -6.16643 2.74547 0
      vertex -6.16643 2.74547 31
    endloop
  endfacet
  facet normal 0.933581 -0.358367 0
    outer loop
      vertex -6.16643 2.74547 0
      vertex -6.41963 2.08586 31
      vertex -6.41963 2.08586 0
    endloop
  endfacet
  facet normal 0.965924 -0.258826 0
    outer loop
      vertex -6.6025 1.4034 31
      vertex -6.41963 2.08586 0
      vertex -6.41963 2.08586 31
    endloop
  endfacet
  facet normal 0.965924 -0.258826 0
    outer loop
      vertex -6.41963 2.08586 0
      vertex -6.6025 1.4034 31
      vertex -6.6025 1.4034 0
    endloop
  endfacet
  facet normal 0.98769 -0.156426 0
    outer loop
      vertex -6.71302 0.705566 31
      vertex -6.6025 1.4034 0
      vertex -6.6025 1.4034 31
    endloop
  endfacet
  facet normal 0.98769 -0.156426 0
    outer loop
      vertex -6.6025 1.4034 0
      vertex -6.71302 0.705566 31
      vertex -6.71302 0.705566 0
    endloop
  endfacet
  facet normal 0.453989 -0.891007 0
    outer loop
      vertex -3.375 5.84567 0
      vertex -2.74547 6.16643 31
      vertex -3.375 5.84567 31
    endloop
  endfacet
  facet normal 0.453989 -0.891007 0
    outer loop
      vertex -2.74547 6.16643 31
      vertex -3.375 5.84567 0
      vertex -2.74547 6.16643 0
    endloop
  endfacet
  facet normal 0.05234 -0.998629 0
    outer loop
      vertex -0.705566 6.71302 31
      vertex 0 6.75 30
      vertex 0 6.75 31
    endloop
  endfacet
  facet normal 0.05234 -0.998629 0
    outer loop
      vertex -0.705566 6.71302 0
      vertex 0 6.75 30
      vertex -0.705566 6.71302 31
    endloop
  endfacet
  facet normal 0.05234 -0.998629 0
    outer loop
      vertex 0 6.75 30
      vertex -0.705566 6.71302 0
      vertex 0 6.75 0
    endloop
  endfacet
  facet normal 0.258826 -0.965924 0
    outer loop
      vertex -2.08586 6.41963 0
      vertex -1.4034 6.6025 31
      vertex -2.08586 6.41963 31
    endloop
  endfacet
  facet normal 0.258826 -0.965924 0
    outer loop
      vertex -1.4034 6.6025 31
      vertex -2.08586 6.41963 0
      vertex -1.4034 6.6025 0
    endloop
  endfacet
  facet normal 0.156426 -0.98769 0
    outer loop
      vertex -1.4034 6.6025 0
      vertex -0.705566 6.71302 31
      vertex -1.4034 6.6025 31
    endloop
  endfacet
  facet normal 0.156426 -0.98769 0
    outer loop
      vertex -0.705566 6.71302 31
      vertex -1.4034 6.6025 0
      vertex -0.705566 6.71302 0
    endloop
  endfacet
  facet normal -0.0522106 0.998636 0
    outer loop
      vertex 0 -6.75 31
      vertex 0.0262041 -6.74863 31
      vertex 0 -6.75 30
    endloop
  endfacet
  facet normal -0.052345 0.998629 0
    outer loop
      vertex 0.705566 -6.71302 29
      vertex 0.705566 -6.71302 0
      vertex 0.0262041 -6.74863 29
    endloop
  endfacet
  facet normal -0.05234 0.998629 1.1724e-07
    outer loop
      vertex 0 -6.75 0
      vertex 0.0262041 -6.74863 29
      vertex 0.705566 -6.71302 0
    endloop
  endfacet
  facet normal -0.0522106 0.998636 0
    outer loop
      vertex 0.0262041 -6.74863 29
      vertex 0 -6.75 0
      vertex 0 -6.75 30
    endloop
  endfacet
  facet normal -0.156426 0.98769 0
    outer loop
      vertex 1.4034 -6.6025 0
      vertex 0.705566 -6.71302 29
      vertex 1.4034 -6.6025 29
    endloop
  endfacet
  facet normal -0.156426 0.98769 0
    outer loop
      vertex 0.705566 -6.71302 29
      vertex 1.4034 -6.6025 0
      vertex 0.705566 -6.71302 0
    endloop
  endfacet
  facet normal -0.453989 0.891007 0
    outer loop
      vertex 3.375 -5.84567 0
      vertex 2.74547 -6.16643 29
      vertex 3.375 -5.84567 29
    endloop
  endfacet
  facet normal -0.453989 0.891007 0
    outer loop
      vertex 2.74547 -6.16643 29
      vertex 3.375 -5.84567 0
      vertex 2.74547 -6.16643 0
    endloop
  endfacet
  facet normal -0.629315 0.77715 0
    outer loop
      vertex 4.51663 -5.01623 0
      vertex 3.96755 -5.46086 29
      vertex 4.51663 -5.01623 29
    endloop
  endfacet
  facet normal -0.629315 0.77715 0
    outer loop
      vertex 3.96755 -5.46086 29
      vertex 4.51663 -5.01623 0
      vertex 3.96755 -5.46086 0
    endloop
  endfacet
  facet normal -0.544643 0.838668 0
    outer loop
      vertex 3.96755 -5.46086 0
      vertex 3.375 -5.84567 29
      vertex 3.96755 -5.46086 29
    endloop
  endfacet
  facet normal -0.544643 0.838668 0
    outer loop
      vertex 3.375 -5.84567 29
      vertex 3.96755 -5.46086 0
      vertex 3.375 -5.84567 0
    endloop
  endfacet
  facet normal -0.77715 0.629315 0
    outer loop
      vertex 5.01623 -4.51663 0
      vertex 5.46086 -3.96755 29
      vertex 5.46086 -3.96755 0
    endloop
  endfacet
  facet normal -0.77715 0.629315 0
    outer loop
      vertex 5.46086 -3.96755 29
      vertex 5.01623 -4.51663 0
      vertex 5.01623 -4.51663 29
    endloop
  endfacet
  facet normal -0.838668 0.544643 0
    outer loop
      vertex 5.46086 -3.96755 0
      vertex 5.84567 -3.375 29
      vertex 5.84567 -3.375 0
    endloop
  endfacet
  facet normal -0.838668 0.544643 0
    outer loop
      vertex 5.84567 -3.375 29
      vertex 5.46086 -3.96755 0
      vertex 5.46086 -3.96755 29
    endloop
  endfacet
  facet normal 0.156426 0.98769 -0
    outer loop
      vertex -0.705566 -6.71302 0
      vertex -1.4034 -6.6025 31
      vertex -0.705566 -6.71302 31
    endloop
  endfacet
  facet normal 0.156426 0.98769 0
    outer loop
      vertex -1.4034 -6.6025 31
      vertex -0.705566 -6.71302 0
      vertex -1.4034 -6.6025 0
    endloop
  endfacet
  facet normal 0.707107 0.707107 0
    outer loop
      vertex -4.51663 -5.01623 31
      vertex -5.01623 -4.51663 0
      vertex -5.01623 -4.51663 31
    endloop
  endfacet
  facet normal 0.707107 0.707107 0
    outer loop
      vertex -5.01623 -4.51663 0
      vertex -4.51663 -5.01623 31
      vertex -4.51663 -5.01623 0
    endloop
  endfacet
  facet normal 0.05234 0.998629 -0
    outer loop
      vertex 0 -6.75 30
      vertex -0.705566 -6.71302 31
      vertex 0 -6.75 31
    endloop
  endfacet
  facet normal 0.05234 0.998629 0
    outer loop
      vertex -0.705566 -6.71302 0
      vertex 0 -6.75 30
      vertex 0 -6.75 0
    endloop
  endfacet
  facet normal 0.05234 0.998629 0
    outer loop
      vertex 0 -6.75 30
      vertex -0.705566 -6.71302 0
      vertex -0.705566 -6.71302 31
    endloop
  endfacet
  facet normal 0.629315 0.77715 -0
    outer loop
      vertex -3.96755 -5.46086 0
      vertex -4.51663 -5.01623 31
      vertex -3.96755 -5.46086 31
    endloop
  endfacet
  facet normal 0.629315 0.77715 0
    outer loop
      vertex -4.51663 -5.01623 31
      vertex -3.96755 -5.46086 0
      vertex -4.51663 -5.01623 0
    endloop
  endfacet
  facet normal 0.891007 0.453989 0
    outer loop
      vertex -5.84567 -3.375 31
      vertex -6.16643 -2.74547 0
      vertex -6.16643 -2.74547 31
    endloop
  endfacet
  facet normal 0.891007 0.453989 0
    outer loop
      vertex -6.16643 -2.74547 0
      vertex -5.84567 -3.375 31
      vertex -5.84567 -3.375 0
    endloop
  endfacet
  facet normal 0.965924 0.258826 0
    outer loop
      vertex -6.41963 -2.08586 31
      vertex -6.6025 -1.4034 0
      vertex -6.6025 -1.4034 31
    endloop
  endfacet
  facet normal 0.965924 0.258826 0
    outer loop
      vertex -6.6025 -1.4034 0
      vertex -6.41963 -2.08586 31
      vertex -6.41963 -2.08586 0
    endloop
  endfacet
  facet normal 0.998629 0.05234 0
    outer loop
      vertex -6.71302 -0.705566 31
      vertex -6.75 0 0
      vertex -6.75 0 31
    endloop
  endfacet
  facet normal 0.998629 0.05234 0
    outer loop
      vertex -6.75 0 0
      vertex -6.71302 -0.705566 31
      vertex -6.71302 -0.705566 0
    endloop
  endfacet
  facet normal 0.933581 0.358367 0
    outer loop
      vertex -6.16643 -2.74547 31
      vertex -6.41963 -2.08586 0
      vertex -6.41963 -2.08586 31
    endloop
  endfacet
  facet normal 0.933581 0.358367 0
    outer loop
      vertex -6.41963 -2.08586 0
      vertex -6.16643 -2.74547 31
      vertex -6.16643 -2.74547 0
    endloop
  endfacet
  facet normal -0.156426 -0.98769 0
    outer loop
      vertex 0.705566 6.71302 0
      vertex 1.4034 6.6025 29
      vertex 0.705566 6.71302 29
    endloop
  endfacet
  facet normal -0.156426 -0.98769 -0
    outer loop
      vertex 1.4034 6.6025 29
      vertex 0.705566 6.71302 0
      vertex 1.4034 6.6025 0
    endloop
  endfacet
  facet normal -0.358367 -0.933581 0
    outer loop
      vertex 2.08586 6.41963 0
      vertex 2.74547 6.16643 29
      vertex 2.08586 6.41963 29
    endloop
  endfacet
  facet normal -0.358367 -0.933581 -0
    outer loop
      vertex 2.74547 6.16643 29
      vertex 2.08586 6.41963 0
      vertex 2.74547 6.16643 0
    endloop
  endfacet
  facet normal 0 0 -1
    outer loop
      vertex 0 -6.75 31
      vertex -0.315658 -6.73071 31
      vertex 0.0262041 -6.74863 31
    endloop
  endfacet
  facet normal 0 0 -1
    outer loop
      vertex -0.705566 -6.71302 31
      vertex -0.315658 -6.73071 31
      vertex 0 -6.75 31
    endloop
  endfacet
  facet normal 0 0 -1
    outer loop
      vertex -0.315658 -6.73071 31
      vertex -0.705566 -6.71302 31
      vertex -0.653159 -6.71302 31
    endloop
  endfacet
  facet normal 0 0 -1
    outer loop
      vertex -0.705566 -6.71302 31
      vertex -1.02857 -6.65356 31
      vertex -0.653159 -6.71302 31
    endloop
  endfacet
  facet normal 0 0 -1
    outer loop
      vertex -1.4034 -6.6025 31
      vertex -1.02857 -6.65356 31
      vertex -0.705566 -6.71302 31
    endloop
  endfacet
  facet normal 0 0 -1
    outer loop
      vertex -1.02857 -6.65356 31
      vertex -1.4034 -6.6025 31
      vertex -1.351 -6.6025 31
    endloop
  endfacet
  facet normal 0 0 -1
    outer loop
      vertex -1.4034 -6.6025 31
      vertex -1.72841 -6.50137 31
      vertex -1.351 -6.6025 31
    endloop
  endfacet
  facet normal 0 0 -1
    outer loop
      vertex -2.08586 -6.41963 31
      vertex -1.72841 -6.50137 31
      vertex -1.4034 -6.6025 31
    endloop
  endfacet
  facet normal 0 0 -1
    outer loop
      vertex -1.72841 -6.50137 31
      vertex -2.08586 -6.41963 31
      vertex -2.03346 -6.41963 31
    endloop
  endfacet
  facet normal 0 0 -1
    outer loop
      vertex -2.08586 -6.41963 31
      vertex -2.40735 -6.27611 31
      vertex -2.03346 -6.41963 31
    endloop
  endfacet
  facet normal 0 0 -1
    outer loop
      vertex -2.74547 -6.16643 31
      vertex -2.40735 -6.27611 31
      vertex -2.08586 -6.41963 31
    endloop
  endfacet
  facet normal 0 0 -1
    outer loop
      vertex -2.40735 -6.27611 31
      vertex -2.74547 -6.16643 31
      vertex -2.69306 -6.16643 31
    endloop
  endfacet
  facet normal 0 0 -1
    outer loop
      vertex -2.74547 -6.16643 31
      vertex -3.05781 -5.98058 31
      vertex -2.69306 -6.16643 31
    endloop
  endfacet
  facet normal 0 0 -1
    outer loop
      vertex -3.375 -5.84567 31
      vertex -3.05781 -5.98058 31
      vertex -2.74547 -6.16643 31
    endloop
  endfacet
  facet normal 0 0 -1
    outer loop
      vertex -3.05781 -5.98058 31
      vertex -3.375 -5.84567 31
      vertex -3.32259 -5.84567 31
    endloop
  endfacet
  facet normal 0 0 -1
    outer loop
      vertex -3.375 -5.84567 31
      vertex -3.67263 -5.61836 31
      vertex -3.32259 -5.84567 31
    endloop
  endfacet
  facet normal 0 0 -1
    outer loop
      vertex -3.96755 -5.46086 31
      vertex -3.67263 -5.61836 31
      vertex -3.375 -5.84567 31
    endloop
  endfacet
  facet normal 0 0 -1
    outer loop
      vertex -3.67263 -5.61836 31
      vertex -3.96755 -5.46086 31
      vertex -3.91514 -5.46086 31
    endloop
  endfacet
  facet normal 0 0 -1
    outer loop
      vertex -3.96755 -5.46086 31
      vertex -4.24505 -5.19371 31
      vertex -3.91514 -5.46086 31
    endloop
  endfacet
  facet normal 0 0 -1
    outer loop
      vertex -4.51663 -5.01623 31
      vertex -4.24505 -5.19371 31
      vertex -3.96755 -5.46086 31
    endloop
  endfacet
  facet normal 0 0 -1
    outer loop
      vertex -4.24505 -5.19371 31
      vertex -4.51663 -5.01623 31
      vertex -4.46422 -5.01623 31
    endloop
  endfacet
  facet normal 0 0 -1
    outer loop
      vertex -4.51663 -5.01623 31
      vertex -4.76887 -4.71158 31
      vertex -4.46422 -5.01623 31
    endloop
  endfacet
  facet normal 0 0 -1
    outer loop
      vertex -5.01623 -4.51663 31
      vertex -4.76887 -4.71158 31
      vertex -4.51663 -5.01623 31
    endloop
  endfacet
  facet normal 0 0 -1
    outer loop
      vertex -4.76887 -4.71158 31
      vertex -5.01623 -4.51663 31
      vertex -4.96382 -4.51663 31
    endloop
  endfacet
  facet normal 0 0 -1
    outer loop
      vertex -5.01623 -4.51663 31
      vertex -5.23842 -4.17753 31
      vertex -4.96382 -4.51663 31
    endloop
  endfacet
  facet normal 0 0 -1
    outer loop
      vertex -5.46086 -3.96755 31
      vertex -5.23842 -4.17753 31
      vertex -5.01623 -4.51663 31
    endloop
  endfacet
  facet normal 0 0 -1
    outer loop
      vertex -5.23842 -4.17753 31
      vertex -5.46086 -3.96755 31
      vertex -5.40846 -3.96755 31
    endloop
  endfacet
  facet normal 0 0 -1
    outer loop
      vertex -5.46086 -3.96755 31
      vertex -5.64867 -3.59765 31
      vertex -5.40846 -3.96755 31
    endloop
  endfacet
  facet normal 0 0 -1
    outer loop
      vertex -5.84567 -3.375 31
      vertex -5.64867 -3.59765 31
      vertex -5.46086 -3.96755 31
    endloop
  endfacet
  facet normal 0 0 -1
    outer loop
      vertex -5.64867 -3.59765 31
      vertex -5.84567 -3.375 31
      vertex -5.79326 -3.375 31
    endloop
  endfacet
  facet normal 0 0 -1
    outer loop
      vertex -5.84567 -3.375 31
      vertex -5.99529 -2.97849 31
      vertex -5.79326 -3.375 31
    endloop
  endfacet
  facet normal 0 0 -1
    outer loop
      vertex -6.16643 -2.74547 31
      vertex -5.99529 -2.97849 31
      vertex -5.84567 -3.375 31
    endloop
  endfacet
  facet normal 0 0 -1
    outer loop
      vertex -5.99529 -2.97849 31
      vertex -6.16643 -2.74547 31
      vertex -6.11402 -2.74547 31
    endloop
  endfacet
  facet normal 0 0 -1
    outer loop
      vertex -6.16643 -2.74547 31
      vertex -6.27465 -2.32702 31
      vertex -6.11402 -2.74547 31
    endloop
  endfacet
  facet normal 0 0 -1
    outer loop
      vertex -6.41963 -2.08586 31
      vertex -6.27465 -2.32702 31
      vertex -6.16643 -2.74547 31
    endloop
  endfacet
  facet normal 0 0 -1
    outer loop
      vertex -6.27465 -2.32702 31
      vertex -6.41963 -2.08586 31
      vertex -6.36722 -2.08586 31
    endloop
  endfacet
  facet normal 0 0 -1
    outer loop
      vertex -6.41963 -2.08586 31
      vertex -6.48387 -1.65053 31
      vertex -6.36722 -2.08586 31
    endloop
  endfacet
  facet normal 0 0 -1
    outer loop
      vertex -6.6025 -1.4034 31
      vertex -6.48387 -1.65053 31
      vertex -6.41963 -2.08586 31
    endloop
  endfacet
  facet normal 0 0 -1
    outer loop
      vertex -6.48387 -1.65053 31
      vertex -6.6025 -1.4034 31
      vertex -6.55009 -1.4034 31
    endloop
  endfacet
  facet normal 0 0 -1
    outer loop
      vertex -6.6025 -1.4034 31
      vertex -6.62087 -0.956522 31
      vertex -6.55009 -1.4034 31
    endloop
  endfacet
  facet normal 0 0 -1
    outer loop
      vertex -6.71302 -0.705566 31
      vertex -6.62087 -0.956522 31
      vertex -6.6025 -1.4034 31
    endloop
  endfacet
  facet normal 0 0 -1
    outer loop
      vertex -6.75 0 31
      vertex -6.68435 -0.252686 31
      vertex -6.71302 -0.705566 31
    endloop
  endfacet
  facet normal 0 0 -1
    outer loop
      vertex -6.66061 -0.705566 31
      vertex -6.71302 -0.705566 31
      vertex -6.68435 -0.252686 31
    endloop
  endfacet
  facet normal 0 0 -1
    outer loop
      vertex -6.62087 -0.956522 31
      vertex -6.71302 -0.705566 31
      vertex -6.66061 -0.705566 31
    endloop
  endfacet
  facet normal 0 0 -1
    outer loop
      vertex -0.273591 6.73291 31
      vertex 0 6.75 31
      vertex 0.0262041 6.74863 31
    endloop
  endfacet
  facet normal 0 0 -1
    outer loop
      vertex -0.705566 6.71302 31
      vertex -0.273591 6.73291 31
      vertex -0.653159 6.71302 31
    endloop
  endfacet
  facet normal -0 0 -1
    outer loop
      vertex -0.273591 6.73291 31
      vertex -0.705566 6.71302 31
      vertex 0 6.75 31
    endloop
  endfacet
  facet normal 0 0 -1
    outer loop
      vertex -0.965074 6.66362 31
      vertex -0.705566 6.71302 31
      vertex -0.653159 6.71302 31
    endloop
  endfacet
  facet normal 0 0 -1
    outer loop
      vertex -1.4034 6.6025 31
      vertex -0.965074 6.66362 31
      vertex -1.351 6.6025 31
    endloop
  endfacet
  facet normal -0 0 -1
    outer loop
      vertex -0.965074 6.66362 31
      vertex -1.4034 6.6025 31
      vertex -0.705566 6.71302 31
    endloop
  endfacet
  facet normal 0 0 -1
    outer loop
      vertex -1.64661 6.52329 31
      vertex -1.4034 6.6025 31
      vertex -1.351 6.6025 31
    endloop
  endfacet
  facet normal 0 0 -1
    outer loop
      vertex -2.08586 6.41963 31
      vertex -1.64661 6.52329 31
      vertex -2.03346 6.41963 31
    endloop
  endfacet
  facet normal -0 0 -1
    outer loop
      vertex -1.64661 6.52329 31
      vertex -2.08586 6.41963 31
      vertex -1.4034 6.6025 31
    endloop
  endfacet
  facet normal 0 0 -1
    outer loop
      vertex -2.31089 6.31314 31
      vertex -2.08586 6.41963 31
      vertex -2.03346 6.41963 31
    endloop
  endfacet
  facet normal 0 0 -1
    outer loop
      vertex -2.74547 6.16643 31
      vertex -2.31089 6.31314 31
      vertex -2.69306 6.16643 31
    endloop
  endfacet
  facet normal -0 0 -1
    outer loop
      vertex -2.31089 6.31314 31
      vertex -2.74547 6.16643 31
      vertex -2.08586 6.41963 31
    endloop
  endfacet
  facet normal 0 0 -1
    outer loop
      vertex -2.95071 6.03515 31
      vertex -2.74547 6.16643 31
      vertex -2.69306 6.16643 31
    endloop
  endfacet
  facet normal 0 0 -1
    outer loop
      vertex -3.375 5.84567 31
      vertex -2.95071 6.03515 31
      vertex -3.32259 5.84567 31
    endloop
  endfacet
  facet normal -0 0 -1
    outer loop
      vertex -2.95071 6.03515 31
      vertex -3.375 5.84567 31
      vertex -2.74547 6.16643 31
    endloop
  endfacet
  facet normal 0 0 -1
    outer loop
      vertex -3.55911 5.69207 31
      vertex -3.375 5.84567 31
      vertex -3.32259 5.84567 31
    endloop
  endfacet
  facet normal 0 0 -1
    outer loop
      vertex -3.96755 5.46086 31
      vertex -3.55911 5.69207 31
      vertex -3.91514 5.46086 31
    endloop
  endfacet
  facet normal -0 0 -1
    outer loop
      vertex -3.55911 5.69207 31
      vertex -3.96755 5.46086 31
      vertex -3.375 5.84567 31
    endloop
  endfacet
  facet normal 0 0 -1
    outer loop
      vertex -4.1294 5.28736 31
      vertex -3.96755 5.46086 31
      vertex -3.91514 5.46086 31
    endloop
  endfacet
  facet normal 0 0 -1
    outer loop
      vertex -4.51663 5.01623 31
      vertex -4.1294 5.28736 31
      vertex -4.46422 5.01623 31
    endloop
  endfacet
  facet normal -0 0 -1
    outer loop
      vertex -4.1294 5.28736 31
      vertex -4.51663 5.01623 31
      vertex -3.96755 5.46086 31
    endloop
  endfacet
  facet normal 0 0 -1
    outer loop
      vertex -4.65528 4.82517 31
      vertex -4.51663 5.01623 31
      vertex -4.46422 5.01623 31
    endloop
  endfacet
  facet normal 0 0 -1
    outer loop
      vertex -5.01623 4.51663 31
      vertex -4.65528 4.82517 31
      vertex -4.96382 4.51663 31
    endloop
  endfacet
  facet normal -0 0 -1
    outer loop
      vertex -4.65528 4.82517 31
      vertex -5.01623 4.51663 31
      vertex -4.51663 5.01623 31
    endloop
  endfacet
  facet normal 0 0 -1
    outer loop
      vertex -5.13089 4.31032 31
      vertex -5.01623 4.51663 31
      vertex -4.96382 4.51663 31
    endloop
  endfacet
  facet normal 0 0 -1
    outer loop
      vertex -5.46086 3.96755 31
      vertex -5.13089 4.31032 31
      vertex -5.40846 3.96755 31
    endloop
  endfacet
  facet normal -0 0 -1
    outer loop
      vertex -5.13089 4.31032 31
      vertex -5.46086 3.96755 31
      vertex -5.01623 4.51663 31
    endloop
  endfacet
  facet normal 0 0 -1
    outer loop
      vertex -5.55089 3.74822 31
      vertex -5.46086 3.96755 31
      vertex -5.40846 3.96755 31
    endloop
  endfacet
  facet normal 0 0 -1
    outer loop
      vertex -5.84567 3.375 31
      vertex -5.55089 3.74822 31
      vertex -5.79326 3.375 31
    endloop
  endfacet
  facet normal -0 0 -1
    outer loop
      vertex -5.55089 3.74822 31
      vertex -5.84567 3.375 31
      vertex -5.46086 3.96755 31
    endloop
  endfacet
  facet normal 0 0 -1
    outer loop
      vertex -5.91054 3.14484 31
      vertex -5.84567 3.375 31
      vertex -5.79326 3.375 31
    endloop
  endfacet
  facet normal 0 0 -1
    outer loop
      vertex -6.16643 2.74547 31
      vertex -5.91054 3.14484 31
      vertex -6.11402 2.74547 31
    endloop
  endfacet
  facet normal -0 0 -1
    outer loop
      vertex -5.91054 3.14484 31
      vertex -6.16643 2.74547 31
      vertex -5.84567 3.375 31
    endloop
  endfacet
  facet normal 0 0 -1
    outer loop
      vertex -6.20571 2.50662 31
      vertex -6.16643 2.74547 31
      vertex -6.11402 2.74547 31
    endloop
  endfacet
  facet normal 0 0 -1
    outer loop
      vertex -6.41963 2.08586 31
      vertex -6.20571 2.50662 31
      vertex -6.36722 2.08586 31
    endloop
  endfacet
  facet normal -0 0 -1
    outer loop
      vertex -6.20571 2.50662 31
      vertex -6.41963 2.08586 31
      vertex -6.16643 2.74547 31
    endloop
  endfacet
  facet normal 0 0 -1
    outer loop
      vertex -6.43298 1.84044 31
      vertex -6.41963 2.08586 31
      vertex -6.36722 2.08586 31
    endloop
  endfacet
  facet normal 0 0 -1
    outer loop
      vertex -6.6025 1.4034 31
      vertex -6.43298 1.84044 31
      vertex -6.55009 1.4034 31
    endloop
  endfacet
  facet normal -0 0 -1
    outer loop
      vertex -6.43298 1.84044 31
      vertex -6.6025 1.4034 31
      vertex -6.41963 2.08586 31
    endloop
  endfacet
  facet normal 0 0 -1
    outer loop
      vertex -6.58967 1.15349 31
      vertex -6.6025 1.4034 31
      vertex -6.55009 1.4034 31
    endloop
  endfacet
  facet normal 0 0 -1
    outer loop
      vertex -6.71302 0.705566 31
      vertex -6.58967 1.15349 31
      vertex -6.66061 0.705566 31
    endloop
  endfacet
  facet normal -0 0 -1
    outer loop
      vertex -6.58967 1.15349 31
      vertex -6.71302 0.705566 31
      vertex -6.6025 1.4034 31
    endloop
  endfacet
  facet normal 0 0 -1
    outer loop
      vertex -6.67384 0.45323 31
      vertex -6.71302 0.705566 31
      vertex -6.66061 0.705566 31
    endloop
  endfacet
  facet normal 0 0 -1
    outer loop
      vertex -6.75 0 31
      vertex -6.67384 0.45323 31
      vertex -6.69759 0 31
    endloop
  endfacet
  facet normal 0 0 -1
    outer loop
      vertex -6.68435 -0.252686 31
      vertex -6.75 0 31
      vertex -6.69759 0 31
    endloop
  endfacet
  facet normal -0 0 -1
    outer loop
      vertex -6.67384 0.45323 31
      vertex -6.75 0 31
      vertex -6.71302 0.705566 31
    endloop
  endfacet
  facet normal -0.358367 0.933581 0
    outer loop
      vertex 2.74547 -6.16643 0
      vertex 2.08586 -6.41963 29
      vertex 2.74547 -6.16643 29
    endloop
  endfacet
  facet normal -0.358367 0.933581 0
    outer loop
      vertex 2.08586 -6.41963 29
      vertex 2.74547 -6.16643 0
      vertex 2.08586 -6.41963 0
    endloop
  endfacet
  facet normal -0.933581 0.358367 0
    outer loop
      vertex 6.16643 -2.74547 0
      vertex 6.41963 -2.08586 29
      vertex 6.41963 -2.08586 0
    endloop
  endfacet
  facet normal -0.933581 0.358367 0
    outer loop
      vertex 6.41963 -2.08586 29
      vertex 6.16643 -2.74547 0
      vertex 6.16643 -2.74547 29
    endloop
  endfacet
  facet normal -0.98769 0.156426 0
    outer loop
      vertex 6.6025 -1.4034 0
      vertex 6.71302 -0.705566 29
      vertex 6.71302 -0.705566 0
    endloop
  endfacet
  facet normal -0.98769 0.156426 0
    outer loop
      vertex 6.71302 -0.705566 29
      vertex 6.6025 -1.4034 0
      vertex 6.6025 -1.4034 29
    endloop
  endfacet
  facet normal -0.998629 0.05234 0
    outer loop
      vertex 6.71302 -0.705566 0
      vertex 6.75 0 29
      vertex 6.75 0 0
    endloop
  endfacet
  facet normal -0.998629 0.05234 0
    outer loop
      vertex 6.75 0 29
      vertex 6.71302 -0.705566 0
      vertex 6.71302 -0.705566 29
    endloop
  endfacet
  facet normal 0.258826 0.965924 -0
    outer loop
      vertex -1.4034 -6.6025 0
      vertex -2.08586 -6.41963 31
      vertex -1.4034 -6.6025 31
    endloop
  endfacet
  facet normal 0.258826 0.965924 0
    outer loop
      vertex -2.08586 -6.41963 31
      vertex -1.4034 -6.6025 0
      vertex -2.08586 -6.41963 0
    endloop
  endfacet
  facet normal 0.453989 0.891007 -0
    outer loop
      vertex -2.74547 -6.16643 0
      vertex -3.375 -5.84567 31
      vertex -2.74547 -6.16643 31
    endloop
  endfacet
  facet normal 0.453989 0.891007 0
    outer loop
      vertex -3.375 -5.84567 31
      vertex -2.74547 -6.16643 0
      vertex -3.375 -5.84567 0
    endloop
  endfacet
  facet normal 0.838668 0.544643 0
    outer loop
      vertex -5.46086 -3.96755 31
      vertex -5.84567 -3.375 0
      vertex -5.84567 -3.375 31
    endloop
  endfacet
  facet normal 0.838668 0.544643 0
    outer loop
      vertex -5.84567 -3.375 0
      vertex -5.46086 -3.96755 31
      vertex -5.46086 -3.96755 0
    endloop
  endfacet
  facet normal 0.98769 0.156426 0
    outer loop
      vertex -6.6025 -1.4034 31
      vertex -6.71302 -0.705566 0
      vertex -6.71302 -0.705566 31
    endloop
  endfacet
  facet normal 0.98769 0.156426 0
    outer loop
      vertex -6.71302 -0.705566 0
      vertex -6.6025 -1.4034 31
      vertex -6.6025 -1.4034 0
    endloop
  endfacet
  facet normal 0 -0.0523682 0.998628
    outer loop
      vertex 20 0.705566 43.287
      vertex 45 0 43.25
      vertex 45 0.705566 43.287
    endloop
  endfacet
  facet normal 0 -0.0523682 0.998628
    outer loop
      vertex 45 0 43.25
      vertex 20 0.705566 43.287
      vertex 20 0 43.25
    endloop
  endfacet
  facet normal 0 -0.0523682 -0.998628
    outer loop
      vertex 19 0 56.75
      vertex 20 0.705566 56.713
      vertex 20 0 56.75
    endloop
  endfacet
  facet normal -0 -0.0523682 -0.998628
    outer loop
      vertex 20 0.705566 56.713
      vertex 19 0 56.75
      vertex 19 0.705566 56.713
    endloop
  endfacet
  facet normal 0 0.998629 -0.0523375
    outer loop
      vertex 20 -6.75 50
      vertex 19 -6.71302 50.7056
      vertex 20 -6.71302 50.7056
    endloop
  endfacet
  facet normal 0 0.998629 -0.0523375
    outer loop
      vertex 19 -6.71302 50.7056
      vertex 20 -6.75 50
      vertex 19 -6.75 50
    endloop
  endfacet
  facet normal 0 0.629375 -0.777102
    outer loop
      vertex 19 -4.51663 55.0162
      vertex 20 -3.96755 55.4609
      vertex 20 -4.51663 55.0162
    endloop
  endfacet
  facet normal 0 0.629375 -0.777102
    outer loop
      vertex 20 -3.96755 55.4609
      vertex 19 -4.51663 55.0162
      vertex 19 -3.96755 55.4609
    endloop
  endfacet
  facet normal 0 -0.777105 -0.62937
    outer loop
      vertex 19 5.46086 53.9676
      vertex 20 5.01623 54.5166
      vertex 19 5.01623 54.5166
    endloop
  endfacet
  facet normal 0 -0.777105 -0.62937
    outer loop
      vertex 20 5.01623 54.5166
      vertex 19 5.46086 53.9676
      vertex 20 5.46086 53.9676
    endloop
  endfacet
  facet normal 0 -0.933579 -0.358372
    outer loop
      vertex 19 6.41963 52.0859
      vertex 20 6.16643 52.7455
      vertex 19 6.16643 52.7455
    endloop
  endfacet
  facet normal 0 -0.933579 -0.358372
    outer loop
      vertex 20 6.16643 52.7455
      vertex 19 6.41963 52.0859
      vertex 20 6.41963 52.0859
    endloop
  endfacet
  facet normal 0 0.258866 -0.965913
    outer loop
      vertex 19 -2.08586 56.4196
      vertex 20 -1.4034 56.6025
      vertex 20 -2.08586 56.4196
    endloop
  endfacet
  facet normal 0 0.258866 -0.965913
    outer loop
      vertex 20 -1.4034 56.6025
      vertex 19 -2.08586 56.4196
      vertex 19 -1.4034 56.6025
    endloop
  endfacet
  facet normal 0 -0.156399 0.987694
    outer loop
      vertex 20 1.4034 43.3975
      vertex 45 0.705566 43.287
      vertex 45 1.4034 43.3975
    endloop
  endfacet
  facet normal 0 -0.156399 0.987694
    outer loop
      vertex 45 0.705566 43.287
      vertex 20 1.4034 43.3975
      vertex 20 0.705566 43.287
    endloop
  endfacet
  facet normal 0 -0.707107 0.707107
    outer loop
      vertex 20 4.51663 44.9838
      vertex 33.0149 5.01623 45.4834
      vertex 20 5.01623 45.4834
    endloop
  endfacet
  facet normal 7.40896e-06 -0.707203 0.70701
    outer loop
      vertex 33.0149 5.01623 45.4834
      vertex 20 4.51663 44.9838
      vertex 33.0437 4.83418 45.3013
    endloop
  endfacet
  facet normal 1.8472e-06 -0.707089 0.707125
    outer loop
      vertex 33.0437 4.83418 45.3013
      vertex 20 4.51663 44.9838
      vertex 33.0979 4.63197 45.0991
    endloop
  endfacet
  facet normal 0 -0.706984 0.707229
    outer loop
      vertex 33.0979 4.63197 45.0991
      vertex 20 4.51663 44.9838
      vertex 33.1422 4.51663 44.9838
    endloop
  endfacet
  facet normal 0 -0.890943 0.454116
    outer loop
      vertex 20 6.16643 47.2545
      vertex 33.1729 6.06347 47.0525
      vertex 33.2254 6.16643 47.2545
    endloop
  endfacet
  facet normal -2.91412e-06 -0.891019 0.453965
    outer loop
      vertex 20 6.16643 47.2545
      vertex 33.0979 5.86803 46.6689
      vertex 33.1729 6.06347 47.0525
    endloop
  endfacet
  facet normal 0 -0.890999 0.454006
    outer loop
      vertex 33.0919 5.84567 46.625
      vertex 20 6.16643 47.2545
      vertex 20 5.84567 46.625
    endloop
  endfacet
  facet normal -8.8474e-06 -0.891073 0.45386
    outer loop
      vertex 20 6.16643 47.2545
      vertex 33.0919 5.84567 46.625
      vertex 33.0979 5.86803 46.6689
    endloop
  endfacet
  facet normal 0 -0.773957 0.633238
    outer loop
      vertex 20 5.46086 46.0324
      vertex 33.011 5.45906 46.0302
      vertex 33.0112 5.46086 46.0324
    endloop
  endfacet
  facet normal -1.07553e-06 -0.777065 0.62942
    outer loop
      vertex 20 5.46086 46.0324
      vertex 33 5.25 45.7721
      vertex 33.011 5.45906 46.0302
    endloop
  endfacet
  facet normal -2.71677e-06 -0.777105 0.62937
    outer loop
      vertex 20 5.01623 45.4834
      vertex 33 5.25 45.7721
      vertex 20 5.46086 46.0324
    endloop
  endfacet
  facet normal 8.77167e-07 -0.777185 0.629273
    outer loop
      vertex 33 5.25 45.7721
      vertex 20 5.01623 45.4834
      vertex 33.011 5.04094 45.5139
    endloop
  endfacet
  facet normal 0 -0.777002 0.629499
    outer loop
      vertex 33.011 5.04094 45.5139
      vertex 20 5.01623 45.4834
      vertex 33.0149 5.01623 45.4834
    endloop
  endfacet
  facet normal 0 -0.544633 -0.838675
    outer loop
      vertex 19 3.375 55.8457
      vertex 20 3.96755 55.4609
      vertex 20 3.375 55.8457
    endloop
  endfacet
  facet normal -0 -0.544633 -0.838675
    outer loop
      vertex 20 3.96755 55.4609
      vertex 19 3.375 55.8457
      vertex 19 3.96755 55.4609
    endloop
  endfacet
  facet normal 0 -0.629375 -0.777102
    outer loop
      vertex 19 3.96755 55.4609
      vertex 20 4.51663 55.0162
      vertex 20 3.96755 55.4609
    endloop
  endfacet
  facet normal -0 -0.629375 -0.777102
    outer loop
      vertex 20 4.51663 55.0162
      vertex 19 3.96755 55.4609
      vertex 19 4.51663 55.0162
    endloop
  endfacet
  facet normal 0 -0.838689 -0.54461
    outer loop
      vertex 19 5.84567 53.375
      vertex 20 5.46086 53.9676
      vertex 19 5.46086 53.9676
    endloop
  endfacet
  facet normal 0 -0.838689 -0.54461
    outer loop
      vertex 20 5.46086 53.9676
      vertex 19 5.84567 53.375
      vertex 20 5.84567 53.375
    endloop
  endfacet
  facet normal 0 -0.987688 -0.156434
    outer loop
      vertex 19 6.71302 50.7056
      vertex 20 6.6025 51.4034
      vertex 19 6.6025 51.4034
    endloop
  endfacet
  facet normal 0 -0.987688 -0.156434
    outer loop
      vertex 20 6.6025 51.4034
      vertex 19 6.71302 50.7056
      vertex 20 6.71302 50.7056
    endloop
  endfacet
  facet normal 0 0.453891 0.891057
    outer loop
      vertex 45 -2.74547 43.8336
      vertex 35 -3.25 44.0906
      vertex 45 -3.25 44.0906
    endloop
  endfacet
  facet normal -0 0.453891 0.891057
    outer loop
      vertex 20 -2.74547 43.8336
      vertex 35 -3.25 44.0906
      vertex 45 -2.74547 43.8336
    endloop
  endfacet
  facet normal 2.85401e-05 0.454565 0.890714
    outer loop
      vertex 20 -2.74547 43.8336
      vertex 34.7909 -3.26096 44.0962
      vertex 35 -3.25 44.0906
    endloop
  endfacet
  facet normal 1.68262e-05 0.454298 0.89085
    outer loop
      vertex 20 -2.74547 43.8336
      vertex 34.5842 -3.2937 44.1129
      vertex 34.7909 -3.26096 44.0962
    endloop
  endfacet
  facet normal -4.07286e-06 0.453857 0.891075
    outer loop
      vertex 20 -2.74547 43.8336
      vertex 34.382 -3.34789 44.1405
      vertex 34.5842 -3.2937 44.1129
    endloop
  endfacet
  facet normal -1.37295e-05 0.453674 0.891168
    outer loop
      vertex 20 -2.74547 43.8336
      vertex 34.3113 -3.375 44.1543
      vertex 34.382 -3.34789 44.1405
    endloop
  endfacet
  facet normal 0 0.453921 0.891042
    outer loop
      vertex 34.3113 -3.375 44.1543
      vertex 20 -2.74547 43.8336
      vertex 20 -3.375 44.1543
    endloop
  endfacet
  facet normal 0 0.965872 0.259021
    outer loop
      vertex 33.5137 -6.58826 48.5435
      vertex 20 -6.6025 48.5966
      vertex 33.5279 -6.6025 48.5966
    endloop
  endfacet
  facet normal -9.04355e-07 0.965929 0.258806
    outer loop
      vertex 33.382 -6.42557 47.9363
      vertex 20 -6.6025 48.5966
      vertex 33.5137 -6.58826 48.5435
    endloop
  endfacet
  facet normal -1.82594e-05 0.966017 0.258478
    outer loop
      vertex 33.3781 -6.41963 47.9141
      vertex 20 -6.6025 48.5966
      vertex 33.382 -6.42557 47.9363
    endloop
  endfacet
  facet normal 0 0.965928 0.258812
    outer loop
      vertex 20 -6.6025 48.5966
      vertex 33.3781 -6.41963 47.9141
      vertex 20 -6.41963 47.9141
    endloop
  endfacet
  facet normal 1 0 0
    outer loop
      vertex 19 6.75 50
      vertex 19 6.73071 50.3157
      vertex 19 6.74863 49.9738
    endloop
  endfacet
  facet normal 1 0 0
    outer loop
      vertex 19 6.71302 50.7056
      vertex 19 6.73071 50.3157
      vertex 19 6.75 50
    endloop
  endfacet
  facet normal 1 0 0
    outer loop
      vertex 19 6.71302 50.7056
      vertex 19 6.71302 50.6532
      vertex 19 6.73071 50.3157
    endloop
  endfacet
  facet normal 1 0 0
    outer loop
      vertex 19 6.71302 50.7056
      vertex 19 6.65356 51.0286
      vertex 19 6.71302 50.6532
    endloop
  endfacet
  facet normal 1 0 0
    outer loop
      vertex 19 6.6025 51.4034
      vertex 19 6.65356 51.0286
      vertex 19 6.71302 50.7056
    endloop
  endfacet
  facet normal 1 0 0
    outer loop
      vertex 19 6.6025 51.4034
      vertex 19 6.6025 51.351
      vertex 19 6.65356 51.0286
    endloop
  endfacet
  facet normal 1 0 0
    outer loop
      vertex 19 6.6025 51.4034
      vertex 19 6.50137 51.7284
      vertex 19 6.6025 51.351
    endloop
  endfacet
  facet normal 1 0 0
    outer loop
      vertex 19 6.41963 52.0859
      vertex 19 6.50137 51.7284
      vertex 19 6.6025 51.4034
    endloop
  endfacet
  facet normal 1 0 0
    outer loop
      vertex 19 6.41963 52.0859
      vertex 19 6.41963 52.0335
      vertex 19 6.50137 51.7284
    endloop
  endfacet
  facet normal 1 0 0
    outer loop
      vertex 19 6.41963 52.0859
      vertex 19 6.27611 52.4073
      vertex 19 6.41963 52.0335
    endloop
  endfacet
  facet normal 1 0 0
    outer loop
      vertex 19 6.16643 52.7455
      vertex 19 6.27611 52.4073
      vertex 19 6.41963 52.0859
    endloop
  endfacet
  facet normal 1 0 0
    outer loop
      vertex 19 6.16643 52.7455
      vertex 19 6.16643 52.6931
      vertex 19 6.27611 52.4073
    endloop
  endfacet
  facet normal 1 0 0
    outer loop
      vertex 19 6.16643 52.7455
      vertex 19 5.98058 53.0578
      vertex 19 6.16643 52.6931
    endloop
  endfacet
  facet normal 1 0 0
    outer loop
      vertex 19 5.84567 53.375
      vertex 19 5.98058 53.0578
      vertex 19 6.16643 52.7455
    endloop
  endfacet
  facet normal 1 0 0
    outer loop
      vertex 19 5.84567 53.375
      vertex 19 5.84567 53.3226
      vertex 19 5.98058 53.0578
    endloop
  endfacet
  facet normal 1 0 0
    outer loop
      vertex 19 5.84567 53.375
      vertex 19 5.61836 53.6726
      vertex 19 5.84567 53.3226
    endloop
  endfacet
  facet normal 1 0 0
    outer loop
      vertex 19 5.46086 53.9676
      vertex 19 5.61836 53.6726
      vertex 19 5.84567 53.375
    endloop
  endfacet
  facet normal 1 0 0
    outer loop
      vertex 19 5.46086 53.9676
      vertex 19 5.46086 53.9151
      vertex 19 5.61836 53.6726
    endloop
  endfacet
  facet normal 1 0 0
    outer loop
      vertex 19 5.46086 53.9676
      vertex 19 5.19371 54.2451
      vertex 19 5.46086 53.9151
    endloop
  endfacet
  facet normal 1 0 0
    outer loop
      vertex 19 5.01623 54.5166
      vertex 19 5.19371 54.2451
      vertex 19 5.46086 53.9676
    endloop
  endfacet
  facet normal 1 0 0
    outer loop
      vertex 19 5.01623 54.5166
      vertex 19 5.01623 54.4642
      vertex 19 5.19371 54.2451
    endloop
  endfacet
  facet normal 1 0 0
    outer loop
      vertex 19 5.01623 54.5166
      vertex 19 4.71158 54.7689
      vertex 19 5.01623 54.4642
    endloop
  endfacet
  facet normal 1 0 0
    outer loop
      vertex 19 4.51663 55.0162
      vertex 19 4.71158 54.7689
      vertex 19 5.01623 54.5166
    endloop
  endfacet
  facet normal 1 0 0
    outer loop
      vertex 19 4.51663 55.0162
      vertex 19 4.51663 54.9638
      vertex 19 4.71158 54.7689
    endloop
  endfacet
  facet normal 1 0 0
    outer loop
      vertex 19 4.51663 55.0162
      vertex 19 4.17753 55.2384
      vertex 19 4.51663 54.9638
    endloop
  endfacet
  facet normal 1 0 0
    outer loop
      vertex 19 3.96755 55.4609
      vertex 19 4.17753 55.2384
      vertex 19 4.51663 55.0162
    endloop
  endfacet
  facet normal 1 0 0
    outer loop
      vertex 19 3.96755 55.4609
      vertex 19 3.96755 55.4085
      vertex 19 4.17753 55.2384
    endloop
  endfacet
  facet normal 1 0 0
    outer loop
      vertex 19 3.96755 55.4609
      vertex 19 3.59765 55.6487
      vertex 19 3.96755 55.4085
    endloop
  endfacet
  facet normal 1 0 0
    outer loop
      vertex 19 3.375 55.8457
      vertex 19 3.59765 55.6487
      vertex 19 3.96755 55.4609
    endloop
  endfacet
  facet normal 1 0 0
    outer loop
      vertex 19 3.375 55.8457
      vertex 19 3.375 55.7933
      vertex 19 3.59765 55.6487
    endloop
  endfacet
  facet normal 1 0 0
    outer loop
      vertex 19 3.375 55.8457
      vertex 19 2.97849 55.9953
      vertex 19 3.375 55.7933
    endloop
  endfacet
  facet normal 1 0 0
    outer loop
      vertex 19 2.74547 56.1664
      vertex 19 2.97849 55.9953
      vertex 19 3.375 55.8457
    endloop
  endfacet
  facet normal 1 0 0
    outer loop
      vertex 19 2.74547 56.1664
      vertex 19 2.74547 56.114
      vertex 19 2.97849 55.9953
    endloop
  endfacet
  facet normal 1 0 0
    outer loop
      vertex 19 2.74547 56.1664
      vertex 19 2.32702 56.2747
      vertex 19 2.74547 56.114
    endloop
  endfacet
  facet normal 1 0 0
    outer loop
      vertex 19 2.08586 56.4196
      vertex 19 2.32702 56.2747
      vertex 19 2.74547 56.1664
    endloop
  endfacet
  facet normal 1 0 0
    outer loop
      vertex 19 2.08586 56.4196
      vertex 19 2.08586 56.3672
      vertex 19 2.32702 56.2747
    endloop
  endfacet
  facet normal 1 0 0
    outer loop
      vertex 19 2.08586 56.4196
      vertex 19 1.65053 56.4839
      vertex 19 2.08586 56.3672
    endloop
  endfacet
  facet normal 1 0 0
    outer loop
      vertex 19 1.4034 56.6025
      vertex 19 1.65053 56.4839
      vertex 19 2.08586 56.4196
    endloop
  endfacet
  facet normal 1 0 0
    outer loop
      vertex 19 1.4034 56.6025
      vertex 19 1.4034 56.5501
      vertex 19 1.65053 56.4839
    endloop
  endfacet
  facet normal 1 0 0
    outer loop
      vertex 19 1.4034 56.6025
      vertex 19 0.956522 56.6209
      vertex 19 1.4034 56.5501
    endloop
  endfacet
  facet normal 1 0 0
    outer loop
      vertex 19 0.705566 56.713
      vertex 19 0.956522 56.6209
      vertex 19 1.4034 56.6025
    endloop
  endfacet
  facet normal 1 0 0
    outer loop
      vertex 19 0.705566 56.713
      vertex 19 0.705566 56.6606
      vertex 19 0.956522 56.6209
    endloop
  endfacet
  facet normal 1 0 0
    outer loop
      vertex 19 0.705566 56.713
      vertex 19 0.252686 56.6843
      vertex 19 0.705566 56.6606
    endloop
  endfacet
  facet normal 1 0 0
    outer loop
      vertex 19 0 56.75
      vertex 19 0.252686 56.6843
      vertex 19 0.705566 56.713
    endloop
  endfacet
  facet normal 1 0 0
    outer loop
      vertex 19 0 56.75
      vertex 19 0 56.6976
      vertex 19 0.252686 56.6843
    endloop
  endfacet
  facet normal 1 0 0
    outer loop
      vertex 19 0 56.75
      vertex 19 -0.45323 56.6738
      vertex 19 0 56.6976
    endloop
  endfacet
  facet normal 1 -0 0
    outer loop
      vertex 19 -0.705566 56.713
      vertex 19 -0.45323 56.6738
      vertex 19 0 56.75
    endloop
  endfacet
  facet normal 1 0 0
    outer loop
      vertex 19 -0.705566 56.713
      vertex 19 -0.705566 56.6606
      vertex 19 -0.45323 56.6738
    endloop
  endfacet
  facet normal 1 0 0
    outer loop
      vertex 19 -0.705566 56.713
      vertex 19 -1.15349 56.5897
      vertex 19 -0.705566 56.6606
    endloop
  endfacet
  facet normal 1 -0 0
    outer loop
      vertex 19 -1.4034 56.6025
      vertex 19 -1.15349 56.5897
      vertex 19 -0.705566 56.713
    endloop
  endfacet
  facet normal 1 0 0
    outer loop
      vertex 19 -1.4034 56.6025
      vertex 19 -1.4034 56.5501
      vertex 19 -1.15349 56.5897
    endloop
  endfacet
  facet normal 1 0 0
    outer loop
      vertex 19 -1.4034 56.6025
      vertex 19 -1.84044 56.433
      vertex 19 -1.4034 56.5501
    endloop
  endfacet
  facet normal 1 0 0
    outer loop
      vertex 19 -2.08586 56.4196
      vertex 19 -1.84044 56.433
      vertex 19 -1.4034 56.6025
    endloop
  endfacet
  facet normal 1 -0 0
    outer loop
      vertex 19 -2.08586 56.4196
      vertex 19 -2.08586 56.3672
      vertex 19 -1.84044 56.433
    endloop
  endfacet
  facet normal 1 0 0
    outer loop
      vertex 19 -2.08586 56.4196
      vertex 19 -2.50662 56.2057
      vertex 19 -2.08586 56.3672
    endloop
  endfacet
  facet normal 1 0 0
    outer loop
      vertex 19 -2.74547 56.1664
      vertex 19 -2.50662 56.2057
      vertex 19 -2.08586 56.4196
    endloop
  endfacet
  facet normal 1 -0 0
    outer loop
      vertex 19 -2.74547 56.1664
      vertex 19 -2.74547 56.114
      vertex 19 -2.50662 56.2057
    endloop
  endfacet
  facet normal 1 0 0
    outer loop
      vertex 19 -2.74547 56.1664
      vertex 19 -3.14484 55.9105
      vertex 19 -2.74547 56.114
    endloop
  endfacet
  facet normal 1 0 0
    outer loop
      vertex 19 -3.375 55.8457
      vertex 19 -3.14484 55.9105
      vertex 19 -2.74547 56.1664
    endloop
  endfacet
  facet normal 1 -0 0
    outer loop
      vertex 19 -3.375 55.8457
      vertex 19 -3.375 55.7933
      vertex 19 -3.14484 55.9105
    endloop
  endfacet
  facet normal 1 0 0
    outer loop
      vertex 19 -3.375 55.8457
      vertex 19 -3.74822 55.5509
      vertex 19 -3.375 55.7933
    endloop
  endfacet
  facet normal 1 0 0
    outer loop
      vertex 19 -3.96755 55.4609
      vertex 19 -3.74822 55.5509
      vertex 19 -3.375 55.8457
    endloop
  endfacet
  facet normal 1 -0 0
    outer loop
      vertex 19 -3.96755 55.4609
      vertex 19 -3.96755 55.4085
      vertex 19 -3.74822 55.5509
    endloop
  endfacet
  facet normal 1 0 0
    outer loop
      vertex 19 -3.96755 55.4609
      vertex 19 -4.31032 55.1309
      vertex 19 -3.96755 55.4085
    endloop
  endfacet
  facet normal 1 0 0
    outer loop
      vertex 19 -4.51663 55.0162
      vertex 19 -4.31032 55.1309
      vertex 19 -3.96755 55.4609
    endloop
  endfacet
  facet normal 1 -0 0
    outer loop
      vertex 19 -4.51663 55.0162
      vertex 19 -4.51663 54.9638
      vertex 19 -4.31032 55.1309
    endloop
  endfacet
  facet normal 1 0 0
    outer loop
      vertex 19 -4.51663 55.0162
      vertex 19 -4.82517 54.6553
      vertex 19 -4.51663 54.9638
    endloop
  endfacet
  facet normal 1 0 0
    outer loop
      vertex 19 -5.01623 54.5166
      vertex 19 -4.82517 54.6553
      vertex 19 -4.51663 55.0162
    endloop
  endfacet
  facet normal 1 -0 0
    outer loop
      vertex 19 -5.01623 54.5166
      vertex 19 -5.01623 54.4642
      vertex 19 -4.82517 54.6553
    endloop
  endfacet
  facet normal 1 0 0
    outer loop
      vertex 19 -5.01623 54.5166
      vertex 19 -5.28736 54.1294
      vertex 19 -5.01623 54.4642
    endloop
  endfacet
  facet normal 1 0 0
    outer loop
      vertex 19 -5.46086 53.9676
      vertex 19 -5.28736 54.1294
      vertex 19 -5.01623 54.5166
    endloop
  endfacet
  facet normal 1 -0 0
    outer loop
      vertex 19 -5.46086 53.9676
      vertex 19 -5.46086 53.9151
      vertex 19 -5.28736 54.1294
    endloop
  endfacet
  facet normal 1 0 0
    outer loop
      vertex 19 -5.46086 53.9676
      vertex 19 -5.69207 53.5591
      vertex 19 -5.46086 53.9151
    endloop
  endfacet
  facet normal 1 0 0
    outer loop
      vertex 19 -5.84567 53.375
      vertex 19 -5.69207 53.5591
      vertex 19 -5.46086 53.9676
    endloop
  endfacet
  facet normal 1 -0 0
    outer loop
      vertex 19 -5.84567 53.375
      vertex 19 -5.84567 53.3226
      vertex 19 -5.69207 53.5591
    endloop
  endfacet
  facet normal 1 0 0
    outer loop
      vertex 19 -5.84567 53.375
      vertex 19 -6.03515 52.9507
      vertex 19 -5.84567 53.3226
    endloop
  endfacet
  facet normal 1 0 0
    outer loop
      vertex 19 -6.16643 52.7455
      vertex 19 -6.03515 52.9507
      vertex 19 -5.84567 53.375
    endloop
  endfacet
  facet normal 1 -0 0
    outer loop
      vertex 19 -6.16643 52.7455
      vertex 19 -6.16643 52.6931
      vertex 19 -6.03515 52.9507
    endloop
  endfacet
  facet normal 1 0 0
    outer loop
      vertex 19 -6.16643 52.7455
      vertex 19 -6.31314 52.3109
      vertex 19 -6.16643 52.6931
    endloop
  endfacet
  facet normal 1 0 0
    outer loop
      vertex 19 -6.41963 52.0859
      vertex 19 -6.31314 52.3109
      vertex 19 -6.16643 52.7455
    endloop
  endfacet
  facet normal 1 -0 0
    outer loop
      vertex 19 -6.41963 52.0859
      vertex 19 -6.41963 52.0335
      vertex 19 -6.31314 52.3109
    endloop
  endfacet
  facet normal 1 0 0
    outer loop
      vertex 19 -6.41963 52.0859
      vertex 19 -6.52329 51.6466
      vertex 19 -6.41963 52.0335
    endloop
  endfacet
  facet normal 1 0 0
    outer loop
      vertex 19 -6.6025 51.4034
      vertex 19 -6.52329 51.6466
      vertex 19 -6.41963 52.0859
    endloop
  endfacet
  facet normal 1 -0 0
    outer loop
      vertex 19 -6.6025 51.4034
      vertex 19 -6.6025 51.351
      vertex 19 -6.52329 51.6466
    endloop
  endfacet
  facet normal 1 0 0
    outer loop
      vertex 19 -6.6025 51.4034
      vertex 19 -6.66362 50.9651
      vertex 19 -6.6025 51.351
    endloop
  endfacet
  facet normal 1 0 0
    outer loop
      vertex 19 -6.71302 50.7056
      vertex 19 -6.66362 50.9651
      vertex 19 -6.6025 51.4034
    endloop
  endfacet
  facet normal 1 -0 0
    outer loop
      vertex 19 -6.71302 50.7056
      vertex 19 -6.71302 50.6532
      vertex 19 -6.66362 50.9651
    endloop
  endfacet
  facet normal 1 0 0
    outer loop
      vertex 19 -6.71302 50.7056
      vertex 19 -6.73291 50.2736
      vertex 19 -6.71302 50.6532
    endloop
  endfacet
  facet normal 1 0 0
    outer loop
      vertex 19 -6.75 50
      vertex 19 -6.73291 50.2736
      vertex 19 -6.71302 50.7056
    endloop
  endfacet
  facet normal 1 0 0
    outer loop
      vertex 19 -6.73291 50.2736
      vertex 19 -6.75 50
      vertex 19 -6.74863 49.9738
    endloop
  endfacet
  facet normal 7.40896e-06 0.707203 0.70701
    outer loop
      vertex 20 -4.51663 44.9838
      vertex 33.0149 -5.01623 45.4834
      vertex 33.0437 -4.83418 45.3013
    endloop
  endfacet
  facet normal 1.8472e-06 0.707089 0.707125
    outer loop
      vertex 20 -4.51663 44.9838
      vertex 33.0437 -4.83418 45.3013
      vertex 33.0979 -4.63197 45.0991
    endloop
  endfacet
  facet normal -0 0.706984 0.707229
    outer loop
      vertex 20 -4.51663 44.9838
      vertex 33.0979 -4.63197 45.0991
      vertex 33.1422 -4.51663 44.9838
    endloop
  endfacet
  facet normal 0 0.707107 0.707107
    outer loop
      vertex 33.0149 -5.01623 45.4834
      vertex 20 -4.51663 44.9838
      vertex 20 -5.01623 45.4834
    endloop
  endfacet
  facet normal -0 0.258866 0.965913
    outer loop
      vertex 20 -1.4034 43.3975
      vertex 45 -2.08586 43.5804
      vertex 45 -1.4034 43.3975
    endloop
  endfacet
  facet normal 0 0.258866 0.965913
    outer loop
      vertex 45 -2.08586 43.5804
      vertex 20 -1.4034 43.3975
      vertex 20 -2.08586 43.5804
    endloop
  endfacet
  facet normal 0 0.890999 -0.454006
    outer loop
      vertex 20 -6.16643 52.7455
      vertex 19 -5.84567 53.375
      vertex 20 -5.84567 53.375
    endloop
  endfacet
  facet normal 0 0.890999 -0.454006
    outer loop
      vertex 19 -5.84567 53.375
      vertex 20 -6.16643 52.7455
      vertex 19 -6.16643 52.7455
    endloop
  endfacet
  facet normal 0 0.933579 -0.358372
    outer loop
      vertex 20 -6.41963 52.0859
      vertex 19 -6.16643 52.7455
      vertex 20 -6.16643 52.7455
    endloop
  endfacet
  facet normal 0 0.933579 -0.358372
    outer loop
      vertex 19 -6.16643 52.7455
      vertex 20 -6.41963 52.0859
      vertex 19 -6.41963 52.0859
    endloop
  endfacet
  facet normal 0 0.156399 -0.987694
    outer loop
      vertex 19 -1.4034 56.6025
      vertex 20 -0.705566 56.713
      vertex 20 -1.4034 56.6025
    endloop
  endfacet
  facet normal 0 0.156399 -0.987694
    outer loop
      vertex 20 -0.705566 56.713
      vertex 19 -1.4034 56.6025
      vertex 19 -0.705566 56.713
    endloop
  endfacet
  facet normal 0 -0.258866 0.965913
    outer loop
      vertex 20 2.08586 43.5804
      vertex 45 1.4034 43.3975
      vertex 45 2.08586 43.5804
    endloop
  endfacet
  facet normal 0 -0.258866 0.965913
    outer loop
      vertex 45 1.4034 43.3975
      vertex 20 2.08586 43.5804
      vertex 20 1.4034 43.3975
    endloop
  endfacet
  facet normal 0 -0.544633 0.838675
    outer loop
      vertex 20 3.375 44.1543
      vertex 33.4685 3.96755 44.5391
      vertex 20 3.96755 44.5391
    endloop
  endfacet
  facet normal -2.73503e-05 -0.544195 0.838959
    outer loop
      vertex 33.4685 3.96755 44.5391
      vertex 20 3.375 44.1543
      vertex 33.5137 3.91174 44.5029
    endloop
  endfacet
  facet normal -9.09131e-06 -0.544519 0.838749
    outer loop
      vertex 33.5137 3.91174 44.5029
      vertex 20 3.375 44.1543
      vertex 33.6617 3.76371 44.4068
    endloop
  endfacet
  facet normal 4.15254e-06 -0.544846 0.838536
    outer loop
      vertex 33.6617 3.76371 44.4068
      vertex 20 3.375 44.1543
      vertex 33.8244 3.63197 44.3212
    endloop
  endfacet
  facet normal -7.32461e-06 -0.544412 0.838818
    outer loop
      vertex 33.8244 3.63197 44.3212
      vertex 20 3.375 44.1543
      vertex 34 3.51795 44.2472
    endloop
  endfacet
  facet normal 3.14654e-06 -0.545133 0.83835
    outer loop
      vertex 34 3.51795 44.2472
      vertex 20 3.375 44.1543
      vertex 34.1865 3.42291 44.1854
    endloop
  endfacet
  facet normal 0 -0.544477 0.838775
    outer loop
      vertex 34.1865 3.42291 44.1854
      vertex 20 3.375 44.1543
      vertex 34.3113 3.375 44.1543
    endloop
  endfacet
  facet normal 0 -0.629375 0.777102
    outer loop
      vertex 20 3.96755 44.5391
      vertex 33.1422 4.51663 44.9838
      vertex 20 4.51663 44.9838
    endloop
  endfacet
  facet normal 1.07675e-05 -0.629531 0.776976
    outer loop
      vertex 33.1422 4.51663 44.9838
      vertex 20 3.96755 44.5391
      vertex 33.1729 4.43653 44.9189
    endloop
  endfacet
  facet normal -8.73465e-06 -0.6292 0.777244
    outer loop
      vertex 33.1729 4.43653 44.9189
      vertex 20 3.96755 44.5391
      vertex 33.2679 4.25 44.7679
    endloop
  endfacet
  facet normal -1.9828e-06 -0.629391 0.777089
    outer loop
      vertex 33.2679 4.25 44.7679
      vertex 20 3.96755 44.5391
      vertex 33.382 4.07443 44.6257
    endloop
  endfacet
  facet normal 0 -0.629541 0.776967
    outer loop
      vertex 33.382 4.07443 44.6257
      vertex 20 3.96755 44.5391
      vertex 33.4685 3.96755 44.5391
    endloop
  endfacet
  facet normal 0 -0.453891 0.891057
    outer loop
      vertex 35 3.25 44.0906
      vertex 45 2.74547 43.8336
      vertex 45 3.25 44.0906
    endloop
  endfacet
  facet normal 0 -0.453921 0.891042
    outer loop
      vertex 20 2.74547 43.8336
      vertex 34.3113 3.375 44.1543
      vertex 20 3.375 44.1543
    endloop
  endfacet
  facet normal -1.37295e-05 -0.453674 0.891168
    outer loop
      vertex 34.3113 3.375 44.1543
      vertex 20 2.74547 43.8336
      vertex 34.382 3.34789 44.1405
    endloop
  endfacet
  facet normal -4.07286e-06 -0.453857 0.891075
    outer loop
      vertex 34.382 3.34789 44.1405
      vertex 20 2.74547 43.8336
      vertex 34.5842 3.2937 44.1129
    endloop
  endfacet
  facet normal 1.68262e-05 -0.454298 0.89085
    outer loop
      vertex 34.5842 3.2937 44.1129
      vertex 20 2.74547 43.8336
      vertex 34.7909 3.26096 44.0962
    endloop
  endfacet
  facet normal 2.85401e-05 -0.454565 0.890714
    outer loop
      vertex 34.7909 3.26096 44.0962
      vertex 20 2.74547 43.8336
      vertex 35 3.25 44.0906
    endloop
  endfacet
  facet normal 0 -0.453891 0.891057
    outer loop
      vertex 35 3.25 44.0906
      vertex 20 2.74547 43.8336
      vertex 45 2.74547 43.8336
    endloop
  endfacet
  facet normal 0 -0.965872 0.259021
    outer loop
      vertex 20 6.6025 48.5966
      vertex 33.5137 6.58826 48.5435
      vertex 33.5279 6.6025 48.5966
    endloop
  endfacet
  facet normal -9.04355e-07 -0.965929 0.258806
    outer loop
      vertex 20 6.6025 48.5966
      vertex 33.382 6.42557 47.9363
      vertex 33.5137 6.58826 48.5435
    endloop
  endfacet
  facet normal 0 -0.965928 0.258812
    outer loop
      vertex 33.3781 6.41963 47.9141
      vertex 20 6.6025 48.5966
      vertex 20 6.41963 47.9141
    endloop
  endfacet
  facet normal -1.82594e-05 -0.966017 0.258478
    outer loop
      vertex 20 6.6025 48.5966
      vertex 33.3781 6.41963 47.9141
      vertex 33.382 6.42557 47.9363
    endloop
  endfacet
  facet normal 0 -0.93358 0.358369
    outer loop
      vertex 20 6.41963 47.9141
      vertex 33.2679 6.25 47.4722
      vertex 33.3781 6.41963 47.9141
    endloop
  endfacet
  facet normal 0 -0.933579 0.358372
    outer loop
      vertex 33.2254 6.16643 47.2545
      vertex 20 6.41963 47.9141
      vertex 20 6.16643 47.2545
    endloop
  endfacet
  facet normal 3.63514e-07 -0.933576 0.358378
    outer loop
      vertex 20 6.41963 47.9141
      vertex 33.2254 6.16643 47.2545
      vertex 33.2679 6.25 47.4722
    endloop
  endfacet
  facet normal 0 -0.987688 0.156434
    outer loop
      vertex 33.5279 6.6025 48.5966
      vertex 20 6.71302 49.2944
      vertex 20 6.6025 48.5966
    endloop
  endfacet
  facet normal 0 -0.987688 0.156434
    outer loop
      vertex 20 6.71302 49.2944
      vertex 33.5279 6.6025 48.5966
      vertex 33.6385 6.71302 49.2944
    endloop
  endfacet
  facet normal 0 -0.83863 0.544701
    outer loop
      vertex 20 5.84567 46.625
      vertex 33.0437 5.66582 46.3481
      vertex 33.0919 5.84567 46.625
    endloop
  endfacet
  facet normal 0 -0.838689 0.54461
    outer loop
      vertex 33.0112 5.46086 46.0324
      vertex 20 5.84567 46.625
      vertex 20 5.46086 46.0324
    endloop
  endfacet
  facet normal -5.12586e-06 -0.838741 0.544531
    outer loop
      vertex 20 5.84567 46.625
      vertex 33.0112 5.46086 46.0324
      vertex 33.0437 5.66582 46.3481
    endloop
  endfacet
  facet normal 0 -0.258866 -0.965913
    outer loop
      vertex 19 1.4034 56.6025
      vertex 20 2.08586 56.4196
      vertex 20 1.4034 56.6025
    endloop
  endfacet
  facet normal -0 -0.258866 -0.965913
    outer loop
      vertex 20 2.08586 56.4196
      vertex 19 1.4034 56.6025
      vertex 19 2.08586 56.4196
    endloop
  endfacet
  facet normal 0 -0.453921 -0.891042
    outer loop
      vertex 19 2.74547 56.1664
      vertex 20 3.375 55.8457
      vertex 20 2.74547 56.1664
    endloop
  endfacet
  facet normal -0 -0.453921 -0.891042
    outer loop
      vertex 20 3.375 55.8457
      vertex 19 2.74547 56.1664
      vertex 19 3.375 55.8457
    endloop
  endfacet
  facet normal 0 -0.156399 -0.987694
    outer loop
      vertex 19 0.705566 56.713
      vertex 20 1.4034 56.6025
      vertex 20 0.705566 56.713
    endloop
  endfacet
  facet normal -0 -0.156399 -0.987694
    outer loop
      vertex 20 1.4034 56.6025
      vertex 19 0.705566 56.713
      vertex 19 1.4034 56.6025
    endloop
  endfacet
  facet normal 0 -0.998629 -0.0523375
    outer loop
      vertex 19 6.75 50
      vertex 20 6.71302 50.7056
      vertex 19 6.71302 50.7056
    endloop
  endfacet
  facet normal 0 -0.998629 -0.0523375
    outer loop
      vertex 20 6.71302 50.7056
      vertex 19 6.75 50
      vertex 20 6.75 50
    endloop
  endfacet
  facet normal -0 0.0523682 0.998628
    outer loop
      vertex 20 0 43.25
      vertex 45 -0.705566 43.287
      vertex 45 0 43.25
    endloop
  endfacet
  facet normal 0 0.0523682 0.998628
    outer loop
      vertex 45 -0.705566 43.287
      vertex 20 0 43.25
      vertex 20 -0.705566 43.287
    endloop
  endfacet
  facet normal 0 0.99863 0.0523364
    outer loop
      vertex 33.6617 -6.73629 49.7384
      vertex 20 -6.75 50
      vertex 33.6787 -6.75 50
    endloop
  endfacet
  facet normal 3.15779e-08 0.998629 0.0523381
    outer loop
      vertex 33.6385 -6.71302 49.2944
      vertex 20 -6.75 50
      vertex 33.6617 -6.73629 49.7384
    endloop
  endfacet
  facet normal 0 0.998629 0.0523375
    outer loop
      vertex 20 -6.75 50
      vertex 33.6385 -6.71302 49.2944
      vertex 20 -6.71302 49.2944
    endloop
  endfacet
  facet normal 0 0.998636 0.0522187
    outer loop
      vertex 20 -6.75 50
      vertex 19 -6.74863 49.9738
      vertex 19 -6.75 50
    endloop
  endfacet
  facet normal 0 0.890943 0.454116
    outer loop
      vertex 33.1729 -6.06347 47.0525
      vertex 20 -6.16643 47.2545
      vertex 33.2254 -6.16643 47.2545
    endloop
  endfacet
  facet normal -2.91412e-06 0.891019 0.453965
    outer loop
      vertex 33.0979 -5.86803 46.6689
      vertex 20 -6.16643 47.2545
      vertex 33.1729 -6.06347 47.0525
    endloop
  endfacet
  facet normal -8.8474e-06 0.891073 0.45386
    outer loop
      vertex 33.0919 -5.84567 46.625
      vertex 20 -6.16643 47.2545
      vertex 33.0979 -5.86803 46.6689
    endloop
  endfacet
  facet normal 0 0.890999 0.454006
    outer loop
      vertex 20 -6.16643 47.2545
      vertex 33.0919 -5.84567 46.625
      vertex 20 -5.84567 46.625
    endloop
  endfacet
  facet normal 0 0.773957 0.633238
    outer loop
      vertex 33.011 -5.45906 46.0302
      vertex 20 -5.46086 46.0324
      vertex 33.0112 -5.46086 46.0324
    endloop
  endfacet
  facet normal -1.07553e-06 0.777065 0.62942
    outer loop
      vertex 33 -5.25 45.7721
      vertex 20 -5.46086 46.0324
      vertex 33.011 -5.45906 46.0302
    endloop
  endfacet
  facet normal 8.77167e-07 0.777185 0.629273
    outer loop
      vertex 20 -5.01623 45.4834
      vertex 33 -5.25 45.7721
      vertex 33.011 -5.04094 45.5139
    endloop
  endfacet
  facet normal -0 0.777002 0.629499
    outer loop
      vertex 20 -5.01623 45.4834
      vertex 33.011 -5.04094 45.5139
      vertex 33.0149 -5.01623 45.4834
    endloop
  endfacet
  facet normal -2.71677e-06 0.777105 0.62937
    outer loop
      vertex 33 -5.25 45.7721
      vertex 20 -5.01623 45.4834
      vertex 20 -5.46086 46.0324
    endloop
  endfacet
  facet normal 0 0.83863 0.544701
    outer loop
      vertex 33.0437 -5.66582 46.3481
      vertex 20 -5.84567 46.625
      vertex 33.0919 -5.84567 46.625
    endloop
  endfacet
  facet normal -5.12586e-06 0.838741 0.544531
    outer loop
      vertex 33.0112 -5.46086 46.0324
      vertex 20 -5.84567 46.625
      vertex 33.0437 -5.66582 46.3481
    endloop
  endfacet
  facet normal 0 0.838689 0.54461
    outer loop
      vertex 20 -5.84567 46.625
      vertex 33.0112 -5.46086 46.0324
      vertex 20 -5.46086 46.0324
    endloop
  endfacet
  facet normal -0 0.629541 0.776967
    outer loop
      vertex 20 -3.96755 44.5391
      vertex 33.382 -4.07443 44.6257
      vertex 33.4685 -3.96755 44.5391
    endloop
  endfacet
  facet normal -1.9828e-06 0.629391 0.777089
    outer loop
      vertex 20 -3.96755 44.5391
      vertex 33.2679 -4.25 44.7679
      vertex 33.382 -4.07443 44.6257
    endloop
  endfacet
  facet normal -8.73465e-06 0.6292 0.777244
    outer loop
      vertex 20 -3.96755 44.5391
      vertex 33.1729 -4.43653 44.9189
      vertex 33.2679 -4.25 44.7679
    endloop
  endfacet
  facet normal 1.07675e-05 0.629531 0.776976
    outer loop
      vertex 20 -3.96755 44.5391
      vertex 33.1422 -4.51663 44.9838
      vertex 33.1729 -4.43653 44.9189
    endloop
  endfacet
  facet normal 0 0.629375 0.777102
    outer loop
      vertex 33.1422 -4.51663 44.9838
      vertex 20 -3.96755 44.5391
      vertex 20 -4.51663 44.9838
    endloop
  endfacet
  facet normal -0 0.544477 0.838775
    outer loop
      vertex 20 -3.375 44.1543
      vertex 34.1865 -3.42291 44.1854
      vertex 34.3113 -3.375 44.1543
    endloop
  endfacet
  facet normal 3.14654e-06 0.545133 0.83835
    outer loop
      vertex 20 -3.375 44.1543
      vertex 34 -3.51795 44.2472
      vertex 34.1865 -3.42291 44.1854
    endloop
  endfacet
  facet normal -7.32461e-06 0.544412 0.838818
    outer loop
      vertex 20 -3.375 44.1543
      vertex 33.8244 -3.63197 44.3212
      vertex 34 -3.51795 44.2472
    endloop
  endfacet
  facet normal 4.15254e-06 0.544846 0.838536
    outer loop
      vertex 20 -3.375 44.1543
      vertex 33.6617 -3.76371 44.4068
      vertex 33.8244 -3.63197 44.3212
    endloop
  endfacet
  facet normal -9.09131e-06 0.544519 0.838749
    outer loop
      vertex 20 -3.375 44.1543
      vertex 33.5137 -3.91174 44.5029
      vertex 33.6617 -3.76371 44.4068
    endloop
  endfacet
  facet normal -2.73503e-05 0.544195 0.838959
    outer loop
      vertex 20 -3.375 44.1543
      vertex 33.4685 -3.96755 44.5391
      vertex 33.5137 -3.91174 44.5029
    endloop
  endfacet
  facet normal 0 0.544633 0.838675
    outer loop
      vertex 33.4685 -3.96755 44.5391
      vertex 20 -3.375 44.1543
      vertex 20 -3.96755 44.5391
    endloop
  endfacet
  facet normal 0 0.965928 -0.258812
    outer loop
      vertex 20 -6.6025 51.4034
      vertex 19 -6.41963 52.0859
      vertex 20 -6.41963 52.0859
    endloop
  endfacet
  facet normal 0 0.965928 -0.258812
    outer loop
      vertex 19 -6.41963 52.0859
      vertex 20 -6.6025 51.4034
      vertex 19 -6.6025 51.4034
    endloop
  endfacet
  facet normal 0 0.707107 -0.707107
    outer loop
      vertex 20 -5.01623 54.5166
      vertex 19 -4.51663 55.0162
      vertex 20 -4.51663 55.0162
    endloop
  endfacet
  facet normal 0 0.707107 -0.707107
    outer loop
      vertex 19 -4.51663 55.0162
      vertex 20 -5.01623 54.5166
      vertex 19 -5.01623 54.5166
    endloop
  endfacet
  facet normal 0 0.777105 -0.62937
    outer loop
      vertex 20 -5.46086 53.9676
      vertex 19 -5.01623 54.5166
      vertex 20 -5.01623 54.5166
    endloop
  endfacet
  facet normal 0 0.777105 -0.62937
    outer loop
      vertex 19 -5.01623 54.5166
      vertex 20 -5.46086 53.9676
      vertex 19 -5.46086 53.9676
    endloop
  endfacet
  facet normal 0 0.838689 -0.54461
    outer loop
      vertex 20 -5.84567 53.375
      vertex 19 -5.46086 53.9676
      vertex 20 -5.46086 53.9676
    endloop
  endfacet
  facet normal 0 0.838689 -0.54461
    outer loop
      vertex 19 -5.46086 53.9676
      vertex 20 -5.84567 53.375
      vertex 19 -5.84567 53.375
    endloop
  endfacet
  facet normal 0 0.987688 -0.156434
    outer loop
      vertex 20 -6.71302 50.7056
      vertex 19 -6.6025 51.4034
      vertex 20 -6.6025 51.4034
    endloop
  endfacet
  facet normal 0 0.987688 -0.156434
    outer loop
      vertex 19 -6.6025 51.4034
      vertex 20 -6.71302 50.7056
      vertex 19 -6.71302 50.7056
    endloop
  endfacet
  facet normal 0 0.453921 -0.891042
    outer loop
      vertex 19 -3.375 55.8457
      vertex 20 -2.74547 56.1664
      vertex 20 -3.375 55.8457
    endloop
  endfacet
  facet normal 0 0.453921 -0.891042
    outer loop
      vertex 20 -2.74547 56.1664
      vertex 19 -3.375 55.8457
      vertex 19 -2.74547 56.1664
    endloop
  endfacet
  facet normal 0 0.544633 -0.838675
    outer loop
      vertex 19 -3.96755 55.4609
      vertex 20 -3.375 55.8457
      vertex 20 -3.96755 55.4609
    endloop
  endfacet
  facet normal 0 0.544633 -0.838675
    outer loop
      vertex 20 -3.375 55.8457
      vertex 19 -3.96755 55.4609
      vertex 19 -3.375 55.8457
    endloop
  endfacet
  facet normal 0 0.358367 -0.933581
    outer loop
      vertex 19 -2.74547 56.1664
      vertex 20 -2.08586 56.4196
      vertex 20 -2.74547 56.1664
    endloop
  endfacet
  facet normal 0 0.358367 -0.933581
    outer loop
      vertex 20 -2.08586 56.4196
      vertex 19 -2.74547 56.1664
      vertex 19 -2.08586 56.4196
    endloop
  endfacet
  facet normal 0 0.0523682 -0.998628
    outer loop
      vertex 19 -0.705566 56.713
      vertex 20 0 56.75
      vertex 20 -0.705566 56.713
    endloop
  endfacet
  facet normal 0 0.0523682 -0.998628
    outer loop
      vertex 20 0 56.75
      vertex 19 -0.705566 56.713
      vertex 19 0 56.75
    endloop
  endfacet
  facet normal 0 -0.358367 0.933581
    outer loop
      vertex 20 2.74547 43.8336
      vertex 45 2.08586 43.5804
      vertex 45 2.74547 43.8336
    endloop
  endfacet
  facet normal 0 -0.358367 0.933581
    outer loop
      vertex 45 2.08586 43.5804
      vertex 20 2.74547 43.8336
      vertex 20 2.08586 43.5804
    endloop
  endfacet
  facet normal 0 -0.99863 0.0523364
    outer loop
      vertex 20 6.75 50
      vertex 33.6617 6.73629 49.7384
      vertex 33.6787 6.75 50
    endloop
  endfacet
  facet normal 0 -0.998629 0.0523375
    outer loop
      vertex 33.6385 6.71302 49.2944
      vertex 20 6.75 50
      vertex 20 6.71302 49.2944
    endloop
  endfacet
  facet normal 3.15779e-08 -0.998629 0.0523381
    outer loop
      vertex 20 6.75 50
      vertex 33.6385 6.71302 49.2944
      vertex 33.6617 6.73629 49.7384
    endloop
  endfacet
  facet normal 0 -0.998636 0.0522187
    outer loop
      vertex 20 6.75 50
      vertex 19 6.75 50
      vertex 19 6.74863 49.9738
    endloop
  endfacet
  facet normal 0 -0.707107 -0.707107
    outer loop
      vertex 19 5.01623 54.5166
      vertex 20 4.51663 55.0162
      vertex 19 4.51663 55.0162
    endloop
  endfacet
  facet normal 0 -0.707107 -0.707107
    outer loop
      vertex 20 4.51663 55.0162
      vertex 19 5.01623 54.5166
      vertex 20 5.01623 54.5166
    endloop
  endfacet
  facet normal 0 -0.358367 -0.933581
    outer loop
      vertex 19 2.08586 56.4196
      vertex 20 2.74547 56.1664
      vertex 20 2.08586 56.4196
    endloop
  endfacet
  facet normal -0 -0.358367 -0.933581
    outer loop
      vertex 20 2.74547 56.1664
      vertex 19 2.08586 56.4196
      vertex 19 2.74547 56.1664
    endloop
  endfacet
  facet normal 0 -0.890999 -0.454006
    outer loop
      vertex 19 6.16643 52.7455
      vertex 20 5.84567 53.375
      vertex 19 5.84567 53.375
    endloop
  endfacet
  facet normal 0 -0.890999 -0.454006
    outer loop
      vertex 20 5.84567 53.375
      vertex 19 6.16643 52.7455
      vertex 20 6.16643 52.7455
    endloop
  endfacet
  facet normal 0 -0.965928 -0.258812
    outer loop
      vertex 19 6.6025 51.4034
      vertex 20 6.41963 52.0859
      vertex 19 6.41963 52.0859
    endloop
  endfacet
  facet normal 0 -0.965928 -0.258812
    outer loop
      vertex 20 6.41963 52.0859
      vertex 19 6.6025 51.4034
      vertex 20 6.6025 51.4034
    endloop
  endfacet
  facet normal 0 0.987688 0.156434
    outer loop
      vertex 33.5279 -6.6025 48.5966
      vertex 20 -6.71302 49.2944
      vertex 33.6385 -6.71302 49.2944
    endloop
  endfacet
  facet normal 0 0.987688 0.156434
    outer loop
      vertex 20 -6.71302 49.2944
      vertex 33.5279 -6.6025 48.5966
      vertex 20 -6.6025 48.5966
    endloop
  endfacet
  facet normal 0 0.93358 0.358369
    outer loop
      vertex 33.2679 -6.25 47.4722
      vertex 20 -6.41963 47.9141
      vertex 33.3781 -6.41963 47.9141
    endloop
  endfacet
  facet normal 3.63514e-07 0.933576 0.358378
    outer loop
      vertex 33.2254 -6.16643 47.2545
      vertex 20 -6.41963 47.9141
      vertex 33.2679 -6.25 47.4722
    endloop
  endfacet
  facet normal 0 0.933579 0.358372
    outer loop
      vertex 20 -6.41963 47.9141
      vertex 33.2254 -6.16643 47.2545
      vertex 20 -6.16643 47.2545
    endloop
  endfacet
  facet normal -0 0.358367 0.933581
    outer loop
      vertex 20 -2.08586 43.5804
      vertex 45 -2.74547 43.8336
      vertex 45 -2.08586 43.5804
    endloop
  endfacet
  facet normal 0 0.358367 0.933581
    outer loop
      vertex 45 -2.74547 43.8336
      vertex 20 -2.08586 43.5804
      vertex 20 -2.74547 43.8336
    endloop
  endfacet
  facet normal -0 0.156399 0.987694
    outer loop
      vertex 20 -0.705566 43.287
      vertex 45 -1.4034 43.3975
      vertex 45 -0.705566 43.287
    endloop
  endfacet
  facet normal 0 0.156399 0.987694
    outer loop
      vertex 45 -1.4034 43.3975
      vertex 20 -0.705566 43.287
      vertex 20 -1.4034 43.3975
    endloop
  endfacet
  facet normal 1 0 0
    outer loop
      vertex 20 6.75 54.9542
      vertex 20 6.71302 50.7056
      vertex 20 6.75 50
    endloop
  endfacet
  facet normal 1 0 0
    outer loop
      vertex 20 6.75 54.9542
      vertex 20 6.6025 51.4034
      vertex 20 6.71302 50.7056
    endloop
  endfacet
  facet normal 1 0 0
    outer loop
      vertex 20 6.75 54.9542
      vertex 20 6.41963 52.0859
      vertex 20 6.6025 51.4034
    endloop
  endfacet
  facet normal 1 0 0
    outer loop
      vertex 20 5.01623 54.5166
      vertex 20 6.75 54.9542
      vertex 20 6.22384 55.604
    endloop
  endfacet
  facet normal 1 0 0
    outer loop
      vertex 20 6.75 54.9542
      vertex 20 6.16643 52.7455
      vertex 20 6.41963 52.0859
    endloop
  endfacet
  facet normal 1 0 0
    outer loop
      vertex 20 6.75 54.9542
      vertex 20 5.84567 53.375
      vertex 20 6.16643 52.7455
    endloop
  endfacet
  facet normal 1 0 0
    outer loop
      vertex 20 5.01623 54.5166
      vertex 20 6.22384 55.604
      vertex 20 5.60397 56.2238
    endloop
  endfacet
  facet normal 1 0 0
    outer loop
      vertex 20 6.75 54.9542
      vertex 20 5.46086 53.9676
      vertex 20 5.84567 53.375
    endloop
  endfacet
  facet normal 1 0 0
    outer loop
      vertex 20 6.75 54.9542
      vertex 20 5.01623 54.5166
      vertex 20 5.46086 53.9676
    endloop
  endfacet
  facet normal 1 0 0
    outer loop
      vertex 20 4.51663 55.0162
      vertex 20 5.60397 56.2238
      vertex 20 4.9227 56.7755
    endloop
  endfacet
  facet normal 1 0 0
    outer loop
      vertex 20 5.60397 56.2238
      vertex 20 4.51663 55.0162
      vertex 20 5.01623 54.5166
    endloop
  endfacet
  facet normal 1 0 0
    outer loop
      vertex 20 3.96755 55.4609
      vertex 20 4.9227 56.7755
      vertex 20 4.1875 57.253
    endloop
  endfacet
  facet normal 1 0 0
    outer loop
      vertex 20 4.9227 56.7755
      vertex 20 3.96755 55.4609
      vertex 20 4.51663 55.0162
    endloop
  endfacet
  facet normal 1 0 0
    outer loop
      vertex 20 3.375 55.8457
      vertex 20 4.1875 57.253
      vertex 20 3.40642 57.6509
    endloop
  endfacet
  facet normal 1 0 0
    outer loop
      vertex 20 4.1875 57.253
      vertex 20 3.375 55.8457
      vertex 20 3.96755 55.4609
    endloop
  endfacet
  facet normal 1 0 0
    outer loop
      vertex 20 3.40642 57.6509
      vertex 20 2.74547 56.1664
      vertex 20 3.375 55.8457
    endloop
  endfacet
  facet normal 1 0 0
    outer loop
      vertex 20 2.58802 57.9651
      vertex 20 2.74547 56.1664
      vertex 20 3.40642 57.6509
    endloop
  endfacet
  facet normal 1 0 0
    outer loop
      vertex 20 2.58802 57.9651
      vertex 20 2.08586 56.4196
      vertex 20 2.74547 56.1664
    endloop
  endfacet
  facet normal 1 0 0
    outer loop
      vertex 20 1.74126 58.192
      vertex 20 2.08586 56.4196
      vertex 20 2.58802 57.9651
    endloop
  endfacet
  facet normal 1 0 0
    outer loop
      vertex 20 1.74126 58.192
      vertex 20 1.4034 56.6025
      vertex 20 2.08586 56.4196
    endloop
  endfacet
  facet normal 1 0 0
    outer loop
      vertex 20 0.875425 58.3291
      vertex 20 1.4034 56.6025
      vertex 20 1.74126 58.192
    endloop
  endfacet
  facet normal 1 0 0
    outer loop
      vertex 20 0.875425 58.3291
      vertex 20 0.705566 56.713
      vertex 20 1.4034 56.6025
    endloop
  endfacet
  facet normal 1 0 0
    outer loop
      vertex 20 0 58.375
      vertex 20 0.705566 56.713
      vertex 20 0.875425 58.3291
    endloop
  endfacet
  facet normal 1 0 0
    outer loop
      vertex 20 0 58.375
      vertex 20 0 56.75
      vertex 20 0.705566 56.713
    endloop
  endfacet
  facet normal 1 0 0
    outer loop
      vertex 20 0 58.375
      vertex 20 -0.705566 56.713
      vertex 20 0 56.75
    endloop
  endfacet
  facet normal 1 -0 0
    outer loop
      vertex 20 -0.875425 58.3291
      vertex 20 -0.705566 56.713
      vertex 20 0 58.375
    endloop
  endfacet
  facet normal 1 0 0
    outer loop
      vertex 20 -0.875425 58.3291
      vertex 20 -1.4034 56.6025
      vertex 20 -0.705566 56.713
    endloop
  endfacet
  facet normal 1 -0 0
    outer loop
      vertex 20 -1.74126 58.192
      vertex 20 -1.4034 56.6025
      vertex 20 -0.875425 58.3291
    endloop
  endfacet
  facet normal 1 0 0
    outer loop
      vertex 20 -1.74126 58.192
      vertex 20 -2.08586 56.4196
      vertex 20 -1.4034 56.6025
    endloop
  endfacet
  facet normal 1 -0 0
    outer loop
      vertex 20 -2.58802 57.9651
      vertex 20 -2.08586 56.4196
      vertex 20 -1.74126 58.192
    endloop
  endfacet
  facet normal 1 0 0
    outer loop
      vertex 20 -2.58802 57.9651
      vertex 20 -2.74547 56.1664
      vertex 20 -2.08586 56.4196
    endloop
  endfacet
  facet normal 1 -0 0
    outer loop
      vertex 20 -3.40642 57.6509
      vertex 20 -2.74547 56.1664
      vertex 20 -2.58802 57.9651
    endloop
  endfacet
  facet normal 1 0 0
    outer loop
      vertex 20 -2.74547 56.1664
      vertex 20 -3.40642 57.6509
      vertex 20 -3.375 55.8457
    endloop
  endfacet
  facet normal 1 -0 0
    outer loop
      vertex 20 -4.1875 57.253
      vertex 20 -3.375 55.8457
      vertex 20 -3.40642 57.6509
    endloop
  endfacet
  facet normal 1 0 0
    outer loop
      vertex 20 -3.375 55.8457
      vertex 20 -4.1875 57.253
      vertex 20 -3.96755 55.4609
    endloop
  endfacet
  facet normal 1 -0 0
    outer loop
      vertex 20 -4.9227 56.7755
      vertex 20 -3.96755 55.4609
      vertex 20 -4.1875 57.253
    endloop
  endfacet
  facet normal 1 0 0
    outer loop
      vertex 20 -3.96755 55.4609
      vertex 20 -4.9227 56.7755
      vertex 20 -4.51663 55.0162
    endloop
  endfacet
  facet normal 1 -0 0
    outer loop
      vertex 20 -5.60397 56.2238
      vertex 20 -4.51663 55.0162
      vertex 20 -4.9227 56.7755
    endloop
  endfacet
  facet normal 1 0 0
    outer loop
      vertex 20 -4.51663 55.0162
      vertex 20 -5.60397 56.2238
      vertex 20 -5.01623 54.5166
    endloop
  endfacet
  facet normal 1 -0 0
    outer loop
      vertex 20 -6.22384 55.604
      vertex 20 -5.01623 54.5166
      vertex 20 -5.60397 56.2238
    endloop
  endfacet
  facet normal 1 -0 0
    outer loop
      vertex 20 -6.75 54.9542
      vertex 20 -5.01623 54.5166
      vertex 20 -6.22384 55.604
    endloop
  endfacet
  facet normal 1 0 0
    outer loop
      vertex 20 -5.01623 54.5166
      vertex 20 -6.75 54.9542
      vertex 20 -5.46086 53.9676
    endloop
  endfacet
  facet normal 1 0 0
    outer loop
      vertex 20 -5.46086 53.9676
      vertex 20 -6.75 54.9542
      vertex 20 -5.84567 53.375
    endloop
  endfacet
  facet normal 1 0 0
    outer loop
      vertex 20 -5.84567 53.375
      vertex 20 -6.75 54.9542
      vertex 20 -6.16643 52.7455
    endloop
  endfacet
  facet normal 1 0 0
    outer loop
      vertex 20 -6.16643 52.7455
      vertex 20 -6.75 54.9542
      vertex 20 -6.41963 52.0859
    endloop
  endfacet
  facet normal 1 0 0
    outer loop
      vertex 20 -6.41963 52.0859
      vertex 20 -6.75 54.9542
      vertex 20 -6.6025 51.4034
    endloop
  endfacet
  facet normal 1 0 0
    outer loop
      vertex 20 -6.6025 51.4034
      vertex 20 -6.75 54.9542
      vertex 20 -6.71302 50.7056
    endloop
  endfacet
  facet normal 1 0 0
    outer loop
      vertex 20 -6.71302 50.7056
      vertex 20 -6.75 54.9542
      vertex 20 -6.75 50
    endloop
  endfacet
  facet normal 0 -1 0
    outer loop
      vertex 20 6.75 50
      vertex 33.6787 6.75 54.9542
      vertex 20 6.75 54.9542
    endloop
  endfacet
  facet normal 0 -1 -0
    outer loop
      vertex 33.6787 6.75 54.9542
      vertex 20 6.75 50
      vertex 33.6787 6.75 50
    endloop
  endfacet
  facet normal 0 1 -0
    outer loop
      vertex 33.6787 -6.75 50
      vertex 20 -6.75 54.9542
      vertex 33.6787 -6.75 54.9542
    endloop
  endfacet
  facet normal 0 1 0
    outer loop
      vertex 20 -6.75 54.9542
      vertex 33.6787 -6.75 50
      vertex 20 -6.75 50
    endloop
  endfacet
  facet normal -1 0 0
    outer loop
      vertex 43.5 3.25 39.5
      vertex 43.5 7.25 40.7
      vertex 43.5 7.25 39.5
    endloop
  endfacet
  facet normal -1 -0 0
    outer loop
      vertex 43.5 7.25 40.7
      vertex 43.5 3.25 39.5
      vertex 43.5 3.25 40.7
    endloop
  endfacet
  facet normal -0 0 1
    outer loop
      vertex 35 7.25 39.5
      vertex 43.5 3.25 39.5
      vertex 43.5 7.25 39.5
    endloop
  endfacet
  facet normal 0 0 1
    outer loop
      vertex 35 7.25 39.5
      vertex 35 3.25 39.5
      vertex 43.5 3.25 39.5
    endloop
  endfacet
  facet normal -0 0 1
    outer loop
      vertex 34.7909 7.23904 39.5
      vertex 35 3.25 39.5
      vertex 35 7.25 39.5
    endloop
  endfacet
  facet normal 0 0 1
    outer loop
      vertex 34.7909 7.23904 39.5
      vertex 34.7909 3.26096 39.5
      vertex 35 3.25 39.5
    endloop
  endfacet
  facet normal -0 0 1
    outer loop
      vertex 34.5842 7.2063 39.5
      vertex 34.7909 3.26096 39.5
      vertex 34.7909 7.23904 39.5
    endloop
  endfacet
  facet normal 0 0 1
    outer loop
      vertex 34.5842 7.2063 39.5
      vertex 34.5842 3.2937 39.5
      vertex 34.7909 3.26096 39.5
    endloop
  endfacet
  facet normal -0 0 1
    outer loop
      vertex 34.382 7.15211 39.5
      vertex 34.5842 3.2937 39.5
      vertex 34.5842 7.2063 39.5
    endloop
  endfacet
  facet normal 0 0 1
    outer loop
      vertex 34.382 7.15211 39.5
      vertex 34.382 3.34789 39.5
      vertex 34.5842 3.2937 39.5
    endloop
  endfacet
  facet normal -0 0 1
    outer loop
      vertex 34.1865 7.07709 39.5
      vertex 34.382 3.34789 39.5
      vertex 34.382 7.15211 39.5
    endloop
  endfacet
  facet normal 0 0 1
    outer loop
      vertex 34.1865 7.07709 39.5
      vertex 34.1865 3.42291 39.5
      vertex 34.382 3.34789 39.5
    endloop
  endfacet
  facet normal -0 0 1
    outer loop
      vertex 34 6.98205 39.5
      vertex 34.1865 3.42291 39.5
      vertex 34.1865 7.07709 39.5
    endloop
  endfacet
  facet normal 0 0 1
    outer loop
      vertex 34 6.98205 39.5
      vertex 34 3.51795 39.5
      vertex 34.1865 3.42291 39.5
    endloop
  endfacet
  facet normal -0 0 1
    outer loop
      vertex 33.8244 6.86803 39.5
      vertex 34 3.51795 39.5
      vertex 34 6.98205 39.5
    endloop
  endfacet
  facet normal 0 0 1
    outer loop
      vertex 33.8244 6.86803 39.5
      vertex 33.8244 3.63197 39.5
      vertex 34 3.51795 39.5
    endloop
  endfacet
  facet normal -0 0 1
    outer loop
      vertex 33.6617 6.73629 39.5
      vertex 33.8244 3.63197 39.5
      vertex 33.8244 6.86803 39.5
    endloop
  endfacet
  facet normal 0 0 1
    outer loop
      vertex 33.6617 6.73629 39.5
      vertex 33.6617 3.76371 39.5
      vertex 33.8244 3.63197 39.5
    endloop
  endfacet
  facet normal -0 0 1
    outer loop
      vertex 33.5137 6.58826 39.5
      vertex 33.6617 3.76371 39.5
      vertex 33.6617 6.73629 39.5
    endloop
  endfacet
  facet normal 0 0 1
    outer loop
      vertex 33.5137 6.58826 39.5
      vertex 33.5137 3.91174 39.5
      vertex 33.6617 3.76371 39.5
    endloop
  endfacet
  facet normal -0 0 1
    outer loop
      vertex 33.382 6.42557 39.5
      vertex 33.5137 3.91174 39.5
      vertex 33.5137 6.58826 39.5
    endloop
  endfacet
  facet normal 0 0 1
    outer loop
      vertex 33.382 6.42557 39.5
      vertex 33.382 4.07443 39.5
      vertex 33.5137 3.91174 39.5
    endloop
  endfacet
  facet normal -0 0 1
    outer loop
      vertex 33.2679 6.25 39.5
      vertex 33.382 4.07443 39.5
      vertex 33.382 6.42557 39.5
    endloop
  endfacet
  facet normal 0 0 1
    outer loop
      vertex 33.2679 6.25 39.5
      vertex 33.2679 4.25 39.5
      vertex 33.382 4.07443 39.5
    endloop
  endfacet
  facet normal -0 0 1
    outer loop
      vertex 33.1729 6.06347 39.5
      vertex 33.2679 4.25 39.5
      vertex 33.2679 6.25 39.5
    endloop
  endfacet
  facet normal 0 0 1
    outer loop
      vertex 33.1729 6.06347 39.5
      vertex 33.1729 4.43653 39.5
      vertex 33.2679 4.25 39.5
    endloop
  endfacet
  facet normal -0 0 1
    outer loop
      vertex 33.0979 5.86803 39.5
      vertex 33.1729 4.43653 39.5
      vertex 33.1729 6.06347 39.5
    endloop
  endfacet
  facet normal 0 0 1
    outer loop
      vertex 33.0979 5.86803 39.5
      vertex 33.0979 4.63197 39.5
      vertex 33.1729 4.43653 39.5
    endloop
  endfacet
  facet normal -0 0 1
    outer loop
      vertex 33.0437 5.66582 39.5
      vertex 33.0979 4.63197 39.5
      vertex 33.0979 5.86803 39.5
    endloop
  endfacet
  facet normal 0 0 1
    outer loop
      vertex 33.0437 5.66582 39.5
      vertex 33.0437 4.83418 39.5
      vertex 33.0979 4.63197 39.5
    endloop
  endfacet
  facet normal -0 0 1
    outer loop
      vertex 33.011 5.45906 39.5
      vertex 33.0437 4.83418 39.5
      vertex 33.0437 5.66582 39.5
    endloop
  endfacet
  facet normal 0 0 1
    outer loop
      vertex 33.011 5.45906 39.5
      vertex 33.011 5.04094 39.5
      vertex 33.0437 4.83418 39.5
    endloop
  endfacet
  facet normal 0 -0 1
    outer loop
      vertex 33.011 5.04094 39.5
      vertex 33.011 5.45906 39.5
      vertex 33 5.25 39.5
    endloop
  endfacet
  facet normal 0 1 0
    outer loop
      vertex 43.5 3.25 40.7
      vertex 45 3.25 44.0906
      vertex 45 3.25 40.7
    endloop
  endfacet
  facet normal 0 1 0
    outer loop
      vertex 45 3.25 44.0906
      vertex 43.5 3.25 40.7
      vertex 35 3.25 44.0906
    endloop
  endfacet
  facet normal 0 1 0
    outer loop
      vertex 35 3.25 39.5
      vertex 43.5 3.25 40.7
      vertex 43.5 3.25 39.5
    endloop
  endfacet
  facet normal 0 1 0
    outer loop
      vertex 43.5 3.25 40.7
      vertex 35 3.25 39.5
      vertex 35 3.25 44.0906
    endloop
  endfacet
  facet normal 0 -1 0
    outer loop
      vertex 35 7.25 54.1921
      vertex 43.5 7.25 40.7
      vertex 45 7.25 54.1921
    endloop
  endfacet
  facet normal 0 -1 0
    outer loop
      vertex 35 7.25 39.5
      vertex 43.5 7.25 40.7
      vertex 35 7.25 54.1921
    endloop
  endfacet
  facet normal 0 -1 -0
    outer loop
      vertex 43.5 7.25 40.7
      vertex 35 7.25 39.5
      vertex 43.5 7.25 39.5
    endloop
  endfacet
  facet normal 0 -1 -0
    outer loop
      vertex 45 7.25 54.1921
      vertex 43.5 7.25 40.7
      vertex 45 7.25 40.7
    endloop
  endfacet
  facet normal -1 0 0
    outer loop
      vertex 43.5 -7.25 39.5
      vertex 43.5 -3.25 40.7
      vertex 43.5 -3.25 39.5
    endloop
  endfacet
  facet normal -1 -0 0
    outer loop
      vertex 43.5 -3.25 40.7
      vertex 43.5 -7.25 39.5
      vertex 43.5 -7.25 40.7
    endloop
  endfacet
  facet normal 0 -1 0
    outer loop
      vertex 35 -3.25 44.0906
      vertex 43.5 -3.25 40.7
      vertex 45 -3.25 44.0906
    endloop
  endfacet
  facet normal 0 -1 0
    outer loop
      vertex 35 -3.25 39.5
      vertex 43.5 -3.25 40.7
      vertex 35 -3.25 44.0906
    endloop
  endfacet
  facet normal 0 -1 -0
    outer loop
      vertex 43.5 -3.25 40.7
      vertex 35 -3.25 39.5
      vertex 43.5 -3.25 39.5
    endloop
  endfacet
  facet normal 0 -1 -0
    outer loop
      vertex 45 -3.25 44.0906
      vertex 43.5 -3.25 40.7
      vertex 45 -3.25 40.7
    endloop
  endfacet
  facet normal -0 0 1
    outer loop
      vertex 35 -3.25 39.5
      vertex 43.5 -7.25 39.5
      vertex 43.5 -3.25 39.5
    endloop
  endfacet
  facet normal 0 0 1
    outer loop
      vertex 35 -3.25 39.5
      vertex 35 -7.25 39.5
      vertex 43.5 -7.25 39.5
    endloop
  endfacet
  facet normal -0 0 1
    outer loop
      vertex 34.7909 -3.26096 39.5
      vertex 35 -7.25 39.5
      vertex 35 -3.25 39.5
    endloop
  endfacet
  facet normal 0 0 1
    outer loop
      vertex 34.7909 -3.26096 39.5
      vertex 34.7909 -7.23904 39.5
      vertex 35 -7.25 39.5
    endloop
  endfacet
  facet normal -0 0 1
    outer loop
      vertex 34.5842 -3.2937 39.5
      vertex 34.7909 -7.23904 39.5
      vertex 34.7909 -3.26096 39.5
    endloop
  endfacet
  facet normal 0 0 1
    outer loop
      vertex 34.5842 -3.2937 39.5
      vertex 34.5842 -7.2063 39.5
      vertex 34.7909 -7.23904 39.5
    endloop
  endfacet
  facet normal -0 0 1
    outer loop
      vertex 34.382 -3.34789 39.5
      vertex 34.5842 -7.2063 39.5
      vertex 34.5842 -3.2937 39.5
    endloop
  endfacet
  facet normal 0 0 1
    outer loop
      vertex 34.382 -3.34789 39.5
      vertex 34.382 -7.15211 39.5
      vertex 34.5842 -7.2063 39.5
    endloop
  endfacet
  facet normal -0 0 1
    outer loop
      vertex 34.1865 -3.42291 39.5
      vertex 34.382 -7.15211 39.5
      vertex 34.382 -3.34789 39.5
    endloop
  endfacet
  facet normal 0 0 1
    outer loop
      vertex 34.1865 -3.42291 39.5
      vertex 34.1865 -7.07709 39.5
      vertex 34.382 -7.15211 39.5
    endloop
  endfacet
  facet normal -0 0 1
    outer loop
      vertex 34 -3.51795 39.5
      vertex 34.1865 -7.07709 39.5
      vertex 34.1865 -3.42291 39.5
    endloop
  endfacet
  facet normal 0 0 1
    outer loop
      vertex 34 -3.51795 39.5
      vertex 34 -6.98205 39.5
      vertex 34.1865 -7.07709 39.5
    endloop
  endfacet
  facet normal -0 0 1
    outer loop
      vertex 33.8244 -3.63197 39.5
      vertex 34 -6.98205 39.5
      vertex 34 -3.51795 39.5
    endloop
  endfacet
  facet normal 0 0 1
    outer loop
      vertex 33.8244 -3.63197 39.5
      vertex 33.8244 -6.86803 39.5
      vertex 34 -6.98205 39.5
    endloop
  endfacet
  facet normal -0 0 1
    outer loop
      vertex 33.6617 -3.76371 39.5
      vertex 33.8244 -6.86803 39.5
      vertex 33.8244 -3.63197 39.5
    endloop
  endfacet
  facet normal 0 0 1
    outer loop
      vertex 33.6617 -3.76371 39.5
      vertex 33.6617 -6.73629 39.5
      vertex 33.8244 -6.86803 39.5
    endloop
  endfacet
  facet normal -0 0 1
    outer loop
      vertex 33.5137 -3.91174 39.5
      vertex 33.6617 -6.73629 39.5
      vertex 33.6617 -3.76371 39.5
    endloop
  endfacet
  facet normal 0 0 1
    outer loop
      vertex 33.5137 -3.91174 39.5
      vertex 33.5137 -6.58826 39.5
      vertex 33.6617 -6.73629 39.5
    endloop
  endfacet
  facet normal -0 0 1
    outer loop
      vertex 33.382 -4.07443 39.5
      vertex 33.5137 -6.58826 39.5
      vertex 33.5137 -3.91174 39.5
    endloop
  endfacet
  facet normal 0 0 1
    outer loop
      vertex 33.382 -4.07443 39.5
      vertex 33.382 -6.42557 39.5
      vertex 33.5137 -6.58826 39.5
    endloop
  endfacet
  facet normal -0 0 1
    outer loop
      vertex 33.2679 -4.25 39.5
      vertex 33.382 -6.42557 39.5
      vertex 33.382 -4.07443 39.5
    endloop
  endfacet
  facet normal 0 0 1
    outer loop
      vertex 33.2679 -4.25 39.5
      vertex 33.2679 -6.25 39.5
      vertex 33.382 -6.42557 39.5
    endloop
  endfacet
  facet normal -0 0 1
    outer loop
      vertex 33.1729 -4.43653 39.5
      vertex 33.2679 -6.25 39.5
      vertex 33.2679 -4.25 39.5
    endloop
  endfacet
  facet normal 0 0 1
    outer loop
      vertex 33.1729 -4.43653 39.5
      vertex 33.1729 -6.06347 39.5
      vertex 33.2679 -6.25 39.5
    endloop
  endfacet
  facet normal -0 0 1
    outer loop
      vertex 33.0979 -4.63197 39.5
      vertex 33.1729 -6.06347 39.5
      vertex 33.1729 -4.43653 39.5
    endloop
  endfacet
  facet normal 0 0 1
    outer loop
      vertex 33.0979 -4.63197 39.5
      vertex 33.0979 -5.86803 39.5
      vertex 33.1729 -6.06347 39.5
    endloop
  endfacet
  facet normal -0 0 1
    outer loop
      vertex 33.0437 -4.83418 39.5
      vertex 33.0979 -5.86803 39.5
      vertex 33.0979 -4.63197 39.5
    endloop
  endfacet
  facet normal 0 0 1
    outer loop
      vertex 33.0437 -4.83418 39.5
      vertex 33.0437 -5.66582 39.5
      vertex 33.0979 -5.86803 39.5
    endloop
  endfacet
  facet normal -0 0 1
    outer loop
      vertex 33.011 -5.04094 39.5
      vertex 33.0437 -5.66582 39.5
      vertex 33.0437 -4.83418 39.5
    endloop
  endfacet
  facet normal 0 0 1
    outer loop
      vertex 33.011 -5.04094 39.5
      vertex 33.011 -5.45906 39.5
      vertex 33.0437 -5.66582 39.5
    endloop
  endfacet
  facet normal 0 -0 1
    outer loop
      vertex 33.011 -5.45906 39.5
      vertex 33.011 -5.04094 39.5
      vertex 33 -5.25 39.5
    endloop
  endfacet
  facet normal 0 1 0
    outer loop
      vertex 43.5 -7.25 40.7
      vertex 45 -7.25 54.1921
      vertex 45 -7.25 40.7
    endloop
  endfacet
  facet normal 0 1 0
    outer loop
      vertex 45 -7.25 54.1921
      vertex 43.5 -7.25 40.7
      vertex 35 -7.25 54.1921
    endloop
  endfacet
  facet normal 0 1 0
    outer loop
      vertex 35 -7.25 39.5
      vertex 43.5 -7.25 40.7
      vertex 43.5 -7.25 39.5
    endloop
  endfacet
  facet normal 0 1 0
    outer loop
      vertex 43.5 -7.25 40.7
      vertex 35 -7.25 39.5
      vertex 35 -7.25 54.1921
    endloop
  endfacet
  facet normal 0.0523433 -0.998629 0
    outer loop
      vertex 34.7909 7.23904 39.5
      vertex 35 7.25 54.1921
      vertex 34.7909 7.23904 54.2089
    endloop
  endfacet
  facet normal 0.0523433 -0.998629 0
    outer loop
      vertex 35 7.25 54.1921
      vertex 34.7909 7.23904 39.5
      vertex 35 7.25 39.5
    endloop
  endfacet
  facet normal 0.777248 -0.629194 0
    outer loop
      vertex 33.382 6.42557 47.9363
      vertex 33.5137 6.58826 39.5
      vertex 33.5137 6.58826 48.5435
    endloop
  endfacet
  facet normal 0.777248 -0.629194 0
    outer loop
      vertex 33.5137 6.58826 39.5
      vertex 33.382 6.42557 47.9363
      vertex 33.382 6.42557 39.5
    endloop
  endfacet
  facet normal 0.454042 -0.89098 0
    outer loop
      vertex 34 6.98205 39.5
      vertex 34.1865 7.07709 54.4583
      vertex 34 6.98205 54.6047
    endloop
  endfacet
  facet normal 0.454042 -0.89098 0
    outer loop
      vertex 34.1865 7.07709 54.4583
      vertex 34 6.98205 39.5
      vertex 34.1865 7.07709 39.5
    endloop
  endfacet
  facet normal 0.707178 0.707035 0
    outer loop
      vertex 33.5137 3.91174 39.5
      vertex 33.6617 3.76371 44.4068
      vertex 33.6617 3.76371 39.5
    endloop
  endfacet
  facet normal 0.707178 0.707035 0
    outer loop
      vertex 33.6617 3.76371 44.4068
      vertex 33.5137 3.91174 39.5
      vertex 33.5137 3.91174 44.5029
    endloop
  endfacet
  facet normal 0.891356 -0.453304 0
    outer loop
      vertex 33.2254 6.16643 47.2545
      vertex 33.2679 6.25 39.5
      vertex 33.2679 6.25 47.4722
    endloop
  endfacet
  facet normal 0.890879 -0.45424 -1.27029e-05
    outer loop
      vertex 33.1729 6.06347 47.0525
      vertex 33.2679 6.25 39.5
      vertex 33.2254 6.16643 47.2545
    endloop
  endfacet
  facet normal 0.891087 -0.453832 0
    outer loop
      vertex 33.2679 6.25 39.5
      vertex 33.1729 6.06347 47.0525
      vertex 33.1729 6.06347 39.5
    endloop
  endfacet
  facet normal 0.835927 -0.548841 0
    outer loop
      vertex 33.3781 6.41963 47.9141
      vertex 33.382 6.42557 39.5
      vertex 33.382 6.42557 47.9363
    endloop
  endfacet
  facet normal 0.838573 -0.544789 4.08699e-06
    outer loop
      vertex 33.2679 6.25 47.4722
      vertex 33.382 6.42557 39.5
      vertex 33.3781 6.41963 47.9141
    endloop
  endfacet
  facet normal 0.838488 -0.54492 0
    outer loop
      vertex 33.382 6.42557 39.5
      vertex 33.2679 6.25 47.4722
      vertex 33.2679 6.25 39.5
    endloop
  endfacet
  facet normal 0.998619 0.0525438 0
    outer loop
      vertex 33.011 5.04094 45.5139
      vertex 33 5.25 39.5
      vertex 33 5.25 45.7721
    endloop
  endfacet
  facet normal 0.998619 0.0525438 0
    outer loop
      vertex 33 5.25 39.5
      vertex 33.011 5.04094 45.5139
      vertex 33.011 5.04094 39.5
    endloop
  endfacet
  facet normal 0.258867 0.965913 0
    outer loop
      vertex 34.382 3.34789 39.5
      vertex 34.5842 3.2937 44.1129
      vertex 34.5842 3.2937 39.5
    endloop
  endfacet
  facet normal 0.258867 0.965913 0
    outer loop
      vertex 34.5842 3.2937 44.1129
      vertex 34.382 3.34789 39.5
      vertex 34.382 3.34789 44.1405
    endloop
  endfacet
  facet normal 0.358262 0.933621 0
    outer loop
      vertex 34.1865 3.42291 39.5
      vertex 34.382 3.34789 44.1405
      vertex 34.382 3.34789 39.5
    endloop
  endfacet
  facet normal 0.358034 0.933709 1.10341e-05
    outer loop
      vertex 34.382 3.34789 44.1405
      vertex 34.1865 3.42291 39.5
      vertex 34.3113 3.375 44.1543
    endloop
  endfacet
  facet normal 0.358393 0.933571 0
    outer loop
      vertex 34.3113 3.375 44.1543
      vertex 34.1865 3.42291 39.5
      vertex 34.1865 3.42291 44.1854
    endloop
  endfacet
  facet normal 0.933616 -0.358275 0
    outer loop
      vertex 33.0979 5.86803 46.6689
      vertex 33.1729 6.06347 39.5
      vertex 33.1729 6.06347 47.0525
    endloop
  endfacet
  facet normal 0.933616 -0.358275 0
    outer loop
      vertex 33.1729 6.06347 39.5
      vertex 33.0979 5.86803 46.6689
      vertex 33.0979 5.86803 39.5
    endloop
  endfacet
  facet normal 0.98766 -0.156611 0
    outer loop
      vertex 33.0112 5.46086 46.0324
      vertex 33.0437 5.66582 39.5
      vertex 33.0437 5.66582 46.3481
    endloop
  endfacet
  facet normal 0.99369 -0.112152 0.00142495
    outer loop
      vertex 33.011 5.45906 46.0302
      vertex 33.0437 5.66582 39.5
      vertex 33.0112 5.46086 46.0324
    endloop
  endfacet
  facet normal 0.987723 -0.156213 0
    outer loop
      vertex 33.0437 5.66582 39.5
      vertex 33.011 5.45906 46.0302
      vertex 33.011 5.45906 39.5
    endloop
  endfacet
  facet normal 0.629664 -0.776868 0.000277997
    outer loop
      vertex 33.6787 6.75 54.9542
      vertex 33.8244 6.86803 54.7802
      vertex 33.7102 6.77552 54.9227
    endloop
  endfacet
  facet normal 0.629464 -0.77703 0
    outer loop
      vertex 33.6787 6.75 50
      vertex 33.8244 6.86803 54.7802
      vertex 33.6787 6.75 54.9542
    endloop
  endfacet
  facet normal 0.629286 -0.777174 0
    outer loop
      vertex 33.8244 6.86803 39.5
      vertex 33.6617 6.73629 49.7384
      vertex 33.6617 6.73629 39.5
    endloop
  endfacet
  facet normal 0.628062 -0.778164 -3.21985e-05
    outer loop
      vertex 33.6617 6.73629 49.7384
      vertex 33.8244 6.86803 39.5
      vertex 33.6787 6.75 50
    endloop
  endfacet
  facet normal 0.629464 -0.77703 0
    outer loop
      vertex 33.6787 6.75 50
      vertex 33.8244 6.86803 39.5
      vertex 33.8244 6.86803 54.7802
    endloop
  endfacet
  facet normal 0.156443 -0.987687 0
    outer loop
      vertex 34.5842 7.2063 39.5
      vertex 34.7909 7.23904 54.2089
      vertex 34.5842 7.2063 54.2594
    endloop
  endfacet
  facet normal 0.156443 -0.987687 0
    outer loop
      vertex 34.7909 7.23904 54.2089
      vertex 34.5842 7.2063 39.5
      vertex 34.7909 7.23904 39.5
    endloop
  endfacet
  facet normal 0.258867 -0.965913 0
    outer loop
      vertex 34.382 7.15211 39.5
      vertex 34.5842 7.2063 54.2594
      vertex 34.382 7.15211 54.3428
    endloop
  endfacet
  facet normal 0.258867 -0.965913 0
    outer loop
      vertex 34.5842 7.2063 54.2594
      vertex 34.382 7.15211 39.5
      vertex 34.5842 7.2063 39.5
    endloop
  endfacet
  facet normal 0.0523433 0.998629 0
    outer loop
      vertex 34.7909 3.26096 39.5
      vertex 35 3.25 44.0906
      vertex 35 3.25 39.5
    endloop
  endfacet
  facet normal 0.0523433 0.998629 0
    outer loop
      vertex 35 3.25 44.0906
      vertex 34.7909 3.26096 39.5
      vertex 34.7909 3.26096 44.0962
    endloop
  endfacet
  facet normal 0.544585 0.838705 0
    outer loop
      vertex 33.8244 3.63197 39.5
      vertex 34 3.51795 44.2472
      vertex 34 3.51795 39.5
    endloop
  endfacet
  facet normal 0.544585 0.838705 0
    outer loop
      vertex 34 3.51795 44.2472
      vertex 33.8244 3.63197 39.5
      vertex 33.8244 3.63197 44.3212
    endloop
  endfacet
  facet normal 0.454042 0.89098 0
    outer loop
      vertex 34 3.51795 39.5
      vertex 34.1865 3.42291 44.1854
      vertex 34.1865 3.42291 39.5
    endloop
  endfacet
  facet normal 0.454042 0.89098 0
    outer loop
      vertex 34.1865 3.42291 44.1854
      vertex 34 3.51795 39.5
      vertex 34 3.51795 44.2472
    endloop
  endfacet
  facet normal 0.629286 0.777174 0
    outer loop
      vertex 33.6617 3.76371 39.5
      vertex 33.8244 3.63197 44.3212
      vertex 33.8244 3.63197 39.5
    endloop
  endfacet
  facet normal 0.629286 0.777174 0
    outer loop
      vertex 33.8244 3.63197 44.3212
      vertex 33.6617 3.76371 39.5
      vertex 33.6617 3.76371 44.4068
    endloop
  endfacet
  facet normal 0.838488 0.54492 0
    outer loop
      vertex 33.382 4.07443 44.6257
      vertex 33.2679 4.25 39.5
      vertex 33.2679 4.25 44.7679
    endloop
  endfacet
  facet normal 0.838488 0.54492 0
    outer loop
      vertex 33.2679 4.25 39.5
      vertex 33.382 4.07443 44.6257
      vertex 33.382 4.07443 39.5
    endloop
  endfacet
  facet normal 0.933512 0.358545 0
    outer loop
      vertex 33.1422 4.51663 44.9838
      vertex 33.0979 4.63197 39.5
      vertex 33.0979 4.63197 45.0991
    endloop
  endfacet
  facet normal 0.933761 0.357896 -1.56596e-05
    outer loop
      vertex 33.1729 4.43653 44.9189
      vertex 33.0979 4.63197 39.5
      vertex 33.1422 4.51663 44.9838
    endloop
  endfacet
  facet normal 0.933616 0.358275 0
    outer loop
      vertex 33.0979 4.63197 39.5
      vertex 33.1729 4.43653 44.9189
      vertex 33.1729 4.43653 39.5
    endloop
  endfacet
  facet normal 0.987773 0.155901 0
    outer loop
      vertex 33.0149 5.01623 45.4834
      vertex 33.011 5.04094 39.5
      vertex 33.011 5.04094 45.5139
    endloop
  endfacet
  facet normal 0.987717 0.156254 1.49271e-06
    outer loop
      vertex 33.0437 4.83418 45.3013
      vertex 33.011 5.04094 39.5
      vertex 33.0149 5.01623 45.4834
    endloop
  endfacet
  facet normal 0.987723 0.156213 0
    outer loop
      vertex 33.011 5.04094 39.5
      vertex 33.0437 4.83418 45.3013
      vertex 33.0437 4.83418 39.5
    endloop
  endfacet
  facet normal 0.891087 0.453832 0
    outer loop
      vertex 33.2679 4.25 44.7679
      vertex 33.1729 4.43653 39.5
      vertex 33.1729 4.43653 44.9189
    endloop
  endfacet
  facet normal 0.891087 0.453832 0
    outer loop
      vertex 33.1729 4.43653 39.5
      vertex 33.2679 4.25 44.7679
      vertex 33.2679 4.25 39.5
    endloop
  endfacet
  facet normal 0.998619 -0.0525438 0
    outer loop
      vertex 33 5.25 45.7721
      vertex 33.011 5.45906 39.5
      vertex 33.011 5.45906 46.0302
    endloop
  endfacet
  facet normal 0.998619 -0.0525438 0
    outer loop
      vertex 33.011 5.45906 39.5
      vertex 33 5.25 45.7721
      vertex 33 5.25 39.5
    endloop
  endfacet
  facet normal 0.965832 -0.259168 0
    outer loop
      vertex 33.0919 5.84567 46.625
      vertex 33.0979 5.86803 39.5
      vertex 33.0979 5.86803 46.6689
    endloop
  endfacet
  facet normal 0.965913 -0.258867 1.01121e-06
    outer loop
      vertex 33.0437 5.66582 46.3481
      vertex 33.0979 5.86803 39.5
      vertex 33.0919 5.84567 46.625
    endloop
  endfacet
  facet normal 0.965904 -0.258899 0
    outer loop
      vertex 33.0979 5.86803 39.5
      vertex 33.0437 5.66582 46.3481
      vertex 33.0437 5.66582 39.5
    endloop
  endfacet
  facet normal 0.707178 -0.707035 0
    outer loop
      vertex 33.6617 6.73629 39.5
      vertex 33.5137 6.58826 48.5435
      vertex 33.5137 6.58826 39.5
    endloop
  endfacet
  facet normal 0.708048 -0.706165 2.84691e-05
    outer loop
      vertex 33.5137 6.58826 48.5435
      vertex 33.6617 6.73629 39.5
      vertex 33.5279 6.6025 48.5966
    endloop
  endfacet
  facet normal 0.70687 -0.707343 -6.17498e-06
    outer loop
      vertex 33.5279 6.6025 48.5966
      vertex 33.6617 6.73629 39.5
      vertex 33.6385 6.71302 49.2944
    endloop
  endfacet
  facet normal 0.708171 -0.706041 0
    outer loop
      vertex 33.6385 6.71302 49.2944
      vertex 33.6617 6.73629 39.5
      vertex 33.6617 6.73629 49.7384
    endloop
  endfacet
  facet normal 0.544585 -0.838705 0
    outer loop
      vertex 33.8244 6.86803 39.5
      vertex 34 6.98205 54.6047
      vertex 33.8244 6.86803 54.7802
    endloop
  endfacet
  facet normal 0.544585 -0.838705 0
    outer loop
      vertex 34 6.98205 54.6047
      vertex 33.8244 6.86803 39.5
      vertex 34 6.98205 39.5
    endloop
  endfacet
  facet normal 0.358262 -0.933621 0
    outer loop
      vertex 34.1865 7.07709 39.5
      vertex 34.382 7.15211 54.3428
      vertex 34.1865 7.07709 54.4583
    endloop
  endfacet
  facet normal 0.358262 -0.933621 0
    outer loop
      vertex 34.382 7.15211 54.3428
      vertex 34.1865 7.07709 39.5
      vertex 34.382 7.15211 39.5
    endloop
  endfacet
  facet normal 0.156443 0.987687 0
    outer loop
      vertex 34.5842 3.2937 39.5
      vertex 34.7909 3.26096 44.0962
      vertex 34.7909 3.26096 39.5
    endloop
  endfacet
  facet normal 0.156443 0.987687 0
    outer loop
      vertex 34.7909 3.26096 44.0962
      vertex 34.5842 3.2937 39.5
      vertex 34.5842 3.2937 44.1129
    endloop
  endfacet
  facet normal 0.777323 0.629102 0
    outer loop
      vertex 33.4685 3.96755 44.5391
      vertex 33.382 4.07443 39.5
      vertex 33.382 4.07443 44.6257
    endloop
  endfacet
  facet normal 0.777108 0.629367 9.29746e-06
    outer loop
      vertex 33.5137 3.91174 44.5029
      vertex 33.382 4.07443 39.5
      vertex 33.4685 3.96755 44.5391
    endloop
  endfacet
  facet normal 0.777248 0.629194 0
    outer loop
      vertex 33.382 4.07443 39.5
      vertex 33.5137 3.91174 44.5029
      vertex 33.5137 3.91174 39.5
    endloop
  endfacet
  facet normal 0.965904 0.258899 0
    outer loop
      vertex 33.0979 4.63197 45.0991
      vertex 33.0437 4.83418 39.5
      vertex 33.0437 4.83418 45.3013
    endloop
  endfacet
  facet normal 0.965904 0.258899 0
    outer loop
      vertex 33.0437 4.83418 39.5
      vertex 33.0979 4.63197 45.0991
      vertex 33.0979 4.63197 39.5
    endloop
  endfacet
  facet normal 0.0523433 -0.998629 0
    outer loop
      vertex 34.7909 -3.26096 39.5
      vertex 35 -3.25 44.0906
      vertex 34.7909 -3.26096 44.0962
    endloop
  endfacet
  facet normal 0.0523433 -0.998629 0
    outer loop
      vertex 35 -3.25 44.0906
      vertex 34.7909 -3.26096 39.5
      vertex 35 -3.25 39.5
    endloop
  endfacet
  facet normal 0.777108 -0.629367 9.29746e-06
    outer loop
      vertex 33.382 -4.07443 39.5
      vertex 33.5137 -3.91174 44.5029
      vertex 33.4685 -3.96755 44.5391
    endloop
  endfacet
  facet normal 0.777323 -0.629102 0
    outer loop
      vertex 33.382 -4.07443 39.5
      vertex 33.4685 -3.96755 44.5391
      vertex 33.382 -4.07443 44.6257
    endloop
  endfacet
  facet normal 0.777248 -0.629194 0
    outer loop
      vertex 33.5137 -3.91174 44.5029
      vertex 33.382 -4.07443 39.5
      vertex 33.5137 -3.91174 39.5
    endloop
  endfacet
  facet normal 0.454042 -0.89098 0
    outer loop
      vertex 34 -3.51795 39.5
      vertex 34.1865 -3.42291 44.1854
      vertex 34 -3.51795 44.2472
    endloop
  endfacet
  facet normal 0.454042 -0.89098 0
    outer loop
      vertex 34.1865 -3.42291 44.1854
      vertex 34 -3.51795 39.5
      vertex 34.1865 -3.42291 39.5
    endloop
  endfacet
  facet normal 0.933761 -0.357896 -1.56596e-05
    outer loop
      vertex 33.0979 -4.63197 39.5
      vertex 33.1729 -4.43653 44.9189
      vertex 33.1422 -4.51663 44.9838
    endloop
  endfacet
  facet normal 0.933512 -0.358545 0
    outer loop
      vertex 33.0979 -4.63197 39.5
      vertex 33.1422 -4.51663 44.9838
      vertex 33.0979 -4.63197 45.0991
    endloop
  endfacet
  facet normal 0.933616 -0.358275 0
    outer loop
      vertex 33.1729 -4.43653 44.9189
      vertex 33.0979 -4.63197 39.5
      vertex 33.1729 -4.43653 39.5
    endloop
  endfacet
  facet normal 0.891087 -0.453832 0
    outer loop
      vertex 33.1729 -4.43653 39.5
      vertex 33.2679 -4.25 44.7679
      vertex 33.1729 -4.43653 44.9189
    endloop
  endfacet
  facet normal 0.891087 -0.453832 0
    outer loop
      vertex 33.2679 -4.25 44.7679
      vertex 33.1729 -4.43653 39.5
      vertex 33.2679 -4.25 39.5
    endloop
  endfacet
  facet normal 0.258867 -0.965913 0
    outer loop
      vertex 34.382 -3.34789 39.5
      vertex 34.5842 -3.2937 44.1129
      vertex 34.382 -3.34789 44.1405
    endloop
  endfacet
  facet normal 0.258867 -0.965913 0
    outer loop
      vertex 34.5842 -3.2937 44.1129
      vertex 34.382 -3.34789 39.5
      vertex 34.5842 -3.2937 39.5
    endloop
  endfacet
  facet normal 0.987717 -0.156254 1.49271e-06
    outer loop
      vertex 33.011 -5.04094 39.5
      vertex 33.0437 -4.83418 45.3013
      vertex 33.0149 -5.01623 45.4834
    endloop
  endfacet
  facet normal 0.987773 -0.155901 0
    outer loop
      vertex 33.011 -5.04094 39.5
      vertex 33.0149 -5.01623 45.4834
      vertex 33.011 -5.04094 45.5139
    endloop
  endfacet
  facet normal 0.987723 -0.156213 0
    outer loop
      vertex 33.0437 -4.83418 45.3013
      vertex 33.011 -5.04094 39.5
      vertex 33.0437 -4.83418 39.5
    endloop
  endfacet
  facet normal 0.998619 -0.0525438 0
    outer loop
      vertex 33 -5.25 39.5
      vertex 33.011 -5.04094 45.5139
      vertex 33 -5.25 45.7721
    endloop
  endfacet
  facet normal 0.998619 -0.0525438 0
    outer loop
      vertex 33.011 -5.04094 45.5139
      vertex 33 -5.25 39.5
      vertex 33.011 -5.04094 39.5
    endloop
  endfacet
  facet normal 0.629286 -0.777174 0
    outer loop
      vertex 33.6617 -3.76371 39.5
      vertex 33.8244 -3.63197 44.3212
      vertex 33.6617 -3.76371 44.4068
    endloop
  endfacet
  facet normal 0.629286 -0.777174 0
    outer loop
      vertex 33.8244 -3.63197 44.3212
      vertex 33.6617 -3.76371 39.5
      vertex 33.8244 -3.63197 39.5
    endloop
  endfacet
  facet normal 0.156443 -0.987687 0
    outer loop
      vertex 34.5842 -3.2937 39.5
      vertex 34.7909 -3.26096 44.0962
      vertex 34.5842 -3.2937 44.1129
    endloop
  endfacet
  facet normal 0.156443 -0.987687 0
    outer loop
      vertex 34.7909 -3.26096 44.0962
      vertex 34.5842 -3.2937 39.5
      vertex 34.7909 -3.26096 39.5
    endloop
  endfacet
  facet normal 0.838488 -0.54492 0
    outer loop
      vertex 33.2679 -4.25 39.5
      vertex 33.382 -4.07443 44.6257
      vertex 33.2679 -4.25 44.7679
    endloop
  endfacet
  facet normal 0.838488 -0.54492 0
    outer loop
      vertex 33.382 -4.07443 44.6257
      vertex 33.2679 -4.25 39.5
      vertex 33.382 -4.07443 39.5
    endloop
  endfacet
  facet normal 0.965904 -0.258899 0
    outer loop
      vertex 33.0437 -4.83418 39.5
      vertex 33.0979 -4.63197 45.0991
      vertex 33.0437 -4.83418 45.3013
    endloop
  endfacet
  facet normal 0.965904 -0.258899 0
    outer loop
      vertex 33.0979 -4.63197 45.0991
      vertex 33.0437 -4.83418 39.5
      vertex 33.0979 -4.63197 39.5
    endloop
  endfacet
  facet normal 0.998619 0.0525438 -0
    outer loop
      vertex 33.011 -5.45906 39.5
      vertex 33 -5.25 45.7721
      vertex 33.011 -5.45906 46.0302
    endloop
  endfacet
  facet normal 0.998619 0.0525438 0
    outer loop
      vertex 33 -5.25 45.7721
      vertex 33.011 -5.45906 39.5
      vertex 33 -5.25 39.5
    endloop
  endfacet
  facet normal 0.707178 -0.707035 0
    outer loop
      vertex 33.5137 -3.91174 39.5
      vertex 33.6617 -3.76371 44.4068
      vertex 33.5137 -3.91174 44.5029
    endloop
  endfacet
  facet normal 0.707178 -0.707035 0
    outer loop
      vertex 33.6617 -3.76371 44.4068
      vertex 33.5137 -3.91174 39.5
      vertex 33.6617 -3.76371 39.5
    endloop
  endfacet
  facet normal 0.544585 -0.838705 0
    outer loop
      vertex 33.8244 -3.63197 39.5
      vertex 34 -3.51795 44.2472
      vertex 33.8244 -3.63197 44.3212
    endloop
  endfacet
  facet normal 0.544585 -0.838705 0
    outer loop
      vertex 34 -3.51795 44.2472
      vertex 33.8244 -3.63197 39.5
      vertex 34 -3.51795 39.5
    endloop
  endfacet
  facet normal 0.358393 -0.933571 0
    outer loop
      vertex 34.1865 -3.42291 39.5
      vertex 34.3113 -3.375 44.1543
      vertex 34.1865 -3.42291 44.1854
    endloop
  endfacet
  facet normal 0.358034 -0.933709 1.10341e-05
    outer loop
      vertex 34.1865 -3.42291 39.5
      vertex 34.382 -3.34789 44.1405
      vertex 34.3113 -3.375 44.1543
    endloop
  endfacet
  facet normal 0.358262 -0.933621 0
    outer loop
      vertex 34.382 -3.34789 44.1405
      vertex 34.1865 -3.42291 39.5
      vertex 34.382 -3.34789 39.5
    endloop
  endfacet
  facet normal 0.258867 0.965913 0
    outer loop
      vertex 34.382 -7.15211 39.5
      vertex 34.5842 -7.2063 54.2594
      vertex 34.5842 -7.2063 39.5
    endloop
  endfacet
  facet normal 0.258867 0.965913 0
    outer loop
      vertex 34.5842 -7.2063 54.2594
      vertex 34.382 -7.15211 39.5
      vertex 34.382 -7.15211 54.3428
    endloop
  endfacet
  facet normal 0.708171 0.706041 -0
    outer loop
      vertex 33.6617 -6.73629 39.5
      vertex 33.6385 -6.71302 49.2944
      vertex 33.6617 -6.73629 49.7384
    endloop
  endfacet
  facet normal 0.70687 0.707343 -6.17498e-06
    outer loop
      vertex 33.6617 -6.73629 39.5
      vertex 33.5279 -6.6025 48.5966
      vertex 33.6385 -6.71302 49.2944
    endloop
  endfacet
  facet normal 0.708048 0.706165 2.84691e-05
    outer loop
      vertex 33.6617 -6.73629 39.5
      vertex 33.5137 -6.58826 48.5435
      vertex 33.5279 -6.6025 48.5966
    endloop
  endfacet
  facet normal 0.707178 0.707035 0
    outer loop
      vertex 33.5137 -6.58826 48.5435
      vertex 33.6617 -6.73629 39.5
      vertex 33.5137 -6.58826 39.5
    endloop
  endfacet
  facet normal 0.933616 0.358275 -0
    outer loop
      vertex 33.1729 -6.06347 39.5
      vertex 33.0979 -5.86803 46.6689
      vertex 33.1729 -6.06347 47.0525
    endloop
  endfacet
  facet normal 0.933616 0.358275 0
    outer loop
      vertex 33.0979 -5.86803 46.6689
      vertex 33.1729 -6.06347 39.5
      vertex 33.0979 -5.86803 39.5
    endloop
  endfacet
  facet normal 0.99369 0.112152 0.00142495
    outer loop
      vertex 33.0437 -5.66582 39.5
      vertex 33.011 -5.45906 46.0302
      vertex 33.0112 -5.46086 46.0324
    endloop
  endfacet
  facet normal 0.98766 0.156611 -0
    outer loop
      vertex 33.0437 -5.66582 39.5
      vertex 33.0112 -5.46086 46.0324
      vertex 33.0437 -5.66582 46.3481
    endloop
  endfacet
  facet normal 0.987723 0.156213 0
    outer loop
      vertex 33.011 -5.45906 46.0302
      vertex 33.0437 -5.66582 39.5
      vertex 33.011 -5.45906 39.5
    endloop
  endfacet
  facet normal 0.965913 0.258867 1.01121e-06
    outer loop
      vertex 33.0979 -5.86803 39.5
      vertex 33.0437 -5.66582 46.3481
      vertex 33.0919 -5.84567 46.625
    endloop
  endfacet
  facet normal 0.965832 0.259168 -0
    outer loop
      vertex 33.0979 -5.86803 39.5
      vertex 33.0919 -5.84567 46.625
      vertex 33.0979 -5.86803 46.6689
    endloop
  endfacet
  facet normal 0.965904 0.258899 0
    outer loop
      vertex 33.0437 -5.66582 46.3481
      vertex 33.0979 -5.86803 39.5
      vertex 33.0437 -5.66582 39.5
    endloop
  endfacet
  facet normal 0.629664 0.776868 0.000277997
    outer loop
      vertex 33.8244 -6.86803 54.7802
      vertex 33.6787 -6.75 54.9542
      vertex 33.7102 -6.77552 54.9227
    endloop
  endfacet
  facet normal 0.629464 0.77703 0
    outer loop
      vertex 33.8244 -6.86803 54.7802
      vertex 33.6787 -6.75 50
      vertex 33.6787 -6.75 54.9542
    endloop
  endfacet
  facet normal 0.629464 0.77703 -0
    outer loop
      vertex 33.8244 -6.86803 39.5
      vertex 33.6787 -6.75 50
      vertex 33.8244 -6.86803 54.7802
    endloop
  endfacet
  facet normal 0.628062 0.778164 -3.21985e-05
    outer loop
      vertex 33.8244 -6.86803 39.5
      vertex 33.6617 -6.73629 49.7384
      vertex 33.6787 -6.75 50
    endloop
  endfacet
  facet normal 0.629286 0.777174 0
    outer loop
      vertex 33.6617 -6.73629 49.7384
      vertex 33.8244 -6.86803 39.5
      vertex 33.6617 -6.73629 39.5
    endloop
  endfacet
  facet normal 0.838573 0.544789 4.08699e-06
    outer loop
      vertex 33.382 -6.42557 39.5
      vertex 33.2679 -6.25 47.4722
      vertex 33.3781 -6.41963 47.9141
    endloop
  endfacet
  facet normal 0.835927 0.548841 -0
    outer loop
      vertex 33.382 -6.42557 39.5
      vertex 33.3781 -6.41963 47.9141
      vertex 33.382 -6.42557 47.9363
    endloop
  endfacet
  facet normal 0.838488 0.54492 0
    outer loop
      vertex 33.2679 -6.25 47.4722
      vertex 33.382 -6.42557 39.5
      vertex 33.2679 -6.25 39.5
    endloop
  endfacet
  facet normal 0.777248 0.629194 -0
    outer loop
      vertex 33.5137 -6.58826 39.5
      vertex 33.382 -6.42557 47.9363
      vertex 33.5137 -6.58826 48.5435
    endloop
  endfacet
  facet normal 0.777248 0.629194 0
    outer loop
      vertex 33.382 -6.42557 47.9363
      vertex 33.5137 -6.58826 39.5
      vertex 33.382 -6.42557 39.5
    endloop
  endfacet
  facet normal 0.890879 0.45424 -1.27029e-05
    outer loop
      vertex 33.2679 -6.25 39.5
      vertex 33.1729 -6.06347 47.0525
      vertex 33.2254 -6.16643 47.2545
    endloop
  endfacet
  facet normal 0.891356 0.453304 -0
    outer loop
      vertex 33.2679 -6.25 39.5
      vertex 33.2254 -6.16643 47.2545
      vertex 33.2679 -6.25 47.4722
    endloop
  endfacet
  facet normal 0.891087 0.453832 0
    outer loop
      vertex 33.1729 -6.06347 47.0525
      vertex 33.2679 -6.25 39.5
      vertex 33.1729 -6.06347 39.5
    endloop
  endfacet
  facet normal 0.544585 0.838705 0
    outer loop
      vertex 33.8244 -6.86803 39.5
      vertex 34 -6.98205 54.6047
      vertex 34 -6.98205 39.5
    endloop
  endfacet
  facet normal 0.544585 0.838705 0
    outer loop
      vertex 34 -6.98205 54.6047
      vertex 33.8244 -6.86803 39.5
      vertex 33.8244 -6.86803 54.7802
    endloop
  endfacet
  facet normal 0.358262 0.933621 0
    outer loop
      vertex 34.1865 -7.07709 39.5
      vertex 34.382 -7.15211 54.3428
      vertex 34.382 -7.15211 39.5
    endloop
  endfacet
  facet normal 0.358262 0.933621 0
    outer loop
      vertex 34.382 -7.15211 54.3428
      vertex 34.1865 -7.07709 39.5
      vertex 34.1865 -7.07709 54.4583
    endloop
  endfacet
  facet normal 0.156443 0.987687 0
    outer loop
      vertex 34.5842 -7.2063 39.5
      vertex 34.7909 -7.23904 54.2089
      vertex 34.7909 -7.23904 39.5
    endloop
  endfacet
  facet normal 0.156443 0.987687 0
    outer loop
      vertex 34.7909 -7.23904 54.2089
      vertex 34.5842 -7.2063 39.5
      vertex 34.5842 -7.2063 54.2594
    endloop
  endfacet
  facet normal 0.0523433 0.998629 0
    outer loop
      vertex 34.7909 -7.23904 39.5
      vertex 35 -7.25 54.1921
      vertex 35 -7.25 39.5
    endloop
  endfacet
  facet normal 0.0523433 0.998629 0
    outer loop
      vertex 35 -7.25 54.1921
      vertex 34.7909 -7.23904 39.5
      vertex 34.7909 -7.23904 54.2089
    endloop
  endfacet
  facet normal 0.454042 0.89098 0
    outer loop
      vertex 34 -6.98205 39.5
      vertex 34.1865 -7.07709 54.4583
      vertex 34.1865 -7.07709 39.5
    endloop
  endfacet
  facet normal 0.454042 0.89098 0
    outer loop
      vertex 34.1865 -7.07709 54.4583
      vertex 34 -6.98205 39.5
      vertex 34 -6.98205 54.6047
    endloop
  endfacet
  facet normal -0 0 1
    outer loop
      vertex 43.5 7.25 40.7
      vertex 45 3.25 40.7
      vertex 45 7.25 40.7
    endloop
  endfacet
  facet normal 0 0 1
    outer loop
      vertex 45 3.25 40.7
      vertex 43.5 7.25 40.7
      vertex 43.5 3.25 40.7
    endloop
  endfacet
  facet normal -0 0 1
    outer loop
      vertex 43.5 -3.25 40.7
      vertex 45 -7.25 40.7
      vertex 45 -3.25 40.7
    endloop
  endfacet
  facet normal 0 0 1
    outer loop
      vertex 45 -7.25 40.7
      vertex 43.5 -3.25 40.7
      vertex 43.5 -7.25 40.7
    endloop
  endfacet
  facet normal 0 0 -1
    outer loop
      vertex 6.75 0 0
      vertex 8.375 0 0
      vertex 8.32912 -0.875425 0
    endloop
  endfacet
  facet normal 0 0 -1
    outer loop
      vertex 6.71302 -0.705566 0
      vertex 8.32912 -0.875425 0
      vertex 8.19199 -1.74126 0
    endloop
  endfacet
  facet normal 0 0 -1
    outer loop
      vertex 8.375 0 0
      vertex 6.75 0 0
      vertex 8.32912 0.875425 0
    endloop
  endfacet
  facet normal 0 0 -1
    outer loop
      vertex 6.6025 -1.4034 0
      vertex 8.19199 -1.74126 0
      vertex 7.9651 -2.58802 0
    endloop
  endfacet
  facet normal 0 0 -1
    outer loop
      vertex 6.71302 0.705566 0
      vertex 8.32912 0.875425 0
      vertex 6.75 0 0
    endloop
  endfacet
  facet normal 0 0 -1
    outer loop
      vertex 6.41963 -2.08586 0
      vertex 7.9651 -2.58802 0
      vertex 7.65094 -3.40642 0
    endloop
  endfacet
  facet normal -0 0 -1
    outer loop
      vertex 8.32912 0.875425 0
      vertex 6.71302 0.705566 0
      vertex 8.19199 1.74126 0
    endloop
  endfacet
  facet normal 0 0 -1
    outer loop
      vertex 6.16643 -2.74547 0
      vertex 7.65094 -3.40642 0
      vertex 7.25296 -4.1875 0
    endloop
  endfacet
  facet normal 0 0 -1
    outer loop
      vertex 6.6025 1.4034 0
      vertex 8.19199 1.74126 0
      vertex 6.71302 0.705566 0
    endloop
  endfacet
  facet normal 0 0 -1
    outer loop
      vertex 5.84567 -3.375 0
      vertex 7.25296 -4.1875 0
      vertex 6.77552 -4.9227 0
    endloop
  endfacet
  facet normal -0 0 -1
    outer loop
      vertex 8.19199 1.74126 0
      vertex 6.6025 1.4034 0
      vertex 7.9651 2.58802 0
    endloop
  endfacet
  facet normal 0 0 -1
    outer loop
      vertex 6.41963 2.08586 0
      vertex 7.9651 2.58802 0
      vertex 6.6025 1.4034 0
    endloop
  endfacet
  facet normal 0 0 -1
    outer loop
      vertex 8.32912 -0.875425 0
      vertex 6.71302 -0.705566 0
      vertex 6.75 0 0
    endloop
  endfacet
  facet normal 0 0 -1
    outer loop
      vertex 8.19199 -1.74126 0
      vertex 6.6025 -1.4034 0
      vertex 6.71302 -0.705566 0
    endloop
  endfacet
  facet normal 0 0 -1
    outer loop
      vertex 7.9651 -2.58802 0
      vertex 6.41963 -2.08586 0
      vertex 6.6025 -1.4034 0
    endloop
  endfacet
  facet normal 0 0 -1
    outer loop
      vertex 5.46086 -3.96755 0
      vertex 6.77552 -4.9227 0
      vertex 6.22384 -5.60397 0
    endloop
  endfacet
  facet normal 0 0 -1
    outer loop
      vertex 7.65094 -3.40642 0
      vertex 6.16643 -2.74547 0
      vertex 6.41963 -2.08586 0
    endloop
  endfacet
  facet normal 0 0 -1
    outer loop
      vertex 7.25296 -4.1875 0
      vertex 5.84567 -3.375 0
      vertex 6.16643 -2.74547 0
    endloop
  endfacet
  facet normal 0 0 -1
    outer loop
      vertex 5.01623 -4.51663 0
      vertex 6.22384 -5.60397 0
      vertex 5.60397 -6.22384 0
    endloop
  endfacet
  facet normal 0 0 -1
    outer loop
      vertex 6.77552 -4.9227 0
      vertex 5.46086 -3.96755 0
      vertex 5.84567 -3.375 0
    endloop
  endfacet
  facet normal 0 0 -1
    outer loop
      vertex 6.22384 -5.60397 0
      vertex 5.01623 -4.51663 0
      vertex 5.46086 -3.96755 0
    endloop
  endfacet
  facet normal 0 0 -1
    outer loop
      vertex 4.51663 -5.01623 0
      vertex 5.60397 -6.22384 0
      vertex 4.9227 -6.77552 0
    endloop
  endfacet
  facet normal 0 0 -1
    outer loop
      vertex 5.60397 -6.22384 0
      vertex 4.51663 -5.01623 0
      vertex 5.01623 -4.51663 0
    endloop
  endfacet
  facet normal 0 0 -1
    outer loop
      vertex 3.96755 -5.46086 0
      vertex 4.9227 -6.77552 0
      vertex 4.1875 -7.25296 0
    endloop
  endfacet
  facet normal 0 0 -1
    outer loop
      vertex 4.9227 -6.77552 0
      vertex 3.96755 -5.46086 0
      vertex 4.51663 -5.01623 0
    endloop
  endfacet
  facet normal 0 0 -1
    outer loop
      vertex 3.375 -5.84567 0
      vertex 4.1875 -7.25296 0
      vertex 3.40642 -7.65094 0
    endloop
  endfacet
  facet normal 0 0 -1
    outer loop
      vertex 4.1875 -7.25296 0
      vertex 3.375 -5.84567 0
      vertex 3.96755 -5.46086 0
    endloop
  endfacet
  facet normal 0 0 -1
    outer loop
      vertex 3.40642 -7.65094 0
      vertex 2.74547 -6.16643 0
      vertex 3.375 -5.84567 0
    endloop
  endfacet
  facet normal 0 0 -1
    outer loop
      vertex 2.58802 -7.9651 0
      vertex 2.74547 -6.16643 0
      vertex 3.40642 -7.65094 0
    endloop
  endfacet
  facet normal 0 0 -1
    outer loop
      vertex 2.58802 -7.9651 0
      vertex 2.08586 -6.41963 0
      vertex 2.74547 -6.16643 0
    endloop
  endfacet
  facet normal 0 0 -1
    outer loop
      vertex 1.74126 -8.19199 0
      vertex 2.08586 -6.41963 0
      vertex 2.58802 -7.9651 0
    endloop
  endfacet
  facet normal 0 0 -1
    outer loop
      vertex 1.74126 -8.19199 0
      vertex 1.4034 -6.6025 0
      vertex 2.08586 -6.41963 0
    endloop
  endfacet
  facet normal 0 0 -1
    outer loop
      vertex 0.875425 -8.32912 0
      vertex 1.4034 -6.6025 0
      vertex 1.74126 -8.19199 0
    endloop
  endfacet
  facet normal 0 0 -1
    outer loop
      vertex 0.875425 -8.32912 0
      vertex 0.705566 -6.71302 0
      vertex 1.4034 -6.6025 0
    endloop
  endfacet
  facet normal 0 0 -1
    outer loop
      vertex 0 -8.375 0
      vertex 0.705566 -6.71302 0
      vertex 0.875425 -8.32912 0
    endloop
  endfacet
  facet normal 0 0 -1
    outer loop
      vertex 0 -8.375 0
      vertex 0 -6.75 0
      vertex 0.705566 -6.71302 0
    endloop
  endfacet
  facet normal 0 0 -1
    outer loop
      vertex 0 -8.375 0
      vertex -0.705566 -6.71302 0
      vertex 0 -6.75 0
    endloop
  endfacet
  facet normal 0 0 -1
    outer loop
      vertex -0.875425 -8.32912 0
      vertex -0.705566 -6.71302 0
      vertex 0 -8.375 0
    endloop
  endfacet
  facet normal 0 0 -1
    outer loop
      vertex -0.875425 -8.32912 0
      vertex -1.4034 -6.6025 0
      vertex -0.705566 -6.71302 0
    endloop
  endfacet
  facet normal 0 0 -1
    outer loop
      vertex -1.74126 -8.19199 0
      vertex -1.4034 -6.6025 0
      vertex -0.875425 -8.32912 0
    endloop
  endfacet
  facet normal 0 0 -1
    outer loop
      vertex -1.74126 -8.19199 0
      vertex -2.08586 -6.41963 0
      vertex -1.4034 -6.6025 0
    endloop
  endfacet
  facet normal 0 0 -1
    outer loop
      vertex -2.58802 -7.9651 0
      vertex -2.08586 -6.41963 0
      vertex -1.74126 -8.19199 0
    endloop
  endfacet
  facet normal 0 0 -1
    outer loop
      vertex -2.58802 -7.9651 0
      vertex -2.74547 -6.16643 0
      vertex -2.08586 -6.41963 0
    endloop
  endfacet
  facet normal 0 0 -1
    outer loop
      vertex -3.40642 -7.65094 0
      vertex -2.74547 -6.16643 0
      vertex -2.58802 -7.9651 0
    endloop
  endfacet
  facet normal -0 0 -1
    outer loop
      vertex -2.74547 -6.16643 0
      vertex -3.40642 -7.65094 0
      vertex -3.375 -5.84567 0
    endloop
  endfacet
  facet normal 0 0 -1
    outer loop
      vertex -4.1875 -7.25296 0
      vertex -3.375 -5.84567 0
      vertex -3.40642 -7.65094 0
    endloop
  endfacet
  facet normal -0 0 -1
    outer loop
      vertex -3.375 -5.84567 0
      vertex -4.1875 -7.25296 0
      vertex -3.96755 -5.46086 0
    endloop
  endfacet
  facet normal 0 0 -1
    outer loop
      vertex -4.9227 -6.77552 0
      vertex -3.96755 -5.46086 0
      vertex -4.1875 -7.25296 0
    endloop
  endfacet
  facet normal -0 0 -1
    outer loop
      vertex -3.96755 -5.46086 0
      vertex -4.9227 -6.77552 0
      vertex -4.51663 -5.01623 0
    endloop
  endfacet
  facet normal 0 0 -1
    outer loop
      vertex -5.60397 -6.22384 0
      vertex -4.51663 -5.01623 0
      vertex -4.9227 -6.77552 0
    endloop
  endfacet
  facet normal -0 0 -1
    outer loop
      vertex -4.51663 -5.01623 0
      vertex -5.60397 -6.22384 0
      vertex -5.01623 -4.51663 0
    endloop
  endfacet
  facet normal 0 0 -1
    outer loop
      vertex -6.22384 -5.60397 0
      vertex -5.01623 -4.51663 0
      vertex -5.60397 -6.22384 0
    endloop
  endfacet
  facet normal -0 0 -1
    outer loop
      vertex -5.01623 -4.51663 0
      vertex -6.22384 -5.60397 0
      vertex -5.46086 -3.96755 0
    endloop
  endfacet
  facet normal 0 0 -1
    outer loop
      vertex -6.77552 -4.9227 0
      vertex -5.46086 -3.96755 0
      vertex -6.22384 -5.60397 0
    endloop
  endfacet
  facet normal -0 0 -1
    outer loop
      vertex -5.46086 -3.96755 0
      vertex -6.77552 -4.9227 0
      vertex -5.84567 -3.375 0
    endloop
  endfacet
  facet normal 0 0 -1
    outer loop
      vertex -7.25296 -4.1875 0
      vertex -5.84567 -3.375 0
      vertex -6.77552 -4.9227 0
    endloop
  endfacet
  facet normal -0 0 -1
    outer loop
      vertex -5.84567 -3.375 0
      vertex -7.25296 -4.1875 0
      vertex -6.16643 -2.74547 0
    endloop
  endfacet
  facet normal 0 0 -1
    outer loop
      vertex -7.65094 -3.40642 0
      vertex -6.16643 -2.74547 0
      vertex -7.25296 -4.1875 0
    endloop
  endfacet
  facet normal 0 0 -1
    outer loop
      vertex -7.9651 -2.58802 0
      vertex -6.41963 -2.08586 0
      vertex -7.65094 -3.40642 0
    endloop
  endfacet
  facet normal -0 0 -1
    outer loop
      vertex -6.16643 -2.74547 0
      vertex -7.65094 -3.40642 0
      vertex -6.41963 -2.08586 0
    endloop
  endfacet
  facet normal -0 0 -1
    outer loop
      vertex 7.9651 2.58802 0
      vertex 6.41963 2.08586 0
      vertex 7.65094 3.40642 0
    endloop
  endfacet
  facet normal 0 0 -1
    outer loop
      vertex 6.16643 2.74547 0
      vertex 7.65094 3.40642 0
      vertex 6.41963 2.08586 0
    endloop
  endfacet
  facet normal -0 0 -1
    outer loop
      vertex 7.65094 3.40642 0
      vertex 6.16643 2.74547 0
      vertex 7.25296 4.1875 0
    endloop
  endfacet
  facet normal 0 0 -1
    outer loop
      vertex 5.84567 3.375 0
      vertex 7.25296 4.1875 0
      vertex 6.16643 2.74547 0
    endloop
  endfacet
  facet normal -0 0 -1
    outer loop
      vertex 7.25296 4.1875 0
      vertex 5.84567 3.375 0
      vertex 6.77552 4.9227 0
    endloop
  endfacet
  facet normal 0 0 -1
    outer loop
      vertex 5.46086 3.96755 0
      vertex 6.77552 4.9227 0
      vertex 5.84567 3.375 0
    endloop
  endfacet
  facet normal -0 0 -1
    outer loop
      vertex 6.77552 4.9227 0
      vertex 5.46086 3.96755 0
      vertex 6.22384 5.60397 0
    endloop
  endfacet
  facet normal 0 0 -1
    outer loop
      vertex 5.01623 4.51663 0
      vertex 6.22384 5.60397 0
      vertex 5.46086 3.96755 0
    endloop
  endfacet
  facet normal -0 0 -1
    outer loop
      vertex 6.22384 5.60397 0
      vertex 5.01623 4.51663 0
      vertex 5.60397 6.22384 0
    endloop
  endfacet
  facet normal 0 0 -1
    outer loop
      vertex 4.51663 5.01623 0
      vertex 5.60397 6.22384 0
      vertex 5.01623 4.51663 0
    endloop
  endfacet
  facet normal -0 0 -1
    outer loop
      vertex 5.60397 6.22384 0
      vertex 4.51663 5.01623 0
      vertex 4.9227 6.77552 0
    endloop
  endfacet
  facet normal 0 0 -1
    outer loop
      vertex 3.96755 5.46086 0
      vertex 4.9227 6.77552 0
      vertex 4.51663 5.01623 0
    endloop
  endfacet
  facet normal -0 0 -1
    outer loop
      vertex 4.9227 6.77552 0
      vertex 3.96755 5.46086 0
      vertex 4.1875 7.25296 0
    endloop
  endfacet
  facet normal 0 0 -1
    outer loop
      vertex 3.375 5.84567 0
      vertex 4.1875 7.25296 0
      vertex 3.96755 5.46086 0
    endloop
  endfacet
  facet normal -0 0 -1
    outer loop
      vertex 4.1875 7.25296 0
      vertex 3.375 5.84567 0
      vertex 3.40642 7.65094 0
    endloop
  endfacet
  facet normal 0 0 -1
    outer loop
      vertex 2.74547 6.16643 0
      vertex 3.40642 7.65094 0
      vertex 3.375 5.84567 0
    endloop
  endfacet
  facet normal 0 0 -1
    outer loop
      vertex 2.74547 6.16643 0
      vertex 2.58802 7.9651 0
      vertex 3.40642 7.65094 0
    endloop
  endfacet
  facet normal 0 0 -1
    outer loop
      vertex 2.08586 6.41963 0
      vertex 2.58802 7.9651 0
      vertex 2.74547 6.16643 0
    endloop
  endfacet
  facet normal 0 0 -1
    outer loop
      vertex 2.08586 6.41963 0
      vertex 1.74126 8.19199 0
      vertex 2.58802 7.9651 0
    endloop
  endfacet
  facet normal 0 0 -1
    outer loop
      vertex 1.4034 6.6025 0
      vertex 1.74126 8.19199 0
      vertex 2.08586 6.41963 0
    endloop
  endfacet
  facet normal 0 0 -1
    outer loop
      vertex 1.4034 6.6025 0
      vertex 0.875425 8.32912 0
      vertex 1.74126 8.19199 0
    endloop
  endfacet
  facet normal 0 0 -1
    outer loop
      vertex 0.705566 6.71302 0
      vertex 0.875425 8.32912 0
      vertex 1.4034 6.6025 0
    endloop
  endfacet
  facet normal 0 0 -1
    outer loop
      vertex 0 6.75 0
      vertex 0.875425 8.32912 0
      vertex 0.705566 6.71302 0
    endloop
  endfacet
  facet normal 0 0 -1
    outer loop
      vertex 0 6.75 0
      vertex 0 8.375 0
      vertex 0.875425 8.32912 0
    endloop
  endfacet
  facet normal 0 0 -1
    outer loop
      vertex -0.705566 6.71302 0
      vertex 0 8.375 0
      vertex 0 6.75 0
    endloop
  endfacet
  facet normal 0 0 -1
    outer loop
      vertex -0.705566 6.71302 0
      vertex -0.875425 8.32912 0
      vertex 0 8.375 0
    endloop
  endfacet
  facet normal 0 0 -1
    outer loop
      vertex -1.4034 6.6025 0
      vertex -0.875425 8.32912 0
      vertex -0.705566 6.71302 0
    endloop
  endfacet
  facet normal 0 0 -1
    outer loop
      vertex -1.4034 6.6025 0
      vertex -1.74126 8.19199 0
      vertex -0.875425 8.32912 0
    endloop
  endfacet
  facet normal 0 0 -1
    outer loop
      vertex -2.08586 6.41963 0
      vertex -1.74126 8.19199 0
      vertex -1.4034 6.6025 0
    endloop
  endfacet
  facet normal 0 0 -1
    outer loop
      vertex -2.08586 6.41963 0
      vertex -2.58802 7.9651 0
      vertex -1.74126 8.19199 0
    endloop
  endfacet
  facet normal 0 0 -1
    outer loop
      vertex -2.74547 6.16643 0
      vertex -2.58802 7.9651 0
      vertex -2.08586 6.41963 0
    endloop
  endfacet
  facet normal 0 0 -1
    outer loop
      vertex -3.40642 7.65094 0
      vertex -2.74547 6.16643 0
      vertex -3.375 5.84567 0
    endloop
  endfacet
  facet normal 0 0 -1
    outer loop
      vertex -2.74547 6.16643 0
      vertex -3.40642 7.65094 0
      vertex -2.58802 7.9651 0
    endloop
  endfacet
  facet normal 0 0 -1
    outer loop
      vertex -4.1875 7.25296 0
      vertex -3.375 5.84567 0
      vertex -3.96755 5.46086 0
    endloop
  endfacet
  facet normal 0 0 -1
    outer loop
      vertex -3.375 5.84567 0
      vertex -4.1875 7.25296 0
      vertex -3.40642 7.65094 0
    endloop
  endfacet
  facet normal 0 0 -1
    outer loop
      vertex -4.9227 6.77552 0
      vertex -3.96755 5.46086 0
      vertex -4.51663 5.01623 0
    endloop
  endfacet
  facet normal 0 0 -1
    outer loop
      vertex -3.96755 5.46086 0
      vertex -4.9227 6.77552 0
      vertex -4.1875 7.25296 0
    endloop
  endfacet
  facet normal 0 0 -1
    outer loop
      vertex -5.60397 6.22384 0
      vertex -4.51663 5.01623 0
      vertex -5.01623 4.51663 0
    endloop
  endfacet
  facet normal 0 0 -1
    outer loop
      vertex -6.22384 5.60397 0
      vertex -5.01623 4.51663 0
      vertex -5.46086 3.96755 0
    endloop
  endfacet
  facet normal 0 0 -1
    outer loop
      vertex -4.51663 5.01623 0
      vertex -5.60397 6.22384 0
      vertex -4.9227 6.77552 0
    endloop
  endfacet
  facet normal 0 0 -1
    outer loop
      vertex -6.77552 4.9227 0
      vertex -5.46086 3.96755 0
      vertex -5.84567 3.375 0
    endloop
  endfacet
  facet normal 0 0 -1
    outer loop
      vertex -7.25296 4.1875 0
      vertex -5.84567 3.375 0
      vertex -6.16643 2.74547 0
    endloop
  endfacet
  facet normal 0 0 -1
    outer loop
      vertex -5.01623 4.51663 0
      vertex -6.22384 5.60397 0
      vertex -5.60397 6.22384 0
    endloop
  endfacet
  facet normal 0 0 -1
    outer loop
      vertex -7.65094 3.40642 0
      vertex -6.16643 2.74547 0
      vertex -6.41963 2.08586 0
    endloop
  endfacet
  facet normal 0 0 -1
    outer loop
      vertex -7.9651 2.58802 0
      vertex -6.41963 2.08586 0
      vertex -6.6025 1.4034 0
    endloop
  endfacet
  facet normal 0 0 -1
    outer loop
      vertex -8.19199 1.74126 0
      vertex -6.6025 1.4034 0
      vertex -6.71302 0.705566 0
    endloop
  endfacet
  facet normal 0 0 -1
    outer loop
      vertex -5.46086 3.96755 0
      vertex -6.77552 4.9227 0
      vertex -6.22384 5.60397 0
    endloop
  endfacet
  facet normal 0 0 -1
    outer loop
      vertex -8.32912 0.875425 0
      vertex -6.71302 0.705566 0
      vertex -6.75 0 0
    endloop
  endfacet
  facet normal -0 0 -1
    outer loop
      vertex -6.41963 -2.08586 0
      vertex -7.9651 -2.58802 0
      vertex -6.6025 -1.4034 0
    endloop
  endfacet
  facet normal 0 0 -1
    outer loop
      vertex -8.19199 -1.74126 0
      vertex -6.6025 -1.4034 0
      vertex -7.9651 -2.58802 0
    endloop
  endfacet
  facet normal 0 0 -1
    outer loop
      vertex -5.84567 3.375 0
      vertex -7.25296 4.1875 0
      vertex -6.77552 4.9227 0
    endloop
  endfacet
  facet normal -0 0 -1
    outer loop
      vertex -6.6025 -1.4034 0
      vertex -8.19199 -1.74126 0
      vertex -6.71302 -0.705566 0
    endloop
  endfacet
  facet normal 0 0 -1
    outer loop
      vertex -6.16643 2.74547 0
      vertex -7.65094 3.40642 0
      vertex -7.25296 4.1875 0
    endloop
  endfacet
  facet normal 0 0 -1
    outer loop
      vertex -8.32912 -0.875425 0
      vertex -6.71302 -0.705566 0
      vertex -8.19199 -1.74126 0
    endloop
  endfacet
  facet normal 0 0 -1
    outer loop
      vertex -6.41963 2.08586 0
      vertex -7.9651 2.58802 0
      vertex -7.65094 3.40642 0
    endloop
  endfacet
  facet normal -0 0 -1
    outer loop
      vertex -6.71302 -0.705566 0
      vertex -8.32912 -0.875425 0
      vertex -6.75 0 0
    endloop
  endfacet
  facet normal 0 0 -1
    outer loop
      vertex -6.6025 1.4034 0
      vertex -8.19199 1.74126 0
      vertex -7.9651 2.58802 0
    endloop
  endfacet
  facet normal 0 0 -1
    outer loop
      vertex -8.375 0 0
      vertex -6.75 0 0
      vertex -8.32912 -0.875425 0
    endloop
  endfacet
  facet normal 0 0 -1
    outer loop
      vertex -6.71302 0.705566 0
      vertex -8.32912 0.875425 0
      vertex -8.19199 1.74126 0
    endloop
  endfacet
  facet normal 0 0 -1
    outer loop
      vertex -6.75 0 0
      vertex -8.375 0 0
      vertex -8.32912 0.875425 0
    endloop
  endfacet
endsolid OpenSCAD_Model
