solid OpenSCAD_Model
  facet normal 0.998629 -0.0523433 0
    outer loop
      vertex 6.52257 -0.523322 3.02732
      vertex 6.55 0 0
      vertex 6.55 0 3.02732
    endloop
  endfacet
  facet normal 0.998631 -0.0523025 0
    outer loop
      vertex 6.51412 -0.684661 0
      vertex 6.52257 -0.523322 3.02732
      vertex 6.51412 -0.684661 3.02732
    endloop
  endfacet
  facet normal 0.99863 -0.0523337 1.66602e-06
    outer loop
      vertex 6.52257 -0.523322 3.02732
      vertex 6.51412 -0.684661 0
      vertex 6.55 0 0
    endloop
  endfacet
  facet normal 0.838669 0.544642 0
    outer loop
      vertex 5.58447 3.4105 3.02732
      vertex 5.29906 3.84999 0
      vertex 5.29906 3.84999 3.02732
    endloop
  endfacet
  facet normal 0.838656 0.544662 -0
    outer loop
      vertex 5.67247 3.275 0
      vertex 5.58447 3.4105 3.02732
      vertex 5.67247 3.275 3.02732
    endloop
  endfacet
  facet normal 0.838666 0.544646 9.94925e-07
    outer loop
      vertex 5.58447 3.4105 3.02732
      vertex 5.67247 3.275 0
      vertex 5.29906 3.84999 0
    endloop
  endfacet
  facet normal 0.358398 0.933569 -0
    outer loop
      vertex 2.66412 5.98372 0
      vertex 2.5133 6.04162 3.02732
      vertex 2.66412 5.98372 3.02732
    endloop
  endfacet
  facet normal 0.358373 0.933578 -1.44542e-06
    outer loop
      vertex 2.02406 6.22942 0
      vertex 2.5133 6.04162 3.02732
      vertex 2.66412 5.98372 0
    endloop
  endfacet
  facet normal 0.358365 0.933581 0
    outer loop
      vertex 2.5133 6.04162 3.02732
      vertex 2.02406 6.22942 0
      vertex 2.02406 6.22942 3.02732
    endloop
  endfacet
  facet normal -0.453986 0.891009 0
    outer loop
      vertex -2.66412 5.98372 3.02732
      vertex -2.66412 5.98372 0
      vertex -3.13105 5.74581 3.02732
    endloop
  endfacet
  facet normal -0.45398 0.891012 1.20369e-06
    outer loop
      vertex -3.275 5.67247 0
      vertex -3.13105 5.74581 3.02732
      vertex -2.66412 5.98372 0
    endloop
  endfacet
  facet normal -0.45396 0.891022 0
    outer loop
      vertex -3.13105 5.74581 3.02732
      vertex -3.275 5.67247 0
      vertex -3.275 5.67247 3.02732
    endloop
  endfacet
  facet normal -0.891022 0.45396 0
    outer loop
      vertex -5.67247 3.275 0
      vertex -5.74581 3.13105 3.02732
      vertex -5.67247 3.275 3.02732
    endloop
  endfacet
  facet normal -0.891012 0.45398 1.20369e-06
    outer loop
      vertex -5.98372 2.66412 0
      vertex -5.74581 3.13105 3.02732
      vertex -5.67247 3.275 0
    endloop
  endfacet
  facet normal -0.891009 0.453986 0
    outer loop
      vertex -5.74581 3.13105 3.02732
      vertex -5.98372 2.66412 0
      vertex -5.98372 2.66412 3.02732
    endloop
  endfacet
  facet normal 0 1 0
    outer loop
      vertex 4.38281 4.8676 3.02732
      vertex 4.3828 4.8676 0
      vertex 4.3828 4.8676 3.02732
    endloop
  endfacet
  facet normal 0.707107 0.707107 -2.33575e-06
    outer loop
      vertex 4.8676 4.38281 3.02732
      vertex 4.3828 4.8676 0
      vertex 4.38281 4.8676 3.02732
    endloop
  endfacet
  facet normal 1 0 0
    outer loop
      vertex 4.8676 4.3828 0
      vertex 4.8676 4.38281 3.02732
      vertex 4.8676 4.3828 3.02732
    endloop
  endfacet
  facet normal 0.707107 0.707107 -2.33575e-06
    outer loop
      vertex 4.8676 4.38281 3.02732
      vertex 4.8676 4.3828 0
      vertex 4.3828 4.8676 0
    endloop
  endfacet
  facet normal 0.544642 0.838669 0
    outer loop
      vertex 3.84999 5.29906 3.02732
      vertex 3.84999 5.29906 0
      vertex 3.4105 5.58447 3.02732
    endloop
  endfacet
  facet normal 0.544646 0.838666 9.94925e-07
    outer loop
      vertex 3.275 5.67247 0
      vertex 3.4105 5.58447 3.02732
      vertex 3.84999 5.29906 0
    endloop
  endfacet
  facet normal 0.544662 0.838656 0
    outer loop
      vertex 3.4105 5.58447 3.02732
      vertex 3.275 5.67247 0
      vertex 3.275 5.67247 3.02732
    endloop
  endfacet
  facet normal -0.987692 0.156414 0
    outer loop
      vertex -6.40687 1.36182 0
      vertex -6.43214 1.20225 3.02732
      vertex -6.40687 1.36182 3.02732
    endloop
  endfacet
  facet normal -0.987689 0.156432 9.99538e-07
    outer loop
      vertex -6.51412 0.684661 0
      vertex -6.43214 1.20225 3.02732
      vertex -6.40687 1.36182 0
    endloop
  endfacet
  facet normal -0.987688 0.156438 0
    outer loop
      vertex -6.43214 1.20225 3.02732
      vertex -6.51412 0.684661 0
      vertex -6.51412 0.684661 3.02732
    endloop
  endfacet
  facet normal -0.777141 0.629327 0
    outer loop
      vertex -4.8676 4.3828 0
      vertex -5.19739 3.97555 3.02732
      vertex -4.8676 4.3828 3.02732
    endloop
  endfacet
  facet normal -0.777147 0.629319 -1.60196e-06
    outer loop
      vertex -5.29906 3.84999 0
      vertex -5.19739 3.97555 3.02732
      vertex -4.8676 4.3828 0
    endloop
  endfacet
  facet normal -0.777166 0.629296 0
    outer loop
      vertex -5.19739 3.97555 3.02732
      vertex -5.29906 3.84999 0
      vertex -5.29906 3.84999 3.02732
    endloop
  endfacet
  facet normal -0.258841 0.96592 0
    outer loop
      vertex -1.36182 6.40687 3.02732
      vertex -1.36182 6.40687 0
      vertex -1.51788 6.36505 3.02732
    endloop
  endfacet
  facet normal -0.258818 0.965926 0
    outer loop
      vertex -2.02406 6.22942 0
      vertex -2.02406 6.22942 3.02732
      vertex -1.51788 6.36505 3.02732
    endloop
  endfacet
  facet normal -0.258824 0.965925 9.77964e-07
    outer loop
      vertex -2.02406 6.22942 0
      vertex -1.51788 6.36505 3.02732
      vertex -1.36182 6.40687 0
    endloop
  endfacet
  facet normal 0 1 -0
    outer loop
      vertex -4.3828 4.8676 0
      vertex -4.38281 4.8676 3.02732
      vertex -4.3828 4.8676 3.02732
    endloop
  endfacet
  facet normal -0.707107 0.707107 -2.33575e-06
    outer loop
      vertex -4.3828 4.8676 0
      vertex -4.8676 4.38281 3.02732
      vertex -4.38281 4.8676 3.02732
    endloop
  endfacet
  facet normal -0.707107 0.707107 -2.33575e-06
    outer loop
      vertex -4.8676 4.3828 0
      vertex -4.8676 4.38281 3.02732
      vertex -4.3828 4.8676 0
    endloop
  endfacet
  facet normal -1 -0 0
    outer loop
      vertex -4.8676 4.38281 3.02732
      vertex -4.8676 4.3828 0
      vertex -4.8676 4.3828 3.02732
    endloop
  endfacet
  facet normal 0.544642 -0.838669 0
    outer loop
      vertex 3.84999 -5.29906 0
      vertex 3.84999 -5.29906 3.02732
      vertex 3.4105 -5.58447 3.02732
    endloop
  endfacet
  facet normal 0.544662 -0.838656 0
    outer loop
      vertex 3.275 -5.67247 0
      vertex 3.4105 -5.58447 3.02732
      vertex 3.275 -5.67247 3.02732
    endloop
  endfacet
  facet normal 0.544646 -0.838666 9.94925e-07
    outer loop
      vertex 3.84999 -5.29906 0
      vertex 3.4105 -5.58447 3.02732
      vertex 3.275 -5.67247 0
    endloop
  endfacet
  facet normal 0.987692 0.156414 0
    outer loop
      vertex 6.43214 1.20225 3.02732
      vertex 6.40687 1.36182 0
      vertex 6.40687 1.36182 3.02732
    endloop
  endfacet
  facet normal 0.987688 0.156438 -0
    outer loop
      vertex 6.51412 0.684661 0
      vertex 6.43214 1.20225 3.02732
      vertex 6.51412 0.684661 3.02732
    endloop
  endfacet
  facet normal 0.987689 0.156432 9.99538e-07
    outer loop
      vertex 6.43214 1.20225 3.02732
      vertex 6.51412 0.684661 0
      vertex 6.40687 1.36182 0
    endloop
  endfacet
  facet normal 0.777141 0.629327 0
    outer loop
      vertex 5.19739 3.97555 3.02732
      vertex 4.8676 4.3828 0
      vertex 4.8676 4.3828 3.02732
    endloop
  endfacet
  facet normal 0.777166 0.629296 -0
    outer loop
      vertex 5.29906 3.84999 0
      vertex 5.19739 3.97555 3.02732
      vertex 5.29906 3.84999 3.02732
    endloop
  endfacet
  facet normal 0.777147 0.629319 -1.60196e-06
    outer loop
      vertex 5.19739 3.97555 3.02732
      vertex 5.29906 3.84999 0
      vertex 4.8676 4.3828 0
    endloop
  endfacet
  facet normal -0.0523433 0.998629 0
    outer loop
      vertex 0 6.55 0
      vertex -0.523322 6.52257 3.02732
      vertex 0 6.55 3.02732
    endloop
  endfacet
  facet normal -0.0523337 0.99863 1.66602e-06
    outer loop
      vertex -0.684661 6.51412 0
      vertex -0.523322 6.52257 3.02732
      vertex 0 6.55 0
    endloop
  endfacet
  facet normal -0.0523025 0.998631 0
    outer loop
      vertex -0.523322 6.52257 3.02732
      vertex -0.684661 6.51412 0
      vertex -0.684661 6.51412 3.02732
    endloop
  endfacet
  facet normal 0.258818 0.965926 0
    outer loop
      vertex 2.02406 6.22942 3.02732
      vertex 2.02406 6.22942 0
      vertex 1.51788 6.36505 3.02732
    endloop
  endfacet
  facet normal 0.258824 0.965925 9.77964e-07
    outer loop
      vertex 1.36182 6.40687 0
      vertex 1.51788 6.36505 3.02732
      vertex 2.02406 6.22942 0
    endloop
  endfacet
  facet normal 0.258841 0.96592 0
    outer loop
      vertex 1.51788 6.36505 3.02732
      vertex 1.36182 6.40687 0
      vertex 1.36182 6.40687 3.02732
    endloop
  endfacet
  facet normal 0.156414 0.987692 0
    outer loop
      vertex 1.36182 6.40687 3.02732
      vertex 1.36182 6.40687 0
      vertex 1.20225 6.43214 3.02732
    endloop
  endfacet
  facet normal 0.156432 0.987689 9.99538e-07
    outer loop
      vertex 0.684661 6.51412 0
      vertex 1.20225 6.43214 3.02732
      vertex 1.36182 6.40687 0
    endloop
  endfacet
  facet normal 0.156438 0.987688 0
    outer loop
      vertex 1.20225 6.43214 3.02732
      vertex 0.684661 6.51412 0
      vertex 0.684661 6.51412 3.02732
    endloop
  endfacet
  facet normal 0.45396 0.891022 0
    outer loop
      vertex 3.275 5.67247 3.02732
      vertex 3.275 5.67247 0
      vertex 3.13105 5.74581 3.02732
    endloop
  endfacet
  facet normal 0.453986 0.891009 -0
    outer loop
      vertex 2.66412 5.98372 0
      vertex 2.66412 5.98372 3.02732
      vertex 3.13105 5.74581 3.02732
    endloop
  endfacet
  facet normal 0.45398 0.891012 1.20369e-06
    outer loop
      vertex 2.66412 5.98372 0
      vertex 3.13105 5.74581 3.02732
      vertex 3.275 5.67247 0
    endloop
  endfacet
  facet normal 0.629327 0.777141 -0
    outer loop
      vertex 4.3828 4.8676 0
      vertex 3.97555 5.19739 3.02732
      vertex 4.3828 4.8676 3.02732
    endloop
  endfacet
  facet normal 0.629319 0.777147 -1.60196e-06
    outer loop
      vertex 3.84999 5.29906 0
      vertex 3.97555 5.19739 3.02732
      vertex 4.3828 4.8676 0
    endloop
  endfacet
  facet normal 0.629296 0.777166 0
    outer loop
      vertex 3.97555 5.19739 3.02732
      vertex 3.84999 5.29906 0
      vertex 3.84999 5.29906 3.02732
    endloop
  endfacet
  facet normal -0.998631 0.0523025 0
    outer loop
      vertex -6.51412 0.684661 0
      vertex -6.52257 0.523322 3.02732
      vertex -6.51412 0.684661 3.02732
    endloop
  endfacet
  facet normal -0.99863 0.0523337 1.66602e-06
    outer loop
      vertex -6.55 0 0
      vertex -6.52257 0.523322 3.02732
      vertex -6.51412 0.684661 0
    endloop
  endfacet
  facet normal -0.998629 0.0523433 0
    outer loop
      vertex -6.52257 0.523322 3.02732
      vertex -6.55 0 0
      vertex -6.55 0 3.02732
    endloop
  endfacet
  facet normal -0.933569 0.358398 0
    outer loop
      vertex -5.98372 2.66412 0
      vertex -6.04162 2.5133 3.02732
      vertex -5.98372 2.66412 3.02732
    endloop
  endfacet
  facet normal -0.933578 0.358373 -1.44542e-06
    outer loop
      vertex -6.22942 2.02406 0
      vertex -6.04162 2.5133 3.02732
      vertex -5.98372 2.66412 0
    endloop
  endfacet
  facet normal -0.933581 0.358365 0
    outer loop
      vertex -6.04162 2.5133 3.02732
      vertex -6.22942 2.02406 0
      vertex -6.22942 2.02406 3.02732
    endloop
  endfacet
  facet normal -0.965926 0.258818 0
    outer loop
      vertex -6.22942 2.02406 0
      vertex -6.36505 1.51788 3.02732
      vertex -6.22942 2.02406 3.02732
    endloop
  endfacet
  facet normal -0.965925 0.258824 9.77964e-07
    outer loop
      vertex -6.40687 1.36182 0
      vertex -6.36505 1.51788 3.02732
      vertex -6.22942 2.02406 0
    endloop
  endfacet
  facet normal -0.96592 0.258841 0
    outer loop
      vertex -6.36505 1.51788 3.02732
      vertex -6.40687 1.36182 0
      vertex -6.40687 1.36182 3.02732
    endloop
  endfacet
  facet normal -0.838669 0.544642 0
    outer loop
      vertex -5.29906 3.84999 0
      vertex -5.58447 3.4105 3.02732
      vertex -5.29906 3.84999 3.02732
    endloop
  endfacet
  facet normal -0.838666 0.544646 9.94925e-07
    outer loop
      vertex -5.67247 3.275 0
      vertex -5.58447 3.4105 3.02732
      vertex -5.29906 3.84999 0
    endloop
  endfacet
  facet normal -0.838656 0.544662 0
    outer loop
      vertex -5.58447 3.4105 3.02732
      vertex -5.67247 3.275 0
      vertex -5.67247 3.275 3.02732
    endloop
  endfacet
  facet normal -0.358365 0.933581 0
    outer loop
      vertex -2.02406 6.22942 0
      vertex -2.5133 6.04162 3.02732
      vertex -2.02406 6.22942 3.02732
    endloop
  endfacet
  facet normal -0.358373 0.933578 -1.44542e-06
    outer loop
      vertex -2.66412 5.98372 0
      vertex -2.5133 6.04162 3.02732
      vertex -2.02406 6.22942 0
    endloop
  endfacet
  facet normal -0.358398 0.933569 0
    outer loop
      vertex -2.5133 6.04162 3.02732
      vertex -2.66412 5.98372 0
      vertex -2.66412 5.98372 3.02732
    endloop
  endfacet
  facet normal -0.156438 0.987688 0
    outer loop
      vertex -0.684661 6.51412 0
      vertex -1.20225 6.43214 3.02732
      vertex -0.684661 6.51412 3.02732
    endloop
  endfacet
  facet normal -0.156432 0.987689 9.99538e-07
    outer loop
      vertex -1.36182 6.40687 0
      vertex -1.20225 6.43214 3.02732
      vertex -0.684661 6.51412 0
    endloop
  endfacet
  facet normal -0.156414 0.987692 0
    outer loop
      vertex -1.20225 6.43214 3.02732
      vertex -1.36182 6.40687 0
      vertex -1.36182 6.40687 3.02732
    endloop
  endfacet
  facet normal -0.629296 0.777166 0
    outer loop
      vertex -3.84999 5.29906 3.02732
      vertex -3.84999 5.29906 0
      vertex -3.97555 5.19739 3.02732
    endloop
  endfacet
  facet normal -0.629319 0.777147 -1.60196e-06
    outer loop
      vertex -4.3828 4.8676 0
      vertex -3.97555 5.19739 3.02732
      vertex -3.84999 5.29906 0
    endloop
  endfacet
  facet normal -0.629327 0.777141 0
    outer loop
      vertex -3.97555 5.19739 3.02732
      vertex -4.3828 4.8676 0
      vertex -4.3828 4.8676 3.02732
    endloop
  endfacet
  facet normal -0.544642 0.838669 0
    outer loop
      vertex -3.84999 5.29906 0
      vertex -3.84999 5.29906 3.02732
      vertex -3.4105 5.58447 3.02732
    endloop
  endfacet
  facet normal -0.544662 0.838656 0
    outer loop
      vertex -3.275 5.67247 0
      vertex -3.4105 5.58447 3.02732
      vertex -3.275 5.67247 3.02732
    endloop
  endfacet
  facet normal -0.544646 0.838666 9.94925e-07
    outer loop
      vertex -3.84999 5.29906 0
      vertex -3.4105 5.58447 3.02732
      vertex -3.275 5.67247 0
    endloop
  endfacet
  facet normal 0.998631 0.0523025 0
    outer loop
      vertex 6.52257 0.523322 3.02732
      vertex 6.51412 0.684661 0
      vertex 6.51412 0.684661 3.02732
    endloop
  endfacet
  facet normal 0.998629 0.0523433 -0
    outer loop
      vertex 6.55 0 0
      vertex 6.52257 0.523322 3.02732
      vertex 6.55 0 3.02732
    endloop
  endfacet
  facet normal 0.99863 0.0523337 1.66602e-06
    outer loop
      vertex 6.52257 0.523322 3.02732
      vertex 6.55 0 0
      vertex 6.51412 0.684661 0
    endloop
  endfacet
  facet normal 0.96592 -0.258841 0
    outer loop
      vertex 6.36505 -1.51788 3.02732
      vertex 6.40687 -1.36182 0
      vertex 6.40687 -1.36182 3.02732
    endloop
  endfacet
  facet normal 0.965926 -0.258818 0
    outer loop
      vertex 6.22942 -2.02406 0
      vertex 6.36505 -1.51788 3.02732
      vertex 6.22942 -2.02406 3.02732
    endloop
  endfacet
  facet normal 0.965925 -0.258824 9.77964e-07
    outer loop
      vertex 6.36505 -1.51788 3.02732
      vertex 6.22942 -2.02406 0
      vertex 6.40687 -1.36182 0
    endloop
  endfacet
  facet normal 0.0523433 -0.998629 0
    outer loop
      vertex 0 -6.55 0
      vertex 0.523322 -6.52257 3.02732
      vertex 0 -6.55 3.02732
    endloop
  endfacet
  facet normal 0.0523337 -0.99863 1.66602e-06
    outer loop
      vertex 0.684661 -6.51412 0
      vertex 0.523322 -6.52257 3.02732
      vertex 0 -6.55 0
    endloop
  endfacet
  facet normal 0.0523025 -0.998631 0
    outer loop
      vertex 0.523322 -6.52257 3.02732
      vertex 0.684661 -6.51412 0
      vertex 0.684661 -6.51412 3.02732
    endloop
  endfacet
  facet normal -0.96592 -0.258841 0
    outer loop
      vertex -6.40687 -1.36182 0
      vertex -6.36505 -1.51788 3.02732
      vertex -6.40687 -1.36182 3.02732
    endloop
  endfacet
  facet normal -0.965925 -0.258824 9.77964e-07
    outer loop
      vertex -6.22942 -2.02406 0
      vertex -6.36505 -1.51788 3.02732
      vertex -6.40687 -1.36182 0
    endloop
  endfacet
  facet normal -0.965926 -0.258818 0
    outer loop
      vertex -6.36505 -1.51788 3.02732
      vertex -6.22942 -2.02406 0
      vertex -6.22942 -2.02406 3.02732
    endloop
  endfacet
  facet normal -0.891009 -0.453986 0
    outer loop
      vertex -5.98372 -2.66412 0
      vertex -5.74581 -3.13105 3.02732
      vertex -5.98372 -2.66412 3.02732
    endloop
  endfacet
  facet normal -0.891012 -0.45398 1.20369e-06
    outer loop
      vertex -5.67247 -3.275 0
      vertex -5.74581 -3.13105 3.02732
      vertex -5.98372 -2.66412 0
    endloop
  endfacet
  facet normal -0.891022 -0.45396 0
    outer loop
      vertex -5.74581 -3.13105 3.02732
      vertex -5.67247 -3.275 0
      vertex -5.67247 -3.275 3.02732
    endloop
  endfacet
  facet normal 0.453986 -0.891009 0
    outer loop
      vertex 2.66412 -5.98372 3.02732
      vertex 2.66412 -5.98372 0
      vertex 3.13105 -5.74581 3.02732
    endloop
  endfacet
  facet normal 0.45398 -0.891012 1.20369e-06
    outer loop
      vertex 3.275 -5.67247 0
      vertex 3.13105 -5.74581 3.02732
      vertex 2.66412 -5.98372 0
    endloop
  endfacet
  facet normal 0.45396 -0.891022 0
    outer loop
      vertex 3.13105 -5.74581 3.02732
      vertex 3.275 -5.67247 0
      vertex 3.275 -5.67247 3.02732
    endloop
  endfacet
  facet normal 0.891022 0.45396 0
    outer loop
      vertex 5.74581 3.13105 3.02732
      vertex 5.67247 3.275 0
      vertex 5.67247 3.275 3.02732
    endloop
  endfacet
  facet normal 0.891009 0.453986 -0
    outer loop
      vertex 5.98372 2.66412 0
      vertex 5.74581 3.13105 3.02732
      vertex 5.98372 2.66412 3.02732
    endloop
  endfacet
  facet normal 0.891012 0.45398 1.20369e-06
    outer loop
      vertex 5.74581 3.13105 3.02732
      vertex 5.98372 2.66412 0
      vertex 5.67247 3.275 0
    endloop
  endfacet
  facet normal 0.933569 0.358398 0
    outer loop
      vertex 6.04162 2.5133 3.02732
      vertex 5.98372 2.66412 0
      vertex 5.98372 2.66412 3.02732
    endloop
  endfacet
  facet normal 0.933581 0.358365 -0
    outer loop
      vertex 6.22942 2.02406 0
      vertex 6.04162 2.5133 3.02732
      vertex 6.22942 2.02406 3.02732
    endloop
  endfacet
  facet normal 0.933578 0.358373 -1.44542e-06
    outer loop
      vertex 6.04162 2.5133 3.02732
      vertex 6.22942 2.02406 0
      vertex 5.98372 2.66412 0
    endloop
  endfacet
  facet normal 0.965926 0.258818 0
    outer loop
      vertex 6.36505 1.51788 3.02732
      vertex 6.22942 2.02406 0
      vertex 6.22942 2.02406 3.02732
    endloop
  endfacet
  facet normal 0.96592 0.258841 -0
    outer loop
      vertex 6.40687 1.36182 0
      vertex 6.36505 1.51788 3.02732
      vertex 6.40687 1.36182 3.02732
    endloop
  endfacet
  facet normal 0.965925 0.258824 9.77964e-07
    outer loop
      vertex 6.36505 1.51788 3.02732
      vertex 6.40687 1.36182 0
      vertex 6.22942 2.02406 0
    endloop
  endfacet
  facet normal 0.0523025 0.998631 -0
    outer loop
      vertex 0.684661 6.51412 0
      vertex 0.523322 6.52257 3.02732
      vertex 0.684661 6.51412 3.02732
    endloop
  endfacet
  facet normal 0.0523337 0.99863 1.66602e-06
    outer loop
      vertex 0 6.55 0
      vertex 0.523322 6.52257 3.02732
      vertex 0.684661 6.51412 0
    endloop
  endfacet
  facet normal 0.0523433 0.998629 0
    outer loop
      vertex 0.523322 6.52257 3.02732
      vertex 0 6.55 0
      vertex 0 6.55 3.02732
    endloop
  endfacet
  facet normal 0.987688 -0.156438 0
    outer loop
      vertex 6.43214 -1.20225 3.02732
      vertex 6.51412 -0.684661 0
      vertex 6.51412 -0.684661 3.02732
    endloop
  endfacet
  facet normal 0.987692 -0.156414 0
    outer loop
      vertex 6.40687 -1.36182 0
      vertex 6.43214 -1.20225 3.02732
      vertex 6.40687 -1.36182 3.02732
    endloop
  endfacet
  facet normal 0.987689 -0.156432 9.99538e-07
    outer loop
      vertex 6.43214 -1.20225 3.02732
      vertex 6.40687 -1.36182 0
      vertex 6.51412 -0.684661 0
    endloop
  endfacet
  facet normal 0.891009 -0.453986 0
    outer loop
      vertex 5.74581 -3.13105 3.02732
      vertex 5.98372 -2.66412 0
      vertex 5.98372 -2.66412 3.02732
    endloop
  endfacet
  facet normal 0.891022 -0.45396 0
    outer loop
      vertex 5.67247 -3.275 0
      vertex 5.74581 -3.13105 3.02732
      vertex 5.67247 -3.275 3.02732
    endloop
  endfacet
  facet normal 0.891012 -0.45398 1.20369e-06
    outer loop
      vertex 5.74581 -3.13105 3.02732
      vertex 5.67247 -3.275 0
      vertex 5.98372 -2.66412 0
    endloop
  endfacet
  facet normal 0.933581 -0.358365 0
    outer loop
      vertex 6.04162 -2.5133 3.02732
      vertex 6.22942 -2.02406 0
      vertex 6.22942 -2.02406 3.02732
    endloop
  endfacet
  facet normal 0.933569 -0.358398 0
    outer loop
      vertex 5.98372 -2.66412 0
      vertex 6.04162 -2.5133 3.02732
      vertex 5.98372 -2.66412 3.02732
    endloop
  endfacet
  facet normal 0.933578 -0.358373 -1.44542e-06
    outer loop
      vertex 6.04162 -2.5133 3.02732
      vertex 5.98372 -2.66412 0
      vertex 6.22942 -2.02406 0
    endloop
  endfacet
  facet normal -0.838656 -0.544662 0
    outer loop
      vertex -5.67247 -3.275 0
      vertex -5.58447 -3.4105 3.02732
      vertex -5.67247 -3.275 3.02732
    endloop
  endfacet
  facet normal -0.838666 -0.544646 9.94925e-07
    outer loop
      vertex -5.29906 -3.84999 0
      vertex -5.58447 -3.4105 3.02732
      vertex -5.67247 -3.275 0
    endloop
  endfacet
  facet normal -0.838669 -0.544642 0
    outer loop
      vertex -5.58447 -3.4105 3.02732
      vertex -5.29906 -3.84999 0
      vertex -5.29906 -3.84999 3.02732
    endloop
  endfacet
  facet normal -0.933581 -0.358365 0
    outer loop
      vertex -6.22942 -2.02406 0
      vertex -6.04162 -2.5133 3.02732
      vertex -6.22942 -2.02406 3.02732
    endloop
  endfacet
  facet normal -0.933578 -0.358373 -1.44542e-06
    outer loop
      vertex -5.98372 -2.66412 0
      vertex -6.04162 -2.5133 3.02732
      vertex -6.22942 -2.02406 0
    endloop
  endfacet
  facet normal -0.933569 -0.358398 0
    outer loop
      vertex -6.04162 -2.5133 3.02732
      vertex -5.98372 -2.66412 0
      vertex -5.98372 -2.66412 3.02732
    endloop
  endfacet
  facet normal 0 0 -1
    outer loop
      vertex 6.51412 -0.684661 0
      vertex 6.51412 0.684661 0
      vertex 6.55 0 0
    endloop
  endfacet
  facet normal 0 0 -1
    outer loop
      vertex 6.40687 -1.36182 0
      vertex 6.51412 0.684661 0
      vertex 6.51412 -0.684661 0
    endloop
  endfacet
  facet normal 0 0 -1
    outer loop
      vertex 6.40687 -1.36182 0
      vertex 6.40687 1.36182 0
      vertex 6.51412 0.684661 0
    endloop
  endfacet
  facet normal 0 0 -1
    outer loop
      vertex 6.22942 -2.02406 0
      vertex 6.40687 1.36182 0
      vertex 6.40687 -1.36182 0
    endloop
  endfacet
  facet normal 0 0 -1
    outer loop
      vertex 6.22942 -2.02406 0
      vertex 6.22942 2.02406 0
      vertex 6.40687 1.36182 0
    endloop
  endfacet
  facet normal 0 0 -1
    outer loop
      vertex 5.98372 -2.66412 0
      vertex 6.22942 2.02406 0
      vertex 6.22942 -2.02406 0
    endloop
  endfacet
  facet normal 0 0 -1
    outer loop
      vertex 5.98372 -2.66412 0
      vertex 5.98372 2.66412 0
      vertex 6.22942 2.02406 0
    endloop
  endfacet
  facet normal 0 0 -1
    outer loop
      vertex 5.67247 -3.275 0
      vertex 5.98372 2.66412 0
      vertex 5.98372 -2.66412 0
    endloop
  endfacet
  facet normal 0 0 -1
    outer loop
      vertex 5.67247 -3.275 0
      vertex 5.67247 3.275 0
      vertex 5.98372 2.66412 0
    endloop
  endfacet
  facet normal 0 0 -1
    outer loop
      vertex 5.29906 -3.84999 0
      vertex 5.67247 3.275 0
      vertex 5.67247 -3.275 0
    endloop
  endfacet
  facet normal 0 0 -1
    outer loop
      vertex 5.29906 -3.84999 0
      vertex 5.29906 3.84999 0
      vertex 5.67247 3.275 0
    endloop
  endfacet
  facet normal 0 0 -1
    outer loop
      vertex 4.8676 -4.3828 0
      vertex 5.29906 3.84999 0
      vertex 5.29906 -3.84999 0
    endloop
  endfacet
  facet normal 0 0 -1
    outer loop
      vertex 4.8676 -4.3828 0
      vertex 4.8676 4.3828 0
      vertex 5.29906 3.84999 0
    endloop
  endfacet
  facet normal 0 0 -1
    outer loop
      vertex 4.3828 -4.8676 0
      vertex 4.8676 4.3828 0
      vertex 4.8676 -4.3828 0
    endloop
  endfacet
  facet normal 0 0 -1
    outer loop
      vertex 4.3828 -4.8676 0
      vertex 4.3828 4.8676 0
      vertex 4.8676 4.3828 0
    endloop
  endfacet
  facet normal 0 0 -1
    outer loop
      vertex 3.84999 -5.29906 0
      vertex 4.3828 4.8676 0
      vertex 4.3828 -4.8676 0
    endloop
  endfacet
  facet normal 0 0 -1
    outer loop
      vertex 3.84999 -5.29906 0
      vertex 3.84999 5.29906 0
      vertex 4.3828 4.8676 0
    endloop
  endfacet
  facet normal 0 0 -1
    outer loop
      vertex 3.275 -5.67247 0
      vertex 3.84999 5.29906 0
      vertex 3.84999 -5.29906 0
    endloop
  endfacet
  facet normal 0 0 -1
    outer loop
      vertex 3.275 -5.67247 0
      vertex 3.275 5.67247 0
      vertex 3.84999 5.29906 0
    endloop
  endfacet
  facet normal 0 0 -1
    outer loop
      vertex 2.66412 -5.98372 0
      vertex 3.275 5.67247 0
      vertex 3.275 -5.67247 0
    endloop
  endfacet
  facet normal 0 0 -1
    outer loop
      vertex 2.66412 -5.98372 0
      vertex 2.66412 5.98372 0
      vertex 3.275 5.67247 0
    endloop
  endfacet
  facet normal 0 0 -1
    outer loop
      vertex 2.02406 -6.22942 0
      vertex 2.66412 5.98372 0
      vertex 2.66412 -5.98372 0
    endloop
  endfacet
  facet normal 0 0 -1
    outer loop
      vertex 2.02406 -6.22942 0
      vertex 2.02406 6.22942 0
      vertex 2.66412 5.98372 0
    endloop
  endfacet
  facet normal 0 0 -1
    outer loop
      vertex 1.36182 -6.40687 0
      vertex 2.02406 6.22942 0
      vertex 2.02406 -6.22942 0
    endloop
  endfacet
  facet normal 0 0 -1
    outer loop
      vertex 1.36182 -6.40687 0
      vertex 1.36182 6.40687 0
      vertex 2.02406 6.22942 0
    endloop
  endfacet
  facet normal 0 0 -1
    outer loop
      vertex 0.684661 -6.51412 0
      vertex 1.36182 6.40687 0
      vertex 1.36182 -6.40687 0
    endloop
  endfacet
  facet normal 0 0 -1
    outer loop
      vertex 0.684661 -6.51412 0
      vertex 0.684661 6.51412 0
      vertex 1.36182 6.40687 0
    endloop
  endfacet
  facet normal 0 0 -1
    outer loop
      vertex 0 -6.55 0
      vertex 0.684661 6.51412 0
      vertex 0.684661 -6.51412 0
    endloop
  endfacet
  facet normal 0 0 -1
    outer loop
      vertex 0 -6.55 0
      vertex 0 6.55 0
      vertex 0.684661 6.51412 0
    endloop
  endfacet
  facet normal 0 0 -1
    outer loop
      vertex -0.684661 -6.51412 0
      vertex 0 6.55 0
      vertex 0 -6.55 0
    endloop
  endfacet
  facet normal 0 0 -1
    outer loop
      vertex -0.684661 -6.51412 0
      vertex -0.684661 6.51412 0
      vertex 0 6.55 0
    endloop
  endfacet
  facet normal 0 0 -1
    outer loop
      vertex -1.36182 -6.40687 0
      vertex -0.684661 6.51412 0
      vertex -0.684661 -6.51412 0
    endloop
  endfacet
  facet normal 0 0 -1
    outer loop
      vertex -1.36182 -6.40687 0
      vertex -1.36182 6.40687 0
      vertex -0.684661 6.51412 0
    endloop
  endfacet
  facet normal 0 0 -1
    outer loop
      vertex -2.02406 -6.22942 0
      vertex -1.36182 6.40687 0
      vertex -1.36182 -6.40687 0
    endloop
  endfacet
  facet normal 0 0 -1
    outer loop
      vertex -2.02406 -6.22942 0
      vertex -2.02406 6.22942 0
      vertex -1.36182 6.40687 0
    endloop
  endfacet
  facet normal 0 0 -1
    outer loop
      vertex -2.66412 -5.98372 0
      vertex -2.02406 6.22942 0
      vertex -2.02406 -6.22942 0
    endloop
  endfacet
  facet normal 0 0 -1
    outer loop
      vertex -2.66412 -5.98372 0
      vertex -2.66412 5.98372 0
      vertex -2.02406 6.22942 0
    endloop
  endfacet
  facet normal 0 0 -1
    outer loop
      vertex -3.275 -5.67247 0
      vertex -2.66412 5.98372 0
      vertex -2.66412 -5.98372 0
    endloop
  endfacet
  facet normal 0 0 -1
    outer loop
      vertex -3.275 -5.67247 0
      vertex -3.275 5.67247 0
      vertex -2.66412 5.98372 0
    endloop
  endfacet
  facet normal 0 0 -1
    outer loop
      vertex -3.84999 -5.29906 0
      vertex -3.275 5.67247 0
      vertex -3.275 -5.67247 0
    endloop
  endfacet
  facet normal 0 0 -1
    outer loop
      vertex -3.84999 -5.29906 0
      vertex -3.84999 5.29906 0
      vertex -3.275 5.67247 0
    endloop
  endfacet
  facet normal 0 0 -1
    outer loop
      vertex -4.3828 -4.8676 0
      vertex -3.84999 5.29906 0
      vertex -3.84999 -5.29906 0
    endloop
  endfacet
  facet normal 0 0 -1
    outer loop
      vertex -4.3828 -4.8676 0
      vertex -4.3828 4.8676 0
      vertex -3.84999 5.29906 0
    endloop
  endfacet
  facet normal 0 0 -1
    outer loop
      vertex -4.8676 -4.3828 0
      vertex -4.3828 4.8676 0
      vertex -4.3828 -4.8676 0
    endloop
  endfacet
  facet normal 0 0 -1
    outer loop
      vertex -4.8676 -4.3828 0
      vertex -4.8676 4.3828 0
      vertex -4.3828 4.8676 0
    endloop
  endfacet
  facet normal 0 0 -1
    outer loop
      vertex -5.29906 -3.84999 0
      vertex -4.8676 4.3828 0
      vertex -4.8676 -4.3828 0
    endloop
  endfacet
  facet normal 0 0 -1
    outer loop
      vertex -5.29906 -3.84999 0
      vertex -5.29906 3.84999 0
      vertex -4.8676 4.3828 0
    endloop
  endfacet
  facet normal 0 0 -1
    outer loop
      vertex -5.67247 -3.275 0
      vertex -5.29906 3.84999 0
      vertex -5.29906 -3.84999 0
    endloop
  endfacet
  facet normal 0 0 -1
    outer loop
      vertex -5.67247 -3.275 0
      vertex -5.67247 3.275 0
      vertex -5.29906 3.84999 0
    endloop
  endfacet
  facet normal 0 0 -1
    outer loop
      vertex -5.98372 -2.66412 0
      vertex -5.67247 3.275 0
      vertex -5.67247 -3.275 0
    endloop
  endfacet
  facet normal 0 0 -1
    outer loop
      vertex -5.98372 -2.66412 0
      vertex -5.98372 2.66412 0
      vertex -5.67247 3.275 0
    endloop
  endfacet
  facet normal 0 0 -1
    outer loop
      vertex -6.22942 -2.02406 0
      vertex -5.98372 2.66412 0
      vertex -5.98372 -2.66412 0
    endloop
  endfacet
  facet normal 0 0 -1
    outer loop
      vertex -6.22942 -2.02406 0
      vertex -6.22942 2.02406 0
      vertex -5.98372 2.66412 0
    endloop
  endfacet
  facet normal 0 0 -1
    outer loop
      vertex -6.40687 -1.36182 0
      vertex -6.22942 2.02406 0
      vertex -6.22942 -2.02406 0
    endloop
  endfacet
  facet normal 0 0 -1
    outer loop
      vertex -6.40687 -1.36182 0
      vertex -6.40687 1.36182 0
      vertex -6.22942 2.02406 0
    endloop
  endfacet
  facet normal 0 0 -1
    outer loop
      vertex -6.51412 -0.684661 0
      vertex -6.40687 1.36182 0
      vertex -6.40687 -1.36182 0
    endloop
  endfacet
  facet normal 0 0 -1
    outer loop
      vertex -6.51412 -0.684661 0
      vertex -6.51412 0.684661 0
      vertex -6.40687 1.36182 0
    endloop
  endfacet
  facet normal 0 -0 -1
    outer loop
      vertex -6.51412 0.684661 0
      vertex -6.51412 -0.684661 0
      vertex -6.55 0 0
    endloop
  endfacet
  facet normal 1 -0 0
    outer loop
      vertex 4.8676 -4.38281 3.02732
      vertex 4.8676 -4.3828 0
      vertex 4.8676 -4.3828 3.02732
    endloop
  endfacet
  facet normal 0.707107 -0.707107 -2.33575e-06
    outer loop
      vertex 4.38281 -4.8676 3.02732
      vertex 4.8676 -4.3828 0
      vertex 4.8676 -4.38281 3.02732
    endloop
  endfacet
  facet normal 0 -1 0
    outer loop
      vertex 4.3828 -4.8676 0
      vertex 4.38281 -4.8676 3.02732
      vertex 4.3828 -4.8676 3.02732
    endloop
  endfacet
  facet normal 0.707107 -0.707107 -2.33575e-06
    outer loop
      vertex 4.38281 -4.8676 3.02732
      vertex 4.3828 -4.8676 0
      vertex 4.8676 -4.3828 0
    endloop
  endfacet
  facet normal 0.777166 -0.629296 0
    outer loop
      vertex 5.19739 -3.97555 3.02732
      vertex 5.29906 -3.84999 0
      vertex 5.29906 -3.84999 3.02732
    endloop
  endfacet
  facet normal 0.777141 -0.629327 0
    outer loop
      vertex 4.8676 -4.3828 0
      vertex 5.19739 -3.97555 3.02732
      vertex 4.8676 -4.3828 3.02732
    endloop
  endfacet
  facet normal 0.777147 -0.629319 -1.60196e-06
    outer loop
      vertex 5.19739 -3.97555 3.02732
      vertex 4.8676 -4.3828 0
      vertex 5.29906 -3.84999 0
    endloop
  endfacet
  facet normal 0.838656 -0.544662 0
    outer loop
      vertex 5.58447 -3.4105 3.02732
      vertex 5.67247 -3.275 0
      vertex 5.67247 -3.275 3.02732
    endloop
  endfacet
  facet normal 0.838669 -0.544642 0
    outer loop
      vertex 5.29906 -3.84999 0
      vertex 5.58447 -3.4105 3.02732
      vertex 5.29906 -3.84999 3.02732
    endloop
  endfacet
  facet normal 0.838666 -0.544646 9.94925e-07
    outer loop
      vertex 5.58447 -3.4105 3.02732
      vertex 5.29906 -3.84999 0
      vertex 5.67247 -3.275 0
    endloop
  endfacet
  facet normal 0.156438 -0.987688 0
    outer loop
      vertex 0.684661 -6.51412 0
      vertex 1.20225 -6.43214 3.02732
      vertex 0.684661 -6.51412 3.02732
    endloop
  endfacet
  facet normal 0.156432 -0.987689 9.99538e-07
    outer loop
      vertex 1.36182 -6.40687 0
      vertex 1.20225 -6.43214 3.02732
      vertex 0.684661 -6.51412 0
    endloop
  endfacet
  facet normal 0.156414 -0.987692 0
    outer loop
      vertex 1.20225 -6.43214 3.02732
      vertex 1.36182 -6.40687 0
      vertex 1.36182 -6.40687 3.02732
    endloop
  endfacet
  facet normal 0.358365 -0.933581 0
    outer loop
      vertex 2.02406 -6.22942 0
      vertex 2.5133 -6.04162 3.02732
      vertex 2.02406 -6.22942 3.02732
    endloop
  endfacet
  facet normal 0.358373 -0.933578 -1.44542e-06
    outer loop
      vertex 2.66412 -5.98372 0
      vertex 2.5133 -6.04162 3.02732
      vertex 2.02406 -6.22942 0
    endloop
  endfacet
  facet normal 0.358398 -0.933569 0
    outer loop
      vertex 2.5133 -6.04162 3.02732
      vertex 2.66412 -5.98372 0
      vertex 2.66412 -5.98372 3.02732
    endloop
  endfacet
  facet normal -0.0523025 -0.998631 0
    outer loop
      vertex -0.684661 -6.51412 0
      vertex -0.523322 -6.52257 3.02732
      vertex -0.684661 -6.51412 3.02732
    endloop
  endfacet
  facet normal -0.0523337 -0.99863 1.66602e-06
    outer loop
      vertex 0 -6.55 0
      vertex -0.523322 -6.52257 3.02732
      vertex -0.684661 -6.51412 0
    endloop
  endfacet
  facet normal -0.0523433 -0.998629 0
    outer loop
      vertex -0.523322 -6.52257 3.02732
      vertex 0 -6.55 0
      vertex 0 -6.55 3.02732
    endloop
  endfacet
  facet normal -1 0 0
    outer loop
      vertex -4.8676 -4.3828 0
      vertex -4.8676 -4.38281 3.02732
      vertex -4.8676 -4.3828 3.02732
    endloop
  endfacet
  facet normal -0.707107 -0.707107 -2.33575e-06
    outer loop
      vertex -4.8676 -4.3828 0
      vertex -4.38281 -4.8676 3.02732
      vertex -4.8676 -4.38281 3.02732
    endloop
  endfacet
  facet normal -0.707107 -0.707107 -2.33575e-06
    outer loop
      vertex -4.3828 -4.8676 0
      vertex -4.38281 -4.8676 3.02732
      vertex -4.8676 -4.3828 0
    endloop
  endfacet
  facet normal 0 -1 0
    outer loop
      vertex -4.38281 -4.8676 3.02732
      vertex -4.3828 -4.8676 0
      vertex -4.3828 -4.8676 3.02732
    endloop
  endfacet
  facet normal -0.987688 -0.156438 0
    outer loop
      vertex -6.51412 -0.684661 0
      vertex -6.43214 -1.20225 3.02732
      vertex -6.51412 -0.684661 3.02732
    endloop
  endfacet
  facet normal -0.987689 -0.156432 9.99538e-07
    outer loop
      vertex -6.40687 -1.36182 0
      vertex -6.43214 -1.20225 3.02732
      vertex -6.51412 -0.684661 0
    endloop
  endfacet
  facet normal -0.987692 -0.156414 0
    outer loop
      vertex -6.43214 -1.20225 3.02732
      vertex -6.40687 -1.36182 0
      vertex -6.40687 -1.36182 3.02732
    endloop
  endfacet
  facet normal -0.998629 -0.0523433 0
    outer loop
      vertex -6.55 0 0
      vertex -6.52257 -0.523322 3.02732
      vertex -6.55 0 3.02732
    endloop
  endfacet
  facet normal -0.99863 -0.0523337 1.66602e-06
    outer loop
      vertex -6.51412 -0.684661 0
      vertex -6.52257 -0.523322 3.02732
      vertex -6.55 0 0
    endloop
  endfacet
  facet normal -0.998631 -0.0523025 0
    outer loop
      vertex -6.52257 -0.523322 3.02732
      vertex -6.51412 -0.684661 0
      vertex -6.51412 -0.684661 3.02732
    endloop
  endfacet
  facet normal 0.629296 -0.777166 0
    outer loop
      vertex 3.84999 -5.29906 3.02732
      vertex 3.84999 -5.29906 0
      vertex 3.97555 -5.19739 3.02732
    endloop
  endfacet
  facet normal 0.629319 -0.777147 -1.60196e-06
    outer loop
      vertex 4.3828 -4.8676 0
      vertex 3.97555 -5.19739 3.02732
      vertex 3.84999 -5.29906 0
    endloop
  endfacet
  facet normal 0.629327 -0.777141 0
    outer loop
      vertex 3.97555 -5.19739 3.02732
      vertex 4.3828 -4.8676 0
      vertex 4.3828 -4.8676 3.02732
    endloop
  endfacet
  facet normal 0.258841 -0.96592 0
    outer loop
      vertex 1.36182 -6.40687 3.02732
      vertex 1.36182 -6.40687 0
      vertex 1.51788 -6.36505 3.02732
    endloop
  endfacet
  facet normal 0.258818 -0.965926 0
    outer loop
      vertex 2.02406 -6.22942 0
      vertex 2.02406 -6.22942 3.02732
      vertex 1.51788 -6.36505 3.02732
    endloop
  endfacet
  facet normal 0.258824 -0.965925 9.77964e-07
    outer loop
      vertex 2.02406 -6.22942 0
      vertex 1.51788 -6.36505 3.02732
      vertex 1.36182 -6.40687 0
    endloop
  endfacet
  facet normal -0.45396 -0.891022 -0
    outer loop
      vertex -3.275 -5.67247 3.02732
      vertex -3.275 -5.67247 0
      vertex -3.13105 -5.74581 3.02732
    endloop
  endfacet
  facet normal -0.453986 -0.891009 0
    outer loop
      vertex -2.66412 -5.98372 0
      vertex -2.66412 -5.98372 3.02732
      vertex -3.13105 -5.74581 3.02732
    endloop
  endfacet
  facet normal -0.45398 -0.891012 1.20369e-06
    outer loop
      vertex -2.66412 -5.98372 0
      vertex -3.13105 -5.74581 3.02732
      vertex -3.275 -5.67247 0
    endloop
  endfacet
  facet normal -0.258818 -0.965926 -0
    outer loop
      vertex -2.02406 -6.22942 3.02732
      vertex -2.02406 -6.22942 0
      vertex -1.51788 -6.36505 3.02732
    endloop
  endfacet
  facet normal -0.258824 -0.965925 9.77964e-07
    outer loop
      vertex -1.36182 -6.40687 0
      vertex -1.51788 -6.36505 3.02732
      vertex -2.02406 -6.22942 0
    endloop
  endfacet
  facet normal -0.258841 -0.96592 0
    outer loop
      vertex -1.51788 -6.36505 3.02732
      vertex -1.36182 -6.40687 0
      vertex -1.36182 -6.40687 3.02732
    endloop
  endfacet
  facet normal -0.544642 -0.838669 -0
    outer loop
      vertex -3.84999 -5.29906 3.02732
      vertex -3.84999 -5.29906 0
      vertex -3.4105 -5.58447 3.02732
    endloop
  endfacet
  facet normal -0.544646 -0.838666 9.94925e-07
    outer loop
      vertex -3.275 -5.67247 0
      vertex -3.4105 -5.58447 3.02732
      vertex -3.84999 -5.29906 0
    endloop
  endfacet
  facet normal -0.544662 -0.838656 0
    outer loop
      vertex -3.4105 -5.58447 3.02732
      vertex -3.275 -5.67247 0
      vertex -3.275 -5.67247 3.02732
    endloop
  endfacet
  facet normal -0.629327 -0.777141 0
    outer loop
      vertex -4.3828 -4.8676 0
      vertex -3.97555 -5.19739 3.02732
      vertex -4.3828 -4.8676 3.02732
    endloop
  endfacet
  facet normal -0.629319 -0.777147 -1.60196e-06
    outer loop
      vertex -3.84999 -5.29906 0
      vertex -3.97555 -5.19739 3.02732
      vertex -4.3828 -4.8676 0
    endloop
  endfacet
  facet normal -0.629296 -0.777166 0
    outer loop
      vertex -3.97555 -5.19739 3.02732
      vertex -3.84999 -5.29906 0
      vertex -3.84999 -5.29906 3.02732
    endloop
  endfacet
  facet normal -0.358398 -0.933569 0
    outer loop
      vertex -2.66412 -5.98372 0
      vertex -2.5133 -6.04162 3.02732
      vertex -2.66412 -5.98372 3.02732
    endloop
  endfacet
  facet normal -0.358373 -0.933578 -1.44542e-06
    outer loop
      vertex -2.02406 -6.22942 0
      vertex -2.5133 -6.04162 3.02732
      vertex -2.66412 -5.98372 0
    endloop
  endfacet
  facet normal -0.358365 -0.933581 0
    outer loop
      vertex -2.5133 -6.04162 3.02732
      vertex -2.02406 -6.22942 0
      vertex -2.02406 -6.22942 3.02732
    endloop
  endfacet
  facet normal -0.156414 -0.987692 -0
    outer loop
      vertex -1.36182 -6.40687 3.02732
      vertex -1.36182 -6.40687 0
      vertex -1.20225 -6.43214 3.02732
    endloop
  endfacet
  facet normal -0.156432 -0.987689 9.99538e-07
    outer loop
      vertex -0.684661 -6.51412 0
      vertex -1.20225 -6.43214 3.02732
      vertex -1.36182 -6.40687 0
    endloop
  endfacet
  facet normal -0.156438 -0.987688 0
    outer loop
      vertex -1.20225 -6.43214 3.02732
      vertex -0.684661 -6.51412 0
      vertex -0.684661 -6.51412 3.02732
    endloop
  endfacet
  facet normal -0.777166 -0.629296 0
    outer loop
      vertex -5.29906 -3.84999 0
      vertex -5.19739 -3.97555 3.02732
      vertex -5.29906 -3.84999 3.02732
    endloop
  endfacet
  facet normal -0.777147 -0.629319 -1.60196e-06
    outer loop
      vertex -4.8676 -4.3828 0
      vertex -5.19739 -3.97555 3.02732
      vertex -5.29906 -3.84999 0
    endloop
  endfacet
  facet normal -0.777141 -0.629327 0
    outer loop
      vertex -5.19739 -3.97555 3.02732
      vertex -4.8676 -4.3828 0
      vertex -4.8676 -4.3828 3.02732
    endloop
  endfacet
  facet normal -0.0483997 -0.305593 0.950931
    outer loop
      vertex 0.642638 3.02338 0.572868
      vertex 0.323089 3.07399 0.572868
      vertex 0.23334 2.22009 0.293889
    endloop
  endfacet
  facet normal 0.103382 -0.0163733 0.994507
    outer loop
      vertex -0.448924 0.047183 0.0118198
      vertex -0.441533 0.0938501 0.0118198
      vertex -1.34186 0.141034 0.106188
    endloop
  endfacet
  facet normal 0.404999 -0.62364 0.668617
    outer loop
      vertex -3.58478 4.93403 2.5262
      vertex -3.4105 5.58447 3.02732
      vertex -3.84999 5.29906 3.02732
    endloop
  endfacet
  facet normal -0.174596 0.113386 0.97809
    outer loop
      vertex 1.80598 -1.31212 0.293889
      vertex 1.93324 -1.11616 0.293889
      vertex 1.16848 -0.674623 0.106188
    endloop
  endfacet
  facet normal -0.0389229 0.742589 0.668615
    outer loop
      vertex 0.523322 -6.52257 3.02732
      vertex 0 -6.0988 2.5262
      vertex 0 -6.55 3.02732
    endloop
  endfacet
  facet normal 0.0945183 -0.185491 0.97809
    outer loop
      vertex -0.674623 1.16848 0.106188
      vertex -0.548788 1.2326 0.106188
      vertex -0.907964 2.03932 0.293889
    endloop
  endfacet
  facet normal 0.74259 -0.0388926 0.668616
    outer loop
      vertex -6.52257 0.523322 3.02732
      vertex -6.06539 0.637497 2.5262
      vertex -6.51412 0.684661 3.02732
    endloop
  endfacet
  facet normal 0.742592 -0.0389178 0.668612
    outer loop
      vertex -6.06539 0.637497 2.5262
      vertex -6.52257 0.523322 3.02732
      vertex -6.0988 0 2.5262
    endloop
  endfacet
  facet normal -0.62364 -0.404999 0.668617
    outer loop
      vertex 5.58447 3.4105 3.02732
      vertex 5.29906 3.84999 3.02732
      vertex 4.93403 3.58478 2.5262
    endloop
  endfacet
  facet normal -0.718268 0.192459 0.668618
    outer loop
      vertex 6.22942 -2.02406 3.02732
      vertex 6.36505 -1.51788 3.02732
      vertex 5.8003 -1.88463 2.5262
    endloop
  endfacet
  facet normal -0.581074 -0.0920252 0.808631
    outer loop
      vertex 5.39815 0.567369 1.92212
      vertex 5.30928 1.12852 1.92212
      vertex 4.67178 0.491023 1.39147
    endloop
  endfacet
  facet normal 0.0570079 -0.0877847 0.994507
    outer loop
      vertex -0.265325 0.365188 0.0118198
      vertex -0.225698 0.390922 0.0118198
      vertex -0.793067 1.09156 0.106188
    endloop
  endfacet
  facet normal 0.065868 -0.0813474 0.994507
    outer loop
      vertex -0.265325 0.365188 0.0118198
      vertex -0.793067 1.09156 0.106188
      vertex -0.902822 1.00269 0.106188
    endloop
  endfacet
  facet normal 0.57789 0.467964 0.668621
    outer loop
      vertex -4.93403 -3.58478 2.5262
      vertex -5.19739 -3.97555 3.02732
      vertex -4.53229 -4.08089 2.5262
    endloop
  endfacet
  facet normal 0.577905 0.467949 0.668617
    outer loop
      vertex -5.29906 -3.84999 3.02732
      vertex -5.19739 -3.97555 3.02732
      vertex -4.93403 -3.58478 2.5262
    endloop
  endfacet
  facet normal -0.524191 0.267087 0.808634
    outer loop
      vertex 4.70069 -2.71394 1.92212
      vertex 4.95862 -2.20772 1.92212
      vertex 4.06816 -2.34876 1.39147
    endloop
  endfacet
  facet normal 0.145925 0.380157 0.913338
    outer loop
      vertex -1.21001 -3.72402 0.940068
      vertex -0.955148 -2.93964 0.572868
      vertex -1.25719 -2.8237 0.572868
    endloop
  endfacet
  facet normal 0.419769 0.272604 0.865726
    outer loop
      vertex -3.16784 -2.30157 0.940068
      vertex -3.39107 -1.95783 0.940068
      vertex -4.06816 -2.34876 1.39147
    endloop
  endfacet
  facet normal -0.646815 -0.173316 0.742692
    outer loop
      vertex 5.30928 1.12852 1.92212
      vertex 5.8003 1.88463 2.5262
      vertex 5.16223 1.67731 1.92212
    endloop
  endfacet
  facet normal -0.266482 -0.694217 0.668618
    outer loop
      vertex 2.5133 6.04162 3.02732
      vertex 2.02406 6.22942 3.02732
      vertex 1.88463 5.8003 2.5262
    endloop
  endfacet
  facet normal -0.320416 -0.493408 0.80863
    outer loop
      vertex 2.76113 3.80037 1.39147
      vertex 3.19043 4.39125 1.92212
      vertex 2.34876 4.06816 1.39147
    endloop
  endfacet
  facet normal -0.272604 0.419769 0.865726
    outer loop
      vertex 2.34876 -4.06816 1.39147
      vertex 2.30157 -3.16784 0.940068
      vertex 1.95783 -3.39107 0.940068
    endloop
  endfacet
  facet normal -0.457209 -0.370228 0.808635
    outer loop
      vertex 4.39125 3.19043 1.92212
      vertex 4.03371 3.63197 1.92212
      vertex 3.49093 3.14325 1.39147
    endloop
  endfacet
  facet normal -0.520402 0.421411 0.742695
    outer loop
      vertex 4.53229 -4.08089 2.5262
      vertex 4.93403 -3.58478 2.5262
      vertex 4.39125 -3.19043 1.92212
    endloop
  endfacet
  facet normal 0.694217 -0.266482 0.668618
    outer loop
      vertex -6.22942 2.02406 3.02732
      vertex -5.8003 1.88463 2.5262
      vertex -6.04162 2.5133 3.02732
    endloop
  endfacet
  facet normal 0.524191 -0.267087 0.808634
    outer loop
      vertex -4.06816 2.34876 1.39147
      vertex -4.70069 2.71394 1.92212
      vertex -4.95862 2.20772 1.92212
    endloop
  endfacet
  facet normal 0.305593 0.0483997 0.950931
    outer loop
      vertex -3.02338 -0.642638 0.572868
      vertex -2.22009 -0.23334 0.293889
      vertex -3.07399 -0.323089 0.572868
    endloop
  endfacet
  facet normal 0.362819 0.184867 0.913338
    outer loop
      vertex -3.39107 -1.95783 0.940068
      vertex -2.8237 -1.25719 0.572868
      vertex -3.57714 -1.59265 0.940068
    endloop
  endfacet
  facet normal 0.662558 0.337592 0.668617
    outer loop
      vertex -5.74581 -3.13105 3.02732
      vertex -5.28171 -3.0494 2.5262
      vertex -5.57153 -2.4806 2.5262
    endloop
  endfacet
  facet normal 0.662567 0.337566 0.668621
    outer loop
      vertex -5.28171 -3.0494 2.5262
      vertex -5.74581 -3.13105 3.02732
      vertex -5.67247 -3.275 3.02732
    endloop
  endfacet
  facet normal -0.402188 0.0636983 0.913339
    outer loop
      vertex 3.89422 -0.409298 0.940068
      vertex 3.07399 -0.323089 0.572868
      vertex 3.02338 -0.642638 0.572868
    endloop
  endfacet
  facet normal 0.104744 0.661385 0.742697
    outer loop
      vertex -0.637497 -6.06539 2.5262
      vertex -0.567369 -5.39815 1.92212
      vertex -1.12852 -5.30928 1.92212
    endloop
  endfacet
  facet normal -0.337566 0.662567 0.668621
    outer loop
      vertex 3.0494 -5.28171 2.5262
      vertex 3.13105 -5.74581 3.02732
      vertex 3.275 -5.67247 3.02732
    endloop
  endfacet
  facet normal -0.337592 0.662558 0.668617
    outer loop
      vertex 3.13105 -5.74581 3.02732
      vertex 3.0494 -5.28171 2.5262
      vertex 2.4806 -5.57153 2.5262
    endloop
  endfacet
  facet normal 0.66139 -0.104761 0.74269
    outer loop
      vertex -5.30928 1.12852 1.92212
      vertex -5.96552 1.26801 2.5262
      vertex -6.06539 0.637497 2.5262
    endloop
  endfacet
  facet normal -0.23998 0.625155 0.742692
    outer loop
      vertex 1.88463 -5.8003 2.5262
      vertex 2.20772 -4.95862 1.92212
      vertex 1.67731 -5.16223 1.92212
    endloop
  endfacet
  facet normal -0.304007 0.596644 0.742694
    outer loop
      vertex 2.4806 -5.57153 2.5262
      vertex 3.0494 -5.28171 2.5262
      vertex 2.20772 -4.95862 1.92212
    endloop
  endfacet
  facet normal 0.646819 -0.173312 0.74269
    outer loop
      vertex -5.30928 1.12852 1.92212
      vertex -5.8003 1.88463 2.5262
      vertex -5.96552 1.26801 2.5262
    endloop
  endfacet
  facet normal -0.266508 -0.69421 0.668615
    outer loop
      vertex 2.4806 5.57153 2.5262
      vertex 2.66412 5.98372 3.02732
      vertex 2.5133 6.04162 3.02732
    endloop
  endfacet
  facet normal -0.266483 -0.694216 0.668618
    outer loop
      vertex 2.4806 5.57153 2.5262
      vertex 2.5133 6.04162 3.02732
      vertex 1.88463 5.8003 2.5262
    endloop
  endfacet
  facet normal -0.402189 0.0637041 0.913338
    outer loop
      vertex 3.8301 -0.814113 0.940068
      vertex 3.89422 -0.409298 0.940068
      vertex 3.02338 -0.642638 0.572868
    endloop
  endfacet
  facet normal 0.00547857 -0.104527 0.994507
    outer loop
      vertex 0 0.451397 0.0118198
      vertex 0 1.34925 0.106188
      vertex -0.047183 0.448924 0.0118198
    endloop
  endfacet
  facet normal -0.718268 -0.192459 0.668618
    outer loop
      vertex 6.36505 1.51788 3.02732
      vertex 6.22942 2.02406 3.02732
      vertex 5.8003 1.88463 2.5262
    endloop
  endfacet
  facet normal -0.520411 -0.421406 0.74269
    outer loop
      vertex 4.39125 3.19043 1.92212
      vertex 4.53229 4.08089 2.5262
      vertex 4.03371 3.63197 1.92212
    endloop
  endfacet
  facet normal -0.104761 -0.66139 0.74269
    outer loop
      vertex 1.12852 5.30928 1.92212
      vertex 1.26801 5.96552 2.5262
      vertex 0.637497 6.06539 2.5262
    endloop
  endfacet
  facet normal -0.131016 -0.16179 0.978089
    outer loop
      vertex 1.49371 1.65893 0.293889
      vertex 1.31212 1.80598 0.293889
      vertex 0.902822 1.00269 0.106188
    endloop
  endfacet
  facet normal -0.210837 0.549237 0.808632
    outer loop
      vertex 2.20772 -4.95862 1.92212
      vertex 1.91065 -4.29139 1.39147
      vertex 1.67731 -5.16223 1.92212
    endloop
  endfacet
  facet normal -0.742589 -0.0389229 0.668615
    outer loop
      vertex 6.55 0 3.02732
      vertex 6.52257 0.523322 3.02732
      vertex 6.0988 0 2.5262
    endloop
  endfacet
  facet normal -0.568266 0.152269 0.808634
    outer loop
      vertex 5.16223 -1.67731 1.92212
      vertex 5.30928 -1.12852 1.92212
      vertex 4.4676 -1.45161 1.39147
    endloop
  endfacet
  facet normal -0.568265 -0.152265 0.808635
    outer loop
      vertex 4.59486 0.976667 1.39147
      vertex 5.30928 1.12852 1.92212
      vertex 4.4676 1.45161 1.39147
    endloop
  endfacet
  facet normal 0.0920339 -0.581068 0.808635
    outer loop
      vertex -0.976667 4.59486 1.39147
      vertex -0.491023 4.67178 1.39147
      vertex -1.12852 5.30928 1.92212
    endloop
  endfacet
  facet normal 0.596648 -0.304005 0.742693
    outer loop
      vertex -4.95862 2.20772 1.92212
      vertex -4.70069 2.71394 1.92212
      vertex -5.28171 3.0494 2.5262
    endloop
  endfacet
  facet normal 0.581074 -0.0920252 0.808631
    outer loop
      vertex -4.67178 0.491023 1.39147
      vertex -5.30928 1.12852 1.92212
      vertex -5.39815 0.567369 1.92212
    endloop
  endfacet
  facet normal 0.192475 -0.71826 0.668622
    outer loop
      vertex -1.26801 5.96552 2.5262
      vertex -1.36182 6.40687 3.02732
      vertex -1.51788 6.36505 3.02732
    endloop
  endfacet
  facet normal 0.192456 -0.718268 0.668619
    outer loop
      vertex -1.26801 5.96552 2.5262
      vertex -1.51788 6.36505 3.02732
      vertex -1.88463 5.8003 2.5262
    endloop
  endfacet
  facet normal -0.192475 -0.71826 0.668622
    outer loop
      vertex 1.36182 6.40687 3.02732
      vertex 1.26801 5.96552 2.5262
      vertex 1.51788 6.36505 3.02732
    endloop
  endfacet
  facet normal -0.192456 -0.718268 0.668619
    outer loop
      vertex 1.51788 6.36505 3.02732
      vertex 1.26801 5.96552 2.5262
      vertex 1.88463 5.8003 2.5262
    endloop
  endfacet
  facet normal -0.694217 0.266482 0.668618
    outer loop
      vertex 6.22942 -2.02406 3.02732
      vertex 5.8003 -1.88463 2.5262
      vertex 6.04162 -2.5133 3.02732
    endloop
  endfacet
  facet normal -0.0782999 0.494356 0.865726
    outer loop
      vertex 0.491023 -4.67178 1.39147
      vertex 0.976667 -4.59486 1.39147
      vertex 0.409298 -3.89422 0.940068
    endloop
  endfacet
  facet normal 0.267091 0.524191 0.808632
    outer loop
      vertex -2.20772 -4.95862 1.92212
      vertex -1.91065 -4.29139 1.39147
      vertex -2.34876 -4.06816 1.39147
    endloop
  endfacet
  facet normal 0 0.831108 0.556112
    outer loop
      vertex 4.08089 -4.53229 2.5262
      vertex 4.3828 -4.8676 3.02732
      vertex 4.38281 -4.8676 3.02732
    endloop
  endfacet
  facet normal -0.467972 0.577888 0.668616
    outer loop
      vertex 4.3828 -4.8676 3.02732
      vertex 4.08089 -4.53229 2.5262
      vertex 3.97555 -5.19739 3.02732
    endloop
  endfacet
  facet normal -0.173312 0.646819 0.74269
    outer loop
      vertex 1.26801 -5.96552 2.5262
      vertex 1.88463 -5.8003 2.5262
      vertex 1.12852 -5.30928 1.92212
    endloop
  endfacet
  facet normal 0.520411 0.421406 0.74269
    outer loop
      vertex -4.03371 -3.63197 1.92212
      vertex -4.39125 -3.19043 1.92212
      vertex -4.53229 -4.08089 2.5262
    endloop
  endfacet
  facet normal 0.380157 0.145927 0.913338
    outer loop
      vertex -3.57714 -1.59265 0.940068
      vertex -2.8237 -1.25719 0.572868
      vertex -3.72402 -1.21001 0.940068
    endloop
  endfacet
  facet normal 0.074609 -0.194356 0.97809
    outer loop
      vertex -0.548788 1.2326 0.106188
      vertex -0.689822 2.12306 0.293889
      vertex -0.907964 2.03932 0.293889
    endloop
  endfacet
  facet normal -0.0389178 -0.742592 0.668612
    outer loop
      vertex 0.637497 6.06539 2.5262
      vertex 0.523322 6.52257 3.02732
      vertex 0 6.0988 2.5262
    endloop
  endfacet
  facet normal -0.0388926 -0.74259 0.668616
    outer loop
      vertex 0.523322 6.52257 3.02732
      vertex 0.637497 6.06539 2.5262
      vertex 0.684661 6.51412 3.02732
    endloop
  endfacet
  facet normal 0.494356 -0.0782999 0.865726
    outer loop
      vertex -3.89422 0.409298 0.940068
      vertex -4.59486 0.976667 1.39147
      vertex -4.67178 0.491023 1.39147
    endloop
  endfacet
  facet normal -0.207899 0.0108936 0.97809
    outer loop
      vertex 2.22009 -0.23334 0.293889
      vertex 1.34925 0 0.106188
      vertex 1.34186 -0.141034 0.106188
    endloop
  endfacet
  facet normal -0.568266 -0.152269 0.808634
    outer loop
      vertex 5.30928 1.12852 1.92212
      vertex 5.16223 1.67731 1.92212
      vertex 4.4676 1.45161 1.39147
    endloop
  endfacet
  facet normal 0.152269 -0.568266 0.808634
    outer loop
      vertex -1.45161 4.4676 1.39147
      vertex -1.12852 5.30928 1.92212
      vertex -1.67731 5.16223 1.92212
    endloop
  endfacet
  facet normal -0.179368 -0.467275 0.865726
    outer loop
      vertex 1.59265 3.57714 0.940068
      vertex 1.91065 4.29139 1.39147
      vertex 1.21001 3.72402 0.940068
    endloop
  endfacet
  facet normal -0.405012 -0.623627 0.668621
    outer loop
      vertex 3.0494 5.28171 2.5262
      vertex 3.4105 5.58447 3.02732
      vertex 3.275 5.67247 3.02732
    endloop
  endfacet
  facet normal -0.404997 -0.62364 0.668618
    outer loop
      vertex 3.4105 5.58447 3.02732
      vertex 3.0494 5.28171 2.5262
      vertex 3.58478 4.93403 2.5262
    endloop
  endfacet
  facet normal -0.561599 -0.364711 0.742693
    outer loop
      vertex 4.70069 2.71394 1.92212
      vertex 5.28171 3.0494 2.5262
      vertex 4.39125 3.19043 1.92212
    endloop
  endfacet
  facet normal -0.524191 -0.267091 0.808632
    outer loop
      vertex 4.29139 1.91065 1.39147
      vertex 4.95862 2.20772 1.92212
      vertex 4.06816 2.34876 1.39147
    endloop
  endfacet
  facet normal -0.0475219 -0.0932613 0.994507
    outer loop
      vertex 0.674623 1.16848 0.106188
      vertex 0.548788 1.2326 0.106188
      vertex 0.225698 0.390922 0.0118198
    endloop
  endfacet
  facet normal -0.362819 -0.184867 0.913338
    outer loop
      vertex 3.57714 1.59265 0.940068
      vertex 3.39107 1.95783 0.940068
      vertex 2.8237 1.25719 0.572868
    endloop
  endfacet
  facet normal -0.525807 -0.525807 0.668622
    outer loop
      vertex 4.38281 4.8676 3.02732
      vertex 4.53229 4.08089 2.5262
      vertex 4.8676 4.38281 3.02732
    endloop
  endfacet
  facet normal -0.525807 -0.525807 0.668622
    outer loop
      vertex 4.53229 4.08089 2.5262
      vertex 4.38281 4.8676 3.02732
      vertex 4.08089 4.53229 2.5262
    endloop
  endfacet
  facet normal -0.131016 0.16179 0.978089
    outer loop
      vertex 1.31212 -1.80598 0.293889
      vertex 1.49371 -1.65893 0.293889
      vertex 0.902822 -1.00269 0.106188
    endloop
  endfacet
  facet normal -0.662563 -0.337589 0.668614
    outer loop
      vertex 5.98372 2.66412 3.02732
      vertex 5.74581 3.13105 3.02732
      vertex 5.57153 2.4806 2.5262
    endloop
  endfacet
  facet normal -0.524191 -0.267087 0.808634
    outer loop
      vertex 4.95862 2.20772 1.92212
      vertex 4.70069 2.71394 1.92212
      vertex 4.06816 2.34876 1.39147
    endloop
  endfacet
  facet normal -0.308979 0.0161812 0.950931
    outer loop
      vertex 3.07399 -0.323089 0.572868
      vertex 2.23231 0 0.293889
      vertex 2.22009 -0.23334 0.293889
    endloop
  endfacet
  facet normal -0.58751 -0.030786 0.808631
    outer loop
      vertex 4.69751 0 1.39147
      vertex 5.39815 0.567369 1.92212
      vertex 4.67178 0.491023 1.39147
    endloop
  endfacet
  facet normal -0.66871 0.0350458 0.742696
    outer loop
      vertex 6.06539 -0.637497 2.5262
      vertex 6.0988 0 2.5262
      vertex 5.39815 -0.567369 1.92212
    endloop
  endfacet
  facet normal -0.742589 0.0389229 0.668615
    outer loop
      vertex 6.52257 -0.523322 3.02732
      vertex 6.55 0 3.02732
      vertex 6.0988 0 2.5262
    endloop
  endfacet
  facet normal 0.364707 -0.561599 0.742695
    outer loop
      vertex -3.19043 4.39125 1.92212
      vertex -3.0494 5.28171 2.5262
      vertex -3.58478 4.93403 2.5262
    endloop
  endfacet
  facet normal 0.221779 -0.34151 0.913337
    outer loop
      vertex -1.8168 2.50061 0.572868
      vertex -1.54546 2.67682 0.572868
      vertex -2.30157 3.16784 0.940068
    endloop
  endfacet
  facet normal 0.227232 -0.445965 0.865726
    outer loop
      vertex -1.95783 3.39107 0.940068
      vertex -1.91065 4.29139 1.39147
      vertex -2.34876 4.06816 1.39147
    endloop
  endfacet
  facet normal 0.646815 -0.173316 0.742692
    outer loop
      vertex -5.30928 1.12852 1.92212
      vertex -5.16223 1.67731 1.92212
      vertex -5.8003 1.88463 2.5262
    endloop
  endfacet
  facet normal 0.561599 -0.364711 0.742693
    outer loop
      vertex -4.70069 2.71394 1.92212
      vertex -4.39125 3.19043 1.92212
      vertex -5.28171 3.0494 2.5262
    endloop
  endfacet
  facet normal 0.493399 0.320421 0.808633
    outer loop
      vertex -4.39125 -3.19043 1.92212
      vertex -4.06816 -2.34876 1.39147
      vertex -4.70069 -2.71394 1.92212
    endloop
  endfacet
  facet normal 0.718268 0.192459 0.668618
    outer loop
      vertex -6.22942 -2.02406 3.02732
      vertex -5.8003 -1.88463 2.5262
      vertex -6.36505 -1.51788 3.02732
    endloop
  endfacet
  facet normal -0.364707 -0.561599 0.742695
    outer loop
      vertex 3.19043 4.39125 1.92212
      vertex 3.58478 4.93403 2.5262
      vertex 3.0494 5.28171 2.5262
    endloop
  endfacet
  facet normal -0.210837 -0.549237 0.808632
    outer loop
      vertex 1.91065 4.29139 1.39147
      vertex 2.20772 4.95862 1.92212
      vertex 1.67731 5.16223 1.92212
    endloop
  endfacet
  facet normal 0.549237 0.210833 0.808634
    outer loop
      vertex -4.29139 -1.91065 1.39147
      vertex -4.4676 -1.45161 1.39147
      vertex -5.16223 -1.67731 1.92212
    endloop
  endfacet
  facet normal 0.62364 0.404997 0.668618
    outer loop
      vertex -5.28171 -3.0494 2.5262
      vertex -5.58447 -3.4105 3.02732
      vertex -4.93403 -3.58478 2.5262
    endloop
  endfacet
  facet normal 0.623627 0.405012 0.668621
    outer loop
      vertex -5.58447 -3.4105 3.02732
      vertex -5.28171 -3.0494 2.5262
      vertex -5.67247 -3.275 3.02732
    endloop
  endfacet
  facet normal -0.404999 0.62364 0.668617
    outer loop
      vertex 3.84999 -5.29906 3.02732
      vertex 3.58478 -4.93403 2.5262
      vertex 3.4105 -5.58447 3.02732
    endloop
  endfacet
  facet normal -0.520411 0.421406 0.74269
    outer loop
      vertex 4.53229 -4.08089 2.5262
      vertex 4.39125 -3.19043 1.92212
      vertex 4.03371 -3.63197 1.92212
    endloop
  endfacet
  facet normal -0.266508 0.69421 0.668615
    outer loop
      vertex 2.66412 -5.98372 3.02732
      vertex 2.4806 -5.57153 2.5262
      vertex 2.5133 -6.04162 3.02732
    endloop
  endfacet
  facet normal -0.266483 0.694216 0.668618
    outer loop
      vertex 2.5133 -6.04162 3.02732
      vertex 2.4806 -5.57153 2.5262
      vertex 1.88463 -5.8003 2.5262
    endloop
  endfacet
  facet normal -0.266482 0.694217 0.668618
    outer loop
      vertex 1.88463 -5.8003 2.5262
      vertex 2.02406 -6.22942 3.02732
      vertex 2.5133 -6.04162 3.02732
    endloop
  endfacet
  facet normal -0.173316 0.646815 0.742692
    outer loop
      vertex 1.88463 -5.8003 2.5262
      vertex 1.67731 -5.16223 1.92212
      vertex 1.12852 -5.30928 1.92212
    endloop
  endfacet
  facet normal -0.337589 0.662563 0.668614
    outer loop
      vertex 2.66412 -5.98372 3.02732
      vertex 3.13105 -5.74581 3.02732
      vertex 2.4806 -5.57153 2.5262
    endloop
  endfacet
  facet normal -0.192459 0.718268 0.668618
    outer loop
      vertex 2.02406 -6.22942 3.02732
      vertex 1.88463 -5.8003 2.5262
      vertex 1.51788 -6.36505 3.02732
    endloop
  endfacet
  facet normal -0.192475 0.71826 0.668622
    outer loop
      vertex 1.26801 -5.96552 2.5262
      vertex 1.36182 -6.40687 3.02732
      vertex 1.51788 -6.36505 3.02732
    endloop
  endfacet
  facet normal -0.192456 0.718268 0.668619
    outer loop
      vertex 1.26801 -5.96552 2.5262
      vertex 1.51788 -6.36505 3.02732
      vertex 1.88463 -5.8003 2.5262
    endloop
  endfacet
  facet normal -0.256266 0.316453 0.913337
    outer loop
      vertex 2.30157 -3.16784 0.940068
      vertex 2.06823 -2.297 0.572868
      vertex 1.8168 -2.50061 0.572868
    endloop
  endfacet
  facet normal -0.561599 0.364711 0.742693
    outer loop
      vertex 5.28171 -3.0494 2.5262
      vertex 4.70069 -2.71394 1.92212
      vertex 4.39125 -3.19043 1.92212
    endloop
  endfacet
  facet normal -0.388971 0.314988 0.865728
    outer loop
      vertex 3.49093 -3.14325 1.39147
      vertex 3.80037 -2.76113 1.39147
      vertex 3.16784 -2.30157 0.940068
    endloop
  endfacet
  facet normal -0.524191 0.267091 0.808632
    outer loop
      vertex 4.95862 -2.20772 1.92212
      vertex 4.29139 -1.91065 1.39147
      vertex 4.06816 -2.34876 1.39147
    endloop
  endfacet
  facet normal 0.520402 0.421411 0.742695
    outer loop
      vertex -4.53229 -4.08089 2.5262
      vertex -4.39125 -3.19043 1.92212
      vertex -4.93403 -3.58478 2.5262
    endloop
  endfacet
  facet normal 0.525807 0.525807 0.668622
    outer loop
      vertex -4.53229 -4.08089 2.5262
      vertex -4.38281 -4.8676 3.02732
      vertex -4.08089 -4.53229 2.5262
    endloop
  endfacet
  facet normal 0.525807 0.525807 0.668622
    outer loop
      vertex -4.38281 -4.8676 3.02732
      vertex -4.53229 -4.08089 2.5262
      vertex -4.8676 -4.38281 3.02732
    endloop
  endfacet
  facet normal -0.110883 0.288851 0.950931
    outer loop
      vertex 0.955148 -2.93964 0.572868
      vertex 0.907964 -2.03932 0.293889
      vertex 0.689822 -2.12306 0.293889
    endloop
  endfacet
  facet normal -0.129543 0.483463 0.865727
    outer loop
      vertex 0.976667 -4.59486 1.39147
      vertex 1.45161 -4.4676 1.39147
      vertex 0.814113 -3.8301 0.940068
    endloop
  endfacet
  facet normal 0.568265 0.152265 0.808635
    outer loop
      vertex -4.4676 -1.45161 1.39147
      vertex -4.59486 -0.976667 1.39147
      vertex -5.30928 -1.12852 1.92212
    endloop
  endfacet
  facet normal 0.467273 0.17937 0.865726
    outer loop
      vertex -4.29139 -1.91065 1.39147
      vertex -3.72402 -1.21001 0.940068
      vertex -4.4676 -1.45161 1.39147
    endloop
  endfacet
  facet normal 0.41977 0.272596 0.865728
    outer loop
      vertex -3.80037 -2.76113 1.39147
      vertex -3.16784 -2.30157 0.940068
      vertex -4.06816 -2.34876 1.39147
    endloop
  endfacet
  facet normal 0.493408 0.320416 0.80863
    outer loop
      vertex -3.80037 -2.76113 1.39147
      vertex -4.06816 -2.34876 1.39147
      vertex -4.39125 -3.19043 1.92212
    endloop
  endfacet
  facet normal 0.184867 0.362819 0.913338
    outer loop
      vertex -1.59265 -3.57714 0.940068
      vertex -1.25719 -2.8237 0.572868
      vertex -1.95783 -3.39107 0.940068
    endloop
  endfacet
  facet normal 0.210837 0.549237 0.808632
    outer loop
      vertex -1.67731 -5.16223 1.92212
      vertex -1.91065 -4.29139 1.39147
      vertex -2.20772 -4.95862 1.92212
    endloop
  endfacet
  facet normal 0.625155 -0.23998 0.742692
    outer loop
      vertex -5.16223 1.67731 1.92212
      vertex -4.95862 2.20772 1.92212
      vertex -5.8003 1.88463 2.5262
    endloop
  endfacet
  facet normal 0.393327 -0.105396 0.913338
    outer loop
      vertex -3.02338 0.642638 0.572868
      vertex -2.93964 0.955148 0.572868
      vertex -3.8301 0.814113 0.940068
    endloop
  endfacet
  facet normal 0.561599 0.364711 0.742693
    outer loop
      vertex -4.39125 -3.19043 1.92212
      vertex -4.70069 -2.71394 1.92212
      vertex -5.28171 -3.0494 2.5262
    endloop
  endfacet
  facet normal 0.308976 0.0161905 0.950932
    outer loop
      vertex -3.07399 -0.323089 0.572868
      vertex -2.23231 0 0.293889
      vertex -3.09092 0 0.572868
    endloop
  endfacet
  facet normal 0.288851 -0.110883 0.950931
    outer loop
      vertex -2.12306 0.689822 0.293889
      vertex -2.03932 0.907964 0.293889
      vertex -2.93964 0.955148 0.572868
    endloop
  endfacet
  facet normal 0.288851 -0.110877 0.950932
    outer loop
      vertex -2.03932 0.907964 0.293889
      vertex -2.8237 1.25719 0.572868
      vertex -2.93964 0.955148 0.572868
    endloop
  endfacet
  facet normal 0.2079 -0.0108877 0.978089
    outer loop
      vertex -1.34925 0 0.106188
      vertex -2.22009 0.23334 0.293889
      vertex -2.23231 0 0.293889
    endloop
  endfacet
  facet normal -0.0163791 -0.103381 0.994507
    outer loop
      vertex 0.280524 1.31976 0.106188
      vertex 0.141034 1.34186 0.106188
      vertex 0.0938501 0.441533 0.0118198
    endloop
  endfacet
  facet normal -0.380157 0.145925 0.913338
    outer loop
      vertex 3.72402 -1.21001 0.940068
      vertex 2.93964 -0.955148 0.572868
      vertex 2.8237 -1.25719 0.572868
    endloop
  endfacet
  facet normal 0.0307955 -0.587505 0.808634
    outer loop
      vertex 0 4.69751 1.39147
      vertex 0 5.42789 1.92212
      vertex -0.567369 5.39815 1.92212
    endloop
  endfacet
  facet normal 0.0389229 -0.742589 0.668615
    outer loop
      vertex 0 6.0988 2.5262
      vertex 0 6.55 3.02732
      vertex -0.523322 6.52257 3.02732
    endloop
  endfacet
  facet normal 0.364711 -0.561599 0.742693
    outer loop
      vertex -2.71394 4.70069 1.92212
      vertex -3.0494 5.28171 2.5262
      vertex -3.19043 4.39125 1.92212
    endloop
  endfacet
  facet normal 0.227232 -0.445965 0.865726
    outer loop
      vertex -1.59265 3.57714 0.940068
      vertex -1.91065 4.29139 1.39147
      vertex -1.95783 3.39107 0.940068
    endloop
  endfacet
  facet normal 0.421411 -0.520402 0.742695
    outer loop
      vertex -3.19043 4.39125 1.92212
      vertex -3.58478 4.93403 2.5262
      vertex -4.08089 4.53229 2.5262
    endloop
  endfacet
  facet normal 0.210837 -0.549237 0.808632
    outer loop
      vertex -1.91065 4.29139 1.39147
      vertex -1.67731 5.16223 1.92212
      vertex -2.20772 4.95862 1.92212
    endloop
  endfacet
  facet normal -0.831108 0 0.556112
    outer loop
      vertex 4.53229 4.08089 2.5262
      vertex 4.8676 4.3828 3.02732
      vertex 4.8676 4.38281 3.02732
    endloop
  endfacet
  facet normal -0.577888 -0.467972 0.668616
    outer loop
      vertex 4.8676 4.3828 3.02732
      vertex 4.53229 4.08089 2.5262
      vertex 5.19739 3.97555 3.02732
    endloop
  endfacet
  facet normal -0.457206 -0.370244 0.80863
    outer loop
      vertex 3.80037 2.76113 1.39147
      vertex 4.39125 3.19043 1.92212
      vertex 3.49093 3.14325 1.39147
    endloop
  endfacet
  facet normal -0.69421 -0.266508 0.668615
    outer loop
      vertex 5.98372 2.66412 3.02732
      vertex 5.57153 2.4806 2.5262
      vertex 6.04162 2.5133 3.02732
    endloop
  endfacet
  facet normal -0.694216 -0.266483 0.668618
    outer loop
      vertex 6.04162 2.5133 3.02732
      vertex 5.57153 2.4806 2.5262
      vertex 5.8003 1.88463 2.5262
    endloop
  endfacet
  facet normal -0.370228 -0.457209 0.808635
    outer loop
      vertex 3.63197 4.03371 1.92212
      vertex 3.19043 4.39125 1.92212
      vertex 3.14325 3.49093 1.39147
    endloop
  endfacet
  facet normal -0.370244 -0.457206 0.80863
    outer loop
      vertex 3.14325 3.49093 1.39147
      vertex 3.19043 4.39125 1.92212
      vertex 2.76113 3.80037 1.39147
    endloop
  endfacet
  facet normal -0.267087 -0.524191 0.808634
    outer loop
      vertex 2.34876 4.06816 1.39147
      vertex 2.71394 4.70069 1.92212
      vertex 2.20772 4.95862 1.92212
    endloop
  endfacet
  facet normal -0.304005 -0.596648 0.742693
    outer loop
      vertex 2.71394 4.70069 1.92212
      vertex 3.0494 5.28171 2.5262
      vertex 2.20772 4.95862 1.92212
    endloop
  endfacet
  facet normal -0.337589 -0.662563 0.668614
    outer loop
      vertex 3.13105 5.74581 3.02732
      vertex 2.66412 5.98372 3.02732
      vertex 2.4806 5.57153 2.5262
    endloop
  endfacet
  facet normal -0.494356 0.0782999 0.865726
    outer loop
      vertex 4.59486 -0.976667 1.39147
      vertex 4.67178 -0.491023 1.39147
      vertex 3.89422 -0.409298 0.940068
    endloop
  endfacet
  facet normal -0.494356 -0.0782999 0.865726
    outer loop
      vertex 4.67178 0.491023 1.39147
      vertex 4.59486 0.976667 1.39147
      vertex 3.89422 0.409298 0.940068
    endloop
  endfacet
  facet normal -0.316456 0.256259 0.913338
    outer loop
      vertex 2.90991 -2.62009 0.940068
      vertex 3.16784 -2.30157 0.940068
      vertex 2.297 -2.06823 0.572868
    endloop
  endfacet
  facet normal -0.415998 0.415998 0.808635
    outer loop
      vertex 3.49093 -3.14325 1.39147
      vertex 3.63197 -4.03371 1.92212
      vertex 4.03371 -3.63197 1.92212
    endloop
  endfacet
  facet normal -0.415998 0.415998 0.808635
    outer loop
      vertex 3.63197 -4.03371 1.92212
      vertex 3.49093 -3.14325 1.39147
      vertex 3.14325 -3.49093 1.39147
    endloop
  endfacet
  facet normal 0.145927 0.380157 0.913338
    outer loop
      vertex -1.21001 -3.72402 0.940068
      vertex -1.25719 -2.8237 0.572868
      vertex -1.59265 -3.57714 0.940068
    endloop
  endfacet
  facet normal -0.646819 -0.173312 0.74269
    outer loop
      vertex 5.96552 1.26801 2.5262
      vertex 5.8003 1.88463 2.5262
      vertex 5.30928 1.12852 1.92212
    endloop
  endfacet
  facet normal -0.58751 0.030786 0.808631
    outer loop
      vertex 5.39815 -0.567369 1.92212
      vertex 4.69751 0 1.39147
      vertex 4.67178 -0.491023 1.39147
    endloop
  endfacet
  facet normal -0.587505 -0.0307955 0.808634
    outer loop
      vertex 5.42789 0 1.92212
      vertex 5.39815 0.567369 1.92212
      vertex 4.69751 0 1.39147
    endloop
  endfacet
  facet normal -0.499834 0.0261947 0.865725
    outer loop
      vertex 4.69751 0 1.39147
      vertex 3.91567 0 0.940068
      vertex 3.89422 -0.409298 0.940068
    endloop
  endfacet
  facet normal -0.467275 -0.179368 0.865726
    outer loop
      vertex 3.72402 1.21001 0.940068
      vertex 4.29139 1.91065 1.39147
      vertex 3.57714 1.59265 0.940068
    endloop
  endfacet
  facet normal -0.549237 -0.210833 0.808634
    outer loop
      vertex 4.4676 1.45161 1.39147
      vertex 5.16223 1.67731 1.92212
      vertex 4.29139 1.91065 1.39147
    endloop
  endfacet
  facet normal -0.623627 -0.405012 0.668621
    outer loop
      vertex 5.58447 3.4105 3.02732
      vertex 5.28171 3.0494 2.5262
      vertex 5.67247 3.275 3.02732
    endloop
  endfacet
  facet normal -0.62364 -0.404997 0.668618
    outer loop
      vertex 5.28171 3.0494 2.5262
      vertex 5.58447 3.4105 3.02732
      vertex 4.93403 3.58478 2.5262
    endloop
  endfacet
  facet normal -0.662563 0.337589 0.668614
    outer loop
      vertex 5.74581 -3.13105 3.02732
      vertex 5.98372 -2.66412 3.02732
      vertex 5.57153 -2.4806 2.5262
    endloop
  endfacet
  facet normal 0.831108 -0 0.556112
    outer loop
      vertex -4.8676 4.3828 3.02732
      vertex -4.53229 4.08089 2.5262
      vertex -4.8676 4.38281 3.02732
    endloop
  endfacet
  facet normal 0.577888 -0.467972 0.668616
    outer loop
      vertex -4.53229 4.08089 2.5262
      vertex -4.8676 4.3828 3.02732
      vertex -5.19739 3.97555 3.02732
    endloop
  endfacet
  facet normal 0.259485 -0.168511 0.950932
    outer loop
      vertex -1.80598 1.31212 0.293889
      vertex -2.50061 1.8168 0.572868
      vertex -2.67682 1.54546 0.572868
    endloop
  endfacet
  facet normal 0.742589 -0.0389229 0.668615
    outer loop
      vertex -6.0988 0 2.5262
      vertex -6.52257 0.523322 3.02732
      vertex -6.55 0 3.02732
    endloop
  endfacet
  facet normal 0.57789 -0.467964 0.668621
    outer loop
      vertex -5.19739 3.97555 3.02732
      vertex -4.93403 3.58478 2.5262
      vertex -4.53229 4.08089 2.5262
    endloop
  endfacet
  facet normal 0.577905 -0.467949 0.668617
    outer loop
      vertex -5.19739 3.97555 3.02732
      vertex -5.29906 3.84999 3.02732
      vertex -4.93403 3.58478 2.5262
    endloop
  endfacet
  facet normal 0.718268 -0.192459 0.668618
    outer loop
      vertex -5.8003 1.88463 2.5262
      vertex -6.22942 2.02406 3.02732
      vertex -6.36505 1.51788 3.02732
    endloop
  endfacet
  facet normal 0.734452 -0.116329 0.668617
    outer loop
      vertex -6.43214 1.20225 3.02732
      vertex -6.51412 0.684661 3.02732
      vertex -6.06539 0.637497 2.5262
    endloop
  endfacet
  facet normal 0.23998 -0.625155 0.742692
    outer loop
      vertex -1.67731 5.16223 1.92212
      vertex -1.88463 5.8003 2.5262
      vertex -2.20772 4.95862 1.92212
    endloop
  endfacet
  facet normal 0.11631 -0.734449 0.668623
    outer loop
      vertex -1.26801 5.96552 2.5262
      vertex -1.20225 6.43214 3.02732
      vertex -1.36182 6.40687 3.02732
    endloop
  endfacet
  facet normal 0.116333 -0.734449 0.668619
    outer loop
      vertex -1.20225 6.43214 3.02732
      vertex -1.26801 5.96552 2.5262
      vertex -0.637497 6.06539 2.5262
    endloop
  endfacet
  facet normal 0.337589 -0.662563 0.668614
    outer loop
      vertex -2.4806 5.57153 2.5262
      vertex -2.66412 5.98372 3.02732
      vertex -3.13105 5.74581 3.02732
    endloop
  endfacet
  facet normal 0.831108 0 0.556112
    outer loop
      vertex -4.53229 -4.08089 2.5262
      vertex -4.8676 -4.3828 3.02732
      vertex -4.8676 -4.38281 3.02732
    endloop
  endfacet
  facet normal 0.577888 0.467972 0.668616
    outer loop
      vertex -4.8676 -4.3828 3.02732
      vertex -4.53229 -4.08089 2.5262
      vertex -5.19739 -3.97555 3.02732
    endloop
  endfacet
  facet normal -0.525807 0.525807 0.668622
    outer loop
      vertex 4.53229 -4.08089 2.5262
      vertex 4.38281 -4.8676 3.02732
      vertex 4.8676 -4.38281 3.02732
    endloop
  endfacet
  facet normal -0.525807 0.525807 0.668622
    outer loop
      vertex 4.38281 -4.8676 3.02732
      vertex 4.53229 -4.08089 2.5262
      vertex 4.08089 -4.53229 2.5262
    endloop
  endfacet
  facet normal 0.0389229 0.742589 0.668615
    outer loop
      vertex 0 -6.55 3.02732
      vertex 0 -6.0988 2.5262
      vertex -0.523322 -6.52257 3.02732
    endloop
  endfacet
  facet normal -0.467964 0.57789 0.668621
    outer loop
      vertex 3.58478 -4.93403 2.5262
      vertex 3.97555 -5.19739 3.02732
      vertex 4.08089 -4.53229 2.5262
    endloop
  endfacet
  facet normal -0.467949 0.577905 0.668617
    outer loop
      vertex 3.84999 -5.29906 3.02732
      vertex 3.97555 -5.19739 3.02732
      vertex 3.58478 -4.93403 2.5262
    endloop
  endfacet
  facet normal -0.364707 0.561599 0.742695
    outer loop
      vertex 3.58478 -4.93403 2.5262
      vertex 3.19043 -4.39125 1.92212
      vertex 3.0494 -5.28171 2.5262
    endloop
  endfacet
  facet normal -0.364711 0.561599 0.742693
    outer loop
      vertex 3.0494 -5.28171 2.5262
      vertex 3.19043 -4.39125 1.92212
      vertex 2.71394 -4.70069 1.92212
    endloop
  endfacet
  facet normal -0.404997 0.62364 0.668618
    outer loop
      vertex 3.0494 -5.28171 2.5262
      vertex 3.4105 -5.58447 3.02732
      vertex 3.58478 -4.93403 2.5262
    endloop
  endfacet
  facet normal -0.405012 0.623627 0.668621
    outer loop
      vertex 3.4105 -5.58447 3.02732
      vertex 3.0494 -5.28171 2.5262
      vertex 3.275 -5.67247 3.02732
    endloop
  endfacet
  facet normal -0.239973 0.625154 0.742695
    outer loop
      vertex 2.4806 -5.57153 2.5262
      vertex 2.20772 -4.95862 1.92212
      vertex 1.88463 -5.8003 2.5262
    endloop
  endfacet
  facet normal -0.662558 0.337592 0.668617
    outer loop
      vertex 5.28171 -3.0494 2.5262
      vertex 5.74581 -3.13105 3.02732
      vertex 5.57153 -2.4806 2.5262
    endloop
  endfacet
  facet normal -0.662567 0.337566 0.668621
    outer loop
      vertex 5.74581 -3.13105 3.02732
      vertex 5.28171 -3.0494 2.5262
      vertex 5.67247 -3.275 3.02732
    endloop
  endfacet
  facet normal -0.694216 0.266483 0.668618
    outer loop
      vertex 5.57153 -2.4806 2.5262
      vertex 6.04162 -2.5133 3.02732
      vertex 5.8003 -1.88463 2.5262
    endloop
  endfacet
  facet normal -0.69421 0.266508 0.668615
    outer loop
      vertex 5.57153 -2.4806 2.5262
      vertex 5.98372 -2.66412 3.02732
      vertex 6.04162 -2.5133 3.02732
    endloop
  endfacet
  facet normal -0.596648 0.304005 0.742693
    outer loop
      vertex 5.28171 -3.0494 2.5262
      vertex 4.95862 -2.20772 1.92212
      vertex 4.70069 -2.71394 1.92212
    endloop
  endfacet
  facet normal -0.596644 0.304007 0.742694
    outer loop
      vertex 5.28171 -3.0494 2.5262
      vertex 5.57153 -2.4806 2.5262
      vertex 4.95862 -2.20772 1.92212
    endloop
  endfacet
  facet normal 0.266508 0.69421 0.668615
    outer loop
      vertex -2.4806 -5.57153 2.5262
      vertex -2.66412 -5.98372 3.02732
      vertex -2.5133 -6.04162 3.02732
    endloop
  endfacet
  facet normal 0.266483 0.694216 0.668618
    outer loop
      vertex -2.4806 -5.57153 2.5262
      vertex -2.5133 -6.04162 3.02732
      vertex -1.88463 -5.8003 2.5262
    endloop
  endfacet
  facet normal 0.404999 0.62364 0.668617
    outer loop
      vertex -3.4105 -5.58447 3.02732
      vertex -3.58478 -4.93403 2.5262
      vertex -3.84999 -5.29906 3.02732
    endloop
  endfacet
  facet normal 0.316453 0.256266 0.913337
    outer loop
      vertex -2.297 -2.06823 0.572868
      vertex -2.50061 -1.8168 0.572868
      vertex -3.16784 -2.30157 0.940068
    endloop
  endfacet
  facet normal -0.179368 0.467275 0.865726
    outer loop
      vertex 1.91065 -4.29139 1.39147
      vertex 1.59265 -3.57714 0.940068
      vertex 1.21001 -3.72402 0.940068
    endloop
  endfacet
  facet normal -0.0783024 0.494354 0.865727
    outer loop
      vertex 0.976667 -4.59486 1.39147
      vertex 0.814113 -3.8301 0.940068
      vertex 0.409298 -3.89422 0.940068
    endloop
  endfacet
  facet normal 0.445965 0.227232 0.865726
    outer loop
      vertex -3.39107 -1.95783 0.940068
      vertex -3.57714 -1.59265 0.940068
      vertex -4.29139 -1.91065 1.39147
    endloop
  endfacet
  facet normal 0.445965 0.227232 0.865726
    outer loop
      vertex -4.06816 -2.34876 1.39147
      vertex -3.39107 -1.95783 0.940068
      vertex -4.29139 -1.91065 1.39147
    endloop
  endfacet
  facet normal 0.388971 0.314988 0.865728
    outer loop
      vertex -3.49093 -3.14325 1.39147
      vertex -3.16784 -2.30157 0.940068
      vertex -3.80037 -2.76113 1.39147
    endloop
  endfacet
  facet normal 0.065868 0.0813474 0.994507
    outer loop
      vertex -0.793067 -1.09156 0.106188
      vertex -0.265325 -0.365188 0.0118198
      vertex -0.902822 -1.00269 0.106188
    endloop
  endfacet
  facet normal 0.308979 0.0161812 0.950931
    outer loop
      vertex -2.22009 -0.23334 0.293889
      vertex -2.23231 0 0.293889
      vertex -3.07399 -0.323089 0.572868
    endloop
  endfacet
  facet normal 0.194713 0.240448 0.950932
    outer loop
      vertex -1.31212 -1.80598 0.293889
      vertex -1.49371 -1.65893 0.293889
      vertex -1.8168 -2.50061 0.572868
    endloop
  endfacet
  facet normal 0.661385 -0.104744 0.742697
    outer loop
      vertex -5.39815 0.567369 1.92212
      vertex -5.30928 1.12852 1.92212
      vertex -6.06539 0.637497 2.5262
    endloop
  endfacet
  facet normal 0.661385 0.104744 0.742697
    outer loop
      vertex -5.30928 -1.12852 1.92212
      vertex -5.39815 -0.567369 1.92212
      vertex -6.06539 -0.637497 2.5262
    endloop
  endfacet
  facet normal 0.341508 -0.22178 0.913338
    outer loop
      vertex -2.67682 1.54546 0.572868
      vertex -3.16784 2.30157 0.940068
      vertex -3.39107 1.95783 0.940068
    endloop
  endfacet
  facet normal 0.272596 -0.41977 0.865728
    outer loop
      vertex -2.30157 3.16784 0.940068
      vertex -2.34876 4.06816 1.39147
      vertex -2.76113 3.80037 1.39147
    endloop
  endfacet
  facet normal 0.494354 -0.0783024 0.865727
    outer loop
      vertex -3.89422 0.409298 0.940068
      vertex -3.8301 0.814113 0.940068
      vertex -4.59486 0.976667 1.39147
    endloop
  endfacet
  facet normal 0.288851 0.110877 0.950932
    outer loop
      vertex -2.8237 -1.25719 0.572868
      vertex -2.03932 -0.907964 0.293889
      vertex -2.93964 -0.955148 0.572868
    endloop
  endfacet
  facet normal 0.467275 0.179368 0.865726
    outer loop
      vertex -3.57714 -1.59265 0.940068
      vertex -3.72402 -1.21001 0.940068
      vertex -4.29139 -1.91065 1.39147
    endloop
  endfacet
  facet normal 0.393327 0.105391 0.913338
    outer loop
      vertex -3.72402 -1.21001 0.940068
      vertex -2.93964 -0.955148 0.572868
      vertex -3.8301 -0.814113 0.940068
    endloop
  endfacet
  facet normal 0.185491 -0.0945183 0.97809
    outer loop
      vertex -1.2326 0.548788 0.106188
      vertex -1.16848 0.674623 0.106188
      vertex -2.03932 0.907964 0.293889
    endloop
  endfacet
  facet normal 0.205619 0.0325735 0.97809
    outer loop
      vertex -2.18353 -0.464124 0.293889
      vertex -1.31976 -0.280524 0.106188
      vertex -2.22009 -0.23334 0.293889
    endloop
  endfacet
  facet normal 0.103382 0.0163733 0.994507
    outer loop
      vertex -0.441533 -0.0938501 0.0118198
      vertex -0.448924 -0.047183 0.0118198
      vertex -1.34186 -0.141034 0.106188
    endloop
  endfacet
  facet normal 0.110877 -0.288851 0.950932
    outer loop
      vertex -0.907964 2.03932 0.293889
      vertex -0.955148 2.93964 0.572868
      vertex -1.25719 2.8237 0.572868
    endloop
  endfacet
  facet normal 0.0945124 -0.185493 0.97809
    outer loop
      vertex -0.674623 1.16848 0.106188
      vertex -0.907964 2.03932 0.293889
      vertex -1.11616 1.93324 0.293889
    endloop
  endfacet
  facet normal 0.110883 -0.288851 0.950931
    outer loop
      vertex -0.907964 2.03932 0.293889
      vertex -0.689822 2.12306 0.293889
      vertex -0.955148 2.93964 0.572868
    endloop
  endfacet
  facet normal -0.272604 -0.419769 0.865726
    outer loop
      vertex 2.30157 3.16784 0.940068
      vertex 2.34876 4.06816 1.39147
      vertex 1.95783 3.39107 0.940068
    endloop
  endfacet
  facet normal 0.129543 -0.483463 0.865727
    outer loop
      vertex -1.21001 3.72402 0.940068
      vertex -0.814113 3.8301 0.940068
      vertex -1.45161 4.4676 1.39147
    endloop
  endfacet
  facet normal -0.129543 -0.483463 0.865727
    outer loop
      vertex 1.45161 4.4676 1.39147
      vertex 0.976667 4.59486 1.39147
      vertex 0.814113 3.8301 0.940068
    endloop
  endfacet
  facet normal -0.0270891 -0.101105 0.994507
    outer loop
      vertex 0.41694 1.28321 0.106188
      vertex 0.280524 1.31976 0.106188
      vertex 0.0938501 0.441533 0.0118198
    endloop
  endfacet
  facet normal 0.493408 -0.320416 0.80863
    outer loop
      vertex -4.06816 2.34876 1.39147
      vertex -3.80037 2.76113 1.39147
      vertex -4.39125 3.19043 1.92212
    endloop
  endfacet
  facet normal 0.240447 -0.194716 0.950932
    outer loop
      vertex -1.65893 1.49371 0.293889
      vertex -2.297 2.06823 0.572868
      vertex -2.50061 1.8168 0.572868
    endloop
  endfacet
  facet normal 0.105391 -0.393327 0.913338
    outer loop
      vertex -0.955148 2.93964 0.572868
      vertex -0.814113 3.8301 0.940068
      vertex -1.21001 3.72402 0.940068
    endloop
  endfacet
  facet normal 0.272604 -0.419769 0.865726
    outer loop
      vertex -2.30157 3.16784 0.940068
      vertex -1.95783 3.39107 0.940068
      vertex -2.34876 4.06816 1.39147
    endloop
  endfacet
  facet normal 0.105396 -0.393327 0.913338
    outer loop
      vertex -0.642638 3.02338 0.572868
      vertex -0.814113 3.8301 0.940068
      vertex -0.955148 2.93964 0.572868
    endloop
  endfacet
  facet normal 0.21878 -0.21878 0.950932
    outer loop
      vertex -2.06823 2.297 0.572868
      vertex -1.65893 1.49371 0.293889
      vertex -1.49371 1.65893 0.293889
    endloop
  endfacet
  facet normal 0.21878 -0.21878 0.950932
    outer loop
      vertex -1.65893 1.49371 0.293889
      vertex -2.06823 2.297 0.572868
      vertex -2.297 2.06823 0.572868
    endloop
  endfacet
  facet normal 0.388971 -0.314988 0.865728
    outer loop
      vertex -3.16784 2.30157 0.940068
      vertex -3.49093 3.14325 1.39147
      vertex -3.80037 2.76113 1.39147
    endloop
  endfacet
  facet normal 0.116329 -0.734452 0.668617
    outer loop
      vertex -0.684661 6.51412 3.02732
      vertex -1.20225 6.43214 3.02732
      vertex -0.637497 6.06539 2.5262
    endloop
  endfacet
  facet normal -0.421406 -0.520411 0.74269
    outer loop
      vertex 3.63197 4.03371 1.92212
      vertex 4.08089 4.53229 2.5262
      vertex 3.19043 4.39125 1.92212
    endloop
  endfacet
  facet normal -0.174596 -0.113386 0.97809
    outer loop
      vertex 1.93324 1.11616 0.293889
      vertex 1.80598 1.31212 0.293889
      vertex 1.16848 0.674623 0.106188
    endloop
  endfacet
  facet normal -0.404999 -0.62364 0.668617
    outer loop
      vertex 3.58478 4.93403 2.5262
      vertex 3.84999 5.29906 3.02732
      vertex 3.4105 5.58447 3.02732
    endloop
  endfacet
  facet normal -0.473503 -0.473503 0.74269
    outer loop
      vertex 4.08089 4.53229 2.5262
      vertex 4.03371 3.63197 1.92212
      vertex 4.53229 4.08089 2.5262
    endloop
  endfacet
  facet normal -0.473503 -0.473503 0.74269
    outer loop
      vertex 4.03371 3.63197 1.92212
      vertex 4.08089 4.53229 2.5262
      vertex 3.63197 4.03371 1.92212
    endloop
  endfacet
  facet normal -0.304007 -0.596644 0.742694
    outer loop
      vertex 3.0494 5.28171 2.5262
      vertex 2.4806 5.57153 2.5262
      vertex 2.20772 4.95862 1.92212
    endloop
  endfacet
  facet normal -0.239973 -0.625154 0.742695
    outer loop
      vertex 2.20772 4.95862 1.92212
      vertex 2.4806 5.57153 2.5262
      vertex 1.88463 5.8003 2.5262
    endloop
  endfacet
  facet normal -0.364711 -0.561599 0.742693
    outer loop
      vertex 3.19043 4.39125 1.92212
      vertex 3.0494 5.28171 2.5262
      vertex 2.71394 4.70069 1.92212
    endloop
  endfacet
  facet normal -0.320421 -0.493399 0.808633
    outer loop
      vertex 3.19043 4.39125 1.92212
      vertex 2.71394 4.70069 1.92212
      vertex 2.34876 4.06816 1.39147
    endloop
  endfacet
  facet normal -0.065868 0.0813474 0.994507
    outer loop
      vertex 0.793067 -1.09156 0.106188
      vertex 0.902822 -1.00269 0.106188
      vertex 0.265325 -0.365188 0.0118198
    endloop
  endfacet
  facet normal -0.00547707 0.104527 0.994507
    outer loop
      vertex 0.141034 -1.34186 0.106188
      vertex 0.047183 -0.448924 0.0118198
      vertex 0 -1.34925 0.106188
    endloop
  endfacet
  facet normal -0.256259 0.316456 0.913338
    outer loop
      vertex 2.30157 -3.16784 0.940068
      vertex 2.62009 -2.90991 0.940068
      vertex 2.06823 -2.297 0.572868
    endloop
  endfacet
  facet normal -0.0945124 0.185493 0.97809
    outer loop
      vertex 0.907964 -2.03932 0.293889
      vertex 1.11616 -1.93324 0.293889
      vertex 0.674623 -1.16848 0.106188
    endloop
  endfacet
  facet normal -0.419769 0.272604 0.865726
    outer loop
      vertex 4.06816 -2.34876 1.39147
      vertex 3.39107 -1.95783 0.940068
      vertex 3.16784 -2.30157 0.940068
    endloop
  endfacet
  facet normal -0.493408 0.320416 0.80863
    outer loop
      vertex 4.39125 -3.19043 1.92212
      vertex 4.06816 -2.34876 1.39147
      vertex 3.80037 -2.76113 1.39147
    endloop
  endfacet
  facet normal -0.457209 0.370228 0.808635
    outer loop
      vertex 4.03371 -3.63197 1.92212
      vertex 4.39125 -3.19043 1.92212
      vertex 3.49093 -3.14325 1.39147
    endloop
  endfacet
  facet normal -0.0932626 0.0475185 0.994507
    outer loop
      vertex 1.2326 -0.548788 0.106188
      vertex 0.412372 -0.183599 0.0118198
      vertex 0.390922 -0.225698 0.0118198
    endloop
  endfacet
  facet normal 0.0538772 0.201091 0.97809
    outer loop
      vertex -0.464124 -2.18353 0.293889
      vertex -0.41694 -1.28321 0.106188
      vertex -0.689822 -2.12306 0.293889
    endloop
  endfacet
  facet normal -0.742592 0.0389178 0.668612
    outer loop
      vertex 6.06539 -0.637497 2.5262
      vertex 6.52257 -0.523322 3.02732
      vertex 6.0988 0 2.5262
    endloop
  endfacet
  facet normal -0.74259 0.0388926 0.668616
    outer loop
      vertex 6.52257 -0.523322 3.02732
      vertex 6.06539 -0.637497 2.5262
      vertex 6.51412 -0.684661 3.02732
    endloop
  endfacet
  facet normal -0.646815 0.173316 0.742692
    outer loop
      vertex 5.8003 -1.88463 2.5262
      vertex 5.30928 -1.12852 1.92212
      vertex 5.16223 -1.67731 1.92212
    endloop
  endfacet
  facet normal -0.587505 0.0307955 0.808634
    outer loop
      vertex 5.39815 -0.567369 1.92212
      vertex 5.42789 0 1.92212
      vertex 4.69751 0 1.39147
    endloop
  endfacet
  facet normal -0.668713 -0.0350522 0.742694
    outer loop
      vertex 5.42789 0 1.92212
      vertex 6.0988 0 2.5262
      vertex 5.39815 0.567369 1.92212
    endloop
  endfacet
  facet normal -0.668713 0.0350522 0.742694
    outer loop
      vertex 6.0988 0 2.5262
      vertex 5.42789 0 1.92212
      vertex 5.39815 -0.567369 1.92212
    endloop
  endfacet
  facet normal -0.494354 -0.0783024 0.865727
    outer loop
      vertex 3.89422 0.409298 0.940068
      vertex 4.59486 0.976667 1.39147
      vertex 3.8301 0.814113 0.940068
    endloop
  endfacet
  facet normal -0.734452 -0.116329 0.668617
    outer loop
      vertex 6.51412 0.684661 3.02732
      vertex 6.43214 1.20225 3.02732
      vertex 6.06539 0.637497 2.5262
    endloop
  endfacet
  facet normal -0.625155 -0.23998 0.742692
    outer loop
      vertex 5.16223 1.67731 1.92212
      vertex 5.8003 1.88463 2.5262
      vertex 4.95862 2.20772 1.92212
    endloop
  endfacet
  facet normal -0.549237 -0.210837 0.808632
    outer loop
      vertex 5.16223 1.67731 1.92212
      vertex 4.95862 2.20772 1.92212
      vertex 4.29139 1.91065 1.39147
    endloop
  endfacet
  facet normal -0.661385 -0.104744 0.742697
    outer loop
      vertex 5.39815 0.567369 1.92212
      vertex 6.06539 0.637497 2.5262
      vertex 5.30928 1.12852 1.92212
    endloop
  endfacet
  facet normal -0.66139 -0.104761 0.74269
    outer loop
      vertex 6.06539 0.637497 2.5262
      vertex 5.96552 1.26801 2.5262
      vertex 5.30928 1.12852 1.92212
    endloop
  endfacet
  facet normal -0.694217 -0.266482 0.668618
    outer loop
      vertex 5.8003 1.88463 2.5262
      vertex 6.22942 2.02406 3.02732
      vertex 6.04162 2.5133 3.02732
    endloop
  endfacet
  facet normal 0.662567 -0.337566 0.668621
    outer loop
      vertex -5.74581 3.13105 3.02732
      vertex -5.28171 3.0494 2.5262
      vertex -5.67247 3.275 3.02732
    endloop
  endfacet
  facet normal 0.662558 -0.337592 0.668617
    outer loop
      vertex -5.28171 3.0494 2.5262
      vertex -5.74581 3.13105 3.02732
      vertex -5.57153 2.4806 2.5262
    endloop
  endfacet
  facet normal 0.662563 -0.337589 0.668614
    outer loop
      vertex -5.57153 2.4806 2.5262
      vertex -5.74581 3.13105 3.02732
      vertex -5.98372 2.66412 3.02732
    endloop
  endfacet
  facet normal 0.266508 -0.69421 0.668615
    outer loop
      vertex -2.66412 5.98372 3.02732
      vertex -2.4806 5.57153 2.5262
      vertex -2.5133 6.04162 3.02732
    endloop
  endfacet
  facet normal 0.266483 -0.694216 0.668618
    outer loop
      vertex -2.5133 6.04162 3.02732
      vertex -2.4806 5.57153 2.5262
      vertex -1.88463 5.8003 2.5262
    endloop
  endfacet
  facet normal 0.266482 -0.694217 0.668618
    outer loop
      vertex -1.88463 5.8003 2.5262
      vertex -2.02406 6.22942 3.02732
      vertex -2.5133 6.04162 3.02732
    endloop
  endfacet
  facet normal 0.314984 -0.388977 0.865726
    outer loop
      vertex -2.62009 2.90991 0.940068
      vertex -2.30157 3.16784 0.940068
      vertex -3.14325 3.49093 1.39147
    endloop
  endfacet
  facet normal 0.421406 -0.520411 0.74269
    outer loop
      vertex -3.63197 4.03371 1.92212
      vertex -3.19043 4.39125 1.92212
      vertex -4.08089 4.53229 2.5262
    endloop
  endfacet
  facet normal 0.69421 -0.266508 0.668615
    outer loop
      vertex -5.57153 2.4806 2.5262
      vertex -5.98372 2.66412 3.02732
      vertex -6.04162 2.5133 3.02732
    endloop
  endfacet
  facet normal 0.694216 -0.266483 0.668618
    outer loop
      vertex -5.57153 2.4806 2.5262
      vertex -6.04162 2.5133 3.02732
      vertex -5.8003 1.88463 2.5262
    endloop
  endfacet
  facet normal 0.625155 0.23998 0.742692
    outer loop
      vertex -4.95862 -2.20772 1.92212
      vertex -5.16223 -1.67731 1.92212
      vertex -5.8003 -1.88463 2.5262
    endloop
  endfacet
  facet normal 0.71826 0.192475 0.668622
    outer loop
      vertex -6.36505 -1.51788 3.02732
      vertex -5.96552 -1.26801 2.5262
      vertex -6.40687 -1.36182 3.02732
    endloop
  endfacet
  facet normal 0.718268 0.192456 0.668619
    outer loop
      vertex -5.96552 -1.26801 2.5262
      vertex -6.36505 -1.51788 3.02732
      vertex -5.8003 -1.88463 2.5262
    endloop
  endfacet
  facet normal -0.192459 -0.718268 0.668618
    outer loop
      vertex 1.88463 5.8003 2.5262
      vertex 2.02406 6.22942 3.02732
      vertex 1.51788 6.36505 3.02732
    endloop
  endfacet
  facet normal -0.320421 0.493399 0.808633
    outer loop
      vertex 2.71394 -4.70069 1.92212
      vertex 3.19043 -4.39125 1.92212
      vertex 2.34876 -4.06816 1.39147
    endloop
  endfacet
  facet normal -0.353919 0.353919 0.865726
    outer loop
      vertex 2.90991 -2.62009 0.940068
      vertex 3.14325 -3.49093 1.39147
      vertex 3.49093 -3.14325 1.39147
    endloop
  endfacet
  facet normal -0.353919 0.353919 0.865726
    outer loop
      vertex 3.14325 -3.49093 1.39147
      vertex 2.90991 -2.62009 0.940068
      vertex 2.62009 -2.90991 0.940068
    endloop
  endfacet
  facet normal 0.0163791 0.103381 0.994507
    outer loop
      vertex -0.141034 -1.34186 0.106188
      vertex -0.0938501 -0.441533 0.0118198
      vertex -0.280524 -1.31976 0.106188
    endloop
  endfacet
  facet normal -0.0920252 0.581074 0.808631
    outer loop
      vertex 0.567369 -5.39815 1.92212
      vertex 1.12852 -5.30928 1.92212
      vertex 0.491023 -4.67178 1.39147
    endloop
  endfacet
  facet normal 0.116329 0.734452 0.668617
    outer loop
      vertex -1.20225 -6.43214 3.02732
      vertex -0.684661 -6.51412 3.02732
      vertex -0.637497 -6.06539 2.5262
    endloop
  endfacet
  facet normal 0.337589 0.662563 0.668614
    outer loop
      vertex -2.66412 -5.98372 3.02732
      vertex -2.4806 -5.57153 2.5262
      vertex -3.13105 -5.74581 3.02732
    endloop
  endfacet
  facet normal 0.457206 0.370244 0.80863
    outer loop
      vertex -3.49093 -3.14325 1.39147
      vertex -3.80037 -2.76113 1.39147
      vertex -4.39125 -3.19043 1.92212
    endloop
  endfacet
  facet normal 0.267087 0.524191 0.808634
    outer loop
      vertex -2.20772 -4.95862 1.92212
      vertex -2.34876 -4.06816 1.39147
      vertex -2.71394 -4.70069 1.92212
    endloop
  endfacet
  facet normal 0.388977 0.314984 0.865726
    outer loop
      vertex -2.90991 -2.62009 0.940068
      vertex -3.16784 -2.30157 0.940068
      vertex -3.49093 -3.14325 1.39147
    endloop
  endfacet
  facet normal 0.0484102 0.305588 0.950932
    outer loop
      vertex -0.23334 -2.22009 0.293889
      vertex -0.464124 -2.18353 0.293889
      vertex -0.642638 -3.02338 0.572868
    endloop
  endfacet
  facet normal 0.337592 0.662558 0.668617
    outer loop
      vertex -3.0494 -5.28171 2.5262
      vertex -3.13105 -5.74581 3.02732
      vertex -2.4806 -5.57153 2.5262
    endloop
  endfacet
  facet normal 0.337566 0.662567 0.668621
    outer loop
      vertex -3.13105 -5.74581 3.02732
      vertex -3.0494 -5.28171 2.5262
      vertex -3.275 -5.67247 3.02732
    endloop
  endfacet
  facet normal -0.267087 0.524191 0.808634
    outer loop
      vertex 2.71394 -4.70069 1.92212
      vertex 2.34876 -4.06816 1.39147
      vertex 2.20772 -4.95862 1.92212
    endloop
  endfacet
  facet normal -0.304005 0.596648 0.742693
    outer loop
      vertex 3.0494 -5.28171 2.5262
      vertex 2.71394 -4.70069 1.92212
      vertex 2.20772 -4.95862 1.92212
    endloop
  endfacet
  facet normal -0.152265 0.568265 0.808635
    outer loop
      vertex 1.12852 -5.30928 1.92212
      vertex 1.45161 -4.4676 1.39147
      vertex 0.976667 -4.59486 1.39147
    endloop
  endfacet
  facet normal -0.0920339 0.581068 0.808635
    outer loop
      vertex 1.12852 -5.30928 1.92212
      vertex 0.976667 -4.59486 1.39147
      vertex 0.491023 -4.67178 1.39147
    endloop
  endfacet
  facet normal 0.393327 0.105396 0.913338
    outer loop
      vertex -2.93964 -0.955148 0.572868
      vertex -3.02338 -0.642638 0.572868
      vertex -3.8301 -0.814113 0.940068
    endloop
  endfacet
  facet normal 0.34151 0.221779 0.913337
    outer loop
      vertex -2.50061 -1.8168 0.572868
      vertex -2.67682 -1.54546 0.572868
      vertex -3.16784 -2.30157 0.940068
    endloop
  endfacet
  facet normal 0.0740132 0.0740132 0.994507
    outer loop
      vertex -0.335453 -0.302044 0.0118198
      vertex -0.902822 -1.00269 0.106188
      vertex -0.302044 -0.335453 0.0118198
    endloop
  endfacet
  facet normal 0.0740132 0.0740132 0.994507
    outer loop
      vertex -0.902822 -1.00269 0.106188
      vertex -0.335453 -0.302044 0.0118198
      vertex -1.00269 -0.902822 0.106188
    endloop
  endfacet
  facet normal 0.380157 0.145925 0.913338
    outer loop
      vertex -2.8237 -1.25719 0.572868
      vertex -2.93964 -0.955148 0.572868
      vertex -3.72402 -1.21001 0.940068
    endloop
  endfacet
  facet normal 0.221779 0.34151 0.913337
    outer loop
      vertex -1.54546 -2.67682 0.572868
      vertex -1.8168 -2.50061 0.572868
      vertex -2.30157 -3.16784 0.940068
    endloop
  endfacet
  facet normal 0.227232 0.445965 0.865726
    outer loop
      vertex -1.91065 -4.29139 1.39147
      vertex -1.59265 -3.57714 0.940068
      vertex -1.95783 -3.39107 0.940068
    endloop
  endfacet
  facet normal 0.185493 0.0945124 0.97809
    outer loop
      vertex -1.93324 -1.11616 0.293889
      vertex -1.16848 -0.674623 0.106188
      vertex -2.03932 -0.907964 0.293889
    endloop
  endfacet
  facet normal 0.298856 0.0800814 0.950932
    outer loop
      vertex -2.93964 -0.955148 0.572868
      vertex -2.18353 -0.464124 0.293889
      vertex -3.02338 -0.642638 0.572868
    endloop
  endfacet
  facet normal 0.549237 -0.210833 0.808634
    outer loop
      vertex -4.4676 1.45161 1.39147
      vertex -4.29139 1.91065 1.39147
      vertex -5.16223 1.67731 1.92212
    endloop
  endfacet
  facet normal 0.493399 -0.320421 0.808633
    outer loop
      vertex -4.06816 2.34876 1.39147
      vertex -4.39125 3.19043 1.92212
      vertex -4.70069 2.71394 1.92212
    endloop
  endfacet
  facet normal 0.305588 0.0484102 0.950932
    outer loop
      vertex -2.18353 -0.464124 0.293889
      vertex -2.22009 -0.23334 0.293889
      vertex -3.02338 -0.642638 0.572868
    endloop
  endfacet
  facet normal 0.494354 0.0783024 0.865727
    outer loop
      vertex -3.8301 -0.814113 0.940068
      vertex -3.89422 -0.409298 0.940068
      vertex -4.59486 -0.976667 1.39147
    endloop
  endfacet
  facet normal 0.402188 0.0636983 0.913339
    outer loop
      vertex -3.02338 -0.642638 0.572868
      vertex -3.07399 -0.323089 0.572868
      vertex -3.89422 -0.409298 0.940068
    endloop
  endfacet
  facet normal 0.406643 0.0213083 0.913339
    outer loop
      vertex -3.07399 -0.323089 0.572868
      vertex -3.09092 0 0.572868
      vertex -3.89422 -0.409298 0.940068
    endloop
  endfacet
  facet normal 0.646819 0.173312 0.74269
    outer loop
      vertex -5.8003 -1.88463 2.5262
      vertex -5.30928 -1.12852 1.92212
      vertex -5.96552 -1.26801 2.5262
    endloop
  endfacet
  facet normal 0.568266 0.152269 0.808634
    outer loop
      vertex -5.16223 -1.67731 1.92212
      vertex -4.4676 -1.45161 1.39147
      vertex -5.30928 -1.12852 1.92212
    endloop
  endfacet
  facet normal 0.113386 0.174596 0.97809
    outer loop
      vertex -1.11616 -1.93324 0.293889
      vertex -0.674623 -1.16848 0.106188
      vertex -1.31212 -1.80598 0.293889
    endloop
  endfacet
  facet normal 0.113386 0.174596 0.97809
    outer loop
      vertex -0.674623 -1.16848 0.106188
      vertex -0.793067 -1.09156 0.106188
      vertex -1.31212 -1.80598 0.293889
    endloop
  endfacet
  facet normal 0.131007 0.161794 0.97809
    outer loop
      vertex -0.793067 -1.09156 0.106188
      vertex -0.902822 -1.00269 0.106188
      vertex -1.31212 -1.80598 0.293889
    endloop
  endfacet
  facet normal 0.131016 0.16179 0.978089
    outer loop
      vertex -1.31212 -1.80598 0.293889
      vertex -0.902822 -1.00269 0.106188
      vertex -1.49371 -1.65893 0.293889
    endloop
  endfacet
  facet normal 0.34151 -0.221779 0.913337
    outer loop
      vertex -2.67682 1.54546 0.572868
      vertex -2.50061 1.8168 0.572868
      vertex -3.16784 2.30157 0.940068
    endloop
  endfacet
  facet normal 0.0932613 -0.0475219 0.994507
    outer loop
      vertex -0.390922 0.225698 0.0118198
      vertex -1.16848 0.674623 0.106188
      vertex -1.2326 0.548788 0.106188
    endloop
  endfacet
  facet normal 0.16179 -0.131016 0.978089
    outer loop
      vertex -1.00269 0.902822 0.106188
      vertex -1.65893 1.49371 0.293889
      vertex -1.80598 1.31212 0.293889
    endloop
  endfacet
  facet normal 0.22178 -0.341508 0.913338
    outer loop
      vertex -1.54546 2.67682 0.572868
      vertex -1.95783 3.39107 0.940068
      vertex -2.30157 3.16784 0.940068
    endloop
  endfacet
  facet normal 0.20562 0.0325772 0.97809
    outer loop
      vertex -1.31976 -0.280524 0.106188
      vertex -1.34186 -0.141034 0.106188
      vertex -2.22009 -0.23334 0.293889
    endloop
  endfacet
  facet normal -0.288851 0.110877 0.950932
    outer loop
      vertex 2.8237 -1.25719 0.572868
      vertex 2.93964 -0.955148 0.572868
      vertex 2.03932 -0.907964 0.293889
    endloop
  endfacet
  facet normal -0.201091 0.0538772 0.97809
    outer loop
      vertex 2.12306 -0.689822 0.293889
      vertex 2.18353 -0.464124 0.293889
      vertex 1.28321 -0.41694 0.106188
    endloop
  endfacet
  facet normal -0.105396 -0.393327 0.913338
    outer loop
      vertex 0.955148 2.93964 0.572868
      vertex 0.814113 3.8301 0.940068
      vertex 0.642638 3.02338 0.572868
    endloop
  endfacet
  facet normal -0.113386 -0.174596 0.97809
    outer loop
      vertex 1.31212 1.80598 0.293889
      vertex 1.11616 1.93324 0.293889
      vertex 0.674623 1.16848 0.106188
    endloop
  endfacet
  facet normal 0.0325772 -0.20562 0.97809
    outer loop
      vertex -0.141034 1.34186 0.106188
      vertex -0.23334 2.22009 0.293889
      vertex -0.280524 1.31976 0.106188
    endloop
  endfacet
  facet normal 0.113386 -0.174596 0.97809
    outer loop
      vertex -0.793067 1.09156 0.106188
      vertex -0.674623 1.16848 0.106188
      vertex -1.31212 1.80598 0.293889
    endloop
  endfacet
  facet normal -0.194713 -0.240448 0.950932
    outer loop
      vertex 1.49371 1.65893 0.293889
      vertex 1.8168 2.50061 0.572868
      vertex 1.31212 1.80598 0.293889
    endloop
  endfacet
  facet normal -0.267091 -0.524191 0.808632
    outer loop
      vertex 2.34876 4.06816 1.39147
      vertex 2.20772 4.95862 1.92212
      vertex 1.91065 4.29139 1.39147
    endloop
  endfacet
  facet normal -0.0800814 -0.298856 0.950932
    outer loop
      vertex 0.955148 2.93964 0.572868
      vertex 0.642638 3.02338 0.572868
      vertex 0.464124 2.18353 0.293889
    endloop
  endfacet
  facet normal -0.0161905 -0.308976 0.950932
    outer loop
      vertex 0.323089 3.07399 0.572868
      vertex 0 3.09092 0.572868
      vertex 0 2.23231 0.293889
    endloop
  endfacet
  facet normal -0.0350458 -0.66871 0.742696
    outer loop
      vertex 0.567369 5.39815 1.92212
      vertex 0.637497 6.06539 2.5262
      vertex 0 6.0988 2.5262
    endloop
  endfacet
  facet normal -0.0637041 -0.402189 0.913338
    outer loop
      vertex 0.642638 3.02338 0.572868
      vertex 0.814113 3.8301 0.940068
      vertex 0.409298 3.89422 0.940068
    endloop
  endfacet
  facet normal -0.105391 -0.393327 0.913338
    outer loop
      vertex 0.955148 2.93964 0.572868
      vertex 1.21001 3.72402 0.940068
      vertex 0.814113 3.8301 0.940068
    endloop
  endfacet
  facet normal -0.0782999 -0.494356 0.865726
    outer loop
      vertex 0.976667 4.59486 1.39147
      vertex 0.491023 4.67178 1.39147
      vertex 0.409298 3.89422 0.940068
    endloop
  endfacet
  facet normal 0.0782999 -0.494356 0.865726
    outer loop
      vertex -0.409298 3.89422 0.940068
      vertex -0.491023 4.67178 1.39147
      vertex -0.976667 4.59486 1.39147
    endloop
  endfacet
  facet normal 0.17937 -0.467273 0.865726
    outer loop
      vertex -1.21001 3.72402 0.940068
      vertex -1.45161 4.4676 1.39147
      vertex -1.91065 4.29139 1.39147
    endloop
  endfacet
  facet normal 0.406642 -0.0213108 0.913339
    outer loop
      vertex -3.09092 0 0.572868
      vertex -3.89422 0.409298 0.940068
      vertex -3.91567 0 0.940068
    endloop
  endfacet
  facet normal 0.419769 -0.272604 0.865726
    outer loop
      vertex -3.39107 1.95783 0.940068
      vertex -3.16784 2.30157 0.940068
      vertex -4.06816 2.34876 1.39147
    endloop
  endfacet
  facet normal 0.473503 -0.473503 0.74269
    outer loop
      vertex -4.08089 4.53229 2.5262
      vertex -4.03371 3.63197 1.92212
      vertex -3.63197 4.03371 1.92212
    endloop
  endfacet
  facet normal 0.473503 -0.473503 0.74269
    outer loop
      vertex -4.03371 3.63197 1.92212
      vertex -4.08089 4.53229 2.5262
      vertex -4.53229 4.08089 2.5262
    endloop
  endfacet
  facet normal 0.388977 -0.314984 0.865726
    outer loop
      vertex -3.16784 2.30157 0.940068
      vertex -2.90991 2.62009 0.940068
      vertex -3.49093 3.14325 1.39147
    endloop
  endfacet
  facet normal 0.239973 -0.625154 0.742695
    outer loop
      vertex -2.20772 4.95862 1.92212
      vertex -1.88463 5.8003 2.5262
      vertex -2.4806 5.57153 2.5262
    endloop
  endfacet
  facet normal 0.304007 -0.596644 0.742694
    outer loop
      vertex -2.20772 4.95862 1.92212
      vertex -2.4806 5.57153 2.5262
      vertex -3.0494 5.28171 2.5262
    endloop
  endfacet
  facet normal 0.320416 -0.493408 0.80863
    outer loop
      vertex -2.76113 3.80037 1.39147
      vertex -2.34876 4.06816 1.39147
      vertex -3.19043 4.39125 1.92212
    endloop
  endfacet
  facet normal 0.0920252 -0.581074 0.808631
    outer loop
      vertex -0.491023 4.67178 1.39147
      vertex -0.567369 5.39815 1.92212
      vertex -1.12852 5.30928 1.92212
    endloop
  endfacet
  facet normal 0.353919 -0.353919 0.865726
    outer loop
      vertex -3.14325 3.49093 1.39147
      vertex -2.90991 2.62009 0.940068
      vertex -2.62009 2.90991 0.940068
    endloop
  endfacet
  facet normal 0.353919 -0.353919 0.865726
    outer loop
      vertex -2.90991 2.62009 0.940068
      vertex -3.14325 3.49093 1.39147
      vertex -3.49093 3.14325 1.39147
    endloop
  endfacet
  facet normal -0.0783024 -0.494354 0.865727
    outer loop
      vertex 0.814113 3.8301 0.940068
      vertex 0.976667 4.59486 1.39147
      vertex 0.409298 3.89422 0.940068
    endloop
  endfacet
  facet normal -0.0307955 -0.587505 0.808634
    outer loop
      vertex 0.567369 5.39815 1.92212
      vertex 0 5.42789 1.92212
      vertex 0 4.69751 1.39147
    endloop
  endfacet
  facet normal 0.192459 -0.718268 0.668618
    outer loop
      vertex -1.88463 5.8003 2.5262
      vertex -1.51788 6.36505 3.02732
      vertex -2.02406 6.22942 3.02732
    endloop
  endfacet
  facet normal -0.314984 -0.388977 0.865726
    outer loop
      vertex 2.62009 2.90991 0.940068
      vertex 3.14325 3.49093 1.39147
      vertex 2.30157 3.16784 0.940068
    endloop
  endfacet
  facet normal -0.419769 -0.272604 0.865726
    outer loop
      vertex 3.39107 1.95783 0.940068
      vertex 4.06816 2.34876 1.39147
      vertex 3.16784 2.30157 0.940068
    endloop
  endfacet
  facet normal -0.185491 -0.0945183 0.97809
    outer loop
      vertex 1.2326 0.548788 0.106188
      vertex 2.03932 0.907964 0.293889
      vertex 1.16848 0.674623 0.106188
    endloop
  endfacet
  facet normal -0.362821 -0.184865 0.913338
    outer loop
      vertex 2.8237 1.25719 0.572868
      vertex 3.39107 1.95783 0.940068
      vertex 2.67682 1.54546 0.572868
    endloop
  endfacet
  facet normal 0 -0.831108 0.556112
    outer loop
      vertex 4.3828 4.8676 3.02732
      vertex 4.08089 4.53229 2.5262
      vertex 4.38281 4.8676 3.02732
    endloop
  endfacet
  facet normal -0.467972 -0.577888 0.668616
    outer loop
      vertex 4.08089 4.53229 2.5262
      vertex 4.3828 4.8676 3.02732
      vertex 3.97555 5.19739 3.02732
    endloop
  endfacet
  facet normal 0.0570088 0.087784 0.994507
    outer loop
      vertex -0.674623 -1.16848 0.106188
      vertex -0.225698 -0.390922 0.0118198
      vertex -0.793067 -1.09156 0.106188
    endloop
  endfacet
  facet normal -0.145927 0.380157 0.913338
    outer loop
      vertex 1.59265 -3.57714 0.940068
      vertex 1.25719 -2.8237 0.572868
      vertex 1.21001 -3.72402 0.940068
    endloop
  endfacet
  facet normal -0.0740132 0.0740132 0.994507
    outer loop
      vertex 0.335453 -0.302044 0.0118198
      vertex 0.902822 -1.00269 0.106188
      vertex 1.00269 -0.902822 0.106188
    endloop
  endfacet
  facet normal -0.0740132 0.0740132 0.994507
    outer loop
      vertex 0.902822 -1.00269 0.106188
      vertex 0.335453 -0.302044 0.0118198
      vertex 0.302044 -0.335453 0.0118198
    endloop
  endfacet
  facet normal -0.457206 0.370244 0.80863
    outer loop
      vertex 4.39125 -3.19043 1.92212
      vertex 3.80037 -2.76113 1.39147
      vertex 3.49093 -3.14325 1.39147
    endloop
  endfacet
  facet normal -0.194716 0.240447 0.950932
    outer loop
      vertex 1.8168 -2.50061 0.572868
      vertex 2.06823 -2.297 0.572868
      vertex 1.49371 -1.65893 0.293889
    endloop
  endfacet
  facet normal -0.406642 0.0213108 0.913339
    outer loop
      vertex 3.89422 -0.409298 0.940068
      vertex 3.91567 0 0.940068
      vertex 3.09092 0 0.572868
    endloop
  endfacet
  facet normal -0.549237 0.210837 0.808632
    outer loop
      vertex 4.95862 -2.20772 1.92212
      vertex 5.16223 -1.67731 1.92212
      vertex 4.29139 -1.91065 1.39147
    endloop
  endfacet
  facet normal -0.259485 0.168511 0.950932
    outer loop
      vertex 2.50061 -1.8168 0.572868
      vertex 2.67682 -1.54546 0.572868
      vertex 1.80598 -1.31212 0.293889
    endloop
  endfacet
  facet normal -0.341508 0.22178 0.913338
    outer loop
      vertex 3.16784 -2.30157 0.940068
      vertex 3.39107 -1.95783 0.940068
      vertex 2.67682 -1.54546 0.572868
    endloop
  endfacet
  facet normal -0.240447 0.194716 0.950932
    outer loop
      vertex 2.297 -2.06823 0.572868
      vertex 2.50061 -1.8168 0.572868
      vertex 1.65893 -1.49371 0.293889
    endloop
  endfacet
  facet normal -0.577905 0.467949 0.668617
    outer loop
      vertex 4.93403 -3.58478 2.5262
      vertex 5.19739 -3.97555 3.02732
      vertex 5.29906 -3.84999 3.02732
    endloop
  endfacet
  facet normal -0.57789 0.467964 0.668621
    outer loop
      vertex 5.19739 -3.97555 3.02732
      vertex 4.93403 -3.58478 2.5262
      vertex 4.53229 -4.08089 2.5262
    endloop
  endfacet
  facet normal -0.421411 0.520402 0.742695
    outer loop
      vertex 3.58478 -4.93403 2.5262
      vertex 4.08089 -4.53229 2.5262
      vertex 3.19043 -4.39125 1.92212
    endloop
  endfacet
  facet normal -0.734449 0.116333 0.668619
    outer loop
      vertex 5.96552 -1.26801 2.5262
      vertex 6.43214 -1.20225 3.02732
      vertex 6.06539 -0.637497 2.5262
    endloop
  endfacet
  facet normal -0.734449 0.11631 0.668623
    outer loop
      vertex 6.43214 -1.20225 3.02732
      vertex 5.96552 -1.26801 2.5262
      vertex 6.40687 -1.36182 3.02732
    endloop
  endfacet
  facet normal -0.581074 0.0920252 0.808631
    outer loop
      vertex 5.30928 -1.12852 1.92212
      vertex 5.39815 -0.567369 1.92212
      vertex 4.67178 -0.491023 1.39147
    endloop
  endfacet
  facet normal -0.625154 0.239973 0.742695
    outer loop
      vertex 5.57153 -2.4806 2.5262
      vertex 5.8003 -1.88463 2.5262
      vertex 4.95862 -2.20772 1.92212
    endloop
  endfacet
  facet normal -0.625155 0.23998 0.742692
    outer loop
      vertex 5.8003 -1.88463 2.5262
      vertex 5.16223 -1.67731 1.92212
      vertex 4.95862 -2.20772 1.92212
    endloop
  endfacet
  facet normal -0.71826 0.192475 0.668622
    outer loop
      vertex 5.96552 -1.26801 2.5262
      vertex 6.36505 -1.51788 3.02732
      vertex 6.40687 -1.36182 3.02732
    endloop
  endfacet
  facet normal -0.718268 0.192456 0.668619
    outer loop
      vertex 6.36505 -1.51788 3.02732
      vertex 5.96552 -1.26801 2.5262
      vertex 5.8003 -1.88463 2.5262
    endloop
  endfacet
  facet normal -0.402188 -0.0636983 0.913339
    outer loop
      vertex 3.07399 0.323089 0.572868
      vertex 3.89422 0.409298 0.940068
      vertex 3.02338 0.642638 0.572868
    endloop
  endfacet
  facet normal -0.34151 -0.221779 0.913337
    outer loop
      vertex 2.67682 1.54546 0.572868
      vertex 3.16784 2.30157 0.940068
      vertex 2.50061 1.8168 0.572868
    endloop
  endfacet
  facet normal -0.493399 -0.320421 0.808633
    outer loop
      vertex 4.70069 2.71394 1.92212
      vertex 4.39125 3.19043 1.92212
      vertex 4.06816 2.34876 1.39147
    endloop
  endfacet
  facet normal -0.561599 -0.364707 0.742695
    outer loop
      vertex 5.28171 3.0494 2.5262
      vertex 4.93403 3.58478 2.5262
      vertex 4.39125 3.19043 1.92212
    endloop
  endfacet
  facet normal -0.581068 -0.0920339 0.808635
    outer loop
      vertex 4.67178 0.491023 1.39147
      vertex 5.30928 1.12852 1.92212
      vertex 4.59486 0.976667 1.39147
    endloop
  endfacet
  facet normal -0.467273 -0.17937 0.865726
    outer loop
      vertex 4.4676 1.45161 1.39147
      vertex 4.29139 1.91065 1.39147
      vertex 3.72402 1.21001 0.940068
    endloop
  endfacet
  facet normal -0.74259 -0.0388926 0.668616
    outer loop
      vertex 6.06539 0.637497 2.5262
      vertex 6.52257 0.523322 3.02732
      vertex 6.51412 0.684661 3.02732
    endloop
  endfacet
  facet normal -0.742592 -0.0389178 0.668612
    outer loop
      vertex 6.52257 0.523322 3.02732
      vertex 6.06539 0.637497 2.5262
      vertex 6.0988 0 2.5262
    endloop
  endfacet
  facet normal -0.66871 -0.0350458 0.742696
    outer loop
      vertex 6.0988 0 2.5262
      vertex 6.06539 0.637497 2.5262
      vertex 5.39815 0.567369 1.92212
    endloop
  endfacet
  facet normal -0.623627 0.405012 0.668621
    outer loop
      vertex 5.28171 -3.0494 2.5262
      vertex 5.58447 -3.4105 3.02732
      vertex 5.67247 -3.275 3.02732
    endloop
  endfacet
  facet normal -0.62364 0.404997 0.668618
    outer loop
      vertex 5.58447 -3.4105 3.02732
      vertex 5.28171 -3.0494 2.5262
      vertex 4.93403 -3.58478 2.5262
    endloop
  endfacet
  facet normal -0.561599 0.364707 0.742695
    outer loop
      vertex 4.93403 -3.58478 2.5262
      vertex 5.28171 -3.0494 2.5262
      vertex 4.39125 -3.19043 1.92212
    endloop
  endfacet
  facet normal 0.62364 -0.404999 0.668617
    outer loop
      vertex -4.93403 3.58478 2.5262
      vertex -5.29906 3.84999 3.02732
      vertex -5.58447 3.4105 3.02732
    endloop
  endfacet
  facet normal 0.62364 -0.404997 0.668618
    outer loop
      vertex -5.58447 3.4105 3.02732
      vertex -5.28171 3.0494 2.5262
      vertex -4.93403 3.58478 2.5262
    endloop
  endfacet
  facet normal 0.623627 -0.405012 0.668621
    outer loop
      vertex -5.28171 3.0494 2.5262
      vertex -5.58447 3.4105 3.02732
      vertex -5.67247 3.275 3.02732
    endloop
  endfacet
  facet normal 0.467949 -0.577905 0.668617
    outer loop
      vertex -3.84999 5.29906 3.02732
      vertex -3.97555 5.19739 3.02732
      vertex -3.58478 4.93403 2.5262
    endloop
  endfacet
  facet normal 0.467964 -0.57789 0.668621
    outer loop
      vertex -3.58478 4.93403 2.5262
      vertex -3.97555 5.19739 3.02732
      vertex -4.08089 4.53229 2.5262
    endloop
  endfacet
  facet normal 0.742589 0.0389229 0.668615
    outer loop
      vertex -6.52257 -0.523322 3.02732
      vertex -6.0988 0 2.5262
      vertex -6.55 0 3.02732
    endloop
  endfacet
  facet normal 0.587505 -0.0307955 0.808634
    outer loop
      vertex -4.69751 0 1.39147
      vertex -5.39815 0.567369 1.92212
      vertex -5.42789 0 1.92212
    endloop
  endfacet
  facet normal 0.71826 -0.192475 0.668622
    outer loop
      vertex -5.96552 1.26801 2.5262
      vertex -6.36505 1.51788 3.02732
      vertex -6.40687 1.36182 3.02732
    endloop
  endfacet
  facet normal 0.718268 -0.192456 0.668619
    outer loop
      vertex -6.36505 1.51788 3.02732
      vertex -5.96552 1.26801 2.5262
      vertex -5.8003 1.88463 2.5262
    endloop
  endfacet
  facet normal 0.734449 -0.11631 0.668623
    outer loop
      vertex -6.43214 1.20225 3.02732
      vertex -5.96552 1.26801 2.5262
      vertex -6.40687 1.36182 3.02732
    endloop
  endfacet
  facet normal 0.734449 -0.116333 0.668619
    outer loop
      vertex -5.96552 1.26801 2.5262
      vertex -6.43214 1.20225 3.02732
      vertex -6.06539 0.637497 2.5262
    endloop
  endfacet
  facet normal 0.457206 -0.370244 0.80863
    outer loop
      vertex -3.80037 2.76113 1.39147
      vertex -3.49093 3.14325 1.39147
      vertex -4.39125 3.19043 1.92212
    endloop
  endfacet
  facet normal 0.524191 -0.267091 0.808632
    outer loop
      vertex -4.29139 1.91065 1.39147
      vertex -4.06816 2.34876 1.39147
      vertex -4.95862 2.20772 1.92212
    endloop
  endfacet
  facet normal 0.304005 -0.596648 0.742693
    outer loop
      vertex -2.71394 4.70069 1.92212
      vertex -2.20772 4.95862 1.92212
      vertex -3.0494 5.28171 2.5262
    endloop
  endfacet
  facet normal 0.320421 -0.493399 0.808633
    outer loop
      vertex -2.34876 4.06816 1.39147
      vertex -2.71394 4.70069 1.92212
      vertex -3.19043 4.39125 1.92212
    endloop
  endfacet
  facet normal 0.625154 -0.239973 0.742695
    outer loop
      vertex -4.95862 2.20772 1.92212
      vertex -5.57153 2.4806 2.5262
      vertex -5.8003 1.88463 2.5262
    endloop
  endfacet
  facet normal 0.596644 -0.304007 0.742694
    outer loop
      vertex -4.95862 2.20772 1.92212
      vertex -5.28171 3.0494 2.5262
      vertex -5.57153 2.4806 2.5262
    endloop
  endfacet
  facet normal 0.581068 -0.0920339 0.808635
    outer loop
      vertex -4.67178 0.491023 1.39147
      vertex -4.59486 0.976667 1.39147
      vertex -5.30928 1.12852 1.92212
    endloop
  endfacet
  facet normal 0.668713 -0.0350522 0.742694
    outer loop
      vertex -5.42789 0 1.92212
      vertex -5.39815 0.567369 1.92212
      vertex -6.0988 0 2.5262
    endloop
  endfacet
  facet normal 0.561599 0.364707 0.742695
    outer loop
      vertex -4.93403 -3.58478 2.5262
      vertex -4.39125 -3.19043 1.92212
      vertex -5.28171 -3.0494 2.5262
    endloop
  endfacet
  facet normal 0.596648 0.304005 0.742693
    outer loop
      vertex -4.70069 -2.71394 1.92212
      vertex -4.95862 -2.20772 1.92212
      vertex -5.28171 -3.0494 2.5262
    endloop
  endfacet
  facet normal -0.116329 -0.734452 0.668617
    outer loop
      vertex 1.20225 6.43214 3.02732
      vertex 0.684661 6.51412 3.02732
      vertex 0.637497 6.06539 2.5262
    endloop
  endfacet
  facet normal -0.0389229 -0.742589 0.668615
    outer loop
      vertex 0.523322 6.52257 3.02732
      vertex 0 6.55 3.02732
      vertex 0 6.0988 2.5262
    endloop
  endfacet
  facet normal -0.421406 0.520411 0.74269
    outer loop
      vertex 4.08089 -4.53229 2.5262
      vertex 3.63197 -4.03371 1.92212
      vertex 3.19043 -4.39125 1.92212
    endloop
  endfacet
  facet normal -0.473503 0.473503 0.74269
    outer loop
      vertex 4.03371 -3.63197 1.92212
      vertex 4.08089 -4.53229 2.5262
      vertex 4.53229 -4.08089 2.5262
    endloop
  endfacet
  facet normal -0.473503 0.473503 0.74269
    outer loop
      vertex 4.08089 -4.53229 2.5262
      vertex 4.03371 -3.63197 1.92212
      vertex 3.63197 -4.03371 1.92212
    endloop
  endfacet
  facet normal -0.577888 0.467972 0.668616
    outer loop
      vertex 4.53229 -4.08089 2.5262
      vertex 4.8676 -4.3828 3.02732
      vertex 5.19739 -3.97555 3.02732
    endloop
  endfacet
  facet normal -0.831108 0 0.556112
    outer loop
      vertex 4.8676 -4.3828 3.02732
      vertex 4.53229 -4.08089 2.5262
      vertex 4.8676 -4.38281 3.02732
    endloop
  endfacet
  facet normal 0.0389178 0.742592 0.668612
    outer loop
      vertex -0.637497 -6.06539 2.5262
      vertex -0.523322 -6.52257 3.02732
      vertex 0 -6.0988 2.5262
    endloop
  endfacet
  facet normal 0.0388926 0.74259 0.668616
    outer loop
      vertex -0.523322 -6.52257 3.02732
      vertex -0.637497 -6.06539 2.5262
      vertex -0.684661 -6.51412 3.02732
    endloop
  endfacet
  facet normal -0.116329 0.734452 0.668617
    outer loop
      vertex 0.684661 -6.51412 3.02732
      vertex 1.20225 -6.43214 3.02732
      vertex 0.637497 -6.06539 2.5262
    endloop
  endfacet
  facet normal -0.104744 0.661385 0.742697
    outer loop
      vertex 0.637497 -6.06539 2.5262
      vertex 1.12852 -5.30928 1.92212
      vertex 0.567369 -5.39815 1.92212
    endloop
  endfacet
  facet normal 0.0350458 0.66871 0.742696
    outer loop
      vertex 0 -6.0988 2.5262
      vertex -0.567369 -5.39815 1.92212
      vertex -0.637497 -6.06539 2.5262
    endloop
  endfacet
  facet normal 0.473503 0.473503 0.74269
    outer loop
      vertex -4.03371 -3.63197 1.92212
      vertex -4.08089 -4.53229 2.5262
      vertex -3.63197 -4.03371 1.92212
    endloop
  endfacet
  facet normal 0.473503 0.473503 0.74269
    outer loop
      vertex -4.08089 -4.53229 2.5262
      vertex -4.03371 -3.63197 1.92212
      vertex -4.53229 -4.08089 2.5262
    endloop
  endfacet
  facet normal 0.364711 0.561599 0.742693
    outer loop
      vertex -3.0494 -5.28171 2.5262
      vertex -2.71394 -4.70069 1.92212
      vertex -3.19043 -4.39125 1.92212
    endloop
  endfacet
  facet normal 0.152269 0.568266 0.808634
    outer loop
      vertex -1.12852 -5.30928 1.92212
      vertex -1.45161 -4.4676 1.39147
      vertex -1.67731 -5.16223 1.92212
    endloop
  endfacet
  facet normal 0.421411 0.520402 0.742695
    outer loop
      vertex -3.58478 -4.93403 2.5262
      vertex -3.19043 -4.39125 1.92212
      vertex -4.08089 -4.53229 2.5262
    endloop
  endfacet
  facet normal 0.421406 0.520411 0.74269
    outer loop
      vertex -3.19043 -4.39125 1.92212
      vertex -3.63197 -4.03371 1.92212
      vertex -4.08089 -4.53229 2.5262
    endloop
  endfacet
  facet normal 0.194716 0.240447 0.950932
    outer loop
      vertex -1.8168 -2.50061 0.572868
      vertex -1.49371 -1.65893 0.293889
      vertex -2.06823 -2.297 0.572868
    endloop
  endfacet
  facet normal 0.314988 0.388971 0.865728
    outer loop
      vertex -2.76113 -3.80037 1.39147
      vertex -2.30157 -3.16784 0.940068
      vertex -3.14325 -3.49093 1.39147
    endloop
  endfacet
  facet normal -0.0213083 0.406643 0.913339
    outer loop
      vertex 0.409298 -3.89422 0.940068
      vertex 0.323089 -3.07399 0.572868
      vertex 0 -3.09092 0.572868
    endloop
  endfacet
  facet normal -0.0636983 0.402188 0.913339
    outer loop
      vertex 0.409298 -3.89422 0.940068
      vertex 0.642638 -3.02338 0.572868
      vertex 0.323089 -3.07399 0.572868
    endloop
  endfacet
  facet normal 0.168511 0.259485 0.950932
    outer loop
      vertex -1.54546 -2.67682 0.572868
      vertex -1.31212 -1.80598 0.293889
      vertex -1.8168 -2.50061 0.572868
    endloop
  endfacet
  facet normal 0.179368 0.467275 0.865726
    outer loop
      vertex -1.21001 -3.72402 0.940068
      vertex -1.59265 -3.57714 0.940068
      vertex -1.91065 -4.29139 1.39147
    endloop
  endfacet
  facet normal 0.152265 0.568265 0.808635
    outer loop
      vertex -1.12852 -5.30928 1.92212
      vertex -0.976667 -4.59486 1.39147
      vertex -1.45161 -4.4676 1.39147
    endloop
  endfacet
  facet normal 0.129543 0.483463 0.865727
    outer loop
      vertex -0.814113 -3.8301 0.940068
      vertex -1.21001 -3.72402 0.940068
      vertex -1.45161 -4.4676 1.39147
    endloop
  endfacet
  facet normal -0.152269 0.568266 0.808634
    outer loop
      vertex 1.67731 -5.16223 1.92212
      vertex 1.45161 -4.4676 1.39147
      vertex 1.12852 -5.30928 1.92212
    endloop
  endfacet
  facet normal -0.267091 0.524191 0.808632
    outer loop
      vertex 2.20772 -4.95862 1.92212
      vertex 2.34876 -4.06816 1.39147
      vertex 1.91065 -4.29139 1.39147
    endloop
  endfacet
  facet normal -0.210833 0.549237 0.808634
    outer loop
      vertex 1.67731 -5.16223 1.92212
      vertex 1.91065 -4.29139 1.39147
      vertex 1.45161 -4.4676 1.39147
    endloop
  endfacet
  facet normal -0.129543 0.483463 0.865727
    outer loop
      vertex 1.45161 -4.4676 1.39147
      vertex 1.21001 -3.72402 0.940068
      vertex 0.814113 -3.8301 0.940068
    endloop
  endfacet
  facet normal 0.0213083 0.406643 0.913339
    outer loop
      vertex 0 -3.09092 0.572868
      vertex -0.323089 -3.07399 0.572868
      vertex -0.409298 -3.89422 0.940068
    endloop
  endfacet
  facet normal -0.17937 0.467273 0.865726
    outer loop
      vertex 1.45161 -4.4676 1.39147
      vertex 1.91065 -4.29139 1.39147
      vertex 1.21001 -3.72402 0.940068
    endloop
  endfacet
  facet normal 0.0977189 0.0375095 0.994507
    outer loop
      vertex -1.2326 -0.548788 0.106188
      vertex -0.429304 -0.139489 0.0118198
      vertex -1.28321 -0.41694 0.106188
    endloop
  endfacet
  facet normal 0.101104 0.027091 0.994507
    outer loop
      vertex -0.429304 -0.139489 0.0118198
      vertex -0.441533 -0.0938501 0.0118198
      vertex -1.28321 -0.41694 0.106188
    endloop
  endfacet
  facet normal 0.0932613 0.0475219 0.994507
    outer loop
      vertex -1.16848 -0.674623 0.106188
      vertex -0.390922 -0.225698 0.0118198
      vertex -1.2326 -0.548788 0.106188
    endloop
  endfacet
  facet normal 0.0813436 0.0658719 0.994507
    outer loop
      vertex -0.335453 -0.302044 0.0118198
      vertex -0.365188 -0.265325 0.0118198
      vertex -1.00269 -0.902822 0.106188
    endloop
  endfacet
  facet normal 0.314984 0.388977 0.865726
    outer loop
      vertex -2.30157 -3.16784 0.940068
      vertex -2.62009 -2.90991 0.940068
      vertex -3.14325 -3.49093 1.39147
    endloop
  endfacet
  facet normal 0.272604 0.419769 0.865726
    outer loop
      vertex -1.95783 -3.39107 0.940068
      vertex -2.30157 -3.16784 0.940068
      vertex -2.34876 -4.06816 1.39147
    endloop
  endfacet
  facet normal 0.0800724 0.298862 0.950931
    outer loop
      vertex -0.464124 -2.18353 0.293889
      vertex -0.689822 -2.12306 0.293889
      vertex -0.955148 -2.93964 0.572868
    endloop
  endfacet
  facet normal 0.0637041 0.402189 0.913338
    outer loop
      vertex -0.409298 -3.89422 0.940068
      vertex -0.642638 -3.02338 0.572868
      vertex -0.814113 -3.8301 0.940068
    endloop
  endfacet
  facet normal 0.66871 0.0350458 0.742696
    outer loop
      vertex -6.06539 -0.637497 2.5262
      vertex -5.39815 -0.567369 1.92212
      vertex -6.0988 0 2.5262
    endloop
  endfacet
  facet normal 0.66871 -0.0350458 0.742696
    outer loop
      vertex -5.39815 0.567369 1.92212
      vertex -6.06539 0.637497 2.5262
      vertex -6.0988 0 2.5262
    endloop
  endfacet
  facet normal 0.406642 0.0213108 0.913339
    outer loop
      vertex -3.89422 -0.409298 0.940068
      vertex -3.09092 0 0.572868
      vertex -3.91567 0 0.940068
    endloop
  endfacet
  facet normal 0.58751 -0.030786 0.808631
    outer loop
      vertex -4.69751 0 1.39147
      vertex -4.67178 0.491023 1.39147
      vertex -5.39815 0.567369 1.92212
    endloop
  endfacet
  facet normal 0.494356 0.0782999 0.865726
    outer loop
      vertex -4.59486 -0.976667 1.39147
      vertex -3.89422 -0.409298 0.940068
      vertex -4.67178 -0.491023 1.39147
    endloop
  endfacet
  facet normal 0.402189 -0.0637041 0.913338
    outer loop
      vertex -3.02338 0.642638 0.572868
      vertex -3.8301 0.814113 0.940068
      vertex -3.89422 0.409298 0.940068
    endloop
  endfacet
  facet normal 0.0570079 0.0877847 0.994507
    outer loop
      vertex -0.225698 -0.390922 0.0118198
      vertex -0.265325 -0.365188 0.0118198
      vertex -0.793067 -1.09156 0.106188
    endloop
  endfacet
  facet normal 0.0108877 0.2079 0.978089
    outer loop
      vertex 0 -2.23231 0.293889
      vertex 0 -1.34925 0.106188
      vertex -0.23334 -2.22009 0.293889
    endloop
  endfacet
  facet normal 0.074604 0.194357 0.97809
    outer loop
      vertex -0.41694 -1.28321 0.106188
      vertex -0.548788 -1.2326 0.106188
      vertex -0.689822 -2.12306 0.293889
    endloop
  endfacet
  facet normal 0.0658719 0.0813436 0.994507
    outer loop
      vertex -0.265325 -0.365188 0.0118198
      vertex -0.302044 -0.335453 0.0118198
      vertex -0.902822 -1.00269 0.106188
    endloop
  endfacet
  facet normal 0.393327 -0.105391 0.913338
    outer loop
      vertex -2.93964 0.955148 0.572868
      vertex -3.72402 1.21001 0.940068
      vertex -3.8301 0.814113 0.940068
    endloop
  endfacet
  facet normal 0.259484 -0.168514 0.950932
    outer loop
      vertex -1.93324 1.11616 0.293889
      vertex -1.80598 1.31212 0.293889
      vertex -2.67682 1.54546 0.572868
    endloop
  endfacet
  facet normal 0.104527 0.00547707 0.994507
    outer loop
      vertex -1.34186 -0.141034 0.106188
      vertex -0.448924 -0.047183 0.0118198
      vertex -1.34925 0 0.106188
    endloop
  endfacet
  facet normal 0.380157 -0.145927 0.913338
    outer loop
      vertex -2.8237 1.25719 0.572868
      vertex -3.57714 1.59265 0.940068
      vertex -3.72402 1.21001 0.940068
    endloop
  endfacet
  facet normal 0.201091 -0.0538784 0.97809
    outer loop
      vertex -1.31976 0.280524 0.106188
      vertex -1.28321 0.41694 0.106188
      vertex -2.18353 0.464124 0.293889
    endloop
  endfacet
  facet normal 0.259485 0.168511 0.950932
    outer loop
      vertex -2.50061 -1.8168 0.572868
      vertex -1.80598 -1.31212 0.293889
      vertex -2.67682 -1.54546 0.572868
    endloop
  endfacet
  facet normal 0.194357 -0.074604 0.97809
    outer loop
      vertex -1.28321 0.41694 0.106188
      vertex -1.2326 0.548788 0.106188
      vertex -2.12306 0.689822 0.293889
    endloop
  endfacet
  facet normal 0.201091 0.0538784 0.97809
    outer loop
      vertex -1.28321 -0.41694 0.106188
      vertex -1.31976 -0.280524 0.106188
      vertex -2.18353 -0.464124 0.293889
    endloop
  endfacet
  facet normal -0.074609 -0.194356 0.97809
    outer loop
      vertex 0.907964 2.03932 0.293889
      vertex 0.689822 2.12306 0.293889
      vertex 0.548788 1.2326 0.106188
    endloop
  endfacet
  facet normal -0.256266 -0.316453 0.913337
    outer loop
      vertex 2.06823 2.297 0.572868
      vertex 2.30157 3.16784 0.940068
      vertex 1.8168 2.50061 0.572868
    endloop
  endfacet
  facet normal -0.275678 -0.140464 0.950932
    outer loop
      vertex 2.8237 1.25719 0.572868
      vertex 2.67682 1.54546 0.572868
      vertex 2.03932 0.907964 0.293889
    endloop
  endfacet
  facet normal 0.0108877 -0.2079 0.978089
    outer loop
      vertex 0 1.34925 0.106188
      vertex 0 2.23231 0.293889
      vertex -0.23334 2.22009 0.293889
    endloop
  endfacet
  facet normal 0.0800814 -0.298856 0.950932
    outer loop
      vertex -0.464124 2.18353 0.293889
      vertex -0.642638 3.02338 0.572868
      vertex -0.955148 2.93964 0.572868
    endloop
  endfacet
  facet normal 0.174596 -0.113386 0.97809
    outer loop
      vertex -1.16848 0.674623 0.106188
      vertex -1.09156 0.793067 0.106188
      vertex -1.80598 1.31212 0.293889
    endloop
  endfacet
  facet normal 0.194713 -0.240448 0.950932
    outer loop
      vertex -1.49371 1.65893 0.293889
      vertex -1.31212 1.80598 0.293889
      vertex -1.8168 2.50061 0.572868
    endloop
  endfacet
  facet normal -0.0261947 -0.499834 0.865725
    outer loop
      vertex 0.409298 3.89422 0.940068
      vertex 0 4.69751 1.39147
      vertex 0 3.91567 0.940068
    endloop
  endfacet
  facet normal -0.0800724 -0.298862 0.950931
    outer loop
      vertex 0.689822 2.12306 0.293889
      vertex 0.955148 2.93964 0.572868
      vertex 0.464124 2.18353 0.293889
    endloop
  endfacet
  facet normal -0.415998 -0.415998 0.808635
    outer loop
      vertex 3.63197 4.03371 1.92212
      vertex 3.49093 3.14325 1.39147
      vertex 4.03371 3.63197 1.92212
    endloop
  endfacet
  facet normal -0.415998 -0.415998 0.808635
    outer loop
      vertex 3.49093 3.14325 1.39147
      vertex 3.63197 4.03371 1.92212
      vertex 3.14325 3.49093 1.39147
    endloop
  endfacet
  facet normal -0.272596 -0.41977 0.865728
    outer loop
      vertex 2.76113 3.80037 1.39147
      vertex 2.34876 4.06816 1.39147
      vertex 2.30157 3.16784 0.940068
    endloop
  endfacet
  facet normal -0.0213083 -0.406643 0.913339
    outer loop
      vertex 0.323089 3.07399 0.572868
      vertex 0.409298 3.89422 0.940068
      vertex 0 3.09092 0.572868
    endloop
  endfacet
  facet normal -0.0636983 -0.402188 0.913339
    outer loop
      vertex 0.642638 3.02338 0.572868
      vertex 0.409298 3.89422 0.940068
      vertex 0.323089 3.07399 0.572868
    endloop
  endfacet
  facet normal -0.145925 -0.380157 0.913338
    outer loop
      vertex 1.25719 2.8237 0.572868
      vertex 1.21001 3.72402 0.940068
      vertex 0.955148 2.93964 0.572868
    endloop
  endfacet
  facet normal -0.0375101 -0.0977186 0.994507
    outer loop
      vertex 0.183599 0.412372 0.0118198
      vertex 0.548788 1.2326 0.106188
      vertex 0.139489 0.429304 0.0118198
    endloop
  endfacet
  facet normal -0.23998 -0.625155 0.742692
    outer loop
      vertex 2.20772 4.95862 1.92212
      vertex 1.88463 5.8003 2.5262
      vertex 1.67731 5.16223 1.92212
    endloop
  endfacet
  facet normal -0.227232 -0.445965 0.865726
    outer loop
      vertex 1.95783 3.39107 0.940068
      vertex 2.34876 4.06816 1.39147
      vertex 1.91065 4.29139 1.39147
    endloop
  endfacet
  facet normal -0.0350522 -0.668713 0.742694
    outer loop
      vertex 0.567369 5.39815 1.92212
      vertex 0 6.0988 2.5262
      vertex 0 5.42789 1.92212
    endloop
  endfacet
  facet normal 0.0350522 -0.668713 0.742694
    outer loop
      vertex 0 5.42789 1.92212
      vertex 0 6.0988 2.5262
      vertex -0.567369 5.39815 1.92212
    endloop
  endfacet
  facet normal -0.145927 -0.380157 0.913338
    outer loop
      vertex 1.25719 2.8237 0.572868
      vertex 1.59265 3.57714 0.940068
      vertex 1.21001 3.72402 0.940068
    endloop
  endfacet
  facet normal -0.227232 -0.445965 0.865726
    outer loop
      vertex 1.95783 3.39107 0.940068
      vertex 1.91065 4.29139 1.39147
      vertex 1.59265 3.57714 0.940068
    endloop
  endfacet
  facet normal -0.110877 -0.288851 0.950932
    outer loop
      vertex 1.25719 2.8237 0.572868
      vertex 0.955148 2.93964 0.572868
      vertex 0.907964 2.03932 0.293889
    endloop
  endfacet
  facet normal -0.110883 -0.288851 0.950931
    outer loop
      vertex 0.907964 2.03932 0.293889
      vertex 0.955148 2.93964 0.572868
      vertex 0.689822 2.12306 0.293889
    endloop
  endfacet
  facet normal -0.152269 -0.568266 0.808634
    outer loop
      vertex 1.45161 4.4676 1.39147
      vertex 1.67731 5.16223 1.92212
      vertex 1.12852 5.30928 1.92212
    endloop
  endfacet
  facet normal -0.129543 -0.483463 0.865727
    outer loop
      vertex 1.21001 3.72402 0.940068
      vertex 1.45161 4.4676 1.39147
      vertex 0.814113 3.8301 0.940068
    endloop
  endfacet
  facet normal 0.0483997 -0.305593 0.950931
    outer loop
      vertex -0.23334 2.22009 0.293889
      vertex -0.323089 3.07399 0.572868
      vertex -0.642638 3.02338 0.572868
    endloop
  endfacet
  facet normal -0.0213108 -0.406642 0.913339
    outer loop
      vertex 0.409298 3.89422 0.940068
      vertex 0 3.91567 0.940068
      vertex 0 3.09092 0.572868
    endloop
  endfacet
  facet normal 0.467273 -0.17937 0.865726
    outer loop
      vertex -3.72402 1.21001 0.940068
      vertex -4.29139 1.91065 1.39147
      vertex -4.4676 1.45161 1.39147
    endloop
  endfacet
  facet normal 0.445965 -0.227232 0.865726
    outer loop
      vertex -3.57714 1.59265 0.940068
      vertex -3.39107 1.95783 0.940068
      vertex -4.29139 1.91065 1.39147
    endloop
  endfacet
  facet normal 0.41977 -0.272596 0.865728
    outer loop
      vertex -3.16784 2.30157 0.940068
      vertex -3.80037 2.76113 1.39147
      vertex -4.06816 2.34876 1.39147
    endloop
  endfacet
  facet normal 0.415998 -0.415998 0.808635
    outer loop
      vertex -3.63197 4.03371 1.92212
      vertex -3.49093 3.14325 1.39147
      vertex -3.14325 3.49093 1.39147
    endloop
  endfacet
  facet normal 0.415998 -0.415998 0.808635
    outer loop
      vertex -3.49093 3.14325 1.39147
      vertex -3.63197 4.03371 1.92212
      vertex -4.03371 3.63197 1.92212
    endloop
  endfacet
  facet normal 0.337592 -0.662558 0.668617
    outer loop
      vertex -3.13105 5.74581 3.02732
      vertex -3.0494 5.28171 2.5262
      vertex -2.4806 5.57153 2.5262
    endloop
  endfacet
  facet normal 0.337566 -0.662567 0.668621
    outer loop
      vertex -3.0494 5.28171 2.5262
      vertex -3.13105 5.74581 3.02732
      vertex -3.275 5.67247 3.02732
    endloop
  endfacet
  facet normal 0.405012 -0.623627 0.668621
    outer loop
      vertex -3.4105 5.58447 3.02732
      vertex -3.0494 5.28171 2.5262
      vertex -3.275 5.67247 3.02732
    endloop
  endfacet
  facet normal 0.404997 -0.62364 0.668618
    outer loop
      vertex -3.0494 5.28171 2.5262
      vertex -3.4105 5.58447 3.02732
      vertex -3.58478 4.93403 2.5262
    endloop
  endfacet
  facet normal 0.267087 -0.524191 0.808634
    outer loop
      vertex -2.34876 4.06816 1.39147
      vertex -2.20772 4.95862 1.92212
      vertex -2.71394 4.70069 1.92212
    endloop
  endfacet
  facet normal 0.267091 -0.524191 0.808632
    outer loop
      vertex -1.91065 4.29139 1.39147
      vertex -2.20772 4.95862 1.92212
      vertex -2.34876 4.06816 1.39147
    endloop
  endfacet
  facet normal 0.370228 -0.457209 0.808635
    outer loop
      vertex -3.14325 3.49093 1.39147
      vertex -3.19043 4.39125 1.92212
      vertex -3.63197 4.03371 1.92212
    endloop
  endfacet
  facet normal 0.184865 -0.362821 0.913338
    outer loop
      vertex -1.54546 2.67682 0.572868
      vertex -1.25719 2.8237 0.572868
      vertex -1.95783 3.39107 0.940068
    endloop
  endfacet
  facet normal 0.140464 -0.275678 0.950932
    outer loop
      vertex -0.907964 2.03932 0.293889
      vertex -1.25719 2.8237 0.572868
      vertex -1.54546 2.67682 0.572868
    endloop
  endfacet
  facet normal 0.173316 -0.646815 0.742692
    outer loop
      vertex -1.67731 5.16223 1.92212
      vertex -1.12852 5.30928 1.92212
      vertex -1.88463 5.8003 2.5262
    endloop
  endfacet
  facet normal 0.0261916 -0.499833 0.865726
    outer loop
      vertex -0.409298 3.89422 0.940068
      vertex 0 4.69751 1.39147
      vertex -0.491023 4.67178 1.39147
    endloop
  endfacet
  facet normal 0.129543 -0.483463 0.865727
    outer loop
      vertex -0.814113 3.8301 0.940068
      vertex -0.976667 4.59486 1.39147
      vertex -1.45161 4.4676 1.39147
    endloop
  endfacet
  facet normal 0.210833 -0.549237 0.808634
    outer loop
      vertex -1.45161 4.4676 1.39147
      vertex -1.67731 5.16223 1.92212
      vertex -1.91065 4.29139 1.39147
    endloop
  endfacet
  facet normal -0.520402 -0.421411 0.742695
    outer loop
      vertex 4.93403 3.58478 2.5262
      vertex 4.53229 4.08089 2.5262
      vertex 4.39125 3.19043 1.92212
    endloop
  endfacet
  facet normal -0.577905 -0.467949 0.668617
    outer loop
      vertex 5.19739 3.97555 3.02732
      vertex 4.93403 3.58478 2.5262
      vertex 5.29906 3.84999 3.02732
    endloop
  endfacet
  facet normal -0.57789 -0.467964 0.668621
    outer loop
      vertex 4.93403 3.58478 2.5262
      vertex 5.19739 3.97555 3.02732
      vertex 4.53229 4.08089 2.5262
    endloop
  endfacet
  facet normal -0.388971 -0.314988 0.865728
    outer loop
      vertex 3.80037 2.76113 1.39147
      vertex 3.49093 3.14325 1.39147
      vertex 3.16784 2.30157 0.940068
    endloop
  endfacet
  facet normal -0.240447 -0.194716 0.950932
    outer loop
      vertex 2.50061 1.8168 0.572868
      vertex 2.297 2.06823 0.572868
      vertex 1.65893 1.49371 0.293889
    endloop
  endfacet
  facet normal -0.194356 0.074609 0.97809
    outer loop
      vertex 2.03932 -0.907964 0.293889
      vertex 2.12306 -0.689822 0.293889
      vertex 1.2326 -0.548788 0.106188
    endloop
  endfacet
  facet normal -0.185491 0.0945183 0.97809
    outer loop
      vertex 2.03932 -0.907964 0.293889
      vertex 1.2326 -0.548788 0.106188
      vertex 1.16848 -0.674623 0.106188
    endloop
  endfacet
  facet normal -0.421411 -0.520402 0.742695
    outer loop
      vertex 4.08089 4.53229 2.5262
      vertex 3.58478 4.93403 2.5262
      vertex 3.19043 4.39125 1.92212
    endloop
  endfacet
  facet normal -0.467949 -0.577905 0.668617
    outer loop
      vertex 3.97555 5.19739 3.02732
      vertex 3.84999 5.29906 3.02732
      vertex 3.58478 4.93403 2.5262
    endloop
  endfacet
  facet normal -0.467964 -0.57789 0.668621
    outer loop
      vertex 3.97555 5.19739 3.02732
      vertex 3.58478 4.93403 2.5262
      vertex 4.08089 4.53229 2.5262
    endloop
  endfacet
  facet normal -0.337566 -0.662567 0.668621
    outer loop
      vertex 3.13105 5.74581 3.02732
      vertex 3.0494 5.28171 2.5262
      vertex 3.275 5.67247 3.02732
    endloop
  endfacet
  facet normal -0.337592 -0.662558 0.668617
    outer loop
      vertex 3.0494 5.28171 2.5262
      vertex 3.13105 5.74581 3.02732
      vertex 2.4806 5.57153 2.5262
    endloop
  endfacet
  facet normal 0.00547707 0.104527 0.994507
    outer loop
      vertex 0 -1.34925 0.106188
      vertex -0.047183 -0.448924 0.0118198
      vertex -0.141034 -1.34186 0.106188
    endloop
  endfacet
  facet normal -0.0637041 0.402189 0.913338
    outer loop
      vertex 0.814113 -3.8301 0.940068
      vertex 0.642638 -3.02338 0.572868
      vertex 0.409298 -3.89422 0.940068
    endloop
  endfacet
  facet normal -0.0161905 0.308976 0.950932
    outer loop
      vertex 0.323089 -3.07399 0.572868
      vertex 0 -2.23231 0.293889
      vertex 0 -3.09092 0.572868
    endloop
  endfacet
  facet normal -0.0538784 0.201091 0.97809
    outer loop
      vertex 0.464124 -2.18353 0.293889
      vertex 0.41694 -1.28321 0.106188
      vertex 0.280524 -1.31976 0.106188
    endloop
  endfacet
  facet normal -0.0800814 0.298856 0.950932
    outer loop
      vertex 0.642638 -3.02338 0.572868
      vertex 0.955148 -2.93964 0.572868
      vertex 0.464124 -2.18353 0.293889
    endloop
  endfacet
  facet normal -0.22178 0.341508 0.913338
    outer loop
      vertex 1.95783 -3.39107 0.940068
      vertex 2.30157 -3.16784 0.940068
      vertex 1.54546 -2.67682 0.572868
    endloop
  endfacet
  facet normal -0.370228 0.457209 0.808635
    outer loop
      vertex 3.19043 -4.39125 1.92212
      vertex 3.63197 -4.03371 1.92212
      vertex 3.14325 -3.49093 1.39147
    endloop
  endfacet
  facet normal -0.314988 0.388971 0.865728
    outer loop
      vertex 2.76113 -3.80037 1.39147
      vertex 3.14325 -3.49093 1.39147
      vertex 2.30157 -3.16784 0.940068
    endloop
  endfacet
  facet normal -0.493399 0.320421 0.808633
    outer loop
      vertex 4.39125 -3.19043 1.92212
      vertex 4.70069 -2.71394 1.92212
      vertex 4.06816 -2.34876 1.39147
    endloop
  endfacet
  facet normal -0.467275 0.179368 0.865726
    outer loop
      vertex 4.29139 -1.91065 1.39147
      vertex 3.72402 -1.21001 0.940068
      vertex 3.57714 -1.59265 0.940068
    endloop
  endfacet
  facet normal -0.194357 0.074604 0.97809
    outer loop
      vertex 2.12306 -0.689822 0.293889
      vertex 1.28321 -0.41694 0.106188
      vertex 1.2326 -0.548788 0.106188
    endloop
  endfacet
  facet normal -0.393327 0.105391 0.913338
    outer loop
      vertex 3.72402 -1.21001 0.940068
      vertex 3.8301 -0.814113 0.940068
      vertex 2.93964 -0.955148 0.572868
    endloop
  endfacet
  facet normal -0.21878 0.21878 0.950932
    outer loop
      vertex 1.65893 -1.49371 0.293889
      vertex 2.06823 -2.297 0.572868
      vertex 2.297 -2.06823 0.572868
    endloop
  endfacet
  facet normal -0.21878 0.21878 0.950932
    outer loop
      vertex 2.06823 -2.297 0.572868
      vertex 1.65893 -1.49371 0.293889
      vertex 1.49371 -1.65893 0.293889
    endloop
  endfacet
  facet normal -0.287935 0.287935 0.913338
    outer loop
      vertex 2.297 -2.06823 0.572868
      vertex 2.62009 -2.90991 0.940068
      vertex 2.90991 -2.62009 0.940068
    endloop
  endfacet
  facet normal -0.287935 0.287935 0.913338
    outer loop
      vertex 2.62009 -2.90991 0.940068
      vertex 2.297 -2.06823 0.572868
      vertex 2.06823 -2.297 0.572868
    endloop
  endfacet
  facet normal -0.388977 0.314984 0.865726
    outer loop
      vertex 3.49093 -3.14325 1.39147
      vertex 3.16784 -2.30157 0.940068
      vertex 2.90991 -2.62009 0.940068
    endloop
  endfacet
  facet normal -0.240448 0.194713 0.950932
    outer loop
      vertex 2.50061 -1.8168 0.572868
      vertex 1.80598 -1.31212 0.293889
      vertex 1.65893 -1.49371 0.293889
    endloop
  endfacet
  facet normal -0.275678 0.140464 0.950932
    outer loop
      vertex 2.67682 -1.54546 0.572868
      vertex 2.8237 -1.25719 0.572868
      vertex 2.03932 -0.907964 0.293889
    endloop
  endfacet
  facet normal -0.185493 0.0945124 0.97809
    outer loop
      vertex 1.93324 -1.11616 0.293889
      vertex 2.03932 -0.907964 0.293889
      vertex 1.16848 -0.674623 0.106188
    endloop
  endfacet
  facet normal -0.34151 0.221779 0.913337
    outer loop
      vertex 3.16784 -2.30157 0.940068
      vertex 2.67682 -1.54546 0.572868
      vertex 2.50061 -1.8168 0.572868
    endloop
  endfacet
  facet normal -0.316453 0.256266 0.913337
    outer loop
      vertex 3.16784 -2.30157 0.940068
      vertex 2.50061 -1.8168 0.572868
      vertex 2.297 -2.06823 0.572868
    endloop
  endfacet
  facet normal -0.646819 0.173312 0.74269
    outer loop
      vertex 5.8003 -1.88463 2.5262
      vertex 5.96552 -1.26801 2.5262
      vertex 5.30928 -1.12852 1.92212
    endloop
  endfacet
  facet normal -0.734452 0.116329 0.668617
    outer loop
      vertex 6.43214 -1.20225 3.02732
      vertex 6.51412 -0.684661 3.02732
      vertex 6.06539 -0.637497 2.5262
    endloop
  endfacet
  facet normal -0.499833 0.0261916 0.865726
    outer loop
      vertex 4.67178 -0.491023 1.39147
      vertex 4.69751 0 1.39147
      vertex 3.89422 -0.409298 0.940068
    endloop
  endfacet
  facet normal -0.581068 0.0920339 0.808635
    outer loop
      vertex 5.30928 -1.12852 1.92212
      vertex 4.67178 -0.491023 1.39147
      vertex 4.59486 -0.976667 1.39147
    endloop
  endfacet
  facet normal -0.201091 -0.0538772 0.97809
    outer loop
      vertex 2.18353 0.464124 0.293889
      vertex 2.12306 0.689822 0.293889
      vertex 1.28321 0.41694 0.106188
    endloop
  endfacet
  facet normal -0.483463 -0.129543 0.865727
    outer loop
      vertex 4.59486 0.976667 1.39147
      vertex 4.4676 1.45161 1.39147
      vertex 3.8301 0.814113 0.940068
    endloop
  endfacet
  facet normal -0.288851 -0.110877 0.950932
    outer loop
      vertex 2.93964 0.955148 0.572868
      vertex 2.8237 1.25719 0.572868
      vertex 2.03932 0.907964 0.293889
    endloop
  endfacet
  facet normal -0.380157 -0.145927 0.913338
    outer loop
      vertex 3.72402 1.21001 0.940068
      vertex 3.57714 1.59265 0.940068
      vertex 2.8237 1.25719 0.572868
    endloop
  endfacet
  facet normal -0.406642 -0.0213108 0.913339
    outer loop
      vertex 3.91567 0 0.940068
      vertex 3.89422 0.409298 0.940068
      vertex 3.09092 0 0.572868
    endloop
  endfacet
  facet normal -0.393327 -0.105396 0.913338
    outer loop
      vertex 3.02338 0.642638 0.572868
      vertex 3.8301 0.814113 0.940068
      vertex 2.93964 0.955148 0.572868
    endloop
  endfacet
  facet normal -0.718268 -0.192456 0.668619
    outer loop
      vertex 5.96552 1.26801 2.5262
      vertex 6.36505 1.51788 3.02732
      vertex 5.8003 1.88463 2.5262
    endloop
  endfacet
  facet normal -0.71826 -0.192475 0.668622
    outer loop
      vertex 6.36505 1.51788 3.02732
      vertex 5.96552 1.26801 2.5262
      vertex 6.40687 1.36182 3.02732
    endloop
  endfacet
  facet normal -0.734449 -0.11631 0.668623
    outer loop
      vertex 5.96552 1.26801 2.5262
      vertex 6.43214 1.20225 3.02732
      vertex 6.40687 1.36182 3.02732
    endloop
  endfacet
  facet normal -0.734449 -0.116333 0.668619
    outer loop
      vertex 6.43214 1.20225 3.02732
      vertex 5.96552 1.26801 2.5262
      vertex 6.06539 0.637497 2.5262
    endloop
  endfacet
  facet normal 0.467972 -0.577888 0.668616
    outer loop
      vertex -4.3828 4.8676 3.02732
      vertex -4.08089 4.53229 2.5262
      vertex -3.97555 5.19739 3.02732
    endloop
  endfacet
  facet normal 0 -0.831108 0.556112
    outer loop
      vertex -4.08089 4.53229 2.5262
      vertex -4.3828 4.8676 3.02732
      vertex -4.38281 4.8676 3.02732
    endloop
  endfacet
  facet normal 0.525807 -0.525807 0.668622
    outer loop
      vertex -4.38281 4.8676 3.02732
      vertex -4.53229 4.08089 2.5262
      vertex -4.08089 4.53229 2.5262
    endloop
  endfacet
  facet normal 0.525807 -0.525807 0.668622
    outer loop
      vertex -4.53229 4.08089 2.5262
      vertex -4.38281 4.8676 3.02732
      vertex -4.8676 4.38281 3.02732
    endloop
  endfacet
  facet normal 0.734449 0.116333 0.668619
    outer loop
      vertex -6.43214 -1.20225 3.02732
      vertex -5.96552 -1.26801 2.5262
      vertex -6.06539 -0.637497 2.5262
    endloop
  endfacet
  facet normal 0.734449 0.11631 0.668623
    outer loop
      vertex -5.96552 -1.26801 2.5262
      vertex -6.43214 -1.20225 3.02732
      vertex -6.40687 -1.36182 3.02732
    endloop
  endfacet
  facet normal 0.742592 0.0389178 0.668612
    outer loop
      vertex -6.52257 -0.523322 3.02732
      vertex -6.06539 -0.637497 2.5262
      vertex -6.0988 0 2.5262
    endloop
  endfacet
  facet normal 0.74259 0.0388926 0.668616
    outer loop
      vertex -6.06539 -0.637497 2.5262
      vertex -6.52257 -0.523322 3.02732
      vertex -6.51412 -0.684661 3.02732
    endloop
  endfacet
  facet normal 0.370244 -0.457206 0.80863
    outer loop
      vertex -3.14325 3.49093 1.39147
      vertex -2.76113 3.80037 1.39147
      vertex -3.19043 4.39125 1.92212
    endloop
  endfacet
  facet normal 0.314988 -0.388971 0.865728
    outer loop
      vertex -2.30157 3.16784 0.940068
      vertex -2.76113 3.80037 1.39147
      vertex -3.14325 3.49093 1.39147
    endloop
  endfacet
  facet normal 0.646815 0.173316 0.742692
    outer loop
      vertex -5.16223 -1.67731 1.92212
      vertex -5.30928 -1.12852 1.92212
      vertex -5.8003 -1.88463 2.5262
    endloop
  endfacet
  facet normal 0.402189 0.0637041 0.913338
    outer loop
      vertex -3.8301 -0.814113 0.940068
      vertex -3.02338 -0.642638 0.572868
      vertex -3.89422 -0.409298 0.940068
    endloop
  endfacet
  facet normal 0.581068 0.0920339 0.808635
    outer loop
      vertex -4.59486 -0.976667 1.39147
      vertex -4.67178 -0.491023 1.39147
      vertex -5.30928 -1.12852 1.92212
    endloop
  endfacet
  facet normal 0.549237 0.210837 0.808632
    outer loop
      vertex -4.95862 -2.20772 1.92212
      vertex -4.29139 -1.91065 1.39147
      vertex -5.16223 -1.67731 1.92212
    endloop
  endfacet
  facet normal 0.694216 0.266483 0.668618
    outer loop
      vertex -6.04162 -2.5133 3.02732
      vertex -5.57153 -2.4806 2.5262
      vertex -5.8003 -1.88463 2.5262
    endloop
  endfacet
  facet normal 0.69421 0.266508 0.668615
    outer loop
      vertex -5.98372 -2.66412 3.02732
      vertex -5.57153 -2.4806 2.5262
      vertex -6.04162 -2.5133 3.02732
    endloop
  endfacet
  facet normal -0.104744 -0.661385 0.742697
    outer loop
      vertex 1.12852 5.30928 1.92212
      vertex 0.637497 6.06539 2.5262
      vertex 0.567369 5.39815 1.92212
    endloop
  endfacet
  facet normal -0.116333 -0.734449 0.668619
    outer loop
      vertex 1.26801 5.96552 2.5262
      vertex 1.20225 6.43214 3.02732
      vertex 0.637497 6.06539 2.5262
    endloop
  endfacet
  facet normal -0.11631 -0.734449 0.668623
    outer loop
      vertex 1.20225 6.43214 3.02732
      vertex 1.26801 5.96552 2.5262
      vertex 1.36182 6.40687 3.02732
    endloop
  endfacet
  facet normal -0.62364 0.404999 0.668617
    outer loop
      vertex 5.29906 -3.84999 3.02732
      vertex 5.58447 -3.4105 3.02732
      vertex 4.93403 -3.58478 2.5262
    endloop
  endfacet
  facet normal 0.104761 0.66139 0.74269
    outer loop
      vertex -0.637497 -6.06539 2.5262
      vertex -1.12852 -5.30928 1.92212
      vertex -1.26801 -5.96552 2.5262
    endloop
  endfacet
  facet normal -0.0350522 0.668713 0.742694
    outer loop
      vertex 0.567369 -5.39815 1.92212
      vertex 0 -5.42789 1.92212
      vertex 0 -6.0988 2.5262
    endloop
  endfacet
  facet normal -0.0350458 0.66871 0.742696
    outer loop
      vertex 0.637497 -6.06539 2.5262
      vertex 0.567369 -5.39815 1.92212
      vertex 0 -6.0988 2.5262
    endloop
  endfacet
  facet normal -0.104761 0.66139 0.74269
    outer loop
      vertex 1.26801 -5.96552 2.5262
      vertex 1.12852 -5.30928 1.92212
      vertex 0.637497 -6.06539 2.5262
    endloop
  endfacet
  facet normal 0.467949 0.577905 0.668617
    outer loop
      vertex -3.97555 -5.19739 3.02732
      vertex -3.84999 -5.29906 3.02732
      vertex -3.58478 -4.93403 2.5262
    endloop
  endfacet
  facet normal 0.467964 0.57789 0.668621
    outer loop
      vertex -3.97555 -5.19739 3.02732
      vertex -3.58478 -4.93403 2.5262
      vertex -4.08089 -4.53229 2.5262
    endloop
  endfacet
  facet normal 0.467972 0.577888 0.668616
    outer loop
      vertex -4.08089 -4.53229 2.5262
      vertex -4.3828 -4.8676 3.02732
      vertex -3.97555 -5.19739 3.02732
    endloop
  endfacet
  facet normal 0 0.831108 0.556112
    outer loop
      vertex -4.3828 -4.8676 3.02732
      vertex -4.08089 -4.53229 2.5262
      vertex -4.38281 -4.8676 3.02732
    endloop
  endfacet
  facet normal 0.415998 0.415998 0.808635
    outer loop
      vertex -3.49093 -3.14325 1.39147
      vertex -3.63197 -4.03371 1.92212
      vertex -3.14325 -3.49093 1.39147
    endloop
  endfacet
  facet normal 0.415998 0.415998 0.808635
    outer loop
      vertex -3.63197 -4.03371 1.92212
      vertex -3.49093 -3.14325 1.39147
      vertex -4.03371 -3.63197 1.92212
    endloop
  endfacet
  facet normal 0.457209 0.370228 0.808635
    outer loop
      vertex -4.03371 -3.63197 1.92212
      vertex -3.49093 -3.14325 1.39147
      vertex -4.39125 -3.19043 1.92212
    endloop
  endfacet
  facet normal 0.320421 0.493399 0.808633
    outer loop
      vertex -2.71394 -4.70069 1.92212
      vertex -2.34876 -4.06816 1.39147
      vertex -3.19043 -4.39125 1.92212
    endloop
  endfacet
  facet normal 0.320416 0.493408 0.80863
    outer loop
      vertex -2.34876 -4.06816 1.39147
      vertex -2.76113 -3.80037 1.39147
      vertex -3.19043 -4.39125 1.92212
    endloop
  endfacet
  facet normal 0.173316 0.646815 0.742692
    outer loop
      vertex -1.12852 -5.30928 1.92212
      vertex -1.67731 -5.16223 1.92212
      vertex -1.88463 -5.8003 2.5262
    endloop
  endfacet
  facet normal 0.192459 0.718268 0.668618
    outer loop
      vertex -1.51788 -6.36505 3.02732
      vertex -1.88463 -5.8003 2.5262
      vertex -2.02406 -6.22942 3.02732
    endloop
  endfacet
  facet normal -0.0261916 0.499833 0.865726
    outer loop
      vertex 0.491023 -4.67178 1.39147
      vertex 0.409298 -3.89422 0.940068
      vertex 0 -4.69751 1.39147
    endloop
  endfacet
  facet normal -0.030786 0.58751 0.808631
    outer loop
      vertex 0.567369 -5.39815 1.92212
      vertex 0.491023 -4.67178 1.39147
      vertex 0 -4.69751 1.39147
    endloop
  endfacet
  facet normal -0.0261947 0.499834 0.865725
    outer loop
      vertex 0.409298 -3.89422 0.940068
      vertex 0 -3.91567 0.940068
      vertex 0 -4.69751 1.39147
    endloop
  endfacet
  facet normal 0.0261947 0.499834 0.865725
    outer loop
      vertex 0 -4.69751 1.39147
      vertex 0 -3.91567 0.940068
      vertex -0.409298 -3.89422 0.940068
    endloop
  endfacet
  facet normal 0.0161905 0.308976 0.950932
    outer loop
      vertex 0 -3.09092 0.572868
      vertex 0 -2.23231 0.293889
      vertex -0.323089 -3.07399 0.572868
    endloop
  endfacet
  facet normal -0.074609 0.194356 0.97809
    outer loop
      vertex 0.689822 -2.12306 0.293889
      vertex 0.907964 -2.03932 0.293889
      vertex 0.548788 -1.2326 0.106188
    endloop
  endfacet
  facet normal -0.110877 0.288851 0.950932
    outer loop
      vertex 0.955148 -2.93964 0.572868
      vertex 1.25719 -2.8237 0.572868
      vertex 0.907964 -2.03932 0.293889
    endloop
  endfacet
  facet normal -0.105396 0.393327 0.913338
    outer loop
      vertex 0.814113 -3.8301 0.940068
      vertex 0.955148 -2.93964 0.572868
      vertex 0.642638 -3.02338 0.572868
    endloop
  endfacet
  facet normal 0.341508 0.22178 0.913338
    outer loop
      vertex -3.16784 -2.30157 0.940068
      vertex -2.67682 -1.54546 0.572868
      vertex -3.39107 -1.95783 0.940068
    endloop
  endfacet
  facet normal 0.362821 0.184865 0.913338
    outer loop
      vertex -2.67682 -1.54546 0.572868
      vertex -2.8237 -1.25719 0.572868
      vertex -3.39107 -1.95783 0.940068
    endloop
  endfacet
  facet normal 0.275678 0.140464 0.950932
    outer loop
      vertex -1.93324 -1.11616 0.293889
      vertex -2.03932 -0.907964 0.293889
      vertex -2.67682 -1.54546 0.572868
    endloop
  endfacet
  facet normal 0.275678 0.140464 0.950932
    outer loop
      vertex -2.67682 -1.54546 0.572868
      vertex -2.03932 -0.907964 0.293889
      vertex -2.8237 -1.25719 0.572868
    endloop
  endfacet
  facet normal 0.2079 0.0108877 0.978089
    outer loop
      vertex -2.22009 -0.23334 0.293889
      vertex -1.34925 0 0.106188
      vertex -2.23231 0 0.293889
    endloop
  endfacet
  facet normal 0.103381 0.0163791 0.994507
    outer loop
      vertex -1.31976 -0.280524 0.106188
      vertex -0.441533 -0.0938501 0.0118198
      vertex -1.34186 -0.141034 0.106188
    endloop
  endfacet
  facet normal 0.287935 0.287935 0.913338
    outer loop
      vertex -2.297 -2.06823 0.572868
      vertex -2.62009 -2.90991 0.940068
      vertex -2.06823 -2.297 0.572868
    endloop
  endfacet
  facet normal 0.287935 0.287935 0.913338
    outer loop
      vertex -2.62009 -2.90991 0.940068
      vertex -2.297 -2.06823 0.572868
      vertex -2.90991 -2.62009 0.940068
    endloop
  endfacet
  facet normal 0.316456 0.256259 0.913338
    outer loop
      vertex -2.90991 -2.62009 0.940068
      vertex -2.297 -2.06823 0.572868
      vertex -3.16784 -2.30157 0.940068
    endloop
  endfacet
  facet normal 0.227232 0.445965 0.865726
    outer loop
      vertex -1.91065 -4.29139 1.39147
      vertex -1.95783 -3.39107 0.940068
      vertex -2.34876 -4.06816 1.39147
    endloop
  endfacet
  facet normal 0.272596 0.41977 0.865728
    outer loop
      vertex -2.34876 -4.06816 1.39147
      vertex -2.30157 -3.16784 0.940068
      vertex -2.76113 -3.80037 1.39147
    endloop
  endfacet
  facet normal 0.168514 0.259484 0.950932
    outer loop
      vertex -1.11616 -1.93324 0.293889
      vertex -1.31212 -1.80598 0.293889
      vertex -1.54546 -2.67682 0.572868
    endloop
  endfacet
  facet normal 0.0945124 0.185493 0.97809
    outer loop
      vertex -0.907964 -2.03932 0.293889
      vertex -0.674623 -1.16848 0.106188
      vertex -1.11616 -1.93324 0.293889
    endloop
  endfacet
  facet normal 0.587505 0.0307955 0.808634
    outer loop
      vertex -5.39815 -0.567369 1.92212
      vertex -4.69751 0 1.39147
      vertex -5.42789 0 1.92212
    endloop
  endfacet
  facet normal 0.668713 0.0350522 0.742694
    outer loop
      vertex -5.39815 -0.567369 1.92212
      vertex -5.42789 0 1.92212
      vertex -6.0988 0 2.5262
    endloop
  endfacet
  facet normal 0.499834 -0.0261947 0.865725
    outer loop
      vertex -3.91567 0 0.940068
      vertex -3.89422 0.409298 0.940068
      vertex -4.69751 0 1.39147
    endloop
  endfacet
  facet normal 0.499833 -0.0261916 0.865726
    outer loop
      vertex -3.89422 0.409298 0.940068
      vertex -4.67178 0.491023 1.39147
      vertex -4.69751 0 1.39147
    endloop
  endfacet
  facet normal 0.499833 0.0261916 0.865726
    outer loop
      vertex -4.67178 -0.491023 1.39147
      vertex -3.89422 -0.409298 0.940068
      vertex -4.69751 0 1.39147
    endloop
  endfacet
  facet normal 0.499834 0.0261947 0.865725
    outer loop
      vertex -3.89422 -0.409298 0.940068
      vertex -3.91567 0 0.940068
      vertex -4.69751 0 1.39147
    endloop
  endfacet
  facet normal 0.105396 0.393327 0.913338
    outer loop
      vertex -0.814113 -3.8301 0.940068
      vertex -0.642638 -3.02338 0.572868
      vertex -0.955148 -2.93964 0.572868
    endloop
  endfacet
  facet normal 0.105391 0.393327 0.913338
    outer loop
      vertex -0.814113 -3.8301 0.940068
      vertex -0.955148 -2.93964 0.572868
      vertex -1.21001 -3.72402 0.940068
    endloop
  endfacet
  facet normal 0.207899 0.0108936 0.97809
    outer loop
      vertex -1.34186 -0.141034 0.106188
      vertex -1.34925 0 0.106188
      vertex -2.22009 -0.23334 0.293889
    endloop
  endfacet
  facet normal 0.308976 -0.0161905 0.950932
    outer loop
      vertex -2.23231 0 0.293889
      vertex -3.07399 0.323089 0.572868
      vertex -3.09092 0 0.572868
    endloop
  endfacet
  facet normal 0.406643 -0.0213083 0.913339
    outer loop
      vertex -3.09092 0 0.572868
      vertex -3.07399 0.323089 0.572868
      vertex -3.89422 0.409298 0.940068
    endloop
  endfacet
  facet normal 0.402188 -0.0636983 0.913339
    outer loop
      vertex -3.07399 0.323089 0.572868
      vertex -3.02338 0.642638 0.572868
      vertex -3.89422 0.409298 0.940068
    endloop
  endfacet
  facet normal 0.445965 -0.227232 0.865726
    outer loop
      vertex -3.39107 1.95783 0.940068
      vertex -4.06816 2.34876 1.39147
      vertex -4.29139 1.91065 1.39147
    endloop
  endfacet
  facet normal 0.362819 -0.184867 0.913338
    outer loop
      vertex -2.8237 1.25719 0.572868
      vertex -3.39107 1.95783 0.940068
      vertex -3.57714 1.59265 0.940068
    endloop
  endfacet
  facet normal 0.275678 -0.140464 0.950932
    outer loop
      vertex -2.03932 0.907964 0.293889
      vertex -1.93324 1.11616 0.293889
      vertex -2.67682 1.54546 0.572868
    endloop
  endfacet
  facet normal 0.380157 -0.145925 0.913338
    outer loop
      vertex -2.93964 0.955148 0.572868
      vertex -2.8237 1.25719 0.572868
      vertex -3.72402 1.21001 0.940068
    endloop
  endfacet
  facet normal 0.113386 -0.174596 0.97809
    outer loop
      vertex -0.674623 1.16848 0.106188
      vertex -1.11616 1.93324 0.293889
      vertex -1.31212 1.80598 0.293889
    endloop
  endfacet
  facet normal 0.0475219 -0.0932613 0.994507
    outer loop
      vertex -0.225698 0.390922 0.0118198
      vertex -0.548788 1.2326 0.106188
      vertex -0.674623 1.16848 0.106188
    endloop
  endfacet
  facet normal 0.087784 -0.0570088 0.994507
    outer loop
      vertex -0.390922 0.225698 0.0118198
      vertex -1.09156 0.793067 0.106188
      vertex -1.16848 0.674623 0.106188
    endloop
  endfacet
  facet normal 0.101105 0.0270891 0.994507
    outer loop
      vertex -1.28321 -0.41694 0.106188
      vertex -0.441533 -0.0938501 0.0118198
      vertex -1.31976 -0.280524 0.106188
    endloop
  endfacet
  facet normal 0.194356 0.074609 0.97809
    outer loop
      vertex -2.03932 -0.907964 0.293889
      vertex -1.2326 -0.548788 0.106188
      vertex -2.12306 -0.689822 0.293889
    endloop
  endfacet
  facet normal 0.240447 0.194716 0.950932
    outer loop
      vertex -2.297 -2.06823 0.572868
      vertex -1.65893 -1.49371 0.293889
      vertex -2.50061 -1.8168 0.572868
    endloop
  endfacet
  facet normal 0.185491 0.0945183 0.97809
    outer loop
      vertex -1.16848 -0.674623 0.106188
      vertex -1.2326 -0.548788 0.106188
      vertex -2.03932 -0.907964 0.293889
    endloop
  endfacet
  facet normal 0.201091 -0.0538772 0.97809
    outer loop
      vertex -1.28321 0.41694 0.106188
      vertex -2.12306 0.689822 0.293889
      vertex -2.18353 0.464124 0.293889
    endloop
  endfacet
  facet normal 0.194356 -0.074609 0.97809
    outer loop
      vertex -1.2326 0.548788 0.106188
      vertex -2.03932 0.907964 0.293889
      vertex -2.12306 0.689822 0.293889
    endloop
  endfacet
  facet normal 0.305588 -0.0484102 0.950932
    outer loop
      vertex -2.22009 0.23334 0.293889
      vertex -2.18353 0.464124 0.293889
      vertex -3.02338 0.642638 0.572868
    endloop
  endfacet
  facet normal 0.205619 -0.0325735 0.97809
    outer loop
      vertex -1.31976 0.280524 0.106188
      vertex -2.18353 0.464124 0.293889
      vertex -2.22009 0.23334 0.293889
    endloop
  endfacet
  facet normal 0.104527 0.00547857 0.994507
    outer loop
      vertex -0.448924 -0.047183 0.0118198
      vertex -0.451397 0 0.0118198
      vertex -1.34925 0 0.106188
    endloop
  endfacet
  facet normal 0 0 1
    outer loop
      vertex 0.448924 0.047183 0.0118198
      vertex 0.448924 -0.047183 0.0118198
      vertex 0.451397 0 0.0118198
    endloop
  endfacet
  facet normal 0 0 1
    outer loop
      vertex 0.441533 0.0938501 0.0118198
      vertex 0.448924 -0.047183 0.0118198
      vertex 0.448924 0.047183 0.0118198
    endloop
  endfacet
  facet normal 0 0 1
    outer loop
      vertex 0.441533 0.0938501 0.0118198
      vertex 0.441533 -0.0938501 0.0118198
      vertex 0.448924 -0.047183 0.0118198
    endloop
  endfacet
  facet normal 0 0 1
    outer loop
      vertex 0.429304 0.139489 0.0118198
      vertex 0.441533 -0.0938501 0.0118198
      vertex 0.441533 0.0938501 0.0118198
    endloop
  endfacet
  facet normal 0 0 1
    outer loop
      vertex 0.429304 0.139489 0.0118198
      vertex 0.429304 -0.139489 0.0118198
      vertex 0.441533 -0.0938501 0.0118198
    endloop
  endfacet
  facet normal 0 0 1
    outer loop
      vertex 0.412372 0.183599 0.0118198
      vertex 0.429304 -0.139489 0.0118198
      vertex 0.429304 0.139489 0.0118198
    endloop
  endfacet
  facet normal 0 0 1
    outer loop
      vertex 0.412372 0.183599 0.0118198
      vertex 0.412372 -0.183599 0.0118198
      vertex 0.429304 -0.139489 0.0118198
    endloop
  endfacet
  facet normal 0 0 1
    outer loop
      vertex 0.390922 0.225698 0.0118198
      vertex 0.412372 -0.183599 0.0118198
      vertex 0.412372 0.183599 0.0118198
    endloop
  endfacet
  facet normal 0 0 1
    outer loop
      vertex 0.390922 0.225698 0.0118198
      vertex 0.390922 -0.225698 0.0118198
      vertex 0.412372 -0.183599 0.0118198
    endloop
  endfacet
  facet normal 0 0 1
    outer loop
      vertex 0.365188 0.265325 0.0118198
      vertex 0.390922 -0.225698 0.0118198
      vertex 0.390922 0.225698 0.0118198
    endloop
  endfacet
  facet normal 0 0 1
    outer loop
      vertex 0.365188 0.265325 0.0118198
      vertex 0.365188 -0.265325 0.0118198
      vertex 0.390922 -0.225698 0.0118198
    endloop
  endfacet
  facet normal 0 0 1
    outer loop
      vertex 0.335453 0.302044 0.0118198
      vertex 0.365188 -0.265325 0.0118198
      vertex 0.365188 0.265325 0.0118198
    endloop
  endfacet
  facet normal 0 0 1
    outer loop
      vertex 0.335453 0.302044 0.0118198
      vertex 0.335453 -0.302044 0.0118198
      vertex 0.365188 -0.265325 0.0118198
    endloop
  endfacet
  facet normal 0 0 1
    outer loop
      vertex 0.302044 0.335453 0.0118198
      vertex 0.335453 -0.302044 0.0118198
      vertex 0.335453 0.302044 0.0118198
    endloop
  endfacet
  facet normal 0 0 1
    outer loop
      vertex 0.302044 0.335453 0.0118198
      vertex 0.302044 -0.335453 0.0118198
      vertex 0.335453 -0.302044 0.0118198
    endloop
  endfacet
  facet normal 0 0 1
    outer loop
      vertex 0.265325 0.365188 0.0118198
      vertex 0.302044 -0.335453 0.0118198
      vertex 0.302044 0.335453 0.0118198
    endloop
  endfacet
  facet normal 0 0 1
    outer loop
      vertex 0.265325 0.365188 0.0118198
      vertex 0.265325 -0.365188 0.0118198
      vertex 0.302044 -0.335453 0.0118198
    endloop
  endfacet
  facet normal 0 0 1
    outer loop
      vertex 0.225698 0.390922 0.0118198
      vertex 0.265325 -0.365188 0.0118198
      vertex 0.265325 0.365188 0.0118198
    endloop
  endfacet
  facet normal 0 0 1
    outer loop
      vertex 0.225698 0.390922 0.0118198
      vertex 0.225698 -0.390922 0.0118198
      vertex 0.265325 -0.365188 0.0118198
    endloop
  endfacet
  facet normal 0 0 1
    outer loop
      vertex 0.183599 0.412372 0.0118198
      vertex 0.225698 -0.390922 0.0118198
      vertex 0.225698 0.390922 0.0118198
    endloop
  endfacet
  facet normal 0 0 1
    outer loop
      vertex 0.183599 0.412372 0.0118198
      vertex 0.183599 -0.412372 0.0118198
      vertex 0.225698 -0.390922 0.0118198
    endloop
  endfacet
  facet normal 0 0 1
    outer loop
      vertex 0.139489 0.429304 0.0118198
      vertex 0.183599 -0.412372 0.0118198
      vertex 0.183599 0.412372 0.0118198
    endloop
  endfacet
  facet normal 0 0 1
    outer loop
      vertex 0.139489 0.429304 0.0118198
      vertex 0.139489 -0.429304 0.0118198
      vertex 0.183599 -0.412372 0.0118198
    endloop
  endfacet
  facet normal 0 0 1
    outer loop
      vertex 0.0938501 0.441533 0.0118198
      vertex 0.139489 -0.429304 0.0118198
      vertex 0.139489 0.429304 0.0118198
    endloop
  endfacet
  facet normal 0 0 1
    outer loop
      vertex 0.0938501 0.441533 0.0118198
      vertex 0.0938501 -0.441533 0.0118198
      vertex 0.139489 -0.429304 0.0118198
    endloop
  endfacet
  facet normal 0 0 1
    outer loop
      vertex 0.047183 0.448924 0.0118198
      vertex 0.0938501 -0.441533 0.0118198
      vertex 0.0938501 0.441533 0.0118198
    endloop
  endfacet
  facet normal 0 0 1
    outer loop
      vertex 0.047183 0.448924 0.0118198
      vertex 0.047183 -0.448924 0.0118198
      vertex 0.0938501 -0.441533 0.0118198
    endloop
  endfacet
  facet normal 0 0 1
    outer loop
      vertex 0 0.451397 0.0118198
      vertex 0.047183 -0.448924 0.0118198
      vertex 0.047183 0.448924 0.0118198
    endloop
  endfacet
  facet normal 0 0 1
    outer loop
      vertex 0 0.451397 0.0118198
      vertex 0 -0.451397 0.0118198
      vertex 0.047183 -0.448924 0.0118198
    endloop
  endfacet
  facet normal -0 0 1
    outer loop
      vertex -0.047183 0.448924 0.0118198
      vertex 0 -0.451397 0.0118198
      vertex 0 0.451397 0.0118198
    endloop
  endfacet
  facet normal 0 0 1
    outer loop
      vertex -0.047183 0.448924 0.0118198
      vertex -0.047183 -0.448924 0.0118198
      vertex 0 -0.451397 0.0118198
    endloop
  endfacet
  facet normal -0 0 1
    outer loop
      vertex -0.0938501 0.441533 0.0118198
      vertex -0.047183 -0.448924 0.0118198
      vertex -0.047183 0.448924 0.0118198
    endloop
  endfacet
  facet normal 0 0 1
    outer loop
      vertex -0.0938501 0.441533 0.0118198
      vertex -0.0938501 -0.441533 0.0118198
      vertex -0.047183 -0.448924 0.0118198
    endloop
  endfacet
  facet normal -0 0 1
    outer loop
      vertex -0.139489 0.429304 0.0118198
      vertex -0.0938501 -0.441533 0.0118198
      vertex -0.0938501 0.441533 0.0118198
    endloop
  endfacet
  facet normal 0 0 1
    outer loop
      vertex -0.139489 0.429304 0.0118198
      vertex -0.139489 -0.429304 0.0118198
      vertex -0.0938501 -0.441533 0.0118198
    endloop
  endfacet
  facet normal -0 0 1
    outer loop
      vertex -0.183599 0.412372 0.0118198
      vertex -0.139489 -0.429304 0.0118198
      vertex -0.139489 0.429304 0.0118198
    endloop
  endfacet
  facet normal 0 0 1
    outer loop
      vertex -0.183599 0.412372 0.0118198
      vertex -0.183599 -0.412372 0.0118198
      vertex -0.139489 -0.429304 0.0118198
    endloop
  endfacet
  facet normal -0 0 1
    outer loop
      vertex -0.225698 0.390922 0.0118198
      vertex -0.183599 -0.412372 0.0118198
      vertex -0.183599 0.412372 0.0118198
    endloop
  endfacet
  facet normal 0 0 1
    outer loop
      vertex -0.225698 0.390922 0.0118198
      vertex -0.225698 -0.390922 0.0118198
      vertex -0.183599 -0.412372 0.0118198
    endloop
  endfacet
  facet normal -0 0 1
    outer loop
      vertex -0.265325 0.365188 0.0118198
      vertex -0.225698 -0.390922 0.0118198
      vertex -0.225698 0.390922 0.0118198
    endloop
  endfacet
  facet normal 0 0 1
    outer loop
      vertex -0.265325 0.365188 0.0118198
      vertex -0.265325 -0.365188 0.0118198
      vertex -0.225698 -0.390922 0.0118198
    endloop
  endfacet
  facet normal -0 0 1
    outer loop
      vertex -0.302044 0.335453 0.0118198
      vertex -0.265325 -0.365188 0.0118198
      vertex -0.265325 0.365188 0.0118198
    endloop
  endfacet
  facet normal 0 0 1
    outer loop
      vertex -0.302044 0.335453 0.0118198
      vertex -0.302044 -0.335453 0.0118198
      vertex -0.265325 -0.365188 0.0118198
    endloop
  endfacet
  facet normal -0 0 1
    outer loop
      vertex -0.335453 0.302044 0.0118198
      vertex -0.302044 -0.335453 0.0118198
      vertex -0.302044 0.335453 0.0118198
    endloop
  endfacet
  facet normal 0 0 1
    outer loop
      vertex -0.335453 0.302044 0.0118198
      vertex -0.335453 -0.302044 0.0118198
      vertex -0.302044 -0.335453 0.0118198
    endloop
  endfacet
  facet normal -0 0 1
    outer loop
      vertex -0.365188 0.265325 0.0118198
      vertex -0.335453 -0.302044 0.0118198
      vertex -0.335453 0.302044 0.0118198
    endloop
  endfacet
  facet normal 0 0 1
    outer loop
      vertex -0.365188 0.265325 0.0118198
      vertex -0.365188 -0.265325 0.0118198
      vertex -0.335453 -0.302044 0.0118198
    endloop
  endfacet
  facet normal -0 0 1
    outer loop
      vertex -0.390922 0.225698 0.0118198
      vertex -0.365188 -0.265325 0.0118198
      vertex -0.365188 0.265325 0.0118198
    endloop
  endfacet
  facet normal 0 0 1
    outer loop
      vertex -0.390922 0.225698 0.0118198
      vertex -0.390922 -0.225698 0.0118198
      vertex -0.365188 -0.265325 0.0118198
    endloop
  endfacet
  facet normal -0 0 1
    outer loop
      vertex -0.412372 0.183599 0.0118198
      vertex -0.390922 -0.225698 0.0118198
      vertex -0.390922 0.225698 0.0118198
    endloop
  endfacet
  facet normal 0 0 1
    outer loop
      vertex -0.412372 0.183599 0.0118198
      vertex -0.412372 -0.183599 0.0118198
      vertex -0.390922 -0.225698 0.0118198
    endloop
  endfacet
  facet normal -0 0 1
    outer loop
      vertex -0.429304 0.139489 0.0118198
      vertex -0.412372 -0.183599 0.0118198
      vertex -0.412372 0.183599 0.0118198
    endloop
  endfacet
  facet normal 0 0 1
    outer loop
      vertex -0.429304 0.139489 0.0118198
      vertex -0.429304 -0.139489 0.0118198
      vertex -0.412372 -0.183599 0.0118198
    endloop
  endfacet
  facet normal -0 0 1
    outer loop
      vertex -0.441533 0.0938501 0.0118198
      vertex -0.429304 -0.139489 0.0118198
      vertex -0.429304 0.139489 0.0118198
    endloop
  endfacet
  facet normal 0 0 1
    outer loop
      vertex -0.441533 0.0938501 0.0118198
      vertex -0.441533 -0.0938501 0.0118198
      vertex -0.429304 -0.139489 0.0118198
    endloop
  endfacet
  facet normal -0 0 1
    outer loop
      vertex -0.448924 0.047183 0.0118198
      vertex -0.441533 -0.0938501 0.0118198
      vertex -0.441533 0.0938501 0.0118198
    endloop
  endfacet
  facet normal 0 0 1
    outer loop
      vertex -0.448924 0.047183 0.0118198
      vertex -0.448924 -0.047183 0.0118198
      vertex -0.441533 -0.0938501 0.0118198
    endloop
  endfacet
  facet normal 0 -0 1
    outer loop
      vertex -0.448924 -0.047183 0.0118198
      vertex -0.448924 0.047183 0.0118198
      vertex -0.451397 0 0.0118198
    endloop
  endfacet
  facet normal 0.0977186 0.0375101 0.994507
    outer loop
      vertex -0.412372 -0.183599 0.0118198
      vertex -0.429304 -0.139489 0.0118198
      vertex -1.2326 -0.548788 0.106188
    endloop
  endfacet
  facet normal -0.0945183 -0.185491 0.97809
    outer loop
      vertex 0.674623 1.16848 0.106188
      vertex 0.907964 2.03932 0.293889
      vertex 0.548788 1.2326 0.106188
    endloop
  endfacet
  facet normal -0.174596 -0.113386 0.97809
    outer loop
      vertex 1.16848 0.674623 0.106188
      vertex 1.80598 1.31212 0.293889
      vertex 1.09156 0.793067 0.106188
    endloop
  endfacet
  facet normal -0.316456 -0.256259 0.913338
    outer loop
      vertex 3.16784 2.30157 0.940068
      vertex 2.90991 2.62009 0.940068
      vertex 2.297 2.06823 0.572868
    endloop
  endfacet
  facet normal -0.0945124 -0.185493 0.97809
    outer loop
      vertex 1.11616 1.93324 0.293889
      vertex 0.907964 2.03932 0.293889
      vertex 0.674623 1.16848 0.106188
    endloop
  endfacet
  facet normal 0.0163791 -0.103381 0.994507
    outer loop
      vertex -0.0938501 0.441533 0.0118198
      vertex -0.141034 1.34186 0.106188
      vertex -0.280524 1.31976 0.106188
    endloop
  endfacet
  facet normal 0.0570088 -0.087784 0.994507
    outer loop
      vertex -0.225698 0.390922 0.0118198
      vertex -0.674623 1.16848 0.106188
      vertex -0.793067 1.09156 0.106188
    endloop
  endfacet
  facet normal 0.0108936 -0.207899 0.97809
    outer loop
      vertex -0.141034 1.34186 0.106188
      vertex 0 1.34925 0.106188
      vertex -0.23334 2.22009 0.293889
    endloop
  endfacet
  facet normal 0.240448 -0.194713 0.950932
    outer loop
      vertex -1.80598 1.31212 0.293889
      vertex -1.65893 1.49371 0.293889
      vertex -2.50061 1.8168 0.572868
    endloop
  endfacet
  facet normal -0.353919 -0.353919 0.865726
    outer loop
      vertex 3.14325 3.49093 1.39147
      vertex 2.90991 2.62009 0.940068
      vertex 3.49093 3.14325 1.39147
    endloop
  endfacet
  facet normal -0.353919 -0.353919 0.865726
    outer loop
      vertex 2.90991 2.62009 0.940068
      vertex 3.14325 3.49093 1.39147
      vertex 2.62009 2.90991 0.940068
    endloop
  endfacet
  facet normal -0.314988 -0.388971 0.865728
    outer loop
      vertex 3.14325 3.49093 1.39147
      vertex 2.76113 3.80037 1.39147
      vertex 2.30157 3.16784 0.940068
    endloop
  endfacet
  facet normal -0.0325735 -0.205619 0.97809
    outer loop
      vertex 0.280524 1.31976 0.106188
      vertex 0.464124 2.18353 0.293889
      vertex 0.23334 2.22009 0.293889
    endloop
  endfacet
  facet normal -0.0484102 -0.305588 0.950932
    outer loop
      vertex 0.464124 2.18353 0.293889
      vertex 0.642638 3.02338 0.572868
      vertex 0.23334 2.22009 0.293889
    endloop
  endfacet
  facet normal 0.0637041 -0.402189 0.913338
    outer loop
      vertex -0.642638 3.02338 0.572868
      vertex -0.409298 3.89422 0.940068
      vertex -0.814113 3.8301 0.940068
    endloop
  endfacet
  facet normal -0.0920252 -0.581074 0.808631
    outer loop
      vertex 1.12852 5.30928 1.92212
      vertex 0.567369 5.39815 1.92212
      vertex 0.491023 4.67178 1.39147
    endloop
  endfacet
  facet normal 0.0388926 -0.74259 0.668616
    outer loop
      vertex -0.637497 6.06539 2.5262
      vertex -0.523322 6.52257 3.02732
      vertex -0.684661 6.51412 3.02732
    endloop
  endfacet
  facet normal 0.0389178 -0.742592 0.668612
    outer loop
      vertex -0.523322 6.52257 3.02732
      vertex -0.637497 6.06539 2.5262
      vertex 0 6.0988 2.5262
    endloop
  endfacet
  facet normal 0.0350458 -0.66871 0.742696
    outer loop
      vertex -0.567369 5.39815 1.92212
      vertex 0 6.0988 2.5262
      vertex -0.637497 6.06539 2.5262
    endloop
  endfacet
  facet normal -0.140464 -0.275678 0.950932
    outer loop
      vertex 1.54546 2.67682 0.572868
      vertex 1.25719 2.8237 0.572868
      vertex 0.907964 2.03932 0.293889
    endloop
  endfacet
  facet normal -0.184867 -0.362819 0.913338
    outer loop
      vertex 1.95783 3.39107 0.940068
      vertex 1.59265 3.57714 0.940068
      vertex 1.25719 2.8237 0.572868
    endloop
  endfacet
  facet normal 0.0161905 -0.308976 0.950932
    outer loop
      vertex 0 2.23231 0.293889
      vertex 0 3.09092 0.572868
      vertex -0.323089 3.07399 0.572868
    endloop
  endfacet
  facet normal 0.0161812 -0.308979 0.950931
    outer loop
      vertex -0.23334 2.22009 0.293889
      vertex 0 2.23231 0.293889
      vertex -0.323089 3.07399 0.572868
    endloop
  endfacet
  facet normal 0.561599 -0.364707 0.742695
    outer loop
      vertex -4.39125 3.19043 1.92212
      vertex -4.93403 3.58478 2.5262
      vertex -5.28171 3.0494 2.5262
    endloop
  endfacet
  facet normal 0.520402 -0.421411 0.742695
    outer loop
      vertex -4.39125 3.19043 1.92212
      vertex -4.53229 4.08089 2.5262
      vertex -4.93403 3.58478 2.5262
    endloop
  endfacet
  facet normal 0.467275 -0.179368 0.865726
    outer loop
      vertex -3.72402 1.21001 0.940068
      vertex -3.57714 1.59265 0.940068
      vertex -4.29139 1.91065 1.39147
    endloop
  endfacet
  facet normal 0.568265 -0.152265 0.808635
    outer loop
      vertex -4.59486 0.976667 1.39147
      vertex -4.4676 1.45161 1.39147
      vertex -5.30928 1.12852 1.92212
    endloop
  endfacet
  facet normal 0.168511 -0.259485 0.950932
    outer loop
      vertex -1.31212 1.80598 0.293889
      vertex -1.54546 2.67682 0.572868
      vertex -1.8168 2.50061 0.572868
    endloop
  endfacet
  facet normal 0.287935 -0.287935 0.913338
    outer loop
      vertex -2.62009 2.90991 0.940068
      vertex -2.297 2.06823 0.572868
      vertex -2.06823 2.297 0.572868
    endloop
  endfacet
  facet normal 0.287935 -0.287935 0.913338
    outer loop
      vertex -2.297 2.06823 0.572868
      vertex -2.62009 2.90991 0.940068
      vertex -2.90991 2.62009 0.940068
    endloop
  endfacet
  facet normal 0.184867 -0.362819 0.913338
    outer loop
      vertex -1.25719 2.8237 0.572868
      vertex -1.59265 3.57714 0.940068
      vertex -1.95783 3.39107 0.940068
    endloop
  endfacet
  facet normal 0.179368 -0.467275 0.865726
    outer loop
      vertex -1.59265 3.57714 0.940068
      vertex -1.21001 3.72402 0.940068
      vertex -1.91065 4.29139 1.39147
    endloop
  endfacet
  facet normal 0.0484102 -0.305588 0.950932
    outer loop
      vertex -0.464124 2.18353 0.293889
      vertex -0.23334 2.22009 0.293889
      vertex -0.642638 3.02338 0.572868
    endloop
  endfacet
  facet normal 0.0325735 -0.205619 0.97809
    outer loop
      vertex -0.280524 1.31976 0.106188
      vertex -0.23334 2.22009 0.293889
      vertex -0.464124 2.18353 0.293889
    endloop
  endfacet
  facet normal 0.0783024 -0.494354 0.865727
    outer loop
      vertex -0.814113 3.8301 0.940068
      vertex -0.409298 3.89422 0.940068
      vertex -0.976667 4.59486 1.39147
    endloop
  endfacet
  facet normal 0.030786 -0.58751 0.808631
    outer loop
      vertex -0.491023 4.67178 1.39147
      vertex 0 4.69751 1.39147
      vertex -0.567369 5.39815 1.92212
    endloop
  endfacet
  facet normal 0.173312 -0.646819 0.74269
    outer loop
      vertex -1.12852 5.30928 1.92212
      vertex -1.26801 5.96552 2.5262
      vertex -1.88463 5.8003 2.5262
    endloop
  endfacet
  facet normal 0.152265 -0.568265 0.808635
    outer loop
      vertex -0.976667 4.59486 1.39147
      vertex -1.12852 5.30928 1.92212
      vertex -1.45161 4.4676 1.39147
    endloop
  endfacet
  facet normal 0.104761 -0.66139 0.74269
    outer loop
      vertex -1.12852 5.30928 1.92212
      vertex -0.637497 6.06539 2.5262
      vertex -1.26801 5.96552 2.5262
    endloop
  endfacet
  facet normal 0.104744 -0.661385 0.742697
    outer loop
      vertex -0.567369 5.39815 1.92212
      vertex -0.637497 6.06539 2.5262
      vertex -1.12852 5.30928 1.92212
    endloop
  endfacet
  facet normal -0.625154 -0.239973 0.742695
    outer loop
      vertex 5.8003 1.88463 2.5262
      vertex 5.57153 2.4806 2.5262
      vertex 4.95862 2.20772 1.92212
    endloop
  endfacet
  facet normal -0.596648 -0.304005 0.742693
    outer loop
      vertex 4.95862 2.20772 1.92212
      vertex 5.28171 3.0494 2.5262
      vertex 4.70069 2.71394 1.92212
    endloop
  endfacet
  facet normal -0.445965 -0.227232 0.865726
    outer loop
      vertex 4.29139 1.91065 1.39147
      vertex 4.06816 2.34876 1.39147
      vertex 3.39107 1.95783 0.940068
    endloop
  endfacet
  facet normal -0.445965 -0.227232 0.865726
    outer loop
      vertex 3.57714 1.59265 0.940068
      vertex 4.29139 1.91065 1.39147
      vertex 3.39107 1.95783 0.940068
    endloop
  endfacet
  facet normal -0.316453 -0.256266 0.913337
    outer loop
      vertex 2.50061 1.8168 0.572868
      vertex 3.16784 2.30157 0.940068
      vertex 2.297 2.06823 0.572868
    endloop
  endfacet
  facet normal -0.341508 -0.22178 0.913338
    outer loop
      vertex 3.39107 1.95783 0.940068
      vertex 3.16784 2.30157 0.940068
      vertex 2.67682 1.54546 0.572868
    endloop
  endfacet
  facet normal -0.493408 -0.320416 0.80863
    outer loop
      vertex 4.06816 2.34876 1.39147
      vertex 4.39125 3.19043 1.92212
      vertex 3.80037 2.76113 1.39147
    endloop
  endfacet
  facet normal -0.41977 -0.272596 0.865728
    outer loop
      vertex 4.06816 2.34876 1.39147
      vertex 3.80037 2.76113 1.39147
      vertex 3.16784 2.30157 0.940068
    endloop
  endfacet
  facet normal -0.147209 0.147209 0.978089
    outer loop
      vertex 1.00269 -0.902822 0.106188
      vertex 1.49371 -1.65893 0.293889
      vertex 1.65893 -1.49371 0.293889
    endloop
  endfacet
  facet normal -0.147209 0.147209 0.978089
    outer loop
      vertex 1.49371 -1.65893 0.293889
      vertex 1.00269 -0.902822 0.106188
      vertex 0.902822 -1.00269 0.106188
    endloop
  endfacet
  facet normal -0.194713 0.240448 0.950932
    outer loop
      vertex 1.8168 -2.50061 0.572868
      vertex 1.49371 -1.65893 0.293889
      vertex 1.31212 -1.80598 0.293889
    endloop
  endfacet
  facet normal -0.168511 0.259485 0.950932
    outer loop
      vertex 1.54546 -2.67682 0.572868
      vertex 1.8168 -2.50061 0.572868
      vertex 1.31212 -1.80598 0.293889
    endloop
  endfacet
  facet normal -0.131007 0.161794 0.97809
    outer loop
      vertex 1.31212 -1.80598 0.293889
      vertex 0.902822 -1.00269 0.106188
      vertex 0.793067 -1.09156 0.106188
    endloop
  endfacet
  facet normal -0.0483997 0.305593 0.950931
    outer loop
      vertex 0.323089 -3.07399 0.572868
      vertex 0.642638 -3.02338 0.572868
      vertex 0.23334 -2.22009 0.293889
    endloop
  endfacet
  facet normal 0.0325735 0.205619 0.97809
    outer loop
      vertex -0.23334 -2.22009 0.293889
      vertex -0.280524 -1.31976 0.106188
      vertex -0.464124 -2.18353 0.293889
    endloop
  endfacet
  facet normal 0.0161812 0.308979 0.950931
    outer loop
      vertex 0 -2.23231 0.293889
      vertex -0.23334 -2.22009 0.293889
      vertex -0.323089 -3.07399 0.572868
    endloop
  endfacet
  facet normal 0.0800814 0.298856 0.950932
    outer loop
      vertex -0.642638 -3.02338 0.572868
      vertex -0.464124 -2.18353 0.293889
      vertex -0.955148 -2.93964 0.572868
    endloop
  endfacet
  facet normal 0.027091 0.101104 0.994507
    outer loop
      vertex -0.0938501 -0.441533 0.0118198
      vertex -0.139489 -0.429304 0.0118198
      vertex -0.41694 -1.28321 0.106188
    endloop
  endfacet
  facet normal 0.074609 0.194356 0.97809
    outer loop
      vertex -0.689822 -2.12306 0.293889
      vertex -0.548788 -1.2326 0.106188
      vertex -0.907964 -2.03932 0.293889
    endloop
  endfacet
  facet normal -0.0163791 0.103381 0.994507
    outer loop
      vertex 0.141034 -1.34186 0.106188
      vertex 0.280524 -1.31976 0.106188
      vertex 0.0938501 -0.441533 0.0118198
    endloop
  endfacet
  facet normal -0.227232 0.445965 0.865726
    outer loop
      vertex 2.34876 -4.06816 1.39147
      vertex 1.95783 -3.39107 0.940068
      vertex 1.91065 -4.29139 1.39147
    endloop
  endfacet
  facet normal -0.227232 0.445965 0.865726
    outer loop
      vertex 1.91065 -4.29139 1.39147
      vertex 1.95783 -3.39107 0.940068
      vertex 1.59265 -3.57714 0.940068
    endloop
  endfacet
  facet normal -0.370244 0.457206 0.80863
    outer loop
      vertex 3.19043 -4.39125 1.92212
      vertex 3.14325 -3.49093 1.39147
      vertex 2.76113 -3.80037 1.39147
    endloop
  endfacet
  facet normal -0.314984 0.388977 0.865726
    outer loop
      vertex 3.14325 -3.49093 1.39147
      vertex 2.62009 -2.90991 0.940068
      vertex 2.30157 -3.16784 0.940068
    endloop
  endfacet
  facet normal -0.549237 0.210833 0.808634
    outer loop
      vertex 5.16223 -1.67731 1.92212
      vertex 4.4676 -1.45161 1.39147
      vertex 4.29139 -1.91065 1.39147
    endloop
  endfacet
  facet normal -0.467273 0.17937 0.865726
    outer loop
      vertex 4.29139 -1.91065 1.39147
      vertex 4.4676 -1.45161 1.39147
      vertex 3.72402 -1.21001 0.940068
    endloop
  endfacet
  facet normal -0.41977 0.272596 0.865728
    outer loop
      vertex 3.80037 -2.76113 1.39147
      vertex 4.06816 -2.34876 1.39147
      vertex 3.16784 -2.30157 0.940068
    endloop
  endfacet
  facet normal -0.445965 0.227232 0.865726
    outer loop
      vertex 4.06816 -2.34876 1.39147
      vertex 4.29139 -1.91065 1.39147
      vertex 3.39107 -1.95783 0.940068
    endloop
  endfacet
  facet normal -0.362821 0.184865 0.913338
    outer loop
      vertex 3.39107 -1.95783 0.940068
      vertex 2.8237 -1.25719 0.572868
      vertex 2.67682 -1.54546 0.572868
    endloop
  endfacet
  facet normal -0.380157 0.145927 0.913338
    outer loop
      vertex 3.57714 -1.59265 0.940068
      vertex 3.72402 -1.21001 0.940068
      vertex 2.8237 -1.25719 0.572868
    endloop
  endfacet
  facet normal -0.288851 0.110883 0.950931
    outer loop
      vertex 2.93964 -0.955148 0.572868
      vertex 2.12306 -0.689822 0.293889
      vertex 2.03932 -0.907964 0.293889
    endloop
  endfacet
  facet normal -0.298862 0.0800724 0.950931
    outer loop
      vertex 2.93964 -0.955148 0.572868
      vertex 2.18353 -0.464124 0.293889
      vertex 2.12306 -0.689822 0.293889
    endloop
  endfacet
  facet normal -0.275678 0.140464 0.950932
    outer loop
      vertex 2.67682 -1.54546 0.572868
      vertex 2.03932 -0.907964 0.293889
      vertex 1.93324 -1.11616 0.293889
    endloop
  endfacet
  facet normal -0.259484 0.168514 0.950932
    outer loop
      vertex 2.67682 -1.54546 0.572868
      vertex 1.93324 -1.11616 0.293889
      vertex 1.80598 -1.31212 0.293889
    endloop
  endfacet
  facet normal -0.0932613 0.0475219 0.994507
    outer loop
      vertex 1.16848 -0.674623 0.106188
      vertex 1.2326 -0.548788 0.106188
      vertex 0.390922 -0.225698 0.0118198
    endloop
  endfacet
  facet normal -0.0977186 0.0375101 0.994507
    outer loop
      vertex 1.2326 -0.548788 0.106188
      vertex 0.429304 -0.139489 0.0118198
      vertex 0.412372 -0.183599 0.0118198
    endloop
  endfacet
  facet normal -0.66139 0.104761 0.74269
    outer loop
      vertex 5.96552 -1.26801 2.5262
      vertex 6.06539 -0.637497 2.5262
      vertex 5.30928 -1.12852 1.92212
    endloop
  endfacet
  facet normal -0.661385 0.104744 0.742697
    outer loop
      vertex 6.06539 -0.637497 2.5262
      vertex 5.39815 -0.567369 1.92212
      vertex 5.30928 -1.12852 1.92212
    endloop
  endfacet
  facet normal -0.406643 0.0213083 0.913339
    outer loop
      vertex 3.89422 -0.409298 0.940068
      vertex 3.09092 0 0.572868
      vertex 3.07399 -0.323089 0.572868
    endloop
  endfacet
  facet normal -0.308976 -0.0161905 0.950932
    outer loop
      vertex 3.09092 0 0.572868
      vertex 3.07399 0.323089 0.572868
      vertex 2.23231 0 0.293889
    endloop
  endfacet
  facet normal -0.305593 -0.0483997 0.950931
    outer loop
      vertex 3.07399 0.323089 0.572868
      vertex 3.02338 0.642638 0.572868
      vertex 2.22009 0.23334 0.293889
    endloop
  endfacet
  facet normal -0.308979 -0.0161812 0.950931
    outer loop
      vertex 2.23231 0 0.293889
      vertex 3.07399 0.323089 0.572868
      vertex 2.22009 0.23334 0.293889
    endloop
  endfacet
  facet normal -0.499833 -0.0261916 0.865726
    outer loop
      vertex 4.69751 0 1.39147
      vertex 4.67178 0.491023 1.39147
      vertex 3.89422 0.409298 0.940068
    endloop
  endfacet
  facet normal -0.499834 -0.0261947 0.865725
    outer loop
      vertex 3.91567 0 0.940068
      vertex 4.69751 0 1.39147
      vertex 3.89422 0.409298 0.940068
    endloop
  endfacet
  facet normal 0.66139 0.104761 0.74269
    outer loop
      vertex -5.96552 -1.26801 2.5262
      vertex -5.30928 -1.12852 1.92212
      vertex -6.06539 -0.637497 2.5262
    endloop
  endfacet
  facet normal 0.524191 0.267091 0.808632
    outer loop
      vertex -4.06816 -2.34876 1.39147
      vertex -4.29139 -1.91065 1.39147
      vertex -4.95862 -2.20772 1.92212
    endloop
  endfacet
  facet normal 0.524191 0.267087 0.808634
    outer loop
      vertex -4.70069 -2.71394 1.92212
      vertex -4.06816 -2.34876 1.39147
      vertex -4.95862 -2.20772 1.92212
    endloop
  endfacet
  facet normal 0.62364 0.404999 0.668617
    outer loop
      vertex -5.29906 -3.84999 3.02732
      vertex -4.93403 -3.58478 2.5262
      vertex -5.58447 -3.4105 3.02732
    endloop
  endfacet
  facet normal 0.0920339 0.581068 0.808635
    outer loop
      vertex -0.491023 -4.67178 1.39147
      vertex -0.976667 -4.59486 1.39147
      vertex -1.12852 -5.30928 1.92212
    endloop
  endfacet
  facet normal 0.0350522 0.668713 0.742694
    outer loop
      vertex 0 -6.0988 2.5262
      vertex 0 -5.42789 1.92212
      vertex -0.567369 -5.39815 1.92212
    endloop
  endfacet
  facet normal -0.11631 0.734449 0.668623
    outer loop
      vertex 1.26801 -5.96552 2.5262
      vertex 1.20225 -6.43214 3.02732
      vertex 1.36182 -6.40687 3.02732
    endloop
  endfacet
  facet normal -0.116333 0.734449 0.668619
    outer loop
      vertex 1.20225 -6.43214 3.02732
      vertex 1.26801 -5.96552 2.5262
      vertex 0.637497 -6.06539 2.5262
    endloop
  endfacet
  facet normal -0.0388926 0.74259 0.668616
    outer loop
      vertex 0.637497 -6.06539 2.5262
      vertex 0.523322 -6.52257 3.02732
      vertex 0.684661 -6.51412 3.02732
    endloop
  endfacet
  facet normal -0.0389178 0.742592 0.668612
    outer loop
      vertex 0.523322 -6.52257 3.02732
      vertex 0.637497 -6.06539 2.5262
      vertex 0 -6.0988 2.5262
    endloop
  endfacet
  facet normal 0.173312 0.646819 0.74269
    outer loop
      vertex -1.26801 -5.96552 2.5262
      vertex -1.12852 -5.30928 1.92212
      vertex -1.88463 -5.8003 2.5262
    endloop
  endfacet
  facet normal 0.353919 0.353919 0.865726
    outer loop
      vertex -2.90991 -2.62009 0.940068
      vertex -3.14325 -3.49093 1.39147
      vertex -2.62009 -2.90991 0.940068
    endloop
  endfacet
  facet normal 0.353919 0.353919 0.865726
    outer loop
      vertex -3.14325 -3.49093 1.39147
      vertex -2.90991 -2.62009 0.940068
      vertex -3.49093 -3.14325 1.39147
    endloop
  endfacet
  facet normal 0.304005 0.596648 0.742693
    outer loop
      vertex -2.20772 -4.95862 1.92212
      vertex -2.71394 -4.70069 1.92212
      vertex -3.0494 -5.28171 2.5262
    endloop
  endfacet
  facet normal 0.304007 0.596644 0.742694
    outer loop
      vertex -2.4806 -5.57153 2.5262
      vertex -2.20772 -4.95862 1.92212
      vertex -3.0494 -5.28171 2.5262
    endloop
  endfacet
  facet normal 0.17937 0.467273 0.865726
    outer loop
      vertex -1.45161 -4.4676 1.39147
      vertex -1.21001 -3.72402 0.940068
      vertex -1.91065 -4.29139 1.39147
    endloop
  endfacet
  facet normal 0.210833 0.549237 0.808634
    outer loop
      vertex -1.67731 -5.16223 1.92212
      vertex -1.45161 -4.4676 1.39147
      vertex -1.91065 -4.29139 1.39147
    endloop
  endfacet
  facet normal -0.221779 0.34151 0.913337
    outer loop
      vertex 2.30157 -3.16784 0.940068
      vertex 1.8168 -2.50061 0.572868
      vertex 1.54546 -2.67682 0.572868
    endloop
  endfacet
  facet normal -0.184867 0.362819 0.913338
    outer loop
      vertex 1.59265 -3.57714 0.940068
      vertex 1.95783 -3.39107 0.940068
      vertex 1.25719 -2.8237 0.572868
    endloop
  endfacet
  facet normal -0.0213108 0.406642 0.913339
    outer loop
      vertex 0.409298 -3.89422 0.940068
      vertex 0 -3.09092 0.572868
      vertex 0 -3.91567 0.940068
    endloop
  endfacet
  facet normal 0.0213108 0.406642 0.913339
    outer loop
      vertex 0 -3.91567 0.940068
      vertex 0 -3.09092 0.572868
      vertex -0.409298 -3.89422 0.940068
    endloop
  endfacet
  facet normal -0.0163733 0.103382 0.994507
    outer loop
      vertex 0.141034 -1.34186 0.106188
      vertex 0.0938501 -0.441533 0.0118198
      vertex 0.047183 -0.448924 0.0118198
    endloop
  endfacet
  facet normal -0.0800724 0.298862 0.950931
    outer loop
      vertex 0.955148 -2.93964 0.572868
      vertex 0.689822 -2.12306 0.293889
      vertex 0.464124 -2.18353 0.293889
    endloop
  endfacet
  facet normal 0.288851 0.110883 0.950931
    outer loop
      vertex -2.03932 -0.907964 0.293889
      vertex -2.12306 -0.689822 0.293889
      vertex -2.93964 -0.955148 0.572868
    endloop
  endfacet
  facet normal 0.298862 0.0800724 0.950931
    outer loop
      vertex -2.12306 -0.689822 0.293889
      vertex -2.18353 -0.464124 0.293889
      vertex -2.93964 -0.955148 0.572868
    endloop
  endfacet
  facet normal 0.21878 0.21878 0.950932
    outer loop
      vertex -1.65893 -1.49371 0.293889
      vertex -2.06823 -2.297 0.572868
      vertex -1.49371 -1.65893 0.293889
    endloop
  endfacet
  facet normal 0.21878 0.21878 0.950932
    outer loop
      vertex -2.06823 -2.297 0.572868
      vertex -1.65893 -1.49371 0.293889
      vertex -2.297 -2.06823 0.572868
    endloop
  endfacet
  facet normal 0.184865 0.362821 0.913338
    outer loop
      vertex -1.25719 -2.8237 0.572868
      vertex -1.54546 -2.67682 0.572868
      vertex -1.95783 -3.39107 0.940068
    endloop
  endfacet
  facet normal 0.22178 0.341508 0.913338
    outer loop
      vertex -1.95783 -3.39107 0.940068
      vertex -1.54546 -2.67682 0.572868
      vertex -2.30157 -3.16784 0.940068
    endloop
  endfacet
  facet normal 0.110883 0.288851 0.950931
    outer loop
      vertex -0.689822 -2.12306 0.293889
      vertex -0.907964 -2.03932 0.293889
      vertex -0.955148 -2.93964 0.572868
    endloop
  endfacet
  facet normal 0.110877 0.288851 0.950932
    outer loop
      vertex -0.955148 -2.93964 0.572868
      vertex -0.907964 -2.03932 0.293889
      vertex -1.25719 -2.8237 0.572868
    endloop
  endfacet
  facet normal 0.58751 0.030786 0.808631
    outer loop
      vertex -4.67178 -0.491023 1.39147
      vertex -4.69751 0 1.39147
      vertex -5.39815 -0.567369 1.92212
    endloop
  endfacet
  facet normal 0.581074 0.0920252 0.808631
    outer loop
      vertex -5.30928 -1.12852 1.92212
      vertex -4.67178 -0.491023 1.39147
      vertex -5.39815 -0.567369 1.92212
    endloop
  endfacet
  facet normal 0.483463 0.129543 0.865727
    outer loop
      vertex -3.72402 -1.21001 0.940068
      vertex -3.8301 -0.814113 0.940068
      vertex -4.4676 -1.45161 1.39147
    endloop
  endfacet
  facet normal 0.483463 0.129543 0.865727
    outer loop
      vertex -4.4676 -1.45161 1.39147
      vertex -3.8301 -0.814113 0.940068
      vertex -4.59486 -0.976667 1.39147
    endloop
  endfacet
  facet normal 0.0483997 0.305593 0.950931
    outer loop
      vertex -0.323089 -3.07399 0.572868
      vertex -0.23334 -2.22009 0.293889
      vertex -0.642638 -3.02338 0.572868
    endloop
  endfacet
  facet normal 0.0636983 0.402188 0.913339
    outer loop
      vertex -0.409298 -3.89422 0.940068
      vertex -0.323089 -3.07399 0.572868
      vertex -0.642638 -3.02338 0.572868
    endloop
  endfacet
  facet normal 0.0877847 0.0570079 0.994507
    outer loop
      vertex -0.365188 -0.265325 0.0118198
      vertex -0.390922 -0.225698 0.0118198
      vertex -1.09156 -0.793067 0.106188
    endloop
  endfacet
  facet normal 0.0813474 0.065868 0.994507
    outer loop
      vertex -1.00269 -0.902822 0.106188
      vertex -0.365188 -0.265325 0.0118198
      vertex -1.09156 -0.793067 0.106188
    endloop
  endfacet
  facet normal 0.298862 -0.0800724 0.950931
    outer loop
      vertex -2.18353 0.464124 0.293889
      vertex -2.12306 0.689822 0.293889
      vertex -2.93964 0.955148 0.572868
    endloop
  endfacet
  facet normal 0.298856 -0.0800814 0.950932
    outer loop
      vertex -2.18353 0.464124 0.293889
      vertex -2.93964 0.955148 0.572868
      vertex -3.02338 0.642638 0.572868
    endloop
  endfacet
  facet normal 0.174596 -0.113386 0.97809
    outer loop
      vertex -1.16848 0.674623 0.106188
      vertex -1.80598 1.31212 0.293889
      vertex -1.93324 1.11616 0.293889
    endloop
  endfacet
  facet normal 0.185493 -0.0945124 0.97809
    outer loop
      vertex -1.16848 0.674623 0.106188
      vertex -1.93324 1.11616 0.293889
      vertex -2.03932 0.907964 0.293889
    endloop
  endfacet
  facet normal 0.103381 -0.0163791 0.994507
    outer loop
      vertex -0.441533 0.0938501 0.0118198
      vertex -1.31976 0.280524 0.106188
      vertex -1.34186 0.141034 0.106188
    endloop
  endfacet
  facet normal 0.104527 -0.00547707 0.994507
    outer loop
      vertex -0.448924 0.047183 0.0118198
      vertex -1.34186 0.141034 0.106188
      vertex -1.34925 0 0.106188
    endloop
  endfacet
  facet normal 0.147209 -0.147209 0.978089
    outer loop
      vertex -1.49371 1.65893 0.293889
      vertex -1.00269 0.902822 0.106188
      vertex -0.902822 1.00269 0.106188
    endloop
  endfacet
  facet normal 0.147209 -0.147209 0.978089
    outer loop
      vertex -1.00269 0.902822 0.106188
      vertex -1.49371 1.65893 0.293889
      vertex -1.65893 1.49371 0.293889
    endloop
  endfacet
  facet normal 0.161794 -0.131007 0.97809
    outer loop
      vertex -1.09156 0.793067 0.106188
      vertex -1.00269 0.902822 0.106188
      vertex -1.80598 1.31212 0.293889
    endloop
  endfacet
  facet normal 0.161794 0.131007 0.97809
    outer loop
      vertex -1.00269 -0.902822 0.106188
      vertex -1.09156 -0.793067 0.106188
      vertex -1.80598 -1.31212 0.293889
    endloop
  endfacet
  facet normal 0.240448 0.194713 0.950932
    outer loop
      vertex -1.65893 -1.49371 0.293889
      vertex -1.80598 -1.31212 0.293889
      vertex -2.50061 -1.8168 0.572868
    endloop
  endfacet
  facet normal 0.308979 -0.0161812 0.950931
    outer loop
      vertex -2.23231 0 0.293889
      vertex -2.22009 0.23334 0.293889
      vertex -3.07399 0.323089 0.572868
    endloop
  endfacet
  facet normal 0.305593 -0.0483997 0.950931
    outer loop
      vertex -2.22009 0.23334 0.293889
      vertex -3.02338 0.642638 0.572868
      vertex -3.07399 0.323089 0.572868
    endloop
  endfacet
  facet normal 0.194357 0.074604 0.97809
    outer loop
      vertex -1.2326 -0.548788 0.106188
      vertex -1.28321 -0.41694 0.106188
      vertex -2.12306 -0.689822 0.293889
    endloop
  endfacet
  facet normal 0.201091 0.0538772 0.97809
    outer loop
      vertex -2.12306 -0.689822 0.293889
      vertex -1.28321 -0.41694 0.106188
      vertex -2.18353 -0.464124 0.293889
    endloop
  endfacet
  facet normal 0.0932626 0.0475185 0.994507
    outer loop
      vertex -0.390922 -0.225698 0.0118198
      vertex -0.412372 -0.183599 0.0118198
      vertex -1.2326 -0.548788 0.106188
    endloop
  endfacet
  facet normal -0.00547707 -0.104527 0.994507
    outer loop
      vertex 0.047183 0.448924 0.0118198
      vertex 0.141034 1.34186 0.106188
      vertex 0 1.34925 0.106188
    endloop
  endfacet
  facet normal -0.131007 -0.161794 0.97809
    outer loop
      vertex 0.902822 1.00269 0.106188
      vertex 1.31212 1.80598 0.293889
      vertex 0.793067 1.09156 0.106188
    endloop
  endfacet
  facet normal -0.065868 -0.0813474 0.994507
    outer loop
      vertex 0.902822 1.00269 0.106188
      vertex 0.793067 1.09156 0.106188
      vertex 0.265325 0.365188 0.0118198
    endloop
  endfacet
  facet normal -0.288851 -0.110883 0.950931
    outer loop
      vertex 2.12306 0.689822 0.293889
      vertex 2.93964 0.955148 0.572868
      vertex 2.03932 0.907964 0.293889
    endloop
  endfacet
  facet normal -0.201091 0.0538784 0.97809
    outer loop
      vertex 2.18353 -0.464124 0.293889
      vertex 1.31976 -0.280524 0.106188
      vertex 1.28321 -0.41694 0.106188
    endloop
  endfacet
  facet normal -0.101105 0.0270891 0.994507
    outer loop
      vertex 1.28321 -0.41694 0.106188
      vertex 1.31976 -0.280524 0.106188
      vertex 0.441533 -0.0938501 0.0118198
    endloop
  endfacet
  facet normal -0.184865 -0.362821 0.913338
    outer loop
      vertex 1.54546 2.67682 0.572868
      vertex 1.95783 3.39107 0.940068
      vertex 1.25719 2.8237 0.572868
    endloop
  endfacet
  facet normal -0.22178 -0.341508 0.913338
    outer loop
      vertex 2.30157 3.16784 0.940068
      vertex 1.95783 3.39107 0.940068
      vertex 1.54546 2.67682 0.572868
    endloop
  endfacet
  facet normal -0.0108877 -0.2079 0.978089
    outer loop
      vertex 0.23334 2.22009 0.293889
      vertex 0 2.23231 0.293889
      vertex 0 1.34925 0.106188
    endloop
  endfacet
  facet normal -0.0161812 -0.308979 0.950931
    outer loop
      vertex 0.23334 2.22009 0.293889
      vertex 0.323089 3.07399 0.572868
      vertex 0 2.23231 0.293889
    endloop
  endfacet
  facet normal -0.17937 -0.467273 0.865726
    outer loop
      vertex 1.91065 4.29139 1.39147
      vertex 1.45161 4.4676 1.39147
      vertex 1.21001 3.72402 0.940068
    endloop
  endfacet
  facet normal -0.210833 -0.549237 0.808634
    outer loop
      vertex 1.91065 4.29139 1.39147
      vertex 1.67731 5.16223 1.92212
      vertex 1.45161 4.4676 1.39147
    endloop
  endfacet
  facet normal -0.0920339 -0.581068 0.808635
    outer loop
      vertex 0.976667 4.59486 1.39147
      vertex 1.12852 5.30928 1.92212
      vertex 0.491023 4.67178 1.39147
    endloop
  endfacet
  facet normal -0.152265 -0.568265 0.808635
    outer loop
      vertex 1.45161 4.4676 1.39147
      vertex 1.12852 5.30928 1.92212
      vertex 0.976667 4.59486 1.39147
    endloop
  endfacet
  facet normal 0.457209 -0.370228 0.808635
    outer loop
      vertex -3.49093 3.14325 1.39147
      vertex -4.03371 3.63197 1.92212
      vertex -4.39125 3.19043 1.92212
    endloop
  endfacet
  facet normal 0.520411 -0.421406 0.74269
    outer loop
      vertex -4.39125 3.19043 1.92212
      vertex -4.03371 3.63197 1.92212
      vertex -4.53229 4.08089 2.5262
    endloop
  endfacet
  facet normal 0.568266 -0.152269 0.808634
    outer loop
      vertex -4.4676 1.45161 1.39147
      vertex -5.16223 1.67731 1.92212
      vertex -5.30928 1.12852 1.92212
    endloop
  endfacet
  facet normal 0.549237 -0.210837 0.808632
    outer loop
      vertex -4.29139 1.91065 1.39147
      vertex -4.95862 2.20772 1.92212
      vertex -5.16223 1.67731 1.92212
    endloop
  endfacet
  facet normal 0.145927 -0.380157 0.913338
    outer loop
      vertex -1.25719 2.8237 0.572868
      vertex -1.21001 3.72402 0.940068
      vertex -1.59265 3.57714 0.940068
    endloop
  endfacet
  facet normal 0.145925 -0.380157 0.913338
    outer loop
      vertex -0.955148 2.93964 0.572868
      vertex -1.21001 3.72402 0.940068
      vertex -1.25719 2.8237 0.572868
    endloop
  endfacet
  facet normal 0.131007 -0.161794 0.97809
    outer loop
      vertex -0.902822 1.00269 0.106188
      vertex -0.793067 1.09156 0.106188
      vertex -1.31212 1.80598 0.293889
    endloop
  endfacet
  facet normal 0.131016 -0.16179 0.978089
    outer loop
      vertex -0.902822 1.00269 0.106188
      vertex -1.31212 1.80598 0.293889
      vertex -1.49371 1.65893 0.293889
    endloop
  endfacet
  facet normal 0.256259 -0.316456 0.913338
    outer loop
      vertex -2.06823 2.297 0.572868
      vertex -2.30157 3.16784 0.940068
      vertex -2.62009 2.90991 0.940068
    endloop
  endfacet
  facet normal 0.0800724 -0.298862 0.950931
    outer loop
      vertex -0.689822 2.12306 0.293889
      vertex -0.464124 2.18353 0.293889
      vertex -0.955148 2.93964 0.572868
    endloop
  endfacet
  facet normal 0.0375095 -0.0977189 0.994507
    outer loop
      vertex -0.139489 0.429304 0.0118198
      vertex -0.41694 1.28321 0.106188
      vertex -0.548788 1.2326 0.106188
    endloop
  endfacet
  facet normal 0.0213083 -0.406643 0.913339
    outer loop
      vertex -0.323089 3.07399 0.572868
      vertex 0 3.09092 0.572868
      vertex -0.409298 3.89422 0.940068
    endloop
  endfacet
  facet normal 0.0636983 -0.402188 0.913339
    outer loop
      vertex -0.323089 3.07399 0.572868
      vertex -0.409298 3.89422 0.940068
      vertex -0.642638 3.02338 0.572868
    endloop
  endfacet
  facet normal -0.596644 -0.304007 0.742694
    outer loop
      vertex 5.57153 2.4806 2.5262
      vertex 5.28171 3.0494 2.5262
      vertex 4.95862 2.20772 1.92212
    endloop
  endfacet
  facet normal -0.662567 -0.337566 0.668621
    outer loop
      vertex 5.28171 3.0494 2.5262
      vertex 5.74581 3.13105 3.02732
      vertex 5.67247 3.275 3.02732
    endloop
  endfacet
  facet normal -0.662558 -0.337592 0.668617
    outer loop
      vertex 5.74581 3.13105 3.02732
      vertex 5.28171 3.0494 2.5262
      vertex 5.57153 2.4806 2.5262
    endloop
  endfacet
  facet normal -0.275678 -0.140464 0.950932
    outer loop
      vertex 2.03932 0.907964 0.293889
      vertex 2.67682 1.54546 0.572868
      vertex 1.93324 1.11616 0.293889
    endloop
  endfacet
  facet normal -0.194357 -0.074604 0.97809
    outer loop
      vertex 1.28321 0.41694 0.106188
      vertex 2.12306 0.689822 0.293889
      vertex 1.2326 0.548788 0.106188
    endloop
  endfacet
  facet normal -0.287935 -0.287935 0.913338
    outer loop
      vertex 2.62009 2.90991 0.940068
      vertex 2.297 2.06823 0.572868
      vertex 2.90991 2.62009 0.940068
    endloop
  endfacet
  facet normal -0.287935 -0.287935 0.913338
    outer loop
      vertex 2.297 2.06823 0.572868
      vertex 2.62009 2.90991 0.940068
      vertex 2.06823 2.297 0.572868
    endloop
  endfacet
  facet normal -0.388977 -0.314984 0.865726
    outer loop
      vertex 3.16784 2.30157 0.940068
      vertex 3.49093 3.14325 1.39147
      vertex 2.90991 2.62009 0.940068
    endloop
  endfacet
  facet normal -0.0977189 0.0375095 0.994507
    outer loop
      vertex 1.2326 -0.548788 0.106188
      vertex 1.28321 -0.41694 0.106188
      vertex 0.429304 -0.139489 0.0118198
    endloop
  endfacet
  facet normal -0.16179 0.131016 0.978089
    outer loop
      vertex 1.65893 -1.49371 0.293889
      vertex 1.80598 -1.31212 0.293889
      vertex 1.00269 -0.902822 0.106188
    endloop
  endfacet
  facet normal -0.113386 0.174596 0.97809
    outer loop
      vertex 1.11616 -1.93324 0.293889
      vertex 1.31212 -1.80598 0.293889
      vertex 0.674623 -1.16848 0.106188
    endloop
  endfacet
  facet normal -0.0945183 0.185491 0.97809
    outer loop
      vertex 0.907964 -2.03932 0.293889
      vertex 0.674623 -1.16848 0.106188
      vertex 0.548788 -1.2326 0.106188
    endloop
  endfacet
  facet normal 0.0108936 0.207899 0.97809
    outer loop
      vertex 0 -1.34925 0.106188
      vertex -0.141034 -1.34186 0.106188
      vertex -0.23334 -2.22009 0.293889
    endloop
  endfacet
  facet normal 0.0325772 0.20562 0.97809
    outer loop
      vertex -0.23334 -2.22009 0.293889
      vertex -0.141034 -1.34186 0.106188
      vertex -0.280524 -1.31976 0.106188
    endloop
  endfacet
  facet normal -0.0375101 0.0977186 0.994507
    outer loop
      vertex 0.548788 -1.2326 0.106188
      vertex 0.183599 -0.412372 0.0118198
      vertex 0.139489 -0.429304 0.0118198
    endloop
  endfacet
  facet normal -0.320416 0.493408 0.80863
    outer loop
      vertex 3.19043 -4.39125 1.92212
      vertex 2.76113 -3.80037 1.39147
      vertex 2.34876 -4.06816 1.39147
    endloop
  endfacet
  facet normal -0.272596 0.41977 0.865728
    outer loop
      vertex 2.34876 -4.06816 1.39147
      vertex 2.76113 -3.80037 1.39147
      vertex 2.30157 -3.16784 0.940068
    endloop
  endfacet
  facet normal -0.568265 0.152265 0.808635
    outer loop
      vertex 5.30928 -1.12852 1.92212
      vertex 4.59486 -0.976667 1.39147
      vertex 4.4676 -1.45161 1.39147
    endloop
  endfacet
  facet normal -0.494354 0.0783024 0.865727
    outer loop
      vertex 4.59486 -0.976667 1.39147
      vertex 3.89422 -0.409298 0.940068
      vertex 3.8301 -0.814113 0.940068
    endloop
  endfacet
  facet normal -0.362819 0.184867 0.913338
    outer loop
      vertex 3.39107 -1.95783 0.940068
      vertex 3.57714 -1.59265 0.940068
      vertex 2.8237 -1.25719 0.572868
    endloop
  endfacet
  facet normal -0.445965 0.227232 0.865726
    outer loop
      vertex 4.29139 -1.91065 1.39147
      vertex 3.57714 -1.59265 0.940068
      vertex 3.39107 -1.95783 0.940068
    endloop
  endfacet
  facet normal -0.393327 0.105396 0.913338
    outer loop
      vertex 3.8301 -0.814113 0.940068
      vertex 3.02338 -0.642638 0.572868
      vertex 2.93964 -0.955148 0.572868
    endloop
  endfacet
  facet normal -0.298856 0.0800814 0.950932
    outer loop
      vertex 2.93964 -0.955148 0.572868
      vertex 3.02338 -0.642638 0.572868
      vertex 2.18353 -0.464124 0.293889
    endloop
  endfacet
  facet normal -0.205619 0.0325735 0.97809
    outer loop
      vertex 2.18353 -0.464124 0.293889
      vertex 2.22009 -0.23334 0.293889
      vertex 1.31976 -0.280524 0.106188
    endloop
  endfacet
  facet normal -0.259484 -0.168514 0.950932
    outer loop
      vertex 1.93324 1.11616 0.293889
      vertex 2.67682 1.54546 0.572868
      vertex 1.80598 1.31212 0.293889
    endloop
  endfacet
  facet normal -0.380157 -0.145925 0.913338
    outer loop
      vertex 2.93964 0.955148 0.572868
      vertex 3.72402 1.21001 0.940068
      vertex 2.8237 1.25719 0.572868
    endloop
  endfacet
  facet normal -0.402189 -0.0637041 0.913338
    outer loop
      vertex 3.89422 0.409298 0.940068
      vertex 3.8301 0.814113 0.940068
      vertex 3.02338 0.642638 0.572868
    endloop
  endfacet
  facet normal -0.406643 -0.0213083 0.913339
    outer loop
      vertex 3.09092 0 0.572868
      vertex 3.89422 0.409298 0.940068
      vertex 3.07399 0.323089 0.572868
    endloop
  endfacet
  facet normal -0.201091 -0.0538784 0.97809
    outer loop
      vertex 1.31976 0.280524 0.106188
      vertex 2.18353 0.464124 0.293889
      vertex 1.28321 0.41694 0.106188
    endloop
  endfacet
  facet normal -0.393327 -0.105391 0.913338
    outer loop
      vertex 3.8301 0.814113 0.940068
      vertex 3.72402 1.21001 0.940068
      vertex 2.93964 0.955148 0.572868
    endloop
  endfacet
  facet normal -0.483463 -0.129543 0.865727
    outer loop
      vertex 3.8301 0.814113 0.940068
      vertex 4.4676 1.45161 1.39147
      vertex 3.72402 1.21001 0.940068
    endloop
  endfacet
  facet normal 0.694217 0.266482 0.668618
    outer loop
      vertex -5.8003 -1.88463 2.5262
      vertex -6.22942 -2.02406 3.02732
      vertex -6.04162 -2.5133 3.02732
    endloop
  endfacet
  facet normal 0.239973 0.625154 0.742695
    outer loop
      vertex -1.88463 -5.8003 2.5262
      vertex -2.20772 -4.95862 1.92212
      vertex -2.4806 -5.57153 2.5262
    endloop
  endfacet
  facet normal 0.23998 0.625155 0.742692
    outer loop
      vertex -1.88463 -5.8003 2.5262
      vertex -1.67731 -5.16223 1.92212
      vertex -2.20772 -4.95862 1.92212
    endloop
  endfacet
  facet normal 0.0307955 0.587505 0.808634
    outer loop
      vertex 0 -5.42789 1.92212
      vertex 0 -4.69751 1.39147
      vertex -0.567369 -5.39815 1.92212
    endloop
  endfacet
  facet normal -0.0307955 0.587505 0.808634
    outer loop
      vertex 0.567369 -5.39815 1.92212
      vertex 0 -4.69751 1.39147
      vertex 0 -5.42789 1.92212
    endloop
  endfacet
  facet normal 0.405012 0.623627 0.668621
    outer loop
      vertex -3.0494 -5.28171 2.5262
      vertex -3.4105 -5.58447 3.02732
      vertex -3.275 -5.67247 3.02732
    endloop
  endfacet
  facet normal 0.404997 0.62364 0.668618
    outer loop
      vertex -3.4105 -5.58447 3.02732
      vertex -3.0494 -5.28171 2.5262
      vertex -3.58478 -4.93403 2.5262
    endloop
  endfacet
  facet normal 0.364707 0.561599 0.742695
    outer loop
      vertex -3.0494 -5.28171 2.5262
      vertex -3.19043 -4.39125 1.92212
      vertex -3.58478 -4.93403 2.5262
    endloop
  endfacet
  facet normal 0.266482 0.694217 0.668618
    outer loop
      vertex -2.5133 -6.04162 3.02732
      vertex -2.02406 -6.22942 3.02732
      vertex -1.88463 -5.8003 2.5262
    endloop
  endfacet
  facet normal 0.370244 0.457206 0.80863
    outer loop
      vertex -2.76113 -3.80037 1.39147
      vertex -3.14325 -3.49093 1.39147
      vertex -3.19043 -4.39125 1.92212
    endloop
  endfacet
  facet normal 0.370228 0.457209 0.808635
    outer loop
      vertex -3.19043 -4.39125 1.92212
      vertex -3.14325 -3.49093 1.39147
      vertex -3.63197 -4.03371 1.92212
    endloop
  endfacet
  facet normal 0.129543 0.483463 0.865727
    outer loop
      vertex -0.976667 -4.59486 1.39147
      vertex -0.814113 -3.8301 0.940068
      vertex -1.45161 -4.4676 1.39147
    endloop
  endfacet
  facet normal 0.0783024 0.494354 0.865727
    outer loop
      vertex -0.409298 -3.89422 0.940068
      vertex -0.814113 -3.8301 0.940068
      vertex -0.976667 -4.59486 1.39147
    endloop
  endfacet
  facet normal -0.145925 0.380157 0.913338
    outer loop
      vertex 1.21001 -3.72402 0.940068
      vertex 1.25719 -2.8237 0.572868
      vertex 0.955148 -2.93964 0.572868
    endloop
  endfacet
  facet normal -0.105391 0.393327 0.913338
    outer loop
      vertex 1.21001 -3.72402 0.940068
      vertex 0.955148 -2.93964 0.572868
      vertex 0.814113 -3.8301 0.940068
    endloop
  endfacet
  facet normal -0.184865 0.362821 0.913338
    outer loop
      vertex 1.95783 -3.39107 0.940068
      vertex 1.54546 -2.67682 0.572868
      vertex 1.25719 -2.8237 0.572868
    endloop
  endfacet
  facet normal -0.140464 0.275678 0.950932
    outer loop
      vertex 1.25719 -2.8237 0.572868
      vertex 1.54546 -2.67682 0.572868
      vertex 0.907964 -2.03932 0.293889
    endloop
  endfacet
  facet normal -0.0108936 0.207899 0.97809
    outer loop
      vertex 0.23334 -2.22009 0.293889
      vertex 0.141034 -1.34186 0.106188
      vertex 0 -1.34925 0.106188
    endloop
  endfacet
  facet normal -0.0325772 0.20562 0.97809
    outer loop
      vertex 0.23334 -2.22009 0.293889
      vertex 0.280524 -1.31976 0.106188
      vertex 0.141034 -1.34186 0.106188
    endloop
  endfacet
  facet normal -0.074604 0.194357 0.97809
    outer loop
      vertex 0.689822 -2.12306 0.293889
      vertex 0.548788 -1.2326 0.106188
      vertex 0.41694 -1.28321 0.106188
    endloop
  endfacet
  facet normal -0.0538772 0.201091 0.97809
    outer loop
      vertex 0.464124 -2.18353 0.293889
      vertex 0.689822 -2.12306 0.293889
      vertex 0.41694 -1.28321 0.106188
    endloop
  endfacet
  facet normal -0.0325735 0.205619 0.97809
    outer loop
      vertex 0.464124 -2.18353 0.293889
      vertex 0.280524 -1.31976 0.106188
      vertex 0.23334 -2.22009 0.293889
    endloop
  endfacet
  facet normal -0.0484102 0.305588 0.950932
    outer loop
      vertex 0.642638 -3.02338 0.572868
      vertex 0.464124 -2.18353 0.293889
      vertex 0.23334 -2.22009 0.293889
    endloop
  endfacet
  facet normal 0.256266 0.316453 0.913337
    outer loop
      vertex -1.8168 -2.50061 0.572868
      vertex -2.06823 -2.297 0.572868
      vertex -2.30157 -3.16784 0.940068
    endloop
  endfacet
  facet normal 0.256259 0.316456 0.913338
    outer loop
      vertex -2.30157 -3.16784 0.940068
      vertex -2.06823 -2.297 0.572868
      vertex -2.62009 -2.90991 0.940068
    endloop
  endfacet
  facet normal 0.140464 0.275678 0.950932
    outer loop
      vertex -0.907964 -2.03932 0.293889
      vertex -1.11616 -1.93324 0.293889
      vertex -1.54546 -2.67682 0.572868
    endloop
  endfacet
  facet normal 0.140464 0.275678 0.950932
    outer loop
      vertex -1.25719 -2.8237 0.572868
      vertex -0.907964 -2.03932 0.293889
      vertex -1.54546 -2.67682 0.572868
    endloop
  endfacet
  facet normal 0.0945183 0.185491 0.97809
    outer loop
      vertex -0.548788 -1.2326 0.106188
      vertex -0.674623 -1.16848 0.106188
      vertex -0.907964 -2.03932 0.293889
    endloop
  endfacet
  facet normal 0.0475219 0.0932613 0.994507
    outer loop
      vertex -0.548788 -1.2326 0.106188
      vertex -0.225698 -0.390922 0.0118198
      vertex -0.674623 -1.16848 0.106188
    endloop
  endfacet
  facet normal 0.174596 0.113386 0.97809
    outer loop
      vertex -1.09156 -0.793067 0.106188
      vertex -1.16848 -0.674623 0.106188
      vertex -1.80598 -1.31212 0.293889
    endloop
  endfacet
  facet normal 0.087784 0.0570088 0.994507
    outer loop
      vertex -1.09156 -0.793067 0.106188
      vertex -0.390922 -0.225698 0.0118198
      vertex -1.16848 -0.674623 0.106188
    endloop
  endfacet
  facet normal 0.362821 -0.184865 0.913338
    outer loop
      vertex -2.8237 1.25719 0.572868
      vertex -2.67682 1.54546 0.572868
      vertex -3.39107 1.95783 0.940068
    endloop
  endfacet
  facet normal 0.275678 -0.140464 0.950932
    outer loop
      vertex -2.03932 0.907964 0.293889
      vertex -2.67682 1.54546 0.572868
      vertex -2.8237 1.25719 0.572868
    endloop
  endfacet
  facet normal 0.0977186 -0.0375101 0.994507
    outer loop
      vertex -0.429304 0.139489 0.0118198
      vertex -0.412372 0.183599 0.0118198
      vertex -1.2326 0.548788 0.106188
    endloop
  endfacet
  facet normal 0.101105 -0.0270891 0.994507
    outer loop
      vertex -0.441533 0.0938501 0.0118198
      vertex -1.28321 0.41694 0.106188
      vertex -1.31976 0.280524 0.106188
    endloop
  endfacet
  facet normal 0.0932626 -0.0475185 0.994507
    outer loop
      vertex -0.412372 0.183599 0.0118198
      vertex -0.390922 0.225698 0.0118198
      vertex -1.2326 0.548788 0.106188
    endloop
  endfacet
  facet normal 0.207899 -0.0108936 0.97809
    outer loop
      vertex -1.34925 0 0.106188
      vertex -1.34186 0.141034 0.106188
      vertex -2.22009 0.23334 0.293889
    endloop
  endfacet
  facet normal 0.20562 -0.0325772 0.97809
    outer loop
      vertex -1.34186 0.141034 0.106188
      vertex -1.31976 0.280524 0.106188
      vertex -2.22009 0.23334 0.293889
    endloop
  endfacet
  facet normal 0.0740132 -0.0740132 0.994507
    outer loop
      vertex -0.902822 1.00269 0.106188
      vertex -0.335453 0.302044 0.0118198
      vertex -0.302044 0.335453 0.0118198
    endloop
  endfacet
  facet normal 0.0740132 -0.0740132 0.994507
    outer loop
      vertex -0.335453 0.302044 0.0118198
      vertex -0.902822 1.00269 0.106188
      vertex -1.00269 0.902822 0.106188
    endloop
  endfacet
  facet normal 0.0877847 -0.0570079 0.994507
    outer loop
      vertex -0.390922 0.225698 0.0118198
      vertex -0.365188 0.265325 0.0118198
      vertex -1.09156 0.793067 0.106188
    endloop
  endfacet
  facet normal 0.0813474 -0.065868 0.994507
    outer loop
      vertex -0.365188 0.265325 0.0118198
      vertex -1.00269 0.902822 0.106188
      vertex -1.09156 0.793067 0.106188
    endloop
  endfacet
  facet normal 0.16179 0.131016 0.978089
    outer loop
      vertex -1.65893 -1.49371 0.293889
      vertex -1.00269 -0.902822 0.106188
      vertex -1.80598 -1.31212 0.293889
    endloop
  endfacet
  facet normal 0.147209 0.147209 0.978089
    outer loop
      vertex -1.00269 -0.902822 0.106188
      vertex -1.49371 -1.65893 0.293889
      vertex -0.902822 -1.00269 0.106188
    endloop
  endfacet
  facet normal 0.147209 0.147209 0.978089
    outer loop
      vertex -1.49371 -1.65893 0.293889
      vertex -1.00269 -0.902822 0.106188
      vertex -1.65893 -1.49371 0.293889
    endloop
  endfacet
  facet normal 0.174596 0.113386 0.97809
    outer loop
      vertex -1.80598 -1.31212 0.293889
      vertex -1.16848 -0.674623 0.106188
      vertex -1.93324 -1.11616 0.293889
    endloop
  endfacet
  facet normal 0.259484 0.168514 0.950932
    outer loop
      vertex -1.80598 -1.31212 0.293889
      vertex -1.93324 -1.11616 0.293889
      vertex -2.67682 -1.54546 0.572868
    endloop
  endfacet
  facet normal -0.027091 -0.101104 0.994507
    outer loop
      vertex 0.139489 0.429304 0.0118198
      vertex 0.41694 1.28321 0.106188
      vertex 0.0938501 0.441533 0.0118198
    endloop
  endfacet
  facet normal -0.00547857 -0.104527 0.994507
    outer loop
      vertex 0.047183 0.448924 0.0118198
      vertex 0 1.34925 0.106188
      vertex 0 0.451397 0.0118198
    endloop
  endfacet
  facet normal -0.0163733 -0.103382 0.994507
    outer loop
      vertex 0.0938501 0.441533 0.0118198
      vertex 0.141034 1.34186 0.106188
      vertex 0.047183 0.448924 0.0118198
    endloop
  endfacet
  facet normal -0.0475185 -0.0932626 0.994507
    outer loop
      vertex 0.225698 0.390922 0.0118198
      vertex 0.548788 1.2326 0.106188
      vertex 0.183599 0.412372 0.0118198
    endloop
  endfacet
  facet normal -0.140464 -0.275678 0.950932
    outer loop
      vertex 1.11616 1.93324 0.293889
      vertex 1.54546 2.67682 0.572868
      vertex 0.907964 2.03932 0.293889
    endloop
  endfacet
  facet normal -0.168514 -0.259484 0.950932
    outer loop
      vertex 1.31212 1.80598 0.293889
      vertex 1.54546 2.67682 0.572868
      vertex 1.11616 1.93324 0.293889
    endloop
  endfacet
  facet normal -0.147209 -0.147209 0.978089
    outer loop
      vertex 1.49371 1.65893 0.293889
      vertex 1.00269 0.902822 0.106188
      vertex 1.65893 1.49371 0.293889
    endloop
  endfacet
  facet normal -0.147209 -0.147209 0.978089
    outer loop
      vertex 1.00269 0.902822 0.106188
      vertex 1.49371 1.65893 0.293889
      vertex 0.902822 1.00269 0.106188
    endloop
  endfacet
  facet normal -0.0877847 -0.0570079 0.994507
    outer loop
      vertex 0.390922 0.225698 0.0118198
      vertex 1.09156 0.793067 0.106188
      vertex 0.365188 0.265325 0.0118198
    endloop
  endfacet
  facet normal -0.0977189 -0.0375095 0.994507
    outer loop
      vertex 1.28321 0.41694 0.106188
      vertex 1.2326 0.548788 0.106188
      vertex 0.429304 0.139489 0.0118198
    endloop
  endfacet
  facet normal -0.104527 -0.00547857 0.994507
    outer loop
      vertex 0.451397 0 0.0118198
      vertex 1.34925 0 0.106188
      vertex 0.448924 0.047183 0.0118198
    endloop
  endfacet
  facet normal -0.104527 -0.00547707 0.994507
    outer loop
      vertex 1.34925 0 0.106188
      vertex 1.34186 0.141034 0.106188
      vertex 0.448924 0.047183 0.0118198
    endloop
  endfacet
  facet normal -0.103381 0.0163791 0.994507
    outer loop
      vertex 1.31976 -0.280524 0.106188
      vertex 1.34186 -0.141034 0.106188
      vertex 0.441533 -0.0938501 0.0118198
    endloop
  endfacet
  facet normal -0.20562 -0.0325772 0.97809
    outer loop
      vertex 1.34186 0.141034 0.106188
      vertex 2.22009 0.23334 0.293889
      vertex 1.31976 0.280524 0.106188
    endloop
  endfacet
  facet normal 0.0375101 -0.0977186 0.994507
    outer loop
      vertex -0.183599 0.412372 0.0118198
      vertex -0.139489 0.429304 0.0118198
      vertex -0.548788 1.2326 0.106188
    endloop
  endfacet
  facet normal 0.074604 -0.194357 0.97809
    outer loop
      vertex -0.548788 1.2326 0.106188
      vertex -0.41694 1.28321 0.106188
      vertex -0.689822 2.12306 0.293889
    endloop
  endfacet
  facet normal -0.0108936 -0.207899 0.97809
    outer loop
      vertex 0.141034 1.34186 0.106188
      vertex 0.23334 2.22009 0.293889
      vertex 0 1.34925 0.106188
    endloop
  endfacet
  facet normal -0.0325772 -0.20562 0.97809
    outer loop
      vertex 0.280524 1.31976 0.106188
      vertex 0.23334 2.22009 0.293889
      vertex 0.141034 1.34186 0.106188
    endloop
  endfacet
  facet normal -0.173312 -0.646819 0.74269
    outer loop
      vertex 1.88463 5.8003 2.5262
      vertex 1.26801 5.96552 2.5262
      vertex 1.12852 5.30928 1.92212
    endloop
  endfacet
  facet normal -0.173316 -0.646815 0.742692
    outer loop
      vertex 1.67731 5.16223 1.92212
      vertex 1.88463 5.8003 2.5262
      vertex 1.12852 5.30928 1.92212
    endloop
  endfacet
  facet normal -0.0261916 -0.499833 0.865726
    outer loop
      vertex 0.409298 3.89422 0.940068
      vertex 0.491023 4.67178 1.39147
      vertex 0 4.69751 1.39147
    endloop
  endfacet
  facet normal -0.030786 -0.58751 0.808631
    outer loop
      vertex 0.491023 4.67178 1.39147
      vertex 0.567369 5.39815 1.92212
      vertex 0 4.69751 1.39147
    endloop
  endfacet
  facet normal 0.483463 -0.129543 0.865727
    outer loop
      vertex -3.8301 0.814113 0.940068
      vertex -3.72402 1.21001 0.940068
      vertex -4.4676 1.45161 1.39147
    endloop
  endfacet
  facet normal 0.483463 -0.129543 0.865727
    outer loop
      vertex -3.8301 0.814113 0.940068
      vertex -4.4676 1.45161 1.39147
      vertex -4.59486 0.976667 1.39147
    endloop
  endfacet
  facet normal 0.168514 -0.259484 0.950932
    outer loop
      vertex -1.31212 1.80598 0.293889
      vertex -1.11616 1.93324 0.293889
      vertex -1.54546 2.67682 0.572868
    endloop
  endfacet
  facet normal 0.140464 -0.275678 0.950932
    outer loop
      vertex -1.11616 1.93324 0.293889
      vertex -0.907964 2.03932 0.293889
      vertex -1.54546 2.67682 0.572868
    endloop
  endfacet
  facet normal 0.194716 -0.240447 0.950932
    outer loop
      vertex -1.49371 1.65893 0.293889
      vertex -1.8168 2.50061 0.572868
      vertex -2.06823 2.297 0.572868
    endloop
  endfacet
  facet normal 0.256266 -0.316453 0.913337
    outer loop
      vertex -2.06823 2.297 0.572868
      vertex -1.8168 2.50061 0.572868
      vertex -2.30157 3.16784 0.940068
    endloop
  endfacet
  facet normal 0.316453 -0.256266 0.913337
    outer loop
      vertex -2.50061 1.8168 0.572868
      vertex -2.297 2.06823 0.572868
      vertex -3.16784 2.30157 0.940068
    endloop
  endfacet
  facet normal 0.316456 -0.256259 0.913338
    outer loop
      vertex -2.297 2.06823 0.572868
      vertex -2.90991 2.62009 0.940068
      vertex -3.16784 2.30157 0.940068
    endloop
  endfacet
  facet normal 0.0538772 -0.201091 0.97809
    outer loop
      vertex -0.41694 1.28321 0.106188
      vertex -0.464124 2.18353 0.293889
      vertex -0.689822 2.12306 0.293889
    endloop
  endfacet
  facet normal 0.0538784 -0.201091 0.97809
    outer loop
      vertex -0.41694 1.28321 0.106188
      vertex -0.280524 1.31976 0.106188
      vertex -0.464124 2.18353 0.293889
    endloop
  endfacet
  facet normal 0.0213108 -0.406642 0.913339
    outer loop
      vertex 0 3.09092 0.572868
      vertex 0 3.91567 0.940068
      vertex -0.409298 3.89422 0.940068
    endloop
  endfacet
  facet normal 0.0261947 -0.499834 0.865725
    outer loop
      vertex 0 3.91567 0.940068
      vertex 0 4.69751 1.39147
      vertex -0.409298 3.89422 0.940068
    endloop
  endfacet
  facet normal -0.240448 -0.194713 0.950932
    outer loop
      vertex 1.80598 1.31212 0.293889
      vertex 2.50061 1.8168 0.572868
      vertex 1.65893 1.49371 0.293889
    endloop
  endfacet
  facet normal -0.259485 -0.168511 0.950932
    outer loop
      vertex 2.67682 1.54546 0.572868
      vertex 2.50061 1.8168 0.572868
      vertex 1.80598 1.31212 0.293889
    endloop
  endfacet
  facet normal -0.168511 -0.259485 0.950932
    outer loop
      vertex 1.8168 2.50061 0.572868
      vertex 1.54546 2.67682 0.572868
      vertex 1.31212 1.80598 0.293889
    endloop
  endfacet
  facet normal -0.221779 -0.34151 0.913337
    outer loop
      vertex 1.8168 2.50061 0.572868
      vertex 2.30157 3.16784 0.940068
      vertex 1.54546 2.67682 0.572868
    endloop
  endfacet
  facet normal -0.256259 -0.316456 0.913338
    outer loop
      vertex 2.62009 2.90991 0.940068
      vertex 2.30157 3.16784 0.940068
      vertex 2.06823 2.297 0.572868
    endloop
  endfacet
  facet normal -0.103382 0.0163733 0.994507
    outer loop
      vertex 1.34186 -0.141034 0.106188
      vertex 0.448924 -0.047183 0.0118198
      vertex 0.441533 -0.0938501 0.0118198
    endloop
  endfacet
  facet normal -0.101104 0.027091 0.994507
    outer loop
      vertex 1.28321 -0.41694 0.106188
      vertex 0.441533 -0.0938501 0.0118198
      vertex 0.429304 -0.139489 0.0118198
    endloop
  endfacet
  facet normal -0.0877847 0.0570079 0.994507
    outer loop
      vertex 1.09156 -0.793067 0.106188
      vertex 0.390922 -0.225698 0.0118198
      vertex 0.365188 -0.265325 0.0118198
    endloop
  endfacet
  facet normal -0.161794 0.131007 0.97809
    outer loop
      vertex 1.80598 -1.31212 0.293889
      vertex 1.09156 -0.793067 0.106188
      vertex 1.00269 -0.902822 0.106188
    endloop
  endfacet
  facet normal -0.0813474 0.065868 0.994507
    outer loop
      vertex 1.00269 -0.902822 0.106188
      vertex 1.09156 -0.793067 0.106188
      vertex 0.365188 -0.265325 0.0118198
    endloop
  endfacet
  facet normal -0.113386 0.174596 0.97809
    outer loop
      vertex 1.31212 -1.80598 0.293889
      vertex 0.793067 -1.09156 0.106188
      vertex 0.674623 -1.16848 0.106188
    endloop
  endfacet
  facet normal -0.0658719 0.0813436 0.994507
    outer loop
      vertex 0.902822 -1.00269 0.106188
      vertex 0.302044 -0.335453 0.0118198
      vertex 0.265325 -0.365188 0.0118198
    endloop
  endfacet
  facet normal 0.0538784 0.201091 0.97809
    outer loop
      vertex -0.280524 -1.31976 0.106188
      vertex -0.41694 -1.28321 0.106188
      vertex -0.464124 -2.18353 0.293889
    endloop
  endfacet
  facet normal 0.0163733 0.103382 0.994507
    outer loop
      vertex -0.047183 -0.448924 0.0118198
      vertex -0.0938501 -0.441533 0.0118198
      vertex -0.141034 -1.34186 0.106188
    endloop
  endfacet
  facet normal -0.0270891 0.101105 0.994507
    outer loop
      vertex 0.280524 -1.31976 0.106188
      vertex 0.41694 -1.28321 0.106188
      vertex 0.0938501 -0.441533 0.0118198
    endloop
  endfacet
  facet normal -0.0570088 0.087784 0.994507
    outer loop
      vertex 0.674623 -1.16848 0.106188
      vertex 0.793067 -1.09156 0.106188
      vertex 0.225698 -0.390922 0.0118198
    endloop
  endfacet
  facet normal -0.0475219 0.0932613 0.994507
    outer loop
      vertex 0.548788 -1.2326 0.106188
      vertex 0.674623 -1.16848 0.106188
      vertex 0.225698 -0.390922 0.0118198
    endloop
  endfacet
  facet normal -0.483463 0.129543 0.865727
    outer loop
      vertex 4.4676 -1.45161 1.39147
      vertex 4.59486 -0.976667 1.39147
      vertex 3.8301 -0.814113 0.940068
    endloop
  endfacet
  facet normal -0.483463 0.129543 0.865727
    outer loop
      vertex 4.4676 -1.45161 1.39147
      vertex 3.8301 -0.814113 0.940068
      vertex 3.72402 -1.21001 0.940068
    endloop
  endfacet
  facet normal -0.0977186 -0.0375101 0.994507
    outer loop
      vertex 0.429304 0.139489 0.0118198
      vertex 1.2326 0.548788 0.106188
      vertex 0.412372 0.183599 0.0118198
    endloop
  endfacet
  facet normal -0.194356 -0.074609 0.97809
    outer loop
      vertex 2.12306 0.689822 0.293889
      vertex 2.03932 0.907964 0.293889
      vertex 1.2326 0.548788 0.106188
    endloop
  endfacet
  facet normal 0.662563 0.337589 0.668614
    outer loop
      vertex -5.74581 -3.13105 3.02732
      vertex -5.57153 -2.4806 2.5262
      vertex -5.98372 -2.66412 3.02732
    endloop
  endfacet
  facet normal 0.734452 0.116329 0.668617
    outer loop
      vertex -6.51412 -0.684661 3.02732
      vertex -6.43214 -1.20225 3.02732
      vertex -6.06539 -0.637497 2.5262
    endloop
  endfacet
  facet normal 0.192475 0.71826 0.668622
    outer loop
      vertex -1.36182 -6.40687 3.02732
      vertex -1.26801 -5.96552 2.5262
      vertex -1.51788 -6.36505 3.02732
    endloop
  endfacet
  facet normal 0.192456 0.718268 0.668619
    outer loop
      vertex -1.51788 -6.36505 3.02732
      vertex -1.26801 -5.96552 2.5262
      vertex -1.88463 -5.8003 2.5262
    endloop
  endfacet
  facet normal 0.116333 0.734449 0.668619
    outer loop
      vertex -1.26801 -5.96552 2.5262
      vertex -1.20225 -6.43214 3.02732
      vertex -0.637497 -6.06539 2.5262
    endloop
  endfacet
  facet normal 0.11631 0.734449 0.668623
    outer loop
      vertex -1.20225 -6.43214 3.02732
      vertex -1.26801 -5.96552 2.5262
      vertex -1.36182 -6.40687 3.02732
    endloop
  endfacet
  facet normal 0.0782999 0.494356 0.865726
    outer loop
      vertex -0.491023 -4.67178 1.39147
      vertex -0.409298 -3.89422 0.940068
      vertex -0.976667 -4.59486 1.39147
    endloop
  endfacet
  facet normal 0.0261916 0.499833 0.865726
    outer loop
      vertex 0 -4.69751 1.39147
      vertex -0.409298 -3.89422 0.940068
      vertex -0.491023 -4.67178 1.39147
    endloop
  endfacet
  facet normal -0.168514 0.259484 0.950932
    outer loop
      vertex 1.54546 -2.67682 0.572868
      vertex 1.31212 -1.80598 0.293889
      vertex 1.11616 -1.93324 0.293889
    endloop
  endfacet
  facet normal -0.140464 0.275678 0.950932
    outer loop
      vertex 1.54546 -2.67682 0.572868
      vertex 1.11616 -1.93324 0.293889
      vertex 0.907964 -2.03932 0.293889
    endloop
  endfacet
  facet normal -0.0161812 0.308979 0.950931
    outer loop
      vertex 0.323089 -3.07399 0.572868
      vertex 0.23334 -2.22009 0.293889
      vertex 0 -2.23231 0.293889
    endloop
  endfacet
  facet normal -0.0108877 0.2079 0.978089
    outer loop
      vertex 0.23334 -2.22009 0.293889
      vertex 0 -1.34925 0.106188
      vertex 0 -2.23231 0.293889
    endloop
  endfacet
  facet normal -0.027091 0.101104 0.994507
    outer loop
      vertex 0.41694 -1.28321 0.106188
      vertex 0.139489 -0.429304 0.0118198
      vertex 0.0938501 -0.441533 0.0118198
    endloop
  endfacet
  facet normal -0.0375095 0.0977189 0.994507
    outer loop
      vertex 0.41694 -1.28321 0.106188
      vertex 0.548788 -1.2326 0.106188
      vertex 0.139489 -0.429304 0.0118198
    endloop
  endfacet
  facet normal 0.101104 -0.027091 0.994507
    outer loop
      vertex -0.441533 0.0938501 0.0118198
      vertex -0.429304 0.139489 0.0118198
      vertex -1.28321 0.41694 0.106188
    endloop
  endfacet
  facet normal 0.0977189 -0.0375095 0.994507
    outer loop
      vertex -0.429304 0.139489 0.0118198
      vertex -1.2326 0.548788 0.106188
      vertex -1.28321 0.41694 0.106188
    endloop
  endfacet
  facet normal 0.104527 -0.00547857 0.994507
    outer loop
      vertex -0.451397 0 0.0118198
      vertex -0.448924 0.047183 0.0118198
      vertex -1.34925 0 0.106188
    endloop
  endfacet
  facet normal 0.0658719 -0.0813436 0.994507
    outer loop
      vertex -0.302044 0.335453 0.0118198
      vertex -0.265325 0.365188 0.0118198
      vertex -0.902822 1.00269 0.106188
    endloop
  endfacet
  facet normal 0.0813436 -0.0658719 0.994507
    outer loop
      vertex -0.365188 0.265325 0.0118198
      vertex -0.335453 0.302044 0.0118198
      vertex -1.00269 0.902822 0.106188
    endloop
  endfacet
  facet normal -0.074604 -0.194357 0.97809
    outer loop
      vertex 0.548788 1.2326 0.106188
      vertex 0.689822 2.12306 0.293889
      vertex 0.41694 1.28321 0.106188
    endloop
  endfacet
  facet normal -0.0375095 -0.0977189 0.994507
    outer loop
      vertex 0.548788 1.2326 0.106188
      vertex 0.41694 1.28321 0.106188
      vertex 0.139489 0.429304 0.0118198
    endloop
  endfacet
  facet normal -0.0570079 -0.0877847 0.994507
    outer loop
      vertex 0.265325 0.365188 0.0118198
      vertex 0.793067 1.09156 0.106188
      vertex 0.225698 0.390922 0.0118198
    endloop
  endfacet
  facet normal -0.0658719 -0.0813436 0.994507
    outer loop
      vertex 0.302044 0.335453 0.0118198
      vertex 0.902822 1.00269 0.106188
      vertex 0.265325 0.365188 0.0118198
    endloop
  endfacet
  facet normal -0.0740132 -0.0740132 0.994507
    outer loop
      vertex 0.902822 1.00269 0.106188
      vertex 0.335453 0.302044 0.0118198
      vertex 1.00269 0.902822 0.106188
    endloop
  endfacet
  facet normal -0.0740132 -0.0740132 0.994507
    outer loop
      vertex 0.335453 0.302044 0.0118198
      vertex 0.902822 1.00269 0.106188
      vertex 0.302044 0.335453 0.0118198
    endloop
  endfacet
  facet normal -0.0570088 -0.087784 0.994507
    outer loop
      vertex 0.793067 1.09156 0.106188
      vertex 0.674623 1.16848 0.106188
      vertex 0.225698 0.390922 0.0118198
    endloop
  endfacet
  facet normal -0.113386 -0.174596 0.97809
    outer loop
      vertex 0.793067 1.09156 0.106188
      vertex 1.31212 1.80598 0.293889
      vertex 0.674623 1.16848 0.106188
    endloop
  endfacet
  facet normal -0.194716 -0.240447 0.950932
    outer loop
      vertex 2.06823 2.297 0.572868
      vertex 1.8168 2.50061 0.572868
      vertex 1.49371 1.65893 0.293889
    endloop
  endfacet
  facet normal -0.21878 -0.21878 0.950932
    outer loop
      vertex 2.06823 2.297 0.572868
      vertex 1.65893 1.49371 0.293889
      vertex 2.297 2.06823 0.572868
    endloop
  endfacet
  facet normal -0.21878 -0.21878 0.950932
    outer loop
      vertex 1.65893 1.49371 0.293889
      vertex 2.06823 2.297 0.572868
      vertex 1.49371 1.65893 0.293889
    endloop
  endfacet
  facet normal -0.0813474 -0.065868 0.994507
    outer loop
      vertex 1.09156 0.793067 0.106188
      vertex 1.00269 0.902822 0.106188
      vertex 0.365188 0.265325 0.0118198
    endloop
  endfacet
  facet normal -0.0813436 -0.0658719 0.994507
    outer loop
      vertex 0.365188 0.265325 0.0118198
      vertex 1.00269 0.902822 0.106188
      vertex 0.335453 0.302044 0.0118198
    endloop
  endfacet
  facet normal -0.2079 -0.0108877 0.978089
    outer loop
      vertex 2.23231 0 0.293889
      vertex 2.22009 0.23334 0.293889
      vertex 1.34925 0 0.106188
    endloop
  endfacet
  facet normal -0.0932626 -0.0475185 0.994507
    outer loop
      vertex 0.412372 0.183599 0.0118198
      vertex 1.2326 0.548788 0.106188
      vertex 0.390922 0.225698 0.0118198
    endloop
  endfacet
  facet normal -0.185493 -0.0945124 0.97809
    outer loop
      vertex 2.03932 0.907964 0.293889
      vertex 1.93324 1.11616 0.293889
      vertex 1.16848 0.674623 0.106188
    endloop
  endfacet
  facet normal -0.308976 0.0161905 0.950932
    outer loop
      vertex 3.07399 -0.323089 0.572868
      vertex 3.09092 0 0.572868
      vertex 2.23231 0 0.293889
    endloop
  endfacet
  facet normal -0.20562 0.0325772 0.97809
    outer loop
      vertex 2.22009 -0.23334 0.293889
      vertex 1.34186 -0.141034 0.106188
      vertex 1.31976 -0.280524 0.106188
    endloop
  endfacet
  facet normal 0.027091 -0.101104 0.994507
    outer loop
      vertex -0.139489 0.429304 0.0118198
      vertex -0.0938501 0.441533 0.0118198
      vertex -0.41694 1.28321 0.106188
    endloop
  endfacet
  facet normal 0.0270891 -0.101105 0.994507
    outer loop
      vertex -0.0938501 0.441533 0.0118198
      vertex -0.280524 1.31976 0.106188
      vertex -0.41694 1.28321 0.106188
    endloop
  endfacet
  facet normal 0.0475185 -0.0932626 0.994507
    outer loop
      vertex -0.225698 0.390922 0.0118198
      vertex -0.183599 0.412372 0.0118198
      vertex -0.548788 1.2326 0.106188
    endloop
  endfacet
  facet normal -0.161794 -0.131007 0.97809
    outer loop
      vertex 1.09156 0.793067 0.106188
      vertex 1.80598 1.31212 0.293889
      vertex 1.00269 0.902822 0.106188
    endloop
  endfacet
  facet normal -0.16179 -0.131016 0.978089
    outer loop
      vertex 1.80598 1.31212 0.293889
      vertex 1.65893 1.49371 0.293889
      vertex 1.00269 0.902822 0.106188
    endloop
  endfacet
  facet normal -0.0813436 0.0658719 0.994507
    outer loop
      vertex 1.00269 -0.902822 0.106188
      vertex 0.365188 -0.265325 0.0118198
      vertex 0.335453 -0.302044 0.0118198
    endloop
  endfacet
  facet normal -0.087784 0.0570088 0.994507
    outer loop
      vertex 1.09156 -0.793067 0.106188
      vertex 1.16848 -0.674623 0.106188
      vertex 0.390922 -0.225698 0.0118198
    endloop
  endfacet
  facet normal -0.174596 0.113386 0.97809
    outer loop
      vertex 1.80598 -1.31212 0.293889
      vertex 1.16848 -0.674623 0.106188
      vertex 1.09156 -0.793067 0.106188
    endloop
  endfacet
  facet normal 0.0270891 0.101105 0.994507
    outer loop
      vertex -0.280524 -1.31976 0.106188
      vertex -0.0938501 -0.441533 0.0118198
      vertex -0.41694 -1.28321 0.106188
    endloop
  endfacet
  facet normal -0.0475185 0.0932626 0.994507
    outer loop
      vertex 0.548788 -1.2326 0.106188
      vertex 0.225698 -0.390922 0.0118198
      vertex 0.183599 -0.412372 0.0118198
    endloop
  endfacet
  facet normal -0.0570079 0.0877847 0.994507
    outer loop
      vertex 0.793067 -1.09156 0.106188
      vertex 0.265325 -0.365188 0.0118198
      vertex 0.225698 -0.390922 0.0118198
    endloop
  endfacet
  facet normal 0.625154 0.239973 0.742695
    outer loop
      vertex -5.57153 -2.4806 2.5262
      vertex -4.95862 -2.20772 1.92212
      vertex -5.8003 -1.88463 2.5262
    endloop
  endfacet
  facet normal 0.596644 0.304007 0.742694
    outer loop
      vertex -5.28171 -3.0494 2.5262
      vertex -4.95862 -2.20772 1.92212
      vertex -5.57153 -2.4806 2.5262
    endloop
  endfacet
  facet normal 0.030786 0.58751 0.808631
    outer loop
      vertex 0 -4.69751 1.39147
      vertex -0.491023 -4.67178 1.39147
      vertex -0.567369 -5.39815 1.92212
    endloop
  endfacet
  facet normal 0.0920252 0.581074 0.808631
    outer loop
      vertex -0.567369 -5.39815 1.92212
      vertex -0.491023 -4.67178 1.39147
      vertex -1.12852 -5.30928 1.92212
    endloop
  endfacet
  facet normal -0.0538784 -0.201091 0.97809
    outer loop
      vertex 0.41694 1.28321 0.106188
      vertex 0.464124 2.18353 0.293889
      vertex 0.280524 1.31976 0.106188
    endloop
  endfacet
  facet normal -0.0538772 -0.201091 0.97809
    outer loop
      vertex 0.689822 2.12306 0.293889
      vertex 0.464124 2.18353 0.293889
      vertex 0.41694 1.28321 0.106188
    endloop
  endfacet
  facet normal -0.207899 -0.0108936 0.97809
    outer loop
      vertex 1.34925 0 0.106188
      vertex 2.22009 0.23334 0.293889
      vertex 1.34186 0.141034 0.106188
    endloop
  endfacet
  facet normal -0.2079 0.0108877 0.978089
    outer loop
      vertex 2.22009 -0.23334 0.293889
      vertex 2.23231 0 0.293889
      vertex 1.34925 0 0.106188
    endloop
  endfacet
  facet normal -0.0932613 -0.0475219 0.994507
    outer loop
      vertex 1.2326 0.548788 0.106188
      vertex 1.16848 0.674623 0.106188
      vertex 0.390922 0.225698 0.0118198
    endloop
  endfacet
  facet normal -0.087784 -0.0570088 0.994507
    outer loop
      vertex 1.16848 0.674623 0.106188
      vertex 1.09156 0.793067 0.106188
      vertex 0.390922 0.225698 0.0118198
    endloop
  endfacet
  facet normal -0.101105 -0.0270891 0.994507
    outer loop
      vertex 1.31976 0.280524 0.106188
      vertex 1.28321 0.41694 0.106188
      vertex 0.441533 0.0938501 0.0118198
    endloop
  endfacet
  facet normal -0.101104 -0.027091 0.994507
    outer loop
      vertex 0.441533 0.0938501 0.0118198
      vertex 1.28321 0.41694 0.106188
      vertex 0.429304 0.139489 0.0118198
    endloop
  endfacet
  facet normal -0.305593 0.0483997 0.950931
    outer loop
      vertex 3.02338 -0.642638 0.572868
      vertex 3.07399 -0.323089 0.572868
      vertex 2.22009 -0.23334 0.293889
    endloop
  endfacet
  facet normal -0.305588 0.0484102 0.950932
    outer loop
      vertex 3.02338 -0.642638 0.572868
      vertex 2.22009 -0.23334 0.293889
      vertex 2.18353 -0.464124 0.293889
    endloop
  endfacet
  facet normal -0.104527 0.00547707 0.994507
    outer loop
      vertex 1.34186 -0.141034 0.106188
      vertex 1.34925 0 0.106188
      vertex 0.448924 -0.047183 0.0118198
    endloop
  endfacet
  facet normal -0.104527 0.00547857 0.994507
    outer loop
      vertex 1.34925 0 0.106188
      vertex 0.451397 0 0.0118198
      vertex 0.448924 -0.047183 0.0118198
    endloop
  endfacet
  facet normal -0.298862 -0.0800724 0.950931
    outer loop
      vertex 2.18353 0.464124 0.293889
      vertex 2.93964 0.955148 0.572868
      vertex 2.12306 0.689822 0.293889
    endloop
  endfacet
  facet normal -0.298856 -0.0800814 0.950932
    outer loop
      vertex 3.02338 0.642638 0.572868
      vertex 2.93964 0.955148 0.572868
      vertex 2.18353 0.464124 0.293889
    endloop
  endfacet
  facet normal 0.0163733 -0.103382 0.994507
    outer loop
      vertex -0.0938501 0.441533 0.0118198
      vertex -0.047183 0.448924 0.0118198
      vertex -0.141034 1.34186 0.106188
    endloop
  endfacet
  facet normal 0.00547707 -0.104527 0.994507
    outer loop
      vertex -0.047183 0.448924 0.0118198
      vertex 0 1.34925 0.106188
      vertex -0.141034 1.34186 0.106188
    endloop
  endfacet
  facet normal -0.00547857 0.104527 0.994507
    outer loop
      vertex 0.047183 -0.448924 0.0118198
      vertex 0 -0.451397 0.0118198
      vertex 0 -1.34925 0.106188
    endloop
  endfacet
  facet normal 0.0375095 0.0977189 0.994507
    outer loop
      vertex -0.41694 -1.28321 0.106188
      vertex -0.139489 -0.429304 0.0118198
      vertex -0.548788 -1.2326 0.106188
    endloop
  endfacet
  facet normal -0.103382 -0.0163733 0.994507
    outer loop
      vertex 0.448924 0.047183 0.0118198
      vertex 1.34186 0.141034 0.106188
      vertex 0.441533 0.0938501 0.0118198
    endloop
  endfacet
  facet normal -0.103381 -0.0163791 0.994507
    outer loop
      vertex 1.34186 0.141034 0.106188
      vertex 1.31976 0.280524 0.106188
      vertex 0.441533 0.0938501 0.0118198
    endloop
  endfacet
  facet normal -0.205619 -0.0325735 0.97809
    outer loop
      vertex 2.22009 0.23334 0.293889
      vertex 2.18353 0.464124 0.293889
      vertex 1.31976 0.280524 0.106188
    endloop
  endfacet
  facet normal -0.305588 -0.0484102 0.950932
    outer loop
      vertex 2.22009 0.23334 0.293889
      vertex 3.02338 0.642638 0.572868
      vertex 2.18353 0.464124 0.293889
    endloop
  endfacet
  facet normal 0.00547857 0.104527 0.994507
    outer loop
      vertex 0 -1.34925 0.106188
      vertex 0 -0.451397 0.0118198
      vertex -0.047183 -0.448924 0.0118198
    endloop
  endfacet
  facet normal 0.0375101 0.0977186 0.994507
    outer loop
      vertex -0.139489 -0.429304 0.0118198
      vertex -0.183599 -0.412372 0.0118198
      vertex -0.548788 -1.2326 0.106188
    endloop
  endfacet
  facet normal 0.0475185 0.0932626 0.994507
    outer loop
      vertex -0.183599 -0.412372 0.0118198
      vertex -0.225698 -0.390922 0.0118198
      vertex -0.548788 -1.2326 0.106188
    endloop
  endfacet
endsolid OpenSCAD_Model
