solid OpenSCAD_Model
  facet normal 0.5 0.866026 -0
    outer loop
      vertex 30 17.3205 0
      vertex 0 34.641 10
      vertex 30 17.3205 10
    endloop
  endfacet
  facet normal 0.5 0.866026 0
    outer loop
      vertex 0 34.641 10
      vertex 30 17.3205 0
      vertex 0 34.641 0
    endloop
  endfacet
  facet normal -1 0 0
    outer loop
      vertex -30 5 0
      vertex -30 17.3205 10
      vertex -30 17.3205 0
    endloop
  endfacet
  facet normal -1 -0 0
    outer loop
      vertex -30 17.3205 10
      vertex -30 5 0
      vertex -30 5 10
    endloop
  endfacet
  facet normal -1 0 0
    outer loop
      vertex -30 -17.3205 0
      vertex -30 -5 10
      vertex -30 -5 0
    endloop
  endfacet
  facet normal -1 -0 0
    outer loop
      vertex -30 -5 10
      vertex -30 -17.3205 0
      vertex -30 -17.3205 10
    endloop
  endfacet
  facet normal -0.5 0.866026 2.41313e-16
    outer loop
      vertex 0 34.641 10
      vertex -14 26.5581 6.6
      vertex -30 17.3205 10
    endloop
  endfacet
  facet normal -0.500214 0.865901 0.00117638
    outer loop
      vertex 0 34.641 10
      vertex -13.8328 26.6547 6.59123
      vertex -14 26.5581 6.6
    endloop
  endfacet
  facet normal -0.499876 0.866097 -0.000654645
    outer loop
      vertex 0 34.641 10
      vertex -13.6673 26.7502 6.56504
      vertex -13.8328 26.6547 6.59123
    endloop
  endfacet
  facet normal -0.500082 0.865978 0.000440159
    outer loop
      vertex 0 34.641 10
      vertex -13.5056 26.8436 6.52169
      vertex -13.6673 26.7502 6.56504
    endloop
  endfacet
  facet normal -0.499835 0.86612 -0.000836469
    outer loop
      vertex 0 34.641 10
      vertex -13.3492 26.9338 6.46167
      vertex -13.5056 26.8436 6.52169
    endloop
  endfacet
  facet normal -0.500089 0.865974 0.000441614
    outer loop
      vertex 0 34.641 10
      vertex -13.2 27.02 6.38564
      vertex -13.3492 26.9338 6.46167
    endloop
  endfacet
  facet normal -0.499975 0.86604 -0.000116616
    outer loop
      vertex 0 34.641 10
      vertex -13.0595 27.1011 6.29443
      vertex -13.2 27.02 6.38564
    endloop
  endfacet
  facet normal -0.499983 0.866035 -8.03984e-05
    outer loop
      vertex 0 34.641 10
      vertex -12.9294 27.1762 6.18903
      vertex -13.0595 27.1011 6.29443
    endloop
  endfacet
  facet normal -0.500052 0.865995 0.00023531
    outer loop
      vertex 0 34.641 10
      vertex -12.811 27.2446 6.07061
      vertex -12.9294 27.1762 6.18903
    endloop
  endfacet
  facet normal -0.500057 0.865993 0.00025351
    outer loop
      vertex 0 34.641 10
      vertex -12.7056 27.3055 5.94046
      vertex -12.811 27.2446 6.07061
    endloop
  endfacet
  facet normal -0.49993 0.866066 -0.000274523
    outer loop
      vertex 0 34.641 10
      vertex -12.6144 27.3581 5.8
      vertex -12.7056 27.3055 5.94046
    endloop
  endfacet
  facet normal -0.499954 0.866052 -0.000179559
    outer loop
      vertex 0 34.641 10
      vertex -12.5383 27.402 5.65078
      vertex -12.6144 27.3581 5.8
    endloop
  endfacet
  facet normal -0.500075 0.865982 0.000288104
    outer loop
      vertex 0 34.641 10
      vertex -12.4783 27.4367 5.49443
      vertex -12.5383 27.402 5.65078
    endloop
  endfacet
  facet normal -0.499999 0.866026 4.4246e-06
    outer loop
      vertex 0 34.641 10
      vertex -12.435 27.4617 5.33266
      vertex -12.4783 27.4367 5.49443
    endloop
  endfacet
  facet normal -0.499961 0.866048 -0.000130808
    outer loop
      vertex 0 34.641 10
      vertex -12.4088 27.4768 5.16724
      vertex -12.435 27.4617 5.33266
    endloop
  endfacet
  facet normal -0.500027 0.86601 9.81091e-05
    outer loop
      vertex 0 34.641 10
      vertex -12.4 27.4819 5
      vertex -12.4088 27.4768 5.16724
    endloop
  endfacet
  facet normal -0.499998 0.866027 0
    outer loop
      vertex 0 34.641 0
      vertex -12.4 27.4819 5
      vertex 0 34.641 10
    endloop
  endfacet
  facet normal -0.500027 0.86601 -9.81033e-05
    outer loop
      vertex -12.4 27.4819 5
      vertex 0 34.641 0
      vertex -12.4088 27.4768 4.83275
    endloop
  endfacet
  facet normal -0.499961 0.866048 0.000130816
    outer loop
      vertex -12.4088 27.4768 4.83275
      vertex 0 34.641 0
      vertex -12.435 27.4617 4.66734
    endloop
  endfacet
  facet normal -0.499999 0.866026 -4.4246e-06
    outer loop
      vertex -12.435 27.4617 4.66734
      vertex 0 34.641 0
      vertex -12.4783 27.4367 4.50557
    endloop
  endfacet
  facet normal -0.500075 0.865982 -0.000288104
    outer loop
      vertex -12.4783 27.4367 4.50557
      vertex 0 34.641 0
      vertex -12.5383 27.402 4.34922
    endloop
  endfacet
  facet normal -0.499954 0.866052 0.000179559
    outer loop
      vertex -12.5383 27.402 4.34922
      vertex 0 34.641 0
      vertex -12.6144 27.3581 4.2
    endloop
  endfacet
  facet normal -0.49993 0.866066 0.000274523
    outer loop
      vertex -12.6144 27.3581 4.2
      vertex 0 34.641 0
      vertex -12.7056 27.3055 4.05954
    endloop
  endfacet
  facet normal -0.500057 0.865993 -0.00025351
    outer loop
      vertex -12.7056 27.3055 4.05954
      vertex 0 34.641 0
      vertex -12.811 27.2446 3.92939
    endloop
  endfacet
  facet normal -0.500052 0.865995 -0.00023531
    outer loop
      vertex -12.811 27.2446 3.92939
      vertex 0 34.641 0
      vertex -12.9294 27.1762 3.81097
    endloop
  endfacet
  facet normal -0.499983 0.866035 8.03984e-05
    outer loop
      vertex -12.9294 27.1762 3.81097
      vertex 0 34.641 0
      vertex -13.0595 27.1011 3.70557
    endloop
  endfacet
  facet normal -0.499975 0.86604 0.000116616
    outer loop
      vertex -13.0595 27.1011 3.70557
      vertex 0 34.641 0
      vertex -13.2 27.02 3.61436
    endloop
  endfacet
  facet normal -0.500214 0.865901 -0.00117662
    outer loop
      vertex -13.8328 26.6547 3.40876
      vertex 0 34.641 0
      vertex -14 26.5581 3.4
    endloop
  endfacet
  facet normal -0.499876 0.866097 0.000654548
    outer loop
      vertex -13.6673 26.7502 3.43496
      vertex 0 34.641 0
      vertex -13.8328 26.6547 3.40876
    endloop
  endfacet
  facet normal -0.500082 0.865978 -0.000440159
    outer loop
      vertex -13.5056 26.8436 3.47831
      vertex 0 34.641 0
      vertex -13.6673 26.7502 3.43496
    endloop
  endfacet
  facet normal -0.499835 0.86612 0.000836469
    outer loop
      vertex -13.3492 26.9338 3.53833
      vertex 0 34.641 0
      vertex -13.5056 26.8436 3.47831
    endloop
  endfacet
  facet normal -0.500089 0.865974 -0.000441614
    outer loop
      vertex -13.2 27.02 3.61436
      vertex 0 34.641 0
      vertex -13.3492 26.9338 3.53833
    endloop
  endfacet
  facet normal -0.499897 0.866085 0.000643601
    outer loop
      vertex -14.1672 26.4616 6.59123
      vertex -30 17.3205 10
      vertex -14 26.5581 6.6
    endloop
  endfacet
  facet normal -0.499884 0.866092 0.000725259
    outer loop
      vertex -14.3327 26.3661 6.56504
      vertex -30 17.3205 10
      vertex -14.1672 26.4616 6.59123
    endloop
  endfacet
  facet normal -0.500079 0.86598 -0.000457536
    outer loop
      vertex -14.4944 26.2727 6.52169
      vertex -30 17.3205 10
      vertex -14.3327 26.3661 6.56504
    endloop
  endfacet
  facet normal -0.500005 0.866023 -1.85578e-05
    outer loop
      vertex -14.6508 26.1824 6.46167
      vertex -30 17.3205 10
      vertex -14.4944 26.2727 6.52169
    endloop
  endfacet
  facet normal -0.500081 0.865978 -0.000462674
    outer loop
      vertex -14.8 26.0962 6.38564
      vertex -30 17.3205 10
      vertex -14.6508 26.1824 6.46167
    endloop
  endfacet
  facet normal -0.499977 0.866039 0.000121547
    outer loop
      vertex -14.9405 26.0151 6.29443
      vertex -30 17.3205 10
      vertex -14.8 26.0962 6.38564
    endloop
  endfacet
  facet normal -0.499984 0.866034 8.32861e-05
    outer loop
      vertex -15.0706 25.94 6.18903
      vertex -30 17.3205 10
      vertex -14.9405 26.0151 6.29443
    endloop
  endfacet
  facet normal -0.500047 0.865998 -0.00024279
    outer loop
      vertex -15.189 25.8716 6.07061
      vertex -30 17.3205 10
      vertex -15.0706 25.94 6.18903
    endloop
  endfacet
  facet normal -0.499941 0.866059 0.000287406
    outer loop
      vertex -15.2944 25.8108 5.94046
      vertex -30 17.3205 10
      vertex -15.189 25.8716 6.07061
    endloop
  endfacet
  facet normal -0.50005 0.865996 -0.000238121
    outer loop
      vertex -15.3856 25.7581 5.8
      vertex -30 17.3205 10
      vertex -15.2944 25.8108 5.94046
    endloop
  endfacet
  facet normal -0.499959 0.866049 0.000183297
    outer loop
      vertex -15.4617 25.7142 5.65078
      vertex -30 17.3205 10
      vertex -15.3856 25.7581 5.8
    endloop
  endfacet
  facet normal -0.499955 0.866052 0.000203975
    outer loop
      vertex -15.5217 25.6796 5.49443
      vertex -30 17.3205 10
      vertex -15.4617 25.7142 5.65078
    endloop
  endfacet
  facet normal -0.500118 0.865957 -0.000497032
    outer loop
      vertex -15.565 25.6545 5.33266
      vertex -30 17.3205 10
      vertex -15.5217 25.6796 5.49443
    endloop
  endfacet
  facet normal -0.499966 0.866045 0.000131902
    outer loop
      vertex -15.5912 25.6394 5.16724
      vertex -30 17.3205 10
      vertex -15.565 25.6545 5.33266
    endloop
  endfacet
  facet normal -0.499896 0.866086 0.000410507
    outer loop
      vertex -15.6 25.6344 5
      vertex -30 17.3205 10
      vertex -15.5912 25.6394 5.16724
    endloop
  endfacet
  facet normal -0.499896 0.866086 -0.000410483
    outer loop
      vertex -30 17.3205 0
      vertex -15.6 25.6344 5
      vertex -15.5912 25.6394 4.83275
    endloop
  endfacet
  facet normal -0.499966 0.866045 -0.000131909
    outer loop
      vertex -30 17.3205 0
      vertex -15.5912 25.6394 4.83275
      vertex -15.565 25.6545 4.66734
    endloop
  endfacet
  facet normal -0.500118 0.865957 0.000497032
    outer loop
      vertex -30 17.3205 0
      vertex -15.565 25.6545 4.66734
      vertex -15.5217 25.6796 4.50557
    endloop
  endfacet
  facet normal -0.499955 0.866052 -0.000203975
    outer loop
      vertex -30 17.3205 0
      vertex -15.5217 25.6796 4.50557
      vertex -15.4617 25.7142 4.34922
    endloop
  endfacet
  facet normal -0.499959 0.866049 -0.000183297
    outer loop
      vertex -30 17.3205 0
      vertex -15.4617 25.7142 4.34922
      vertex -15.3856 25.7581 4.2
    endloop
  endfacet
  facet normal -0.50005 0.865996 0.000238121
    outer loop
      vertex -30 17.3205 0
      vertex -15.3856 25.7581 4.2
      vertex -15.2944 25.8108 4.05954
    endloop
  endfacet
  facet normal -0.499941 0.866059 -0.000287406
    outer loop
      vertex -30 17.3205 0
      vertex -15.2944 25.8108 4.05954
      vertex -15.189 25.8716 3.92939
    endloop
  endfacet
  facet normal -0.500047 0.865998 0.00024279
    outer loop
      vertex -30 17.3205 0
      vertex -15.189 25.8716 3.92939
      vertex -15.0706 25.94 3.81097
    endloop
  endfacet
  facet normal -0.499984 0.866034 -8.32861e-05
    outer loop
      vertex -30 17.3205 0
      vertex -15.0706 25.94 3.81097
      vertex -14.9405 26.0151 3.70557
    endloop
  endfacet
  facet normal -0.499977 0.866039 -0.000121547
    outer loop
      vertex -30 17.3205 0
      vertex -14.9405 26.0151 3.70557
      vertex -14.8 26.0962 3.61436
    endloop
  endfacet
  facet normal -0.500081 0.865978 0.000462674
    outer loop
      vertex -30 17.3205 0
      vertex -14.8 26.0962 3.61436
      vertex -14.6508 26.1824 3.53833
    endloop
  endfacet
  facet normal -0.5 0.866026 -4.82626e-16
    outer loop
      vertex -30 17.3205 0
      vertex -14 26.5581 3.4
      vertex 0 34.641 0
    endloop
  endfacet
  facet normal -0.499897 0.866085 -0.000643746
    outer loop
      vertex -14 26.5581 3.4
      vertex -30 17.3205 0
      vertex -14.1672 26.4616 3.40876
    endloop
  endfacet
  facet normal -0.500003 0.866024 0
    outer loop
      vertex -15.6 25.6344 5
      vertex -30 17.3205 0
      vertex -30 17.3205 10
    endloop
  endfacet
  facet normal -0.500005 0.866023 1.85578e-05
    outer loop
      vertex -14.4944 26.2727 3.47831
      vertex -30 17.3205 0
      vertex -14.6508 26.1824 3.53833
    endloop
  endfacet
  facet normal -0.500079 0.86598 0.000457536
    outer loop
      vertex -14.3327 26.3661 3.43496
      vertex -30 17.3205 0
      vertex -14.4944 26.2727 3.47831
    endloop
  endfacet
  facet normal -0.499884 0.866092 -0.000725143
    outer loop
      vertex -14.1672 26.4616 3.40876
      vertex -30 17.3205 0
      vertex -14.3327 26.3661 3.43496
    endloop
  endfacet
  facet normal 0 0 1
    outer loop
      vertex 30 17.3205 10
      vertex 20 7.25 10
      vertex 30 7.25 10
    endloop
  endfacet
  facet normal -0 0 1
    outer loop
      vertex 12.1285 10.9206 10
      vertex 20 7.25 10
      vertex 30 17.3205 10
    endloop
  endfacet
  facet normal 0 0 1
    outer loop
      vertex 20 7.25 10
      vertex 12.1285 10.9206 10
      vertex 19.7909 7.23904 10
    endloop
  endfacet
  facet normal -0 -0 1
    outer loop
      vertex 13.2036 9.59295 10
      vertex 19.7909 7.23904 10
      vertex 12.1285 10.9206 10
    endloop
  endfacet
  facet normal 0 0 1
    outer loop
      vertex 19.7909 7.23904 10
      vertex 13.2036 9.59295 10
      vertex 19.5842 7.2063 10
    endloop
  endfacet
  facet normal 0 0 1
    outer loop
      vertex 19.5842 7.2063 10
      vertex 13.2036 9.59295 10
      vertex 19.382 7.15211 10
    endloop
  endfacet
  facet normal 0 0 1
    outer loop
      vertex 19.382 7.15211 10
      vertex 13.2036 9.59295 10
      vertex 19.1865 7.07709 10
    endloop
  endfacet
  facet normal -0 -0 1
    outer loop
      vertex 14.134 8.16025 10
      vertex 19.1865 7.07709 10
      vertex 13.2036 9.59295 10
    endloop
  endfacet
  facet normal 0 0 1
    outer loop
      vertex 18.9654 6.95957 10
      vertex 14.134 8.16025 10
      vertex 14.7458 6.95957 10
    endloop
  endfacet
  facet normal 0 0 1
    outer loop
      vertex 19 6.98205 10
      vertex 14.134 8.16025 10
      vertex 18.9654 6.95957 10
    endloop
  endfacet
  facet normal 0 0 1
    outer loop
      vertex 19.1865 7.07709 10
      vertex 14.134 8.16025 10
      vertex 19 6.98205 10
    endloop
  endfacet
  facet normal 0 0 1
    outer loop
      vertex 30 17.3205 10
      vertex 10.9206 12.1285 10
      vertex 12.1285 10.9206 10
    endloop
  endfacet
  facet normal 0 0 1
    outer loop
      vertex 30 17.3205 10
      vertex 9.59295 13.2036 10
      vertex 10.9206 12.1285 10
    endloop
  endfacet
  facet normal 0 0 1
    outer loop
      vertex 30 17.3205 10
      vertex 8.16025 14.134 10
      vertex 9.59295 13.2036 10
    endloop
  endfacet
  facet normal 0 0 1
    outer loop
      vertex 0 34.641 10
      vertex 8.16025 14.134 10
      vertex 30 17.3205 10
    endloop
  endfacet
  facet normal 0 0 1
    outer loop
      vertex 8.16025 14.134 10
      vertex 0 34.641 10
      vertex 6.63815 14.9095 10
    endloop
  endfacet
  facet normal 0 0 1
    outer loop
      vertex 6.63815 14.9095 10
      vertex 0 34.641 10
      vertex 5.04331 15.5217 10
    endloop
  endfacet
  facet normal 0 0 1
    outer loop
      vertex 5.04331 15.5217 10
      vertex 0 34.641 10
      vertex 3.39322 15.9639 10
    endloop
  endfacet
  facet normal 0 0 1
    outer loop
      vertex 3.39322 15.9639 10
      vertex 0 34.641 10
      vertex 1.70596 16.2311 10
    endloop
  endfacet
  facet normal 0 0 1
    outer loop
      vertex 0 34.641 10
      vertex 0 16.3205 10
      vertex 1.70596 16.2311 10
    endloop
  endfacet
  facet normal 0 0 1
    outer loop
      vertex 0 34.641 10
      vertex -1.70596 16.2311 10
      vertex 0 16.3205 10
    endloop
  endfacet
  facet normal 0 0 1
    outer loop
      vertex 0 34.641 10
      vertex -3.39322 15.9639 10
      vertex -1.70596 16.2311 10
    endloop
  endfacet
  facet normal 0 0 1
    outer loop
      vertex 0 34.641 10
      vertex -5.04331 15.5217 10
      vertex -3.39322 15.9639 10
    endloop
  endfacet
  facet normal 0 0 1
    outer loop
      vertex 0 34.641 10
      vertex -6.63815 14.9095 10
      vertex -5.04331 15.5217 10
    endloop
  endfacet
  facet normal 0 0 1
    outer loop
      vertex 0 34.641 10
      vertex -8.16025 14.134 10
      vertex -6.63815 14.9095 10
    endloop
  endfacet
  facet normal -0 0 1
    outer loop
      vertex -30 17.3205 10
      vertex -8.16025 14.134 10
      vertex 0 34.641 10
    endloop
  endfacet
  facet normal 0 0 1
    outer loop
      vertex -8.16025 14.134 10
      vertex -30 17.3205 10
      vertex -9.59295 13.2036 10
    endloop
  endfacet
  facet normal 0 0 1
    outer loop
      vertex -9.59295 13.2036 10
      vertex -30 17.3205 10
      vertex -10.9206 12.1285 10
    endloop
  endfacet
  facet normal 0 -0 1
    outer loop
      vertex -20.0592 8.9507 10
      vertex -10.9206 12.1285 10
      vertex -30 17.3205 10
    endloop
  endfacet
  facet normal 0 0 1
    outer loop
      vertex -10.9206 12.1285 10
      vertex -20.0592 8.9507 10
      vertex -12.1285 10.9206 10
    endloop
  endfacet
  facet normal 0 0 1
    outer loop
      vertex -14.9095 6.63815 10
      vertex -14.9778 6.6883 10
      vertex -14.9146 6.62504 10
    endloop
  endfacet
  facet normal 0 0 1
    outer loop
      vertex -14.134 8.16025 10
      vertex -14.9778 6.6883 10
      vertex -14.9095 6.63815 10
    endloop
  endfacet
  facet normal 0 0 1
    outer loop
      vertex -12.1285 10.9206 10
      vertex -18.2188 8.55951 10
      vertex -13.2036 9.59295 10
    endloop
  endfacet
  facet normal 0 0 1
    outer loop
      vertex -14.134 8.16025 10
      vertex -15.7099 7.28115 10
      vertex -14.9778 6.6883 10
    endloop
  endfacet
  facet normal 0 0 1
    outer loop
      vertex -14.134 8.16025 10
      vertex -16.5 7.79423 10
      vertex -15.7099 7.28115 10
    endloop
  endfacet
  facet normal 0 0 1
    outer loop
      vertex -13.2036 9.59295 10
      vertex -16.5 7.79423 10
      vertex -14.134 8.16025 10
    endloop
  endfacet
  facet normal 0 -0 1
    outer loop
      vertex -16.5 7.79423 10
      vertex -13.2036 9.59295 10
      vertex -17.3394 8.22191 10
    endloop
  endfacet
  facet normal 0 -0 1
    outer loop
      vertex -17.3394 8.22191 10
      vertex -13.2036 9.59295 10
      vertex -18.2188 8.55951 10
    endloop
  endfacet
  facet normal 0 -0 1
    outer loop
      vertex -19.1288 8.80333 10
      vertex -12.1285 10.9206 10
      vertex -20.0592 8.9507 10
    endloop
  endfacet
  facet normal 0 -0 1
    outer loop
      vertex -18.2188 8.55951 10
      vertex -12.1285 10.9206 10
      vertex -19.1288 8.80333 10
    endloop
  endfacet
  facet normal 0 0 1
    outer loop
      vertex -20.0592 8.9507 10
      vertex -30 17.3205 10
      vertex -21 9 10
    endloop
  endfacet
  facet normal 0 0 1
    outer loop
      vertex -21 9 10
      vertex -30 17.3205 10
      vertex -21.9408 8.9507 10
    endloop
  endfacet
  facet normal 0 0 1
    outer loop
      vertex -21.9408 8.9507 10
      vertex -30 17.3205 10
      vertex -22.8712 8.80333 10
    endloop
  endfacet
  facet normal 0 0 1
    outer loop
      vertex -22.8712 8.80333 10
      vertex -30 17.3205 10
      vertex -23.7812 8.55951 10
    endloop
  endfacet
  facet normal 0 0 1
    outer loop
      vertex -23.7812 8.55951 10
      vertex -30 17.3205 10
      vertex -24.6606 8.22191 10
    endloop
  endfacet
  facet normal 0 0 1
    outer loop
      vertex -24.6606 8.22191 10
      vertex -30 17.3205 10
      vertex -25.5 7.79423 10
    endloop
  endfacet
  facet normal 0 0 1
    outer loop
      vertex -25.5 7.79423 10
      vertex -30 17.3205 10
      vertex -26.2901 7.28115 10
    endloop
  endfacet
  facet normal 0 0 1
    outer loop
      vertex -26.2901 7.28115 10
      vertex -30 17.3205 10
      vertex -27.0222 6.6883 10
    endloop
  endfacet
  facet normal 0 0 1
    outer loop
      vertex -30 5 10
      vertex -27.0222 6.6883 10
      vertex -30 17.3205 10
    endloop
  endfacet
  facet normal 0 0 1
    outer loop
      vertex -27.0222 6.6883 10
      vertex -30 5 10
      vertex -27.6883 6.02217 10
    endloop
  endfacet
  facet normal 0 0 1
    outer loop
      vertex -27.6883 6.02217 10
      vertex -30 5 10
      vertex -28.2812 5.29007 10
    endloop
  endfacet
  facet normal 0 0 1
    outer loop
      vertex -28.2812 5.29007 10
      vertex -30 5 10
      vertex -28.4695 5 10
    endloop
  endfacet
  facet normal -0 0 1
    outer loop
      vertex 20 -7.25 10
      vertex 30 -17.3205 10
      vertex 30 -7.25 10
    endloop
  endfacet
  facet normal 0 0 1
    outer loop
      vertex 12.1285 -10.9206 10
      vertex 20 -7.25 10
      vertex 19.7909 -7.23904 10
    endloop
  endfacet
  facet normal 0 0 1
    outer loop
      vertex 13.2036 -9.59295 10
      vertex 19.7909 -7.23904 10
      vertex 19.5842 -7.2063 10
    endloop
  endfacet
  facet normal 0 0 1
    outer loop
      vertex 13.2036 -9.59295 10
      vertex 19.5842 -7.2063 10
      vertex 19.382 -7.15211 10
    endloop
  endfacet
  facet normal 0 0 1
    outer loop
      vertex 13.2036 -9.59295 10
      vertex 19.382 -7.15211 10
      vertex 19.1865 -7.07709 10
    endloop
  endfacet
  facet normal 0 0 1
    outer loop
      vertex 14.134 -8.16025 10
      vertex 19.1865 -7.07709 10
      vertex 19 -6.98205 10
    endloop
  endfacet
  facet normal 0 0 1
    outer loop
      vertex 14.134 -8.16025 10
      vertex 19 -6.98205 10
      vertex 18.9654 -6.95957 10
    endloop
  endfacet
  facet normal 0 0 1
    outer loop
      vertex 14.134 -8.16025 10
      vertex 18.9654 -6.95957 10
      vertex 14.7458 -6.95957 10
    endloop
  endfacet
  facet normal 0 0 1
    outer loop
      vertex 19.1865 -7.07709 10
      vertex 14.134 -8.16025 10
      vertex 13.2036 -9.59295 10
    endloop
  endfacet
  facet normal 0 0 1
    outer loop
      vertex 19.7909 -7.23904 10
      vertex 13.2036 -9.59295 10
      vertex 12.1285 -10.9206 10
    endloop
  endfacet
  facet normal 0 0 1
    outer loop
      vertex 20 -7.25 10
      vertex 12.1285 -10.9206 10
      vertex 30 -17.3205 10
    endloop
  endfacet
  facet normal -0 0 1
    outer loop
      vertex 10.9206 -12.1285 10
      vertex 30 -17.3205 10
      vertex 12.1285 -10.9206 10
    endloop
  endfacet
  facet normal -0 0 1
    outer loop
      vertex 9.59295 -13.2036 10
      vertex 30 -17.3205 10
      vertex 10.9206 -12.1285 10
    endloop
  endfacet
  facet normal -0 0 1
    outer loop
      vertex 8.16025 -14.134 10
      vertex 30 -17.3205 10
      vertex 9.59295 -13.2036 10
    endloop
  endfacet
  facet normal 0 0 1
    outer loop
      vertex 0 -34.641 10
      vertex 8.16025 -14.134 10
      vertex 6.63815 -14.9095 10
    endloop
  endfacet
  facet normal 0 0 1
    outer loop
      vertex 0 -34.641 10
      vertex 6.63815 -14.9095 10
      vertex 5.04331 -15.5217 10
    endloop
  endfacet
  facet normal 0 0 1
    outer loop
      vertex 0 -34.641 10
      vertex 5.04331 -15.5217 10
      vertex 3.39322 -15.9639 10
    endloop
  endfacet
  facet normal 0 0 1
    outer loop
      vertex 0 -34.641 10
      vertex 3.39322 -15.9639 10
      vertex 1.70596 -16.2311 10
    endloop
  endfacet
  facet normal 0 0 1
    outer loop
      vertex 0 -34.641 10
      vertex 1.70596 -16.2311 10
      vertex 0 -16.3205 10
    endloop
  endfacet
  facet normal 0 0 1
    outer loop
      vertex 8.16025 -14.134 10
      vertex 0 -34.641 10
      vertex 30 -17.3205 10
    endloop
  endfacet
  facet normal 0 0 1
    outer loop
      vertex -1.70596 -16.2311 10
      vertex 0 -34.641 10
      vertex 0 -16.3205 10
    endloop
  endfacet
  facet normal 0 0 1
    outer loop
      vertex -3.39322 -15.9639 10
      vertex 0 -34.641 10
      vertex -1.70596 -16.2311 10
    endloop
  endfacet
  facet normal 0 0 1
    outer loop
      vertex -5.04331 -15.5217 10
      vertex 0 -34.641 10
      vertex -3.39322 -15.9639 10
    endloop
  endfacet
  facet normal 0 0 1
    outer loop
      vertex -6.63815 -14.9095 10
      vertex 0 -34.641 10
      vertex -5.04331 -15.5217 10
    endloop
  endfacet
  facet normal 0 0 1
    outer loop
      vertex -8.16025 -14.134 10
      vertex 0 -34.641 10
      vertex -6.63815 -14.9095 10
    endloop
  endfacet
  facet normal 0 0 1
    outer loop
      vertex -30 -17.3205 10
      vertex -8.16025 -14.134 10
      vertex -9.59295 -13.2036 10
    endloop
  endfacet
  facet normal 0 0 1
    outer loop
      vertex -30 -17.3205 10
      vertex -9.59295 -13.2036 10
      vertex -10.9206 -12.1285 10
    endloop
  endfacet
  facet normal 0 0 1
    outer loop
      vertex -20.0592 -8.9507 10
      vertex -10.9206 -12.1285 10
      vertex -12.1285 -10.9206 10
    endloop
  endfacet
  facet normal 0 0 1
    outer loop
      vertex -18.2188 -8.55951 10
      vertex -12.1285 -10.9206 10
      vertex -13.2036 -9.59295 10
    endloop
  endfacet
  facet normal 0 0 1
    outer loop
      vertex -16.5 -7.79423 10
      vertex -13.2036 -9.59295 10
      vertex -14.134 -8.16025 10
    endloop
  endfacet
  facet normal 0 0 1
    outer loop
      vertex -14.9778 -6.6883 10
      vertex -14.9095 -6.63815 10
      vertex -14.9146 -6.62504 10
    endloop
  endfacet
  facet normal -0 0 1
    outer loop
      vertex -14.9778 -6.6883 10
      vertex -14.134 -8.16025 10
      vertex -14.9095 -6.63815 10
    endloop
  endfacet
  facet normal -0 0 1
    outer loop
      vertex -15.7099 -7.28115 10
      vertex -14.134 -8.16025 10
      vertex -14.9778 -6.6883 10
    endloop
  endfacet
  facet normal -0 0 1
    outer loop
      vertex -16.5 -7.79423 10
      vertex -14.134 -8.16025 10
      vertex -15.7099 -7.28115 10
    endloop
  endfacet
  facet normal 0 0 1
    outer loop
      vertex -13.2036 -9.59295 10
      vertex -16.5 -7.79423 10
      vertex -17.3394 -8.22191 10
    endloop
  endfacet
  facet normal 0 0 1
    outer loop
      vertex -13.2036 -9.59295 10
      vertex -17.3394 -8.22191 10
      vertex -18.2188 -8.55951 10
    endloop
  endfacet
  facet normal 0 0 1
    outer loop
      vertex -12.1285 -10.9206 10
      vertex -18.2188 -8.55951 10
      vertex -19.1288 -8.80333 10
    endloop
  endfacet
  facet normal 0 0 1
    outer loop
      vertex -12.1285 -10.9206 10
      vertex -19.1288 -8.80333 10
      vertex -20.0592 -8.9507 10
    endloop
  endfacet
  facet normal 0 0 1
    outer loop
      vertex -10.9206 -12.1285 10
      vertex -20.0592 -8.9507 10
      vertex -30 -17.3205 10
    endloop
  endfacet
  facet normal 0 0 1
    outer loop
      vertex -30 -17.3205 10
      vertex -20.0592 -8.9507 10
      vertex -21 -9 10
    endloop
  endfacet
  facet normal 0 0 1
    outer loop
      vertex -30 -17.3205 10
      vertex -21 -9 10
      vertex -21.9408 -8.9507 10
    endloop
  endfacet
  facet normal 0 0 1
    outer loop
      vertex -30 -17.3205 10
      vertex -21.9408 -8.9507 10
      vertex -22.8712 -8.80333 10
    endloop
  endfacet
  facet normal 0 0 1
    outer loop
      vertex -30 -17.3205 10
      vertex -22.8712 -8.80333 10
      vertex -23.7812 -8.55951 10
    endloop
  endfacet
  facet normal 0 0 1
    outer loop
      vertex -30 -17.3205 10
      vertex -23.7812 -8.55951 10
      vertex -24.6606 -8.22191 10
    endloop
  endfacet
  facet normal 0 0 1
    outer loop
      vertex -30 -17.3205 10
      vertex -24.6606 -8.22191 10
      vertex -25.5 -7.79423 10
    endloop
  endfacet
  facet normal 0 0 1
    outer loop
      vertex -30 -17.3205 10
      vertex -25.5 -7.79423 10
      vertex -26.2901 -7.28115 10
    endloop
  endfacet
  facet normal 0 0 1
    outer loop
      vertex -30 -17.3205 10
      vertex -26.2901 -7.28115 10
      vertex -27.0222 -6.6883 10
    endloop
  endfacet
  facet normal 0 0 1
    outer loop
      vertex -30 -5 10
      vertex -27.0222 -6.6883 10
      vertex -27.6883 -6.02217 10
    endloop
  endfacet
  facet normal -0 0 1
    outer loop
      vertex -30 -5 10
      vertex -28.2812 -5.29007 10
      vertex -28.4695 -5 10
    endloop
  endfacet
  facet normal 0 0 1
    outer loop
      vertex -30 -5 10
      vertex -27.6883 -6.02217 10
      vertex -28.2812 -5.29007 10
    endloop
  endfacet
  facet normal 0 0 1
    outer loop
      vertex -27.0222 -6.6883 10
      vertex -30 -5 10
      vertex -30 -17.3205 10
    endloop
  endfacet
  facet normal 0 0 1
    outer loop
      vertex -8.16025 -14.134 10
      vertex -30 -17.3205 10
      vertex 0 -34.641 10
    endloop
  endfacet
  facet normal -0.5 -0.866026 4.82626e-16
    outer loop
      vertex -30 -17.3205 10
      vertex -14 -26.5581 6.6
      vertex 0 -34.641 10
    endloop
  endfacet
  facet normal -0.499897 -0.866085 0.000643601
    outer loop
      vertex -30 -17.3205 10
      vertex -14.1672 -26.4616 6.59123
      vertex -14 -26.5581 6.6
    endloop
  endfacet
  facet normal -0.499884 -0.866092 0.000725259
    outer loop
      vertex -30 -17.3205 10
      vertex -14.3327 -26.3661 6.56504
      vertex -14.1672 -26.4616 6.59123
    endloop
  endfacet
  facet normal -0.500079 -0.86598 -0.000457536
    outer loop
      vertex -30 -17.3205 10
      vertex -14.4944 -26.2727 6.52169
      vertex -14.3327 -26.3661 6.56504
    endloop
  endfacet
  facet normal -0.500005 -0.866023 -1.85578e-05
    outer loop
      vertex -30 -17.3205 10
      vertex -14.6508 -26.1824 6.46167
      vertex -14.4944 -26.2727 6.52169
    endloop
  endfacet
  facet normal -0.500081 -0.865978 -0.000462674
    outer loop
      vertex -30 -17.3205 10
      vertex -14.8 -26.0962 6.38564
      vertex -14.6508 -26.1824 6.46167
    endloop
  endfacet
  facet normal -0.499977 -0.866039 0.000121547
    outer loop
      vertex -30 -17.3205 10
      vertex -14.9405 -26.0151 6.29443
      vertex -14.8 -26.0962 6.38564
    endloop
  endfacet
  facet normal -0.499984 -0.866034 8.32861e-05
    outer loop
      vertex -30 -17.3205 10
      vertex -15.0706 -25.94 6.18903
      vertex -14.9405 -26.0151 6.29443
    endloop
  endfacet
  facet normal -0.500047 -0.865998 -0.00024279
    outer loop
      vertex -30 -17.3205 10
      vertex -15.189 -25.8716 6.07061
      vertex -15.0706 -25.94 6.18903
    endloop
  endfacet
  facet normal -0.499941 -0.866059 0.000287406
    outer loop
      vertex -30 -17.3205 10
      vertex -15.2944 -25.8108 5.94046
      vertex -15.189 -25.8716 6.07061
    endloop
  endfacet
  facet normal -0.50005 -0.865996 -0.000238121
    outer loop
      vertex -30 -17.3205 10
      vertex -15.3856 -25.7581 5.8
      vertex -15.2944 -25.8108 5.94046
    endloop
  endfacet
  facet normal -0.499959 -0.866049 0.000183297
    outer loop
      vertex -30 -17.3205 10
      vertex -15.4617 -25.7142 5.65078
      vertex -15.3856 -25.7581 5.8
    endloop
  endfacet
  facet normal -0.499955 -0.866052 0.000203975
    outer loop
      vertex -30 -17.3205 10
      vertex -15.5217 -25.6796 5.49443
      vertex -15.4617 -25.7142 5.65078
    endloop
  endfacet
  facet normal -0.500118 -0.865957 -0.000497032
    outer loop
      vertex -30 -17.3205 10
      vertex -15.565 -25.6545 5.33266
      vertex -15.5217 -25.6796 5.49443
    endloop
  endfacet
  facet normal -0.499966 -0.866045 0.000131902
    outer loop
      vertex -30 -17.3205 10
      vertex -15.5912 -25.6394 5.16724
      vertex -15.565 -25.6545 5.33266
    endloop
  endfacet
  facet normal -0.499896 -0.866086 0.000410507
    outer loop
      vertex -30 -17.3205 10
      vertex -15.6 -25.6344 5
      vertex -15.5912 -25.6394 5.16724
    endloop
  endfacet
  facet normal -0.500003 -0.866024 0
    outer loop
      vertex -30 -17.3205 0
      vertex -15.6 -25.6344 5
      vertex -30 -17.3205 10
    endloop
  endfacet
  facet normal -0.499896 -0.866086 -0.000410483
    outer loop
      vertex -15.6 -25.6344 5
      vertex -30 -17.3205 0
      vertex -15.5912 -25.6394 4.83275
    endloop
  endfacet
  facet normal -0.499966 -0.866045 -0.000131909
    outer loop
      vertex -15.5912 -25.6394 4.83275
      vertex -30 -17.3205 0
      vertex -15.565 -25.6545 4.66734
    endloop
  endfacet
  facet normal -0.500118 -0.865957 0.000497032
    outer loop
      vertex -15.565 -25.6545 4.66734
      vertex -30 -17.3205 0
      vertex -15.5217 -25.6796 4.50557
    endloop
  endfacet
  facet normal -0.499955 -0.866052 -0.000203975
    outer loop
      vertex -15.5217 -25.6796 4.50557
      vertex -30 -17.3205 0
      vertex -15.4617 -25.7142 4.34922
    endloop
  endfacet
  facet normal -0.499959 -0.866049 -0.000183297
    outer loop
      vertex -15.4617 -25.7142 4.34922
      vertex -30 -17.3205 0
      vertex -15.3856 -25.7581 4.2
    endloop
  endfacet
  facet normal -0.50005 -0.865996 0.000238121
    outer loop
      vertex -15.3856 -25.7581 4.2
      vertex -30 -17.3205 0
      vertex -15.2944 -25.8108 4.05954
    endloop
  endfacet
  facet normal -0.499941 -0.866059 -0.000287406
    outer loop
      vertex -15.2944 -25.8108 4.05954
      vertex -30 -17.3205 0
      vertex -15.189 -25.8716 3.92939
    endloop
  endfacet
  facet normal -0.500047 -0.865998 0.00024279
    outer loop
      vertex -15.189 -25.8716 3.92939
      vertex -30 -17.3205 0
      vertex -15.0706 -25.94 3.81097
    endloop
  endfacet
  facet normal -0.499984 -0.866034 -8.32861e-05
    outer loop
      vertex -15.0706 -25.94 3.81097
      vertex -30 -17.3205 0
      vertex -14.9405 -26.0151 3.70557
    endloop
  endfacet
  facet normal -0.499977 -0.866039 -0.000121547
    outer loop
      vertex -14.9405 -26.0151 3.70557
      vertex -30 -17.3205 0
      vertex -14.8 -26.0962 3.61436
    endloop
  endfacet
  facet normal -0.499897 -0.866085 -0.000643746
    outer loop
      vertex -14.1672 -26.4616 3.40876
      vertex -30 -17.3205 0
      vertex -14 -26.5581 3.4
    endloop
  endfacet
  facet normal -0.499884 -0.866092 -0.000725143
    outer loop
      vertex -14.3327 -26.3661 3.43496
      vertex -30 -17.3205 0
      vertex -14.1672 -26.4616 3.40876
    endloop
  endfacet
  facet normal -0.500079 -0.86598 0.000457536
    outer loop
      vertex -14.4944 -26.2727 3.47831
      vertex -30 -17.3205 0
      vertex -14.3327 -26.3661 3.43496
    endloop
  endfacet
  facet normal -0.500005 -0.866023 1.85578e-05
    outer loop
      vertex -14.6508 -26.1824 3.53833
      vertex -30 -17.3205 0
      vertex -14.4944 -26.2727 3.47831
    endloop
  endfacet
  facet normal -0.500081 -0.865978 0.000462674
    outer loop
      vertex -14.8 -26.0962 3.61436
      vertex -30 -17.3205 0
      vertex -14.6508 -26.1824 3.53833
    endloop
  endfacet
  facet normal -0.500214 -0.865901 0.00117638
    outer loop
      vertex -13.8328 -26.6547 6.59123
      vertex 0 -34.641 10
      vertex -14 -26.5581 6.6
    endloop
  endfacet
  facet normal -0.499876 -0.866097 -0.000654645
    outer loop
      vertex -13.6673 -26.7502 6.56504
      vertex 0 -34.641 10
      vertex -13.8328 -26.6547 6.59123
    endloop
  endfacet
  facet normal -0.500082 -0.865978 0.000440159
    outer loop
      vertex -13.5056 -26.8436 6.52169
      vertex 0 -34.641 10
      vertex -13.6673 -26.7502 6.56504
    endloop
  endfacet
  facet normal -0.499835 -0.86612 -0.000836469
    outer loop
      vertex -13.3492 -26.9338 6.46167
      vertex 0 -34.641 10
      vertex -13.5056 -26.8436 6.52169
    endloop
  endfacet
  facet normal -0.500089 -0.865974 0.000441614
    outer loop
      vertex -13.2 -27.02 6.38564
      vertex 0 -34.641 10
      vertex -13.3492 -26.9338 6.46167
    endloop
  endfacet
  facet normal -0.499975 -0.86604 -0.000116616
    outer loop
      vertex -13.0595 -27.1011 6.29443
      vertex 0 -34.641 10
      vertex -13.2 -27.02 6.38564
    endloop
  endfacet
  facet normal -0.499983 -0.866035 -8.03984e-05
    outer loop
      vertex -12.9294 -27.1762 6.18903
      vertex 0 -34.641 10
      vertex -13.0595 -27.1011 6.29443
    endloop
  endfacet
  facet normal -0.500052 -0.865995 0.00023531
    outer loop
      vertex -12.811 -27.2446 6.07061
      vertex 0 -34.641 10
      vertex -12.9294 -27.1762 6.18903
    endloop
  endfacet
  facet normal -0.500057 -0.865993 0.00025351
    outer loop
      vertex -12.7056 -27.3055 5.94046
      vertex 0 -34.641 10
      vertex -12.811 -27.2446 6.07061
    endloop
  endfacet
  facet normal -0.49993 -0.866066 -0.000274523
    outer loop
      vertex -12.6144 -27.3581 5.8
      vertex 0 -34.641 10
      vertex -12.7056 -27.3055 5.94046
    endloop
  endfacet
  facet normal -0.499954 -0.866052 -0.000179559
    outer loop
      vertex -12.5383 -27.402 5.65078
      vertex 0 -34.641 10
      vertex -12.6144 -27.3581 5.8
    endloop
  endfacet
  facet normal -0.500075 -0.865982 0.000288104
    outer loop
      vertex -12.4783 -27.4367 5.49443
      vertex 0 -34.641 10
      vertex -12.5383 -27.402 5.65078
    endloop
  endfacet
  facet normal -0.499999 -0.866026 4.4246e-06
    outer loop
      vertex -12.435 -27.4617 5.33266
      vertex 0 -34.641 10
      vertex -12.4783 -27.4367 5.49443
    endloop
  endfacet
  facet normal -0.499961 -0.866048 -0.000130808
    outer loop
      vertex -12.4088 -27.4768 5.16724
      vertex 0 -34.641 10
      vertex -12.435 -27.4617 5.33266
    endloop
  endfacet
  facet normal -0.500027 -0.86601 9.81091e-05
    outer loop
      vertex -12.4 -27.4819 5
      vertex 0 -34.641 10
      vertex -12.4088 -27.4768 5.16724
    endloop
  endfacet
  facet normal -0.500027 -0.86601 -9.81033e-05
    outer loop
      vertex 0 -34.641 0
      vertex -12.4 -27.4819 5
      vertex -12.4088 -27.4768 4.83275
    endloop
  endfacet
  facet normal -0.499961 -0.866048 0.000130816
    outer loop
      vertex 0 -34.641 0
      vertex -12.4088 -27.4768 4.83275
      vertex -12.435 -27.4617 4.66734
    endloop
  endfacet
  facet normal -0.499999 -0.866026 -4.4246e-06
    outer loop
      vertex 0 -34.641 0
      vertex -12.435 -27.4617 4.66734
      vertex -12.4783 -27.4367 4.50557
    endloop
  endfacet
  facet normal -0.500075 -0.865982 -0.000288104
    outer loop
      vertex 0 -34.641 0
      vertex -12.4783 -27.4367 4.50557
      vertex -12.5383 -27.402 4.34922
    endloop
  endfacet
  facet normal -0.499954 -0.866052 0.000179559
    outer loop
      vertex 0 -34.641 0
      vertex -12.5383 -27.402 4.34922
      vertex -12.6144 -27.3581 4.2
    endloop
  endfacet
  facet normal -0.49993 -0.866066 0.000274523
    outer loop
      vertex 0 -34.641 0
      vertex -12.6144 -27.3581 4.2
      vertex -12.7056 -27.3055 4.05954
    endloop
  endfacet
  facet normal -0.500057 -0.865993 -0.00025351
    outer loop
      vertex 0 -34.641 0
      vertex -12.7056 -27.3055 4.05954
      vertex -12.811 -27.2446 3.92939
    endloop
  endfacet
  facet normal -0.500052 -0.865995 -0.00023531
    outer loop
      vertex 0 -34.641 0
      vertex -12.811 -27.2446 3.92939
      vertex -12.9294 -27.1762 3.81097
    endloop
  endfacet
  facet normal -0.499983 -0.866035 8.03984e-05
    outer loop
      vertex 0 -34.641 0
      vertex -12.9294 -27.1762 3.81097
      vertex -13.0595 -27.1011 3.70557
    endloop
  endfacet
  facet normal -0.499975 -0.86604 0.000116616
    outer loop
      vertex 0 -34.641 0
      vertex -13.0595 -27.1011 3.70557
      vertex -13.2 -27.02 3.61436
    endloop
  endfacet
  facet normal -0.500089 -0.865974 -0.000441614
    outer loop
      vertex 0 -34.641 0
      vertex -13.2 -27.02 3.61436
      vertex -13.3492 -26.9338 3.53833
    endloop
  endfacet
  facet normal -0.5 -0.866026 -2.41313e-16
    outer loop
      vertex 0 -34.641 0
      vertex -14 -26.5581 3.4
      vertex -30 -17.3205 0
    endloop
  endfacet
  facet normal -0.500214 -0.865901 -0.00117662
    outer loop
      vertex -14 -26.5581 3.4
      vertex 0 -34.641 0
      vertex -13.8328 -26.6547 3.40876
    endloop
  endfacet
  facet normal -0.499998 -0.866027 0
    outer loop
      vertex -12.4 -27.4819 5
      vertex 0 -34.641 0
      vertex 0 -34.641 10
    endloop
  endfacet
  facet normal -0.499835 -0.86612 0.000836469
    outer loop
      vertex -13.5056 -26.8436 3.47831
      vertex 0 -34.641 0
      vertex -13.3492 -26.9338 3.53833
    endloop
  endfacet
  facet normal -0.500082 -0.865978 -0.000440159
    outer loop
      vertex -13.6673 -26.7502 3.43496
      vertex 0 -34.641 0
      vertex -13.5056 -26.8436 3.47831
    endloop
  endfacet
  facet normal -0.499876 -0.866097 0.000654548
    outer loop
      vertex -13.8328 -26.6547 3.40876
      vertex 0 -34.641 0
      vertex -13.6673 -26.7502 3.43496
    endloop
  endfacet
  facet normal 1 0 0
    outer loop
      vertex 30 -7.25 10
      vertex 30 -17.3205 10
      vertex 30 -7.25 2.7
    endloop
  endfacet
  facet normal 1 0 0
    outer loop
      vertex 30 3.25 5.53024
      vertex 30 2.94884 5.37679
      vertex 30 3.25 2.7
    endloop
  endfacet
  facet normal 1 0 0
    outer loop
      vertex 30 7.25 2.7
      vertex 30 17.3205 10
      vertex 30 7.25 10
    endloop
  endfacet
  facet normal 1 0 0
    outer loop
      vertex 30 17.3205 10
      vertex 30 7.25 2.7
      vertex 30 17.3205 0
    endloop
  endfacet
  facet normal 1 -0 0
    outer loop
      vertex 30 3.25 2.7
      vertex 30 17.3205 0
      vertex 30 7.25 2.7
    endloop
  endfacet
  facet normal 1 -0 0
    outer loop
      vertex 30 2.24037 5.10484
      vertex 30 3.25 2.7
      vertex 30 2.94884 5.37679
    endloop
  endfacet
  facet normal 1 -0 0
    outer loop
      vertex 30 1.50736 4.90843
      vertex 30 3.25 2.7
      vertex 30 2.24037 5.10484
    endloop
  endfacet
  facet normal 1 -0 0
    outer loop
      vertex 30 0.757831 4.78972
      vertex 30 3.25 2.7
      vertex 30 1.50736 4.90843
    endloop
  endfacet
  facet normal 1 -0 0
    outer loop
      vertex 30 0 4.75
      vertex 30 3.25 2.7
      vertex 30 0.757831 4.78972
    endloop
  endfacet
  facet normal 1 0 0
    outer loop
      vertex 30 -3.25 2.7
      vertex 30 0 4.75
      vertex 30 -0.757831 4.78972
    endloop
  endfacet
  facet normal 1 0 0
    outer loop
      vertex 30 -3.25 2.7
      vertex 30 -0.757831 4.78972
      vertex 30 -1.50736 4.90843
    endloop
  endfacet
  facet normal 1 0 0
    outer loop
      vertex 30 -3.25 2.7
      vertex 30 -1.50736 4.90843
      vertex 30 -2.24037 5.10484
    endloop
  endfacet
  facet normal 1 0 0
    outer loop
      vertex 30 -3.25 2.7
      vertex 30 -2.24037 5.10484
      vertex 30 -2.94884 5.37679
    endloop
  endfacet
  facet normal 1 0 0
    outer loop
      vertex 30 -3.25 2.7
      vertex 30 -2.94884 5.37679
      vertex 30 -3.25 5.53024
    endloop
  endfacet
  facet normal 1 0 0
    outer loop
      vertex 30 0 4.75
      vertex 30 -3.25 2.7
      vertex 30 3.25 2.7
    endloop
  endfacet
  facet normal 1 -0 0
    outer loop
      vertex 30 -3.25 2.7
      vertex 30 17.3205 0
      vertex 30 3.25 2.7
    endloop
  endfacet
  facet normal 1 0 0
    outer loop
      vertex 30 -17.3205 0
      vertex 30 -3.25 2.7
      vertex 30 -7.25 2.7
    endloop
  endfacet
  facet normal 1 0 0
    outer loop
      vertex 30 -3.25 2.7
      vertex 30 -17.3205 0
      vertex 30 17.3205 0
    endloop
  endfacet
  facet normal 1 0 0
    outer loop
      vertex 30 -17.3205 0
      vertex 30 -7.25 2.7
      vertex 30 -17.3205 10
    endloop
  endfacet
  facet normal 0 0 -1
    outer loop
      vertex 30 -17.3205 0
      vertex 6.75 0 0
      vertex 30 17.3205 0
    endloop
  endfacet
  facet normal 0 0 -1
    outer loop
      vertex 30 -17.3205 0
      vertex 6.71302 -0.705566 0
      vertex 6.75 0 0
    endloop
  endfacet
  facet normal 0 0 -1
    outer loop
      vertex 30 -17.3205 0
      vertex 6.6025 -1.4034 0
      vertex 6.71302 -0.705566 0
    endloop
  endfacet
  facet normal 0 0 -1
    outer loop
      vertex 30 -17.3205 0
      vertex 6.41963 -2.08586 0
      vertex 6.6025 -1.4034 0
    endloop
  endfacet
  facet normal 0 0 -1
    outer loop
      vertex 30 -17.3205 0
      vertex 6.16643 -2.74547 0
      vertex 6.41963 -2.08586 0
    endloop
  endfacet
  facet normal 0 0 -1
    outer loop
      vertex 30 -17.3205 0
      vertex 5.84567 -3.375 0
      vertex 6.16643 -2.74547 0
    endloop
  endfacet
  facet normal 0 0 -1
    outer loop
      vertex 30 -17.3205 0
      vertex 5.46086 -3.96755 0
      vertex 5.84567 -3.375 0
    endloop
  endfacet
  facet normal 0 0 -1
    outer loop
      vertex 30 -17.3205 0
      vertex 5.01623 -4.51663 0
      vertex 5.46086 -3.96755 0
    endloop
  endfacet
  facet normal 0 0 -1
    outer loop
      vertex 30 -17.3205 0
      vertex 4.51663 -5.01623 0
      vertex 5.01623 -4.51663 0
    endloop
  endfacet
  facet normal 0 0 -1
    outer loop
      vertex 30 -17.3205 0
      vertex 3.96755 -5.46086 0
      vertex 4.51663 -5.01623 0
    endloop
  endfacet
  facet normal 0 0 -1
    outer loop
      vertex 30 -17.3205 0
      vertex 3.375 -5.84567 0
      vertex 3.96755 -5.46086 0
    endloop
  endfacet
  facet normal 0 0 -1
    outer loop
      vertex 0 -34.641 0
      vertex 3.375 -5.84567 0
      vertex 30 -17.3205 0
    endloop
  endfacet
  facet normal 0 0 -1
    outer loop
      vertex 3.375 -5.84567 0
      vertex 0 -34.641 0
      vertex 2.74547 -6.16643 0
    endloop
  endfacet
  facet normal 0 0 -1
    outer loop
      vertex 2.74547 -6.16643 0
      vertex 0 -34.641 0
      vertex 2.08586 -6.41963 0
    endloop
  endfacet
  facet normal 0 0 -1
    outer loop
      vertex 2.08586 -6.41963 0
      vertex 0 -34.641 0
      vertex 1.4034 -6.6025 0
    endloop
  endfacet
  facet normal 0 0 -1
    outer loop
      vertex 1.4034 -6.6025 0
      vertex 0 -34.641 0
      vertex 0.705566 -6.71302 0
    endloop
  endfacet
  facet normal 0 0 -1
    outer loop
      vertex 0 -34.641 0
      vertex 0 -6.75 0
      vertex 0.705566 -6.71302 0
    endloop
  endfacet
  facet normal 0 0 -1
    outer loop
      vertex 0 -34.641 0
      vertex -0.705566 -6.71302 0
      vertex 0 -6.75 0
    endloop
  endfacet
  facet normal 0 0 -1
    outer loop
      vertex 0 -34.641 0
      vertex -1.4034 -6.6025 0
      vertex -0.705566 -6.71302 0
    endloop
  endfacet
  facet normal 0 0 -1
    outer loop
      vertex 0 -34.641 0
      vertex -2.08586 -6.41963 0
      vertex -1.4034 -6.6025 0
    endloop
  endfacet
  facet normal 0 0 -1
    outer loop
      vertex 0 -34.641 0
      vertex -2.74547 -6.16643 0
      vertex -2.08586 -6.41963 0
    endloop
  endfacet
  facet normal 0 0 -1
    outer loop
      vertex -17.4 -6.23538 0
      vertex -2.74547 -6.16643 0
      vertex 0 -34.641 0
    endloop
  endfacet
  facet normal -0 0 -1
    outer loop
      vertex -2.74547 -6.16643 0
      vertex -17.4 -6.23538 0
      vertex -3.375 -5.84567 0
    endloop
  endfacet
  facet normal 0 -0 -1
    outer loop
      vertex -16.7679 -5.82492 0
      vertex -3.375 -5.84567 0
      vertex -17.4 -6.23538 0
    endloop
  endfacet
  facet normal 0 0 -1
    outer loop
      vertex -3.375 -5.84567 0
      vertex -16.7679 -5.82492 0
      vertex -3.96755 -5.46086 0
    endloop
  endfacet
  facet normal 0 -0 -1
    outer loop
      vertex -16.1823 -5.35064 0
      vertex -3.96755 -5.46086 0
      vertex -16.7679 -5.82492 0
    endloop
  endfacet
  facet normal 0 0 -1
    outer loop
      vertex -4.51663 -5.01623 0
      vertex -15.8316 -5 0
      vertex -4.53286 -5 0
    endloop
  endfacet
  facet normal 0 -0 -1
    outer loop
      vertex -15.8316 -5 0
      vertex -4.51663 -5.01623 0
      vertex -16.1823 -5.35064 0
    endloop
  endfacet
  facet normal 0 0 -1
    outer loop
      vertex -3.96755 -5.46086 0
      vertex -16.1823 -5.35064 0
      vertex -4.51663 -5.01623 0
    endloop
  endfacet
  facet normal 0 0 -1
    outer loop
      vertex 0 -34.641 0
      vertex -18.0715 -6.57753 0
      vertex -17.4 -6.23538 0
    endloop
  endfacet
  facet normal 0 0 -1
    outer loop
      vertex 0 -34.641 0
      vertex -18.7751 -6.84761 0
      vertex -18.0715 -6.57753 0
    endloop
  endfacet
  facet normal 0 0 -1
    outer loop
      vertex -30 -17.3205 0
      vertex -18.7751 -6.84761 0
      vertex 0 -34.641 0
    endloop
  endfacet
  facet normal 0 0 -1
    outer loop
      vertex -18.7751 -6.84761 0
      vertex -30 -17.3205 0
      vertex -19.503 -7.04266 0
    endloop
  endfacet
  facet normal 0 0 -1
    outer loop
      vertex -19.503 -7.04266 0
      vertex -30 -17.3205 0
      vertex -20.2474 -7.16056 0
    endloop
  endfacet
  facet normal 0 0 -1
    outer loop
      vertex -20.2474 -7.16056 0
      vertex -30 -17.3205 0
      vertex -21 -7.2 0
    endloop
  endfacet
  facet normal -0 0 -1
    outer loop
      vertex -21 -7.2 0
      vertex -30 -17.3205 0
      vertex -21.7526 -7.16056 0
    endloop
  endfacet
  facet normal -0 0 -1
    outer loop
      vertex -21.7526 -7.16056 0
      vertex -30 -17.3205 0
      vertex -22.497 -7.04266 0
    endloop
  endfacet
  facet normal -0 0 -1
    outer loop
      vertex -22.497 -7.04266 0
      vertex -30 -17.3205 0
      vertex -23.2249 -6.84761 0
    endloop
  endfacet
  facet normal -0 0 -1
    outer loop
      vertex -23.2249 -6.84761 0
      vertex -30 -17.3205 0
      vertex -23.9285 -6.57753 0
    endloop
  endfacet
  facet normal -0 0 -1
    outer loop
      vertex -23.9285 -6.57753 0
      vertex -30 -17.3205 0
      vertex -24.6 -6.23538 0
    endloop
  endfacet
  facet normal -0 0 -1
    outer loop
      vertex -24.6 -6.23538 0
      vertex -30 -17.3205 0
      vertex -25.2321 -5.82492 0
    endloop
  endfacet
  facet normal 0 0 -1
    outer loop
      vertex -30 -5 0
      vertex -25.2321 -5.82492 0
      vertex -30 -17.3205 0
    endloop
  endfacet
  facet normal 0 0 -1
    outer loop
      vertex -25.2321 -5.82492 0
      vertex -30 -5 0
      vertex -25.8177 -5.35064 0
    endloop
  endfacet
  facet normal 0 0 -1
    outer loop
      vertex -25.8177 -5.35064 0
      vertex -30 -5 0
      vertex -26.1684 -5 0
    endloop
  endfacet
  facet normal 0 0 -1
    outer loop
      vertex 6.71302 0.705566 0
      vertex 30 17.3205 0
      vertex 6.75 0 0
    endloop
  endfacet
  facet normal 0 0 -1
    outer loop
      vertex 6.6025 1.4034 0
      vertex 30 17.3205 0
      vertex 6.71302 0.705566 0
    endloop
  endfacet
  facet normal 0 0 -1
    outer loop
      vertex 6.41963 2.08586 0
      vertex 30 17.3205 0
      vertex 6.6025 1.4034 0
    endloop
  endfacet
  facet normal 0 0 -1
    outer loop
      vertex 6.16643 2.74547 0
      vertex 30 17.3205 0
      vertex 6.41963 2.08586 0
    endloop
  endfacet
  facet normal 0 0 -1
    outer loop
      vertex 5.84567 3.375 0
      vertex 30 17.3205 0
      vertex 6.16643 2.74547 0
    endloop
  endfacet
  facet normal 0 0 -1
    outer loop
      vertex 5.46086 3.96755 0
      vertex 30 17.3205 0
      vertex 5.84567 3.375 0
    endloop
  endfacet
  facet normal 0 0 -1
    outer loop
      vertex 5.01623 4.51663 0
      vertex 30 17.3205 0
      vertex 5.46086 3.96755 0
    endloop
  endfacet
  facet normal 0 0 -1
    outer loop
      vertex 4.51663 5.01623 0
      vertex 30 17.3205 0
      vertex 5.01623 4.51663 0
    endloop
  endfacet
  facet normal 0 0 -1
    outer loop
      vertex 3.96755 5.46086 0
      vertex 30 17.3205 0
      vertex 4.51663 5.01623 0
    endloop
  endfacet
  facet normal 0 0 -1
    outer loop
      vertex 3.375 5.84567 0
      vertex 30 17.3205 0
      vertex 3.96755 5.46086 0
    endloop
  endfacet
  facet normal 0 0 -1
    outer loop
      vertex 0 34.641 0
      vertex 3.375 5.84567 0
      vertex 2.74547 6.16643 0
    endloop
  endfacet
  facet normal 0 0 -1
    outer loop
      vertex 0 34.641 0
      vertex 2.74547 6.16643 0
      vertex 2.08586 6.41963 0
    endloop
  endfacet
  facet normal 0 0 -1
    outer loop
      vertex 0 34.641 0
      vertex 2.08586 6.41963 0
      vertex 1.4034 6.6025 0
    endloop
  endfacet
  facet normal 0 0 -1
    outer loop
      vertex 0 34.641 0
      vertex 1.4034 6.6025 0
      vertex 0.705566 6.71302 0
    endloop
  endfacet
  facet normal 0 0 -1
    outer loop
      vertex 0 34.641 0
      vertex 0.705566 6.71302 0
      vertex 0 6.75 0
    endloop
  endfacet
  facet normal 0 0 -1
    outer loop
      vertex 3.375 5.84567 0
      vertex 0 34.641 0
      vertex 30 17.3205 0
    endloop
  endfacet
  facet normal 0 0 -1
    outer loop
      vertex -0.705566 6.71302 0
      vertex 0 34.641 0
      vertex 0 6.75 0
    endloop
  endfacet
  facet normal 0 0 -1
    outer loop
      vertex -1.4034 6.6025 0
      vertex 0 34.641 0
      vertex -0.705566 6.71302 0
    endloop
  endfacet
  facet normal 0 0 -1
    outer loop
      vertex -2.08586 6.41963 0
      vertex 0 34.641 0
      vertex -1.4034 6.6025 0
    endloop
  endfacet
  facet normal 0 0 -1
    outer loop
      vertex -2.74547 6.16643 0
      vertex 0 34.641 0
      vertex -2.08586 6.41963 0
    endloop
  endfacet
  facet normal 0 0 -1
    outer loop
      vertex -17.4 6.23538 0
      vertex -2.74547 6.16643 0
      vertex -3.375 5.84567 0
    endloop
  endfacet
  facet normal 0 0 -1
    outer loop
      vertex -16.7679 5.82492 0
      vertex -3.375 5.84567 0
      vertex -3.96755 5.46086 0
    endloop
  endfacet
  facet normal 0 0 -1
    outer loop
      vertex -16.1823 5.35064 0
      vertex -3.96755 5.46086 0
      vertex -4.51663 5.01623 0
    endloop
  endfacet
  facet normal 0 0 -1
    outer loop
      vertex -15.8316 5 0
      vertex -4.51663 5.01623 0
      vertex -4.53286 5 0
    endloop
  endfacet
  facet normal -0 0 -1
    outer loop
      vertex -4.51663 5.01623 0
      vertex -15.8316 5 0
      vertex -16.1823 5.35064 0
    endloop
  endfacet
  facet normal -0 0 -1
    outer loop
      vertex -3.96755 5.46086 0
      vertex -16.1823 5.35064 0
      vertex -16.7679 5.82492 0
    endloop
  endfacet
  facet normal -0 0 -1
    outer loop
      vertex -3.375 5.84567 0
      vertex -16.7679 5.82492 0
      vertex -17.4 6.23538 0
    endloop
  endfacet
  facet normal 0 0 -1
    outer loop
      vertex -2.74547 6.16643 0
      vertex -17.4 6.23538 0
      vertex 0 34.641 0
    endloop
  endfacet
  facet normal 0 0 -1
    outer loop
      vertex -18.0715 6.57753 0
      vertex 0 34.641 0
      vertex -17.4 6.23538 0
    endloop
  endfacet
  facet normal 0 0 -1
    outer loop
      vertex -18.7751 6.84761 0
      vertex 0 34.641 0
      vertex -18.0715 6.57753 0
    endloop
  endfacet
  facet normal 0 0 -1
    outer loop
      vertex -30 17.3205 0
      vertex -18.7751 6.84761 0
      vertex -19.503 7.04266 0
    endloop
  endfacet
  facet normal 0 0 -1
    outer loop
      vertex -30 17.3205 0
      vertex -19.503 7.04266 0
      vertex -20.2474 7.16056 0
    endloop
  endfacet
  facet normal 0 0 -1
    outer loop
      vertex -30 17.3205 0
      vertex -20.2474 7.16056 0
      vertex -21 7.2 0
    endloop
  endfacet
  facet normal 0 0 -1
    outer loop
      vertex -30 17.3205 0
      vertex -21 7.2 0
      vertex -21.7526 7.16056 0
    endloop
  endfacet
  facet normal 0 0 -1
    outer loop
      vertex -30 17.3205 0
      vertex -21.7526 7.16056 0
      vertex -22.497 7.04266 0
    endloop
  endfacet
  facet normal 0 0 -1
    outer loop
      vertex -30 17.3205 0
      vertex -22.497 7.04266 0
      vertex -23.2249 6.84761 0
    endloop
  endfacet
  facet normal 0 0 -1
    outer loop
      vertex -30 17.3205 0
      vertex -23.2249 6.84761 0
      vertex -23.9285 6.57753 0
    endloop
  endfacet
  facet normal 0 0 -1
    outer loop
      vertex -30 17.3205 0
      vertex -23.9285 6.57753 0
      vertex -24.6 6.23538 0
    endloop
  endfacet
  facet normal 0 0 -1
    outer loop
      vertex -30 17.3205 0
      vertex -24.6 6.23538 0
      vertex -25.2321 5.82492 0
    endloop
  endfacet
  facet normal 0 0 -1
    outer loop
      vertex -30 5 0
      vertex -25.2321 5.82492 0
      vertex -25.8177 5.35064 0
    endloop
  endfacet
  facet normal 0 0 -1
    outer loop
      vertex -30 5 0
      vertex -25.8177 5.35064 0
      vertex -26.1684 5 0
    endloop
  endfacet
  facet normal -0 0 -1
    outer loop
      vertex -25.2321 5.82492 0
      vertex -30 5 0
      vertex -30 17.3205 0
    endloop
  endfacet
  facet normal 0 0 -1
    outer loop
      vertex -18.7751 6.84761 0
      vertex -30 17.3205 0
      vertex 0 34.641 0
    endloop
  endfacet
  facet normal 0.5 -0.866026 0
    outer loop
      vertex 0 -34.641 0
      vertex 30 -17.3205 10
      vertex 0 -34.641 10
    endloop
  endfacet
  facet normal 0.5 -0.866026 0
    outer loop
      vertex 30 -17.3205 10
      vertex 0 -34.641 0
      vertex 30 -17.3205 0
    endloop
  endfacet
  facet normal -0.998629 0.052337 0
    outer loop
      vertex -8.375 0 17.5
      vertex -8.32912 0.875425 23
      vertex -8.32912 0.875425 17.5
    endloop
  endfacet
  facet normal -0.998629 0.052337 0
    outer loop
      vertex -8.32912 0.875425 23
      vertex -8.375 0 17.5
      vertex -8.375 0 23
    endloop
  endfacet
  facet normal 0.052337 0.998629 -0
    outer loop
      vertex 0.875425 8.32912 17.5
      vertex 0 8.375 23
      vertex 0.875425 8.32912 23
    endloop
  endfacet
  facet normal 0.052337 0.998629 0
    outer loop
      vertex 0 8.375 23
      vertex 0.875425 8.32912 17.5
      vertex 0 8.375 17.5
    endloop
  endfacet
  facet normal -0.629319 0.777147 0
    outer loop
      vertex -4.9227 6.77552 17.5
      vertex -5.60397 6.22384 23
      vertex -4.9227 6.77552 23
    endloop
  endfacet
  facet normal -0.629319 0.777147 0
    outer loop
      vertex -5.60397 6.22384 23
      vertex -4.9227 6.77552 17.5
      vertex -5.60397 6.22384 17.5
    endloop
  endfacet
  facet normal -0.358374 0.933578 0
    outer loop
      vertex -2.58802 7.9651 17.5
      vertex -3.40642 7.65094 23
      vertex -2.58802 7.9651 23
    endloop
  endfacet
  facet normal -0.358374 0.933578 0
    outer loop
      vertex -3.40642 7.65094 23
      vertex -2.58802 7.9651 17.5
      vertex -3.40642 7.65094 17.5
    endloop
  endfacet
  facet normal -0.933578 -0.358374 0
    outer loop
      vertex -7.65094 -3.40642 17.5
      vertex -7.9651 -2.58802 23
      vertex -7.9651 -2.58802 17.5
    endloop
  endfacet
  facet normal -0.933578 -0.358374 0
    outer loop
      vertex -7.9651 -2.58802 23
      vertex -7.65094 -3.40642 17.5
      vertex -7.65094 -3.40642 23
    endloop
  endfacet
  facet normal 0.45399 0.891007 -0
    outer loop
      vertex 4.1875 7.25296 17.5
      vertex 3.40642 7.65094 23
      vertex 4.1875 7.25296 23
    endloop
  endfacet
  facet normal 0.45399 0.891007 0
    outer loop
      vertex 3.40642 7.65094 23
      vertex 4.1875 7.25296 17.5
      vertex 3.40642 7.65094 17.5
    endloop
  endfacet
  facet normal 0.544471 0.83878 -0
    outer loop
      vertex 4.19206 7.25 17.5
      vertex 4.1875 7.25296 23
      vertex 4.19206 7.25 23
    endloop
  endfacet
  facet normal 0.544471 0.83878 0
    outer loop
      vertex 4.1875 7.25296 23
      vertex 4.19206 7.25 17.5
      vertex 4.1875 7.25296 17.5
    endloop
  endfacet
  facet normal -0.891007 0.45399 0
    outer loop
      vertex -7.65094 3.40642 17.5
      vertex -7.25296 4.1875 23
      vertex -7.25296 4.1875 17.5
    endloop
  endfacet
  facet normal -0.891007 0.45399 0
    outer loop
      vertex -7.25296 4.1875 23
      vertex -7.65094 3.40642 17.5
      vertex -7.65094 3.40642 23
    endloop
  endfacet
  facet normal -0.45399 0.891007 0
    outer loop
      vertex -3.40642 7.65094 17.5
      vertex -4.1875 7.25296 23
      vertex -3.40642 7.65094 23
    endloop
  endfacet
  facet normal -0.45399 0.891007 0
    outer loop
      vertex -4.1875 7.25296 23
      vertex -3.40642 7.65094 17.5
      vertex -4.1875 7.25296 17.5
    endloop
  endfacet
  facet normal -0.156429 0.987689 0
    outer loop
      vertex -0.875425 8.32912 17.5
      vertex -1.74126 8.19199 23
      vertex -0.875425 8.32912 23
    endloop
  endfacet
  facet normal -0.156429 0.987689 0
    outer loop
      vertex -1.74126 8.19199 23
      vertex -0.875425 8.32912 17.5
      vertex -1.74126 8.19199 17.5
    endloop
  endfacet
  facet normal -0.891007 -0.45399 0
    outer loop
      vertex -7.25296 -4.1875 17.5
      vertex -7.65094 -3.40642 23
      vertex -7.65094 -3.40642 17.5
    endloop
  endfacet
  facet normal -0.891007 -0.45399 0
    outer loop
      vertex -7.65094 -3.40642 23
      vertex -7.25296 -4.1875 17.5
      vertex -7.25296 -4.1875 23
    endloop
  endfacet
  facet normal 0.25882 0.965925 -0
    outer loop
      vertex 2.58802 7.9651 17.5
      vertex 1.74126 8.19199 23
      vertex 2.58802 7.9651 23
    endloop
  endfacet
  facet normal 0.25882 0.965925 0
    outer loop
      vertex 1.74126 8.19199 23
      vertex 2.58802 7.9651 17.5
      vertex 1.74126 8.19199 17.5
    endloop
  endfacet
  facet normal 0.358374 0.933578 -0
    outer loop
      vertex 3.40642 7.65094 17.5
      vertex 2.58802 7.9651 23
      vertex 3.40642 7.65094 23
    endloop
  endfacet
  facet normal 0.358374 0.933578 0
    outer loop
      vertex 2.58802 7.9651 23
      vertex 3.40642 7.65094 17.5
      vertex 2.58802 7.9651 17.5
    endloop
  endfacet
  facet normal 0.156429 0.987689 -0
    outer loop
      vertex 1.74126 8.19199 17.5
      vertex 0.875425 8.32912 23
      vertex 1.74126 8.19199 23
    endloop
  endfacet
  facet normal 0.156429 0.987689 0
    outer loop
      vertex 0.875425 8.32912 23
      vertex 1.74126 8.19199 17.5
      vertex 0.875425 8.32912 17.5
    endloop
  endfacet
  facet normal -0.965925 0.25882 0
    outer loop
      vertex -8.19199 1.74126 17.5
      vertex -7.9651 2.58802 23
      vertex -7.9651 2.58802 17.5
    endloop
  endfacet
  facet normal -0.965925 0.25882 0
    outer loop
      vertex -7.9651 2.58802 23
      vertex -8.19199 1.74126 17.5
      vertex -8.19199 1.74126 23
    endloop
  endfacet
  facet normal -0.777147 0.629319 0
    outer loop
      vertex -6.77552 4.9227 17.5
      vertex -6.22384 5.60397 23
      vertex -6.22384 5.60397 17.5
    endloop
  endfacet
  facet normal -0.777147 0.629319 0
    outer loop
      vertex -6.22384 5.60397 23
      vertex -6.77552 4.9227 17.5
      vertex -6.77552 4.9227 23
    endloop
  endfacet
  facet normal -0.707107 0.707107 0
    outer loop
      vertex -6.22384 5.60397 17.5
      vertex -5.60397 6.22384 23
      vertex -5.60397 6.22384 17.5
    endloop
  endfacet
  facet normal -0.707107 0.707107 0
    outer loop
      vertex -5.60397 6.22384 23
      vertex -6.22384 5.60397 17.5
      vertex -6.22384 5.60397 23
    endloop
  endfacet
  facet normal -0.838673 0.544635 0
    outer loop
      vertex -7.25296 4.1875 17.5
      vertex -6.77552 4.9227 23
      vertex -6.77552 4.9227 17.5
    endloop
  endfacet
  facet normal -0.838673 0.544635 0
    outer loop
      vertex -6.77552 4.9227 23
      vertex -7.25296 4.1875 17.5
      vertex -7.25296 4.1875 23
    endloop
  endfacet
  facet normal -0.933578 0.358374 0
    outer loop
      vertex -7.9651 2.58802 17.5
      vertex -7.65094 3.40642 23
      vertex -7.65094 3.40642 17.5
    endloop
  endfacet
  facet normal -0.933578 0.358374 0
    outer loop
      vertex -7.65094 3.40642 23
      vertex -7.9651 2.58802 17.5
      vertex -7.9651 2.58802 23
    endloop
  endfacet
  facet normal -0.987689 0.156429 0
    outer loop
      vertex -8.32912 0.875425 17.5
      vertex -8.19199 1.74126 23
      vertex -8.19199 1.74126 17.5
    endloop
  endfacet
  facet normal -0.987689 0.156429 0
    outer loop
      vertex -8.19199 1.74126 23
      vertex -8.32912 0.875425 17.5
      vertex -8.32912 0.875425 23
    endloop
  endfacet
  facet normal -0.544635 0.838673 0
    outer loop
      vertex -4.1875 7.25296 17.5
      vertex -4.9227 6.77552 23
      vertex -4.1875 7.25296 23
    endloop
  endfacet
  facet normal -0.544635 0.838673 0
    outer loop
      vertex -4.9227 6.77552 23
      vertex -4.1875 7.25296 17.5
      vertex -4.9227 6.77552 17.5
    endloop
  endfacet
  facet normal -0.25882 0.965925 0
    outer loop
      vertex -1.74126 8.19199 17.5
      vertex -2.58802 7.9651 23
      vertex -1.74126 8.19199 23
    endloop
  endfacet
  facet normal -0.25882 0.965925 0
    outer loop
      vertex -2.58802 7.9651 23
      vertex -1.74126 8.19199 17.5
      vertex -2.58802 7.9651 17.5
    endloop
  endfacet
  facet normal -0.052337 0.998629 0
    outer loop
      vertex 0 8.375 17.5
      vertex -0.875425 8.32912 23
      vertex 0 8.375 23
    endloop
  endfacet
  facet normal -0.052337 0.998629 0
    outer loop
      vertex -0.875425 8.32912 23
      vertex 0 8.375 17.5
      vertex -0.875425 8.32912 17.5
    endloop
  endfacet
  facet normal 0.052337 -0.998629 0
    outer loop
      vertex 0 -8.375 17.5
      vertex 0.875425 -8.32912 23
      vertex 0 -8.375 23
    endloop
  endfacet
  facet normal 0.052337 -0.998629 0
    outer loop
      vertex 0.875425 -8.32912 23
      vertex 0 -8.375 17.5
      vertex 0.875425 -8.32912 17.5
    endloop
  endfacet
  facet normal 0.25882 -0.965925 0
    outer loop
      vertex 1.74126 -8.19199 17.5
      vertex 2.58802 -7.9651 23
      vertex 1.74126 -8.19199 23
    endloop
  endfacet
  facet normal 0.25882 -0.965925 0
    outer loop
      vertex 2.58802 -7.9651 23
      vertex 1.74126 -8.19199 17.5
      vertex 2.58802 -7.9651 17.5
    endloop
  endfacet
  facet normal 0.45399 -0.891007 0
    outer loop
      vertex 3.40642 -7.65094 17.5
      vertex 4.1875 -7.25296 23
      vertex 3.40642 -7.65094 23
    endloop
  endfacet
  facet normal 0.45399 -0.891007 0
    outer loop
      vertex 4.1875 -7.25296 23
      vertex 3.40642 -7.65094 17.5
      vertex 4.1875 -7.25296 17.5
    endloop
  endfacet
  facet normal -0.707107 -0.707107 0
    outer loop
      vertex -5.60397 -6.22384 17.5
      vertex -6.22384 -5.60397 23
      vertex -6.22384 -5.60397 17.5
    endloop
  endfacet
  facet normal -0.707107 -0.707107 0
    outer loop
      vertex -6.22384 -5.60397 23
      vertex -5.60397 -6.22384 17.5
      vertex -5.60397 -6.22384 23
    endloop
  endfacet
  facet normal -0.544635 -0.838673 0
    outer loop
      vertex -4.9227 -6.77552 17.5
      vertex -4.1875 -7.25296 23
      vertex -4.9227 -6.77552 23
    endloop
  endfacet
  facet normal -0.544635 -0.838673 -0
    outer loop
      vertex -4.1875 -7.25296 23
      vertex -4.9227 -6.77552 17.5
      vertex -4.1875 -7.25296 17.5
    endloop
  endfacet
  facet normal -0.358374 -0.933578 0
    outer loop
      vertex -3.40642 -7.65094 17.5
      vertex -2.58802 -7.9651 23
      vertex -3.40642 -7.65094 23
    endloop
  endfacet
  facet normal -0.358374 -0.933578 -0
    outer loop
      vertex -2.58802 -7.9651 23
      vertex -3.40642 -7.65094 17.5
      vertex -2.58802 -7.9651 17.5
    endloop
  endfacet
  facet normal -0.156429 -0.987689 0
    outer loop
      vertex -1.74126 -8.19199 17.5
      vertex -0.875425 -8.32912 23
      vertex -1.74126 -8.19199 23
    endloop
  endfacet
  facet normal -0.156429 -0.987689 -0
    outer loop
      vertex -0.875425 -8.32912 23
      vertex -1.74126 -8.19199 17.5
      vertex -0.875425 -8.32912 17.5
    endloop
  endfacet
  facet normal -0.838673 -0.544635 0
    outer loop
      vertex -6.77552 -4.9227 17.5
      vertex -7.25296 -4.1875 23
      vertex -7.25296 -4.1875 17.5
    endloop
  endfacet
  facet normal -0.838673 -0.544635 0
    outer loop
      vertex -7.25296 -4.1875 23
      vertex -6.77552 -4.9227 17.5
      vertex -6.77552 -4.9227 23
    endloop
  endfacet
  facet normal -0.965925 -0.25882 0
    outer loop
      vertex -7.9651 -2.58802 17.5
      vertex -8.19199 -1.74126 23
      vertex -8.19199 -1.74126 17.5
    endloop
  endfacet
  facet normal -0.965925 -0.25882 0
    outer loop
      vertex -8.19199 -1.74126 23
      vertex -7.9651 -2.58802 17.5
      vertex -7.9651 -2.58802 23
    endloop
  endfacet
  facet normal -0.998629 -0.052337 0
    outer loop
      vertex -8.32912 -0.875425 17.5
      vertex -8.375 0 23
      vertex -8.375 0 17.5
    endloop
  endfacet
  facet normal -0.998629 -0.052337 0
    outer loop
      vertex -8.375 0 23
      vertex -8.32912 -0.875425 17.5
      vertex -8.32912 -0.875425 23
    endloop
  endfacet
  facet normal 0.156429 -0.987689 0
    outer loop
      vertex 0.875425 -8.32912 17.5
      vertex 1.74126 -8.19199 23
      vertex 0.875425 -8.32912 23
    endloop
  endfacet
  facet normal 0.156429 -0.987689 0
    outer loop
      vertex 1.74126 -8.19199 23
      vertex 0.875425 -8.32912 17.5
      vertex 1.74126 -8.19199 17.5
    endloop
  endfacet
  facet normal 0.358374 -0.933578 0
    outer loop
      vertex 2.58802 -7.9651 17.5
      vertex 3.40642 -7.65094 23
      vertex 2.58802 -7.9651 23
    endloop
  endfacet
  facet normal 0.358374 -0.933578 0
    outer loop
      vertex 3.40642 -7.65094 23
      vertex 2.58802 -7.9651 17.5
      vertex 3.40642 -7.65094 17.5
    endloop
  endfacet
  facet normal 0.544471 -0.83878 0
    outer loop
      vertex 4.1875 -7.25296 17.5
      vertex 4.19206 -7.25 23
      vertex 4.1875 -7.25296 23
    endloop
  endfacet
  facet normal 0.544471 -0.83878 0
    outer loop
      vertex 4.19206 -7.25 23
      vertex 4.1875 -7.25296 17.5
      vertex 4.19206 -7.25 17.5
    endloop
  endfacet
  facet normal -0.629319 -0.777147 0
    outer loop
      vertex -5.60397 -6.22384 17.5
      vertex -4.9227 -6.77552 23
      vertex -5.60397 -6.22384 23
    endloop
  endfacet
  facet normal -0.629319 -0.777147 -0
    outer loop
      vertex -4.9227 -6.77552 23
      vertex -5.60397 -6.22384 17.5
      vertex -4.9227 -6.77552 17.5
    endloop
  endfacet
  facet normal -0.45399 -0.891007 0
    outer loop
      vertex -4.1875 -7.25296 17.5
      vertex -3.40642 -7.65094 23
      vertex -4.1875 -7.25296 23
    endloop
  endfacet
  facet normal -0.45399 -0.891007 -0
    outer loop
      vertex -3.40642 -7.65094 23
      vertex -4.1875 -7.25296 17.5
      vertex -3.40642 -7.65094 17.5
    endloop
  endfacet
  facet normal -0.25882 -0.965925 0
    outer loop
      vertex -2.58802 -7.9651 17.5
      vertex -1.74126 -8.19199 23
      vertex -2.58802 -7.9651 23
    endloop
  endfacet
  facet normal -0.25882 -0.965925 -0
    outer loop
      vertex -1.74126 -8.19199 23
      vertex -2.58802 -7.9651 17.5
      vertex -1.74126 -8.19199 17.5
    endloop
  endfacet
  facet normal -0.052337 -0.998629 0
    outer loop
      vertex -0.875425 -8.32912 17.5
      vertex 0 -8.375 23
      vertex -0.875425 -8.32912 23
    endloop
  endfacet
  facet normal -0.052337 -0.998629 -0
    outer loop
      vertex 0 -8.375 23
      vertex -0.875425 -8.32912 17.5
      vertex 0 -8.375 17.5
    endloop
  endfacet
  facet normal -0.777147 -0.629319 0
    outer loop
      vertex -6.22384 -5.60397 17.5
      vertex -6.77552 -4.9227 23
      vertex -6.77552 -4.9227 17.5
    endloop
  endfacet
  facet normal -0.777147 -0.629319 0
    outer loop
      vertex -6.77552 -4.9227 23
      vertex -6.22384 -5.60397 17.5
      vertex -6.22384 -5.60397 23
    endloop
  endfacet
  facet normal -0.987689 -0.156429 0
    outer loop
      vertex -8.19199 -1.74126 17.5
      vertex -8.32912 -0.875425 23
      vertex -8.32912 -0.875425 17.5
    endloop
  endfacet
  facet normal -0.987689 -0.156429 0
    outer loop
      vertex -8.32912 -0.875425 23
      vertex -8.19199 -1.74126 17.5
      vertex -8.19199 -1.74126 23
    endloop
  endfacet
  facet normal -0.685977 -0.0359593 0.726734
    outer loop
      vertex -12.0247 -0.470593 14.0317
      vertex -8.375 0 17.5
      vertex -12 0 14.0783
    endloop
  endfacet
  facet normal -0.685978 -0.0359513 0.726734
    outer loop
      vertex -8.375 0 17.5
      vertex -12.0247 -0.470593 14.0317
      vertex -8.32912 -0.875425 17.5
    endloop
  endfacet
  facet normal 0.432292 -0.533841 0.726731
    outer loop
      vertex 6.52793 -7.25 16.1966
      vertex 9.59295 -13.2036 10
      vertex 10.9206 -12.1285 10
    endloop
  endfacet
  facet normal 0.432171 -0.533919 0.726745
    outer loop
      vertex 9.59295 -13.2036 10
      vertex 6.52793 -7.25 16.1966
      vertex 6.19043 -7.25 16.3973
    endloop
  endfacet
  facet normal 0.485728 0.485728 0.72673
    outer loop
      vertex 10.9206 12.1285 10
      vertex 8.05194 7.25 15.178
      vertex 12.1285 10.9206 10
    endloop
  endfacet
  facet normal 0.485724 0.485731 0.726731
    outer loop
      vertex 8.05194 7.25 15.178
      vertex 10.9206 12.1285 10
      vertex 6.52793 7.25 16.1966
    endloop
  endfacet
  facet normal -0.0359515 -0.685982 0.72673
    outer loop
      vertex 0 -8.375 17.5
      vertex -0.875425 -8.32912 17.5
      vertex 0 -16.3205 10
    endloop
  endfacet
  facet normal -0.0359515 0.685982 0.72673
    outer loop
      vertex 0 16.3205 10
      vertex -0.875425 8.32912 17.5
      vertex 0 8.375 17.5
    endloop
  endfacet
  facet normal 0.0359486 -0.685982 0.72673
    outer loop
      vertex 0.875425 -8.32912 17.5
      vertex 0 -16.3205 10
      vertex 1.70596 -16.2311 10
    endloop
  endfacet
  facet normal -0.485727 0.485727 0.726731
    outer loop
      vertex -10.9206 12.1285 10
      vertex -6.22384 5.60397 17.5
      vertex -5.60397 6.22384 17.5
    endloop
  endfacet
  facet normal -0.485727 0.485727 0.726731
    outer loop
      vertex -6.22384 5.60397 17.5
      vertex -10.9206 12.1285 10
      vertex -12.1285 10.9206 10
    endloop
  endfacet
  facet normal -0.678461 -0.107454 0.726736
    outer loop
      vertex -12.1018 -1.27195 13.9193
      vertex -8.19199 -1.74126 17.5
      vertex -8.32912 -0.875425 17.5
    endloop
  endfacet
  facet normal -0.67846 -0.10752 0.726727
    outer loop
      vertex -8.19199 -1.74126 17.5
      vertex -12.1018 -1.27195 13.9193
      vertex -12.1733 -1.72378 13.7857
    endloop
  endfacet
  facet normal -0.485727 -0.485727 0.726731
    outer loop
      vertex -6.22384 -5.60397 17.5
      vertex -10.9206 -12.1285 10
      vertex -5.60397 -6.22384 17.5
    endloop
  endfacet
  facet normal -0.485727 -0.485727 0.726731
    outer loop
      vertex -10.9206 -12.1285 10
      vertex -6.22384 -5.60397 17.5
      vertex -12.1285 -10.9206 10
    endloop
  endfacet
  facet normal 0.107444 -0.678467 0.726731
    outer loop
      vertex 1.74126 -8.19199 17.5
      vertex 1.70596 -16.2311 10
      vertex 3.39322 -15.9639 10
    endloop
  endfacet
  facet normal 0.311841 -0.612061 0.72673
    outer loop
      vertex 8.16025 -14.134 10
      vertex 4.1875 -7.25296 17.5
      vertex 6.63815 -14.9095 10
    endloop
  endfacet
  facet normal 0.374123 -0.576103 0.726731
    outer loop
      vertex 9.59295 -13.2036 10
      vertex 4.1875 -7.25296 17.5
      vertex 8.16025 -14.134 10
    endloop
  endfacet
  facet normal 0.485728 -0.485728 0.72673
    outer loop
      vertex 8.05194 -7.25 15.178
      vertex 10.9206 -12.1285 10
      vertex 12.1285 -10.9206 10
    endloop
  endfacet
  facet normal 0.485724 -0.485731 0.726731
    outer loop
      vertex 10.9206 -12.1285 10
      vertex 8.05194 -7.25 15.178
      vertex 6.52793 -7.25 16.1966
    endloop
  endfacet
  facet normal -0.663543 0.177699 0.726728
    outer loop
      vertex -8.19199 1.74126 17.5
      vertex -12.4405 2.78115 13.3666
      vertex -12.4016 2.63604 13.4376
    endloop
  endfacet
  facet normal -0.663519 0.177792 0.726727
    outer loop
      vertex -8.19199 1.74126 17.5
      vertex -12.7781 3.66063 12.8432
      vertex -12.4405 2.78115 13.3666
    endloop
  endfacet
  facet normal -0.663583 0.17761 0.726714
    outer loop
      vertex -12.7781 3.66063 12.8432
      vertex -8.19199 1.74126 17.5
      vertex -12.8751 3.851 12.7081
    endloop
  endfacet
  facet normal -0.246171 0.641299 0.726729
    outer loop
      vertex -5.04331 15.5217 10
      vertex -6.63815 14.9095 10
      vertex -3.40642 7.65094 17.5
    endloop
  endfacet
  facet normal 0.432337 0.533806 0.726729
    outer loop
      vertex 9.59295 13.2036 10
      vertex 5.26743 7.25 16.9464
      vertex 6.19043 7.25 16.3973
    endloop
  endfacet
  facet normal 0.374123 0.576103 0.726731
    outer loop
      vertex 8.16025 14.134 10
      vertex 4.1875 7.25296 17.5
      vertex 9.59295 13.2036 10
    endloop
  endfacet
  facet normal -0.612054 -0.311857 0.726729
    outer loop
      vertex -7.65094 -3.40642 17.5
      vertex -14.9095 -6.63815 10
      vertex -7.25296 -4.1875 17.5
    endloop
  endfacet
  facet normal -0.67848 -0.107243 0.726749
    outer loop
      vertex -12.1967 -1.8712 13.7421
      vertex -8.19199 -1.74126 17.5
      vertex -12.1733 -1.72378 13.7857
    endloop
  endfacet
  facet normal -0.67845 -0.107571 0.726728
    outer loop
      vertex -8.19199 -1.74126 17.5
      vertex -12.1967 -1.8712 13.7421
      vertex -12.4016 -2.63604 13.4376
    endloop
  endfacet
  facet normal -0.663543 -0.177699 0.726728
    outer loop
      vertex -12.4405 -2.78115 13.3666
      vertex -8.19199 -1.74126 17.5
      vertex -12.4016 -2.63604 13.4376
    endloop
  endfacet
  facet normal -0.663519 -0.177792 0.726727
    outer loop
      vertex -12.7781 -3.66063 12.8432
      vertex -8.19199 -1.74126 17.5
      vertex -12.4405 -2.78115 13.3666
    endloop
  endfacet
  facet normal -0.663583 -0.17761 0.726714
    outer loop
      vertex -8.19199 -1.74126 17.5
      vertex -12.7781 -3.66063 12.8432
      vertex -12.8751 -3.851 12.7081
    endloop
  endfacet
  facet normal -0.685979 -0.0359831 0.726731
    outer loop
      vertex -12.0493 -0.940756 13.9852
      vertex -8.32912 -0.875425 17.5
      vertex -12.0247 -0.470593 14.0317
    endloop
  endfacet
  facet normal -0.685983 -0.0358631 0.726733
    outer loop
      vertex -8.32912 -0.875425 17.5
      vertex -12.0493 -0.940756 13.9852
      vertex -12.1018 -1.27195 13.9193
    endloop
  endfacet
  facet normal -0.432293 -0.533839 0.726731
    outer loop
      vertex -5.60397 -6.22384 17.5
      vertex -9.59295 -13.2036 10
      vertex -4.9227 -6.77552 17.5
    endloop
  endfacet
  facet normal -0.612061 -0.311841 0.72673
    outer loop
      vertex -7.25296 -4.1875 17.5
      vertex -14.9095 -6.63815 10
      vertex -14.134 -8.16025 10
    endloop
  endfacet
  facet normal -0.533841 -0.432292 0.726731
    outer loop
      vertex -6.22384 -5.60397 17.5
      vertex -13.2036 -9.59295 10
      vertex -12.1285 -10.9206 10
    endloop
  endfacet
  facet normal -0.576103 -0.374122 0.726731
    outer loop
      vertex -7.25296 -4.1875 17.5
      vertex -13.2036 -9.59295 10
      vertex -6.77552 -4.9227 17.5
    endloop
  endfacet
  facet normal 0.246171 -0.641299 0.726729
    outer loop
      vertex 6.63815 -14.9095 10
      vertex 3.40642 -7.65094 17.5
      vertex 5.04331 -15.5217 10
    endloop
  endfacet
  facet normal 0.107455 -0.678467 0.72673
    outer loop
      vertex 1.74126 -8.19199 17.5
      vertex 0.875425 -8.32912 17.5
      vertex 1.70596 -16.2311 10
    endloop
  endfacet
  facet normal 0.311857 -0.612054 0.726729
    outer loop
      vertex 4.1875 -7.25296 17.5
      vertex 3.40642 -7.65094 17.5
      vertex 6.63815 -14.9095 10
    endloop
  endfacet
  facet normal 0.533842 -0.432293 0.72673
    outer loop
      vertex 9.10398 -7.25 14.4052
      vertex 12.1285 -10.9206 10
      vertex 13.2036 -9.59295 10
    endloop
  endfacet
  facet normal 0.533836 -0.432298 0.72673
    outer loop
      vertex 12.1285 -10.9206 10
      vertex 9.10398 -7.25 14.4052
      vertex 8.05194 -7.25 15.178
    endloop
  endfacet
  facet normal 0.576175 -0.374021 0.726726
    outer loop
      vertex 10.6243 -7.25 13.2508
      vertex 9.97877 -7.25 13.7626
      vertex 13.2036 -9.59295 10
    endloop
  endfacet
  facet normal -0.685978 0.0359513 0.726734
    outer loop
      vertex -12.0247 0.470593 14.0317
      vertex -8.375 0 17.5
      vertex -8.32912 0.875425 17.5
    endloop
  endfacet
  facet normal -0.685977 0.0359593 0.726734
    outer loop
      vertex -8.375 0 17.5
      vertex -12.0247 0.470593 14.0317
      vertex -12 0 14.0783
    endloop
  endfacet
  facet normal -0.311857 0.612054 0.726729
    outer loop
      vertex -3.40642 7.65094 17.5
      vertex -6.63815 14.9095 10
      vertex -4.1875 7.25296 17.5
    endloop
  endfacet
  facet normal -0.107444 0.678467 0.726731
    outer loop
      vertex -1.70596 16.2311 10
      vertex -3.39322 15.9639 10
      vertex -1.74126 8.19199 17.5
    endloop
  endfacet
  facet normal -0.612061 0.311841 0.72673
    outer loop
      vertex -14.134 8.16025 10
      vertex -14.9095 6.63815 10
      vertex -7.25296 4.1875 17.5
    endloop
  endfacet
  facet normal -0.576103 0.374123 0.726731
    outer loop
      vertex -13.2036 9.59295 10
      vertex -14.134 8.16025 10
      vertex -7.25296 4.1875 17.5
    endloop
  endfacet
  facet normal -0.612054 0.311857 0.726729
    outer loop
      vertex -7.25296 4.1875 17.5
      vertex -14.9095 6.63815 10
      vertex -7.65094 3.40642 17.5
    endloop
  endfacet
  facet normal 0.576175 0.374021 0.726726
    outer loop
      vertex 13.2036 9.59295 10
      vertex 9.97877 7.25 13.7626
      vertex 10.6243 7.25 13.2508
    endloop
  endfacet
  facet normal 0.576102 0.374122 0.726732
    outer loop
      vertex 13.2036 9.59295 10
      vertex 12.5341 7.23657 11.7438
      vertex 14.134 8.16025 10
    endloop
  endfacet
  facet normal 0.576113 0.374116 0.726727
    outer loop
      vertex 13.2036 9.59295 10
      vertex 12.2022 7.25 12
      vertex 12.5341 7.23657 11.7438
    endloop
  endfacet
  facet normal 0.576085 0.374137 0.726738
    outer loop
      vertex 12.2022 7.25 12
      vertex 13.2036 9.59295 10
      vertex 10.6243 7.25 13.2508
    endloop
  endfacet
  facet normal 0.612026 0.311855 0.726753
    outer loop
      vertex 14.134 8.16025 10
      vertex 14.0936 7.09157 10.4926
      vertex 14.7458 6.95957 10
    endloop
  endfacet
  facet normal 0.612068 0.31184 0.726724
    outer loop
      vertex 14.134 8.16025 10
      vertex 13.1431 7.21028 11.2422
      vertex 14.0936 7.09157 10.4926
    endloop
  endfacet
  facet normal 0.612034 0.311887 0.726733
    outer loop
      vertex 13.1431 7.21028 11.2422
      vertex 14.134 8.16025 10
      vertex 12.5341 7.23657 11.7438
    endloop
  endfacet
  facet normal 0.0359515 0.685982 0.72673
    outer loop
      vertex 0 16.3205 10
      vertex 0 8.375 17.5
      vertex 0.875425 8.32912 17.5
    endloop
  endfacet
  facet normal 0.177811 0.66351 0.726731
    outer loop
      vertex 3.39322 15.9639 10
      vertex 1.74126 8.19199 17.5
      vertex 5.04331 15.5217 10
    endloop
  endfacet
  facet normal 0.311841 0.612061 0.72673
    outer loop
      vertex 6.63815 14.9095 10
      vertex 4.1875 7.25296 17.5
      vertex 8.16025 14.134 10
    endloop
  endfacet
  facet normal 0.432292 0.533841 0.726731
    outer loop
      vertex 9.59295 13.2036 10
      vertex 6.52793 7.25 16.1966
      vertex 10.9206 12.1285 10
    endloop
  endfacet
  facet normal 0.432171 0.533919 0.726745
    outer loop
      vertex 6.52793 7.25 16.1966
      vertex 9.59295 13.2036 10
      vertex 6.19043 7.25 16.3973
    endloop
  endfacet
  facet normal -0.107444 -0.678467 0.726731
    outer loop
      vertex -1.74126 -8.19199 17.5
      vertex -3.39322 -15.9639 10
      vertex -1.70596 -16.2311 10
    endloop
  endfacet
  facet normal -0.246171 -0.641299 0.726729
    outer loop
      vertex -3.40642 -7.65094 17.5
      vertex -6.63815 -14.9095 10
      vertex -5.04331 -15.5217 10
    endloop
  endfacet
  facet normal -0.311841 -0.612061 0.72673
    outer loop
      vertex -4.1875 -7.25296 17.5
      vertex -8.16025 -14.134 10
      vertex -6.63815 -14.9095 10
    endloop
  endfacet
  facet normal -0.374123 -0.576103 0.726731
    outer loop
      vertex -4.1875 -7.25296 17.5
      vertex -9.59295 -13.2036 10
      vertex -8.16025 -14.134 10
    endloop
  endfacet
  facet normal -0.432292 -0.533841 0.726731
    outer loop
      vertex -5.60397 -6.22384 17.5
      vertex -10.9206 -12.1285 10
      vertex -9.59295 -13.2036 10
    endloop
  endfacet
  facet normal -0.576103 -0.374123 0.726731
    outer loop
      vertex -7.25296 -4.1875 17.5
      vertex -14.134 -8.16025 10
      vertex -13.2036 -9.59295 10
    endloop
  endfacet
  facet normal 0.0359515 -0.685982 0.72673
    outer loop
      vertex 0 -8.375 17.5
      vertex 0 -16.3205 10
      vertex 0.875425 -8.32912 17.5
    endloop
  endfacet
  facet normal 0.177811 -0.66351 0.726731
    outer loop
      vertex 5.04331 -15.5217 10
      vertex 1.74126 -8.19199 17.5
      vertex 3.39322 -15.9639 10
    endloop
  endfacet
  facet normal 0.374068 -0.576267 0.726629
    outer loop
      vertex 4.1875 -7.25296 17.5
      vertex 5.26743 -7.25 16.9464
      vertex 4.19206 -7.25 17.5
    endloop
  endfacet
  facet normal 0.37412 -0.576105 0.726731
    outer loop
      vertex 5.26743 -7.25 16.9464
      vertex 4.1875 -7.25296 17.5
      vertex 9.59295 -13.2036 10
    endloop
  endfacet
  facet normal 0.432337 -0.533806 0.726729
    outer loop
      vertex 6.19043 -7.25 16.3973
      vertex 5.26743 -7.25 16.9464
      vertex 9.59295 -13.2036 10
    endloop
  endfacet
  facet normal 0.533838 -0.432299 0.726729
    outer loop
      vertex 9.97877 -7.25 13.7626
      vertex 9.10398 -7.25 14.4052
      vertex 13.2036 -9.59295 10
    endloop
  endfacet
  facet normal 0.576102 -0.374122 0.726732
    outer loop
      vertex 12.5341 -7.23657 11.7438
      vertex 13.2036 -9.59295 10
      vertex 14.134 -8.16025 10
    endloop
  endfacet
  facet normal 0.576113 -0.374116 0.726727
    outer loop
      vertex 12.2022 -7.25 12
      vertex 13.2036 -9.59295 10
      vertex 12.5341 -7.23657 11.7438
    endloop
  endfacet
  facet normal 0.576085 -0.374137 0.726738
    outer loop
      vertex 13.2036 -9.59295 10
      vertex 12.2022 -7.25 12
      vertex 10.6243 -7.25 13.2508
    endloop
  endfacet
  facet normal 0.612026 -0.311855 0.726753
    outer loop
      vertex 14.0936 -7.09157 10.4926
      vertex 14.134 -8.16025 10
      vertex 14.7458 -6.95957 10
    endloop
  endfacet
  facet normal 0.612068 -0.31184 0.726724
    outer loop
      vertex 13.1431 -7.21028 11.2422
      vertex 14.134 -8.16025 10
      vertex 14.0936 -7.09157 10.4926
    endloop
  endfacet
  facet normal 0.612034 -0.311887 0.726733
    outer loop
      vertex 14.134 -8.16025 10
      vertex 13.1431 -7.21028 11.2422
      vertex 12.5341 -7.23657 11.7438
    endloop
  endfacet
  facet normal -0.685979 0.0359831 0.726731
    outer loop
      vertex -8.32912 0.875425 17.5
      vertex -12.0493 0.940756 13.9852
      vertex -12.0247 0.470593 14.0317
    endloop
  endfacet
  facet normal -0.685983 0.0358631 0.726733
    outer loop
      vertex -12.0493 0.940756 13.9852
      vertex -8.32912 0.875425 17.5
      vertex -12.1018 1.27195 13.9193
    endloop
  endfacet
  facet normal -0.678461 0.107454 0.726736
    outer loop
      vertex -8.19199 1.74126 17.5
      vertex -12.1018 1.27195 13.9193
      vertex -8.32912 0.875425 17.5
    endloop
  endfacet
  facet normal -0.67846 0.10752 0.726727
    outer loop
      vertex -12.1018 1.27195 13.9193
      vertex -8.19199 1.74126 17.5
      vertex -12.1733 1.72378 13.7857
    endloop
  endfacet
  facet normal -0.641304 0.246154 0.726731
    outer loop
      vertex -7.65094 3.40642 17.5
      vertex -13.7188 5.29007 11.5074
      vertex -13.2521 4.57129 12.1627
    endloop
  endfacet
  facet normal -0.641293 0.246184 0.72673
    outer loop
      vertex -7.65094 3.40642 17.5
      vertex -14.3117 6.02217 10.7362
      vertex -13.7188 5.29007 11.5074
    endloop
  endfacet
  facet normal -0.641284 0.246208 0.72673
    outer loop
      vertex -14.9095 6.63815 10
      vertex -14.3117 6.02217 10.7362
      vertex -7.65094 3.40642 17.5
    endloop
  endfacet
  facet normal -0.639499 0.248775 0.727429
    outer loop
      vertex -14.3117 6.02217 10.7362
      vertex -14.9095 6.63815 10
      vertex -14.9146 6.62504 10
    endloop
  endfacet
  facet normal -0.432292 0.533841 0.726731
    outer loop
      vertex -9.59295 13.2036 10
      vertex -10.9206 12.1285 10
      vertex -5.60397 6.22384 17.5
    endloop
  endfacet
  facet normal -0.311841 0.612061 0.72673
    outer loop
      vertex -6.63815 14.9095 10
      vertex -8.16025 14.134 10
      vertex -4.1875 7.25296 17.5
    endloop
  endfacet
  facet normal -0.107455 0.678467 0.72673
    outer loop
      vertex -1.70596 16.2311 10
      vertex -1.74126 8.19199 17.5
      vertex -0.875425 8.32912 17.5
    endloop
  endfacet
  facet normal -0.177811 0.66351 0.726731
    outer loop
      vertex -3.39322 15.9639 10
      vertex -5.04331 15.5217 10
      vertex -1.74126 8.19199 17.5
    endloop
  endfacet
  facet normal -0.0359486 0.685982 0.72673
    outer loop
      vertex 0 16.3205 10
      vertex -1.70596 16.2311 10
      vertex -0.875425 8.32912 17.5
    endloop
  endfacet
  facet normal -0.533841 0.432292 0.726731
    outer loop
      vertex -12.1285 10.9206 10
      vertex -13.2036 9.59295 10
      vertex -6.22384 5.60397 17.5
    endloop
  endfacet
  facet normal 0.533842 0.432293 0.72673
    outer loop
      vertex 12.1285 10.9206 10
      vertex 9.10398 7.25 14.4052
      vertex 13.2036 9.59295 10
    endloop
  endfacet
  facet normal 0.533836 0.432298 0.72673
    outer loop
      vertex 9.10398 7.25 14.4052
      vertex 12.1285 10.9206 10
      vertex 8.05194 7.25 15.178
    endloop
  endfacet
  facet normal 0.0359486 0.685982 0.72673
    outer loop
      vertex 1.70596 16.2311 10
      vertex 0 16.3205 10
      vertex 0.875425 8.32912 17.5
    endloop
  endfacet
  facet normal 0.107455 0.678467 0.72673
    outer loop
      vertex 1.70596 16.2311 10
      vertex 0.875425 8.32912 17.5
      vertex 1.74126 8.19199 17.5
    endloop
  endfacet
  facet normal 0.311857 0.612054 0.726729
    outer loop
      vertex 6.63815 14.9095 10
      vertex 3.40642 7.65094 17.5
      vertex 4.1875 7.25296 17.5
    endloop
  endfacet
  facet normal 0.17779 0.663518 0.726729
    outer loop
      vertex 5.04331 15.5217 10
      vertex 1.74126 8.19199 17.5
      vertex 2.58802 7.9651 17.5
    endloop
  endfacet
  facet normal -0.641298 -0.246176 0.726729
    outer loop
      vertex -13.078 -4.24931 12.4254
      vertex -7.65094 -3.40642 17.5
      vertex -7.9651 -2.58802 17.5
    endloop
  endfacet
  facet normal -0.641295 -0.246187 0.726728
    outer loop
      vertex -13.2058 -4.5 12.2277
      vertex -7.65094 -3.40642 17.5
      vertex -13.078 -4.24931 12.4254
    endloop
  endfacet
  facet normal -0.641318 -0.246104 0.726735
    outer loop
      vertex -7.65094 -3.40642 17.5
      vertex -13.2058 -4.5 12.2277
      vertex -13.2521 -4.57129 12.1627
    endloop
  endfacet
  facet normal -0.641304 -0.246154 0.726731
    outer loop
      vertex -13.7188 -5.29007 11.5074
      vertex -7.65094 -3.40642 17.5
      vertex -13.2521 -4.57129 12.1627
    endloop
  endfacet
  facet normal -0.641293 -0.246184 0.72673
    outer loop
      vertex -14.3117 -6.02217 10.7362
      vertex -7.65094 -3.40642 17.5
      vertex -13.7188 -5.29007 11.5074
    endloop
  endfacet
  facet normal -0.641284 -0.246208 0.72673
    outer loop
      vertex -14.3117 -6.02217 10.7362
      vertex -14.9095 -6.63815 10
      vertex -7.65094 -3.40642 17.5
    endloop
  endfacet
  facet normal -0.639499 -0.248775 0.727429
    outer loop
      vertex -14.9095 -6.63815 10
      vertex -14.3117 -6.02217 10.7362
      vertex -14.9146 -6.62504 10
    endloop
  endfacet
  facet normal -0.0359486 -0.685982 0.72673
    outer loop
      vertex -0.875425 -8.32912 17.5
      vertex -1.70596 -16.2311 10
      vertex 0 -16.3205 10
    endloop
  endfacet
  facet normal -0.246176 -0.641298 0.726729
    outer loop
      vertex -3.40642 -7.65094 17.5
      vertex -5.04331 -15.5217 10
      vertex -2.58802 -7.9651 17.5
    endloop
  endfacet
  facet normal -0.107455 -0.678467 0.72673
    outer loop
      vertex -0.875425 -8.32912 17.5
      vertex -1.74126 -8.19199 17.5
      vertex -1.70596 -16.2311 10
    endloop
  endfacet
  facet normal -0.311857 -0.612054 0.726729
    outer loop
      vertex -4.1875 -7.25296 17.5
      vertex -6.63815 -14.9095 10
      vertex -3.40642 -7.65094 17.5
    endloop
  endfacet
  facet normal -0.533839 -0.432293 0.726731
    outer loop
      vertex -6.77552 -4.9227 17.5
      vertex -13.2036 -9.59295 10
      vertex -6.22384 -5.60397 17.5
    endloop
  endfacet
  facet normal 0.17779 -0.663518 0.726729
    outer loop
      vertex 2.58802 -7.9651 17.5
      vertex 1.74126 -8.19199 17.5
      vertex 5.04331 -15.5217 10
    endloop
  endfacet
  facet normal 0.246176 -0.641298 0.726729
    outer loop
      vertex 3.40642 -7.65094 17.5
      vertex 2.58802 -7.9651 17.5
      vertex 5.04331 -15.5217 10
    endloop
  endfacet
  facet normal -0.67848 0.107243 0.726749
    outer loop
      vertex -8.19199 1.74126 17.5
      vertex -12.1967 1.8712 13.7421
      vertex -12.1733 1.72378 13.7857
    endloop
  endfacet
  facet normal -0.67845 0.107571 0.726728
    outer loop
      vertex -12.1967 1.8712 13.7421
      vertex -8.19199 1.74126 17.5
      vertex -12.4016 2.63604 13.4376
    endloop
  endfacet
  facet normal -0.641298 0.246176 0.726729
    outer loop
      vertex -7.65094 3.40642 17.5
      vertex -13.078 4.24931 12.4254
      vertex -7.9651 2.58802 17.5
    endloop
  endfacet
  facet normal -0.641295 0.246187 0.726728
    outer loop
      vertex -7.65094 3.40642 17.5
      vertex -13.2058 4.5 12.2277
      vertex -13.078 4.24931 12.4254
    endloop
  endfacet
  facet normal -0.641318 0.246104 0.726735
    outer loop
      vertex -13.2058 4.5 12.2277
      vertex -7.65094 3.40642 17.5
      vertex -13.2521 4.57129 12.1627
    endloop
  endfacet
  facet normal -0.663517 0.17779 0.726729
    outer loop
      vertex -7.9651 2.58802 17.5
      vertex -12.8751 3.851 12.7081
      vertex -8.19199 1.74126 17.5
    endloop
  endfacet
  facet normal -0.663515 0.177799 0.726729
    outer loop
      vertex -12.8751 3.851 12.7081
      vertex -7.9651 2.58802 17.5
      vertex -13.078 4.24931 12.4254
    endloop
  endfacet
  facet normal -0.374123 0.576103 0.726731
    outer loop
      vertex -8.16025 14.134 10
      vertex -9.59295 13.2036 10
      vertex -4.1875 7.25296 17.5
    endloop
  endfacet
  facet normal -0.533839 0.432293 0.726731
    outer loop
      vertex -6.22384 5.60397 17.5
      vertex -13.2036 9.59295 10
      vertex -6.77552 4.9227 17.5
    endloop
  endfacet
  facet normal -0.576103 0.374122 0.726731
    outer loop
      vertex -6.77552 4.9227 17.5
      vertex -13.2036 9.59295 10
      vertex -7.25296 4.1875 17.5
    endloop
  endfacet
  facet normal 0.533838 0.432299 0.726729
    outer loop
      vertex 13.2036 9.59295 10
      vertex 9.10398 7.25 14.4052
      vertex 9.97877 7.25 13.7626
    endloop
  endfacet
  facet normal 0.107444 0.678467 0.726731
    outer loop
      vertex 3.39322 15.9639 10
      vertex 1.70596 16.2311 10
      vertex 1.74126 8.19199 17.5
    endloop
  endfacet
  facet normal 0.37412 0.576105 0.726731
    outer loop
      vertex 4.1875 7.25296 17.5
      vertex 5.26743 7.25 16.9464
      vertex 9.59295 13.2036 10
    endloop
  endfacet
  facet normal 0.374068 0.576267 0.726629
    outer loop
      vertex 5.26743 7.25 16.9464
      vertex 4.1875 7.25296 17.5
      vertex 4.19206 7.25 17.5
    endloop
  endfacet
  facet normal 0.246176 0.641298 0.726729
    outer loop
      vertex 5.04331 15.5217 10
      vertex 2.58802 7.9651 17.5
      vertex 3.40642 7.65094 17.5
    endloop
  endfacet
  facet normal 0.246171 0.641299 0.726729
    outer loop
      vertex 5.04331 15.5217 10
      vertex 3.40642 7.65094 17.5
      vertex 6.63815 14.9095 10
    endloop
  endfacet
  facet normal -0.663517 -0.17779 0.726729
    outer loop
      vertex -12.8751 -3.851 12.7081
      vertex -7.9651 -2.58802 17.5
      vertex -8.19199 -1.74126 17.5
    endloop
  endfacet
  facet normal -0.663515 -0.177799 0.726729
    outer loop
      vertex -7.9651 -2.58802 17.5
      vertex -12.8751 -3.851 12.7081
      vertex -13.078 -4.24931 12.4254
    endloop
  endfacet
  facet normal -0.17779 -0.663518 0.726729
    outer loop
      vertex -2.58802 -7.9651 17.5
      vertex -5.04331 -15.5217 10
      vertex -1.74126 -8.19199 17.5
    endloop
  endfacet
  facet normal -0.177811 -0.66351 0.726731
    outer loop
      vertex -1.74126 -8.19199 17.5
      vertex -5.04331 -15.5217 10
      vertex -3.39322 -15.9639 10
    endloop
  endfacet
  facet normal -0.374122 -0.576103 0.726731
    outer loop
      vertex -4.9227 -6.77552 17.5
      vertex -9.59295 -13.2036 10
      vertex -4.1875 -7.25296 17.5
    endloop
  endfacet
  facet normal -0.374122 0.576103 0.726731
    outer loop
      vertex -4.1875 7.25296 17.5
      vertex -9.59295 13.2036 10
      vertex -4.9227 6.77552 17.5
    endloop
  endfacet
  facet normal -0.432293 0.533839 0.726731
    outer loop
      vertex -4.9227 6.77552 17.5
      vertex -9.59295 13.2036 10
      vertex -5.60397 6.22384 17.5
    endloop
  endfacet
  facet normal -0.17779 0.663518 0.726729
    outer loop
      vertex -1.74126 8.19199 17.5
      vertex -5.04331 15.5217 10
      vertex -2.58802 7.9651 17.5
    endloop
  endfacet
  facet normal -0.246176 0.641298 0.726729
    outer loop
      vertex -2.58802 7.9651 17.5
      vertex -5.04331 15.5217 10
      vertex -3.40642 7.65094 17.5
    endloop
  endfacet
  facet normal 0.629325 0.777142 -0
    outer loop
      vertex -14.9778 6.6883 10
      vertex -15.7099 7.28115 16
      vertex -14.9778 6.6883 16
    endloop
  endfacet
  facet normal 0.629325 0.777142 0
    outer loop
      vertex -15.7099 7.28115 16
      vertex -14.9778 6.6883 10
      vertex -15.7099 7.28115 10
    endloop
  endfacet
  facet normal -0.258805 0.965929 0
    outer loop
      vertex -22.8712 8.80333 10
      vertex -23.7812 8.55951 16
      vertex -22.8712 8.80333 16
    endloop
  endfacet
  facet normal -0.258805 0.965929 0
    outer loop
      vertex -23.7812 8.55951 16
      vertex -22.8712 8.80333 10
      vertex -23.7812 8.55951 10
    endloop
  endfacet
  facet normal -0.890998 0.454007 0
    outer loop
      vertex -29.2219 3.66063 10.5
      vertex -28.7942 4.5 16
      vertex -28.7942 4.5 10.5
    endloop
  endfacet
  facet normal -0.890998 0.454007 0
    outer loop
      vertex -28.7942 4.5 16
      vertex -29.2219 3.66063 10.5
      vertex -29.2219 3.66063 16
    endloop
  endfacet
  facet normal 0.89091 0.45418 0
    outer loop
      vertex -13.2058 4.5 16
      vertex -13.078 4.24931 12.4254
      vertex -13.2058 4.5 12.2277
    endloop
  endfacet
  facet normal 0.891044 0.453916 2.32599e-05
    outer loop
      vertex -13.2058 4.5 16
      vertex -12.8751 3.851 12.7081
      vertex -13.078 4.24931 12.4254
    endloop
  endfacet
  facet normal 0.890998 0.454007 -0
    outer loop
      vertex -12.7781 3.66063 12.8432
      vertex -13.2058 4.5 16
      vertex -12.7781 3.66063 16
    endloop
  endfacet
  facet normal 0.891003 0.453998 2.94232e-06
    outer loop
      vertex -13.2058 4.5 16
      vertex -12.7781 3.66063 12.8432
      vertex -12.8751 3.851 12.7081
    endloop
  endfacet
  facet normal 0.838714 0.544572 0
    outer loop
      vertex -13.7188 5.29007 16
      vertex -13.2521 4.57129 12.1627
      vertex -13.7188 5.29007 11.5074
    endloop
  endfacet
  facet normal 0.838708 0.544581 -0
    outer loop
      vertex -13.2058 4.5 12.2277
      vertex -13.7188 5.29007 16
      vertex -13.2058 4.5 16
    endloop
  endfacet
  facet normal 0.83866 0.544656 -2.21814e-05
    outer loop
      vertex -13.7188 5.29007 16
      vertex -13.2058 4.5 12.2277
      vertex -13.2521 4.57129 12.1627
    endloop
  endfacet
  facet normal 0.707123 0.707091 0
    outer loop
      vertex -14.3117 6.02217 10.7362
      vertex -14.9778 6.6883 10
      vertex -14.9778 6.6883 16
    endloop
  endfacet
  facet normal 0.707123 0.707091 -0
    outer loop
      vertex -14.3117 6.02217 10.7362
      vertex -14.9778 6.6883 16
      vertex -14.3117 6.02217 16
    endloop
  endfacet
  facet normal 0.707442 0.706771 -0.000578294
    outer loop
      vertex -14.9778 6.6883 10
      vertex -14.3117 6.02217 10.7362
      vertex -14.9146 6.62504 10
    endloop
  endfacet
  facet normal 0.358396 0.93357 -0
    outer loop
      vertex -17.3394 8.22191 10
      vertex -18.2188 8.55951 16
      vertex -17.3394 8.22191 16
    endloop
  endfacet
  facet normal 0.358396 0.93357 0
    outer loop
      vertex -18.2188 8.55951 16
      vertex -17.3394 8.22191 10
      vertex -18.2188 8.55951 10
    endloop
  endfacet
  facet normal 0.0523304 0.99863 -0
    outer loop
      vertex -20.0592 8.9507 10
      vertex -21 9 16
      vertex -20.0592 8.9507 16
    endloop
  endfacet
  facet normal 0.0523304 0.99863 0
    outer loop
      vertex -21 9 16
      vertex -20.0592 8.9507 10
      vertex -21 9 10
    endloop
  endfacet
  facet normal -0.987683 0.156468 0
    outer loop
      vertex -29.9507 0.940756 10.5
      vertex -29.8033 1.8712 16
      vertex -29.8033 1.8712 10.5
    endloop
  endfacet
  facet normal -0.987683 0.156468 0
    outer loop
      vertex -29.8033 1.8712 16
      vertex -29.9507 0.940756 10.5
      vertex -29.9507 0.940756 16
    endloop
  endfacet
  facet normal -0.707123 0.707091 0
    outer loop
      vertex -27.6883 6.02217 10
      vertex -27.0222 6.6883 16
      vertex -27.0222 6.6883 10
    endloop
  endfacet
  facet normal -0.707123 0.707091 0
    outer loop
      vertex -27.0222 6.6883 16
      vertex -27.6883 6.02217 10
      vertex -27.6883 6.02217 16
    endloop
  endfacet
  facet normal -0.0523304 0.99863 0
    outer loop
      vertex -21 9 10
      vertex -21.9408 8.9507 16
      vertex -21 9 16
    endloop
  endfacet
  facet normal -0.0523304 0.99863 0
    outer loop
      vertex -21.9408 8.9507 16
      vertex -21 9 10
      vertex -21.9408 8.9507 10
    endloop
  endfacet
  facet normal 0.998625 -0.0524148 0
    outer loop
      vertex -12 0 16
      vertex -12.0247 -0.470593 14.0317
      vertex -12 0 14.0783
    endloop
  endfacet
  facet normal 0.99863 -0.0523329 -1.96514e-05
    outer loop
      vertex -12.0493 -0.940756 16
      vertex -12.0247 -0.470593 14.0317
      vertex -12 0 16
    endloop
  endfacet
  facet normal 0.998634 -0.0522508 0
    outer loop
      vertex -12.0247 -0.470593 14.0317
      vertex -12.0493 -0.940756 16
      vertex -12.0493 -0.940756 13.9852
    endloop
  endfacet
  facet normal 0.777116 -0.629357 0
    outer loop
      vertex -14.3117 -6.02217 16
      vertex -13.7188 -5.29007 11.5074
      vertex -13.7188 -5.29007 16
    endloop
  endfacet
  facet normal 0.777116 -0.629357 0
    outer loop
      vertex -13.7188 -5.29007 11.5074
      vertex -14.3117 -6.02217 16
      vertex -14.3117 -6.02217 10.7362
    endloop
  endfacet
  facet normal -0.156444 -0.987687 0
    outer loop
      vertex -22.8712 -8.80333 10
      vertex -21.9408 -8.9507 16
      vertex -22.8712 -8.80333 16
    endloop
  endfacet
  facet normal -0.156444 -0.987687 -0
    outer loop
      vertex -21.9408 -8.9507 16
      vertex -22.8712 -8.80333 10
      vertex -21.9408 -8.9507 10
    endloop
  endfacet
  facet normal -0.707123 -0.707091 0
    outer loop
      vertex -27.0222 -6.6883 10
      vertex -27.6883 -6.02217 16
      vertex -27.6883 -6.02217 10
    endloop
  endfacet
  facet normal -0.707123 -0.707091 0
    outer loop
      vertex -27.6883 -6.02217 16
      vertex -27.0222 -6.6883 10
      vertex -27.0222 -6.6883 16
    endloop
  endfacet
  facet normal -0.99863 -0.0523329 0
    outer loop
      vertex -29.9507 -0.940756 10.5
      vertex -30 0 16
      vertex -30 0 10.5
    endloop
  endfacet
  facet normal -0.99863 -0.0523329 0
    outer loop
      vertex -30 0 16
      vertex -29.9507 -0.940756 10.5
      vertex -29.9507 -0.940756 16
    endloop
  endfacet
  facet normal 0.987636 0.156768 0
    outer loop
      vertex -12.1967 1.8712 16
      vertex -12.1733 1.72378 13.7857
      vertex -12.1967 1.8712 13.7421
    endloop
  endfacet
  facet normal 0.987708 0.156309 3.12641e-05
    outer loop
      vertex -12.1967 1.8712 16
      vertex -12.1018 1.27195 13.9193
      vertex -12.1733 1.72378 13.7857
    endloop
  endfacet
  facet normal 0.987683 0.156468 -1.54656e-05
    outer loop
      vertex -12.0493 0.940756 16
      vertex -12.1018 1.27195 13.9193
      vertex -12.1967 1.8712 16
    endloop
  endfacet
  facet normal 0.987668 0.156563 0
    outer loop
      vertex -12.1018 1.27195 13.9193
      vertex -12.0493 0.940756 16
      vertex -12.0493 0.940756 13.9852
    endloop
  endfacet
  facet normal 0.965896 0.25893 0
    outer loop
      vertex -12.4405 2.78115 16
      vertex -12.4016 2.63604 13.4376
      vertex -12.4405 2.78115 13.3666
    endloop
  endfacet
  facet normal 0.965931 0.258799 -0
    outer loop
      vertex -12.1967 1.8712 13.7421
      vertex -12.4405 2.78115 16
      vertex -12.1967 1.8712 16
    endloop
  endfacet
  facet normal 0.965937 0.258777 9.27226e-06
    outer loop
      vertex -12.4405 2.78115 16
      vertex -12.1967 1.8712 13.7421
      vertex -12.4016 2.63604 13.4376
    endloop
  endfacet
  facet normal 0.933581 0.358367 -0
    outer loop
      vertex -12.4405 2.78115 13.3666
      vertex -12.7781 3.66063 16
      vertex -12.4405 2.78115 16
    endloop
  endfacet
  facet normal 0.933581 0.358367 0
    outer loop
      vertex -12.7781 3.66063 16
      vertex -12.4405 2.78115 13.3666
      vertex -12.7781 3.66063 12.8432
    endloop
  endfacet
  facet normal 0.777116 0.629357 -0
    outer loop
      vertex -13.7188 5.29007 11.5074
      vertex -14.3117 6.02217 16
      vertex -13.7188 5.29007 16
    endloop
  endfacet
  facet normal 0.777116 0.629357 0
    outer loop
      vertex -14.3117 6.02217 16
      vertex -13.7188 5.29007 11.5074
      vertex -14.3117 6.02217 10.7362
    endloop
  endfacet
  facet normal 0.544626 0.838679 -0
    outer loop
      vertex -15.7099 7.28115 10
      vertex -16.5 7.79423 16
      vertex -15.7099 7.28115 16
    endloop
  endfacet
  facet normal 0.544626 0.838679 0
    outer loop
      vertex -16.5 7.79423 16
      vertex -15.7099 7.28115 10
      vertex -16.5 7.79423 10
    endloop
  endfacet
  facet normal 0.453977 0.891013 -0
    outer loop
      vertex -16.5 7.79423 10
      vertex -17.3394 8.22191 16
      vertex -16.5 7.79423 16
    endloop
  endfacet
  facet normal 0.453977 0.891013 0
    outer loop
      vertex -17.3394 8.22191 16
      vertex -16.5 7.79423 10
      vertex -17.3394 8.22191 10
    endloop
  endfacet
  facet normal 0.258805 0.965929 -0
    outer loop
      vertex -18.2188 8.55951 10
      vertex -19.1288 8.80333 16
      vertex -18.2188 8.55951 16
    endloop
  endfacet
  facet normal 0.258805 0.965929 0
    outer loop
      vertex -19.1288 8.80333 16
      vertex -18.2188 8.55951 10
      vertex -19.1288 8.80333 10
    endloop
  endfacet
  facet normal 0.156444 0.987687 -0
    outer loop
      vertex -19.1288 8.80333 10
      vertex -20.0592 8.9507 16
      vertex -19.1288 8.80333 16
    endloop
  endfacet
  facet normal 0.156444 0.987687 0
    outer loop
      vertex -20.0592 8.9507 16
      vertex -19.1288 8.80333 10
      vertex -20.0592 8.9507 10
    endloop
  endfacet
  facet normal -0.99863 0.0523329 0
    outer loop
      vertex -30 0 10.5
      vertex -29.9507 0.940756 16
      vertex -29.9507 0.940756 10.5
    endloop
  endfacet
  facet normal -0.99863 0.0523329 0
    outer loop
      vertex -29.9507 0.940756 16
      vertex -30 0 10.5
      vertex -30 0 16
    endloop
  endfacet
  facet normal 0 0 1
    outer loop
      vertex -14.8 0 16
      vertex -12 0 16
      vertex -12.0493 0.940756 16
    endloop
  endfacet
  facet normal 0 0 1
    outer loop
      vertex -14.834 0.648076 16
      vertex -12.0493 0.940756 16
      vertex -12.1967 1.8712 16
    endloop
  endfacet
  facet normal 0 0 1
    outer loop
      vertex -12 0 16
      vertex -14.8 0 16
      vertex -12.0493 -0.940756 16
    endloop
  endfacet
  facet normal 0 0 1
    outer loop
      vertex -14.9355 1.28905 16
      vertex -12.1967 1.8712 16
      vertex -12.4405 2.78115 16
    endloop
  endfacet
  facet normal -0 0 1
    outer loop
      vertex -14.834 -0.648076 16
      vertex -12.0493 -0.940756 16
      vertex -14.8 0 16
    endloop
  endfacet
  facet normal 0 0 1
    outer loop
      vertex -15.1034 1.9159 16
      vertex -12.4405 2.78115 16
      vertex -12.7781 3.66063 16
    endloop
  endfacet
  facet normal 0 0 1
    outer loop
      vertex -12.0493 -0.940756 16
      vertex -14.834 -0.648076 16
      vertex -12.1967 -1.8712 16
    endloop
  endfacet
  facet normal 0 0 1
    outer loop
      vertex -15.336 2.52177 16
      vertex -12.7781 3.66063 16
      vertex -13.2058 4.5 16
    endloop
  endfacet
  facet normal -0 0 1
    outer loop
      vertex -14.9355 -1.28905 16
      vertex -12.1967 -1.8712 16
      vertex -14.834 -0.648076 16
    endloop
  endfacet
  facet normal 0 0 1
    outer loop
      vertex -15.6306 3.1 16
      vertex -13.2058 4.5 16
      vertex -13.7188 5.29007 16
    endloop
  endfacet
  facet normal 0 0 1
    outer loop
      vertex -12.1967 -1.8712 16
      vertex -14.9355 -1.28905 16
      vertex -12.4405 -2.78115 16
    endloop
  endfacet
  facet normal 0 0 1
    outer loop
      vertex -15.9841 3.64427 16
      vertex -13.7188 5.29007 16
      vertex -14.3117 6.02217 16
    endloop
  endfacet
  facet normal -0 0 1
    outer loop
      vertex -15.1034 -1.9159 16
      vertex -12.4405 -2.78115 16
      vertex -14.9355 -1.28905 16
    endloop
  endfacet
  facet normal 0 0 1
    outer loop
      vertex -12.4405 -2.78115 16
      vertex -15.1034 -1.9159 16
      vertex -12.7781 -3.66063 16
    endloop
  endfacet
  facet normal 0 0 1
    outer loop
      vertex -12.0493 0.940756 16
      vertex -14.834 0.648076 16
      vertex -14.8 0 16
    endloop
  endfacet
  facet normal 0 0 1
    outer loop
      vertex -12.1967 1.8712 16
      vertex -14.9355 1.28905 16
      vertex -14.834 0.648076 16
    endloop
  endfacet
  facet normal 0 0 1
    outer loop
      vertex -16.3925 4.14861 16
      vertex -14.3117 6.02217 16
      vertex -14.9778 6.6883 16
    endloop
  endfacet
  facet normal 0 0 1
    outer loop
      vertex -12.4405 2.78115 16
      vertex -15.1034 1.9159 16
      vertex -14.9355 1.28905 16
    endloop
  endfacet
  facet normal 0 0 1
    outer loop
      vertex -12.7781 3.66063 16
      vertex -15.336 2.52177 16
      vertex -15.1034 1.9159 16
    endloop
  endfacet
  facet normal 0 0 1
    outer loop
      vertex -13.2058 4.5 16
      vertex -15.6306 3.1 16
      vertex -15.336 2.52177 16
    endloop
  endfacet
  facet normal 0 0 1
    outer loop
      vertex -16.8514 4.6075 16
      vertex -14.9778 6.6883 16
      vertex -15.7099 7.28115 16
    endloop
  endfacet
  facet normal 0 0 1
    outer loop
      vertex -13.7188 5.29007 16
      vertex -15.9841 3.64427 16
      vertex -15.6306 3.1 16
    endloop
  endfacet
  facet normal 0 0 1
    outer loop
      vertex -14.3117 6.02217 16
      vertex -16.3925 4.14861 16
      vertex -15.9841 3.64427 16
    endloop
  endfacet
  facet normal 0 0 1
    outer loop
      vertex -17.3557 5.0159 16
      vertex -15.7099 7.28115 16
      vertex -16.5 7.79423 16
    endloop
  endfacet
  facet normal 0 0 1
    outer loop
      vertex -14.9778 6.6883 16
      vertex -16.8514 4.6075 16
      vertex -16.3925 4.14861 16
    endloop
  endfacet
  facet normal 0 0 1
    outer loop
      vertex -17.9 5.36936 16
      vertex -16.5 7.79423 16
      vertex -17.3394 8.22191 16
    endloop
  endfacet
  facet normal 0 0 1
    outer loop
      vertex -15.7099 7.28115 16
      vertex -17.3557 5.0159 16
      vertex -16.8514 4.6075 16
    endloop
  endfacet
  facet normal 0 0 1
    outer loop
      vertex -16.5 7.79423 16
      vertex -17.9 5.36936 16
      vertex -17.3557 5.0159 16
    endloop
  endfacet
  facet normal 0 0 1
    outer loop
      vertex -18.4782 5.66398 16
      vertex -17.3394 8.22191 16
      vertex -18.2188 8.55951 16
    endloop
  endfacet
  facet normal 0 0 1
    outer loop
      vertex -17.3394 8.22191 16
      vertex -18.4782 5.66398 16
      vertex -17.9 5.36936 16
    endloop
  endfacet
  facet normal 0 0 1
    outer loop
      vertex -18.2188 8.55951 16
      vertex -19.0841 5.89655 16
      vertex -18.4782 5.66398 16
    endloop
  endfacet
  facet normal 0 0 1
    outer loop
      vertex -19.1288 8.80333 16
      vertex -19.0841 5.89655 16
      vertex -18.2188 8.55951 16
    endloop
  endfacet
  facet normal 0 0 1
    outer loop
      vertex -19.1288 8.80333 16
      vertex -19.7109 6.06452 16
      vertex -19.0841 5.89655 16
    endloop
  endfacet
  facet normal 0 0 1
    outer loop
      vertex -20.0592 8.9507 16
      vertex -19.7109 6.06452 16
      vertex -19.1288 8.80333 16
    endloop
  endfacet
  facet normal 0 0 1
    outer loop
      vertex -20.0592 8.9507 16
      vertex -20.3519 6.16604 16
      vertex -19.7109 6.06452 16
    endloop
  endfacet
  facet normal 0 0 1
    outer loop
      vertex -21 9 16
      vertex -20.3519 6.16604 16
      vertex -20.0592 8.9507 16
    endloop
  endfacet
  facet normal 0 0 1
    outer loop
      vertex -21 9 16
      vertex -21 6.2 16
      vertex -20.3519 6.16604 16
    endloop
  endfacet
  facet normal 0 0 1
    outer loop
      vertex -21 9 16
      vertex -21.6481 6.16604 16
      vertex -21 6.2 16
    endloop
  endfacet
  facet normal -0 0 1
    outer loop
      vertex -21.9408 8.9507 16
      vertex -21.6481 6.16604 16
      vertex -21 9 16
    endloop
  endfacet
  facet normal 0 0 1
    outer loop
      vertex -21.9408 8.9507 16
      vertex -22.2891 6.06452 16
      vertex -21.6481 6.16604 16
    endloop
  endfacet
  facet normal -0 0 1
    outer loop
      vertex -22.8712 8.80333 16
      vertex -22.2891 6.06452 16
      vertex -21.9408 8.9507 16
    endloop
  endfacet
  facet normal 0 0 1
    outer loop
      vertex -22.8712 8.80333 16
      vertex -22.9159 5.89655 16
      vertex -22.2891 6.06452 16
    endloop
  endfacet
  facet normal -0 0 1
    outer loop
      vertex -23.7812 8.55951 16
      vertex -22.9159 5.89655 16
      vertex -22.8712 8.80333 16
    endloop
  endfacet
  facet normal 0 0 1
    outer loop
      vertex -22.9159 5.89655 16
      vertex -23.7812 8.55951 16
      vertex -23.5218 5.66398 16
    endloop
  endfacet
  facet normal -0 0 1
    outer loop
      vertex -24.6606 8.22191 16
      vertex -23.5218 5.66398 16
      vertex -23.7812 8.55951 16
    endloop
  endfacet
  facet normal 0 0 1
    outer loop
      vertex -23.5218 5.66398 16
      vertex -24.6606 8.22191 16
      vertex -24.1 5.36936 16
    endloop
  endfacet
  facet normal -0 0 1
    outer loop
      vertex -25.5 7.79423 16
      vertex -24.1 5.36936 16
      vertex -24.6606 8.22191 16
    endloop
  endfacet
  facet normal 0 0 1
    outer loop
      vertex -24.1 5.36936 16
      vertex -25.5 7.79423 16
      vertex -24.6443 5.0159 16
    endloop
  endfacet
  facet normal -0 0 1
    outer loop
      vertex -26.2901 7.28115 16
      vertex -24.6443 5.0159 16
      vertex -25.5 7.79423 16
    endloop
  endfacet
  facet normal 0 0 1
    outer loop
      vertex -24.6443 5.0159 16
      vertex -26.2901 7.28115 16
      vertex -25.1486 4.6075 16
    endloop
  endfacet
  facet normal -0 0 1
    outer loop
      vertex -27.0222 6.6883 16
      vertex -25.1486 4.6075 16
      vertex -26.2901 7.28115 16
    endloop
  endfacet
  facet normal 0 0 1
    outer loop
      vertex -25.1486 4.6075 16
      vertex -27.0222 6.6883 16
      vertex -25.6075 4.14861 16
    endloop
  endfacet
  facet normal -0 0 1
    outer loop
      vertex -27.6883 6.02217 16
      vertex -25.6075 4.14861 16
      vertex -27.0222 6.6883 16
    endloop
  endfacet
  facet normal 0 0 1
    outer loop
      vertex -25.6075 4.14861 16
      vertex -27.6883 6.02217 16
      vertex -26.0159 3.64427 16
    endloop
  endfacet
  facet normal -0 0 1
    outer loop
      vertex -28.2812 5.29007 16
      vertex -26.0159 3.64427 16
      vertex -27.6883 6.02217 16
    endloop
  endfacet
  facet normal 0 0 1
    outer loop
      vertex -26.0159 3.64427 16
      vertex -28.2812 5.29007 16
      vertex -26.3694 3.1 16
    endloop
  endfacet
  facet normal -0 0 1
    outer loop
      vertex -28.7942 4.5 16
      vertex -26.3694 3.1 16
      vertex -28.2812 5.29007 16
    endloop
  endfacet
  facet normal 0 0 1
    outer loop
      vertex -26.3694 3.1 16
      vertex -28.7942 4.5 16
      vertex -26.664 2.52177 16
    endloop
  endfacet
  facet normal -0 0 1
    outer loop
      vertex -29.2219 3.66063 16
      vertex -26.664 2.52177 16
      vertex -28.7942 4.5 16
    endloop
  endfacet
  facet normal 0 0 1
    outer loop
      vertex -26.664 2.52177 16
      vertex -29.2219 3.66063 16
      vertex -26.8965 1.9159 16
    endloop
  endfacet
  facet normal -0 0 1
    outer loop
      vertex -15.336 -2.52177 16
      vertex -12.7781 -3.66063 16
      vertex -15.1034 -1.9159 16
    endloop
  endfacet
  facet normal 0 0 1
    outer loop
      vertex -12.7781 -3.66063 16
      vertex -15.336 -2.52177 16
      vertex -13.2058 -4.5 16
    endloop
  endfacet
  facet normal -0 0 1
    outer loop
      vertex -15.6306 -3.1 16
      vertex -13.2058 -4.5 16
      vertex -15.336 -2.52177 16
    endloop
  endfacet
  facet normal 0 0 1
    outer loop
      vertex -13.2058 -4.5 16
      vertex -15.6306 -3.1 16
      vertex -13.7188 -5.29007 16
    endloop
  endfacet
  facet normal -0 0 1
    outer loop
      vertex -15.9841 -3.64427 16
      vertex -13.7188 -5.29007 16
      vertex -15.6306 -3.1 16
    endloop
  endfacet
  facet normal 0 0 1
    outer loop
      vertex -13.7188 -5.29007 16
      vertex -15.9841 -3.64427 16
      vertex -14.3117 -6.02217 16
    endloop
  endfacet
  facet normal -0 0 1
    outer loop
      vertex -16.3925 -4.14861 16
      vertex -14.3117 -6.02217 16
      vertex -15.9841 -3.64427 16
    endloop
  endfacet
  facet normal 0 0 1
    outer loop
      vertex -14.3117 -6.02217 16
      vertex -16.3925 -4.14861 16
      vertex -14.9778 -6.6883 16
    endloop
  endfacet
  facet normal -0 0 1
    outer loop
      vertex -16.8514 -4.6075 16
      vertex -14.9778 -6.6883 16
      vertex -16.3925 -4.14861 16
    endloop
  endfacet
  facet normal 0 0 1
    outer loop
      vertex -14.9778 -6.6883 16
      vertex -16.8514 -4.6075 16
      vertex -15.7099 -7.28115 16
    endloop
  endfacet
  facet normal -0 0 1
    outer loop
      vertex -17.3557 -5.0159 16
      vertex -15.7099 -7.28115 16
      vertex -16.8514 -4.6075 16
    endloop
  endfacet
  facet normal 0 0 1
    outer loop
      vertex -15.7099 -7.28115 16
      vertex -17.3557 -5.0159 16
      vertex -16.5 -7.79423 16
    endloop
  endfacet
  facet normal -0 0 1
    outer loop
      vertex -17.9 -5.36936 16
      vertex -16.5 -7.79423 16
      vertex -17.3557 -5.0159 16
    endloop
  endfacet
  facet normal 0 0 1
    outer loop
      vertex -16.5 -7.79423 16
      vertex -17.9 -5.36936 16
      vertex -17.3394 -8.22191 16
    endloop
  endfacet
  facet normal -0 0 1
    outer loop
      vertex -18.4782 -5.66398 16
      vertex -17.3394 -8.22191 16
      vertex -17.9 -5.36936 16
    endloop
  endfacet
  facet normal 0 0 1
    outer loop
      vertex -17.3394 -8.22191 16
      vertex -18.4782 -5.66398 16
      vertex -18.2188 -8.55951 16
    endloop
  endfacet
  facet normal -0 0 1
    outer loop
      vertex -19.0841 -5.89655 16
      vertex -18.2188 -8.55951 16
      vertex -18.4782 -5.66398 16
    endloop
  endfacet
  facet normal 0 0 1
    outer loop
      vertex -19.0841 -5.89655 16
      vertex -19.1288 -8.80333 16
      vertex -18.2188 -8.55951 16
    endloop
  endfacet
  facet normal -0 0 1
    outer loop
      vertex -19.7109 -6.06452 16
      vertex -19.1288 -8.80333 16
      vertex -19.0841 -5.89655 16
    endloop
  endfacet
  facet normal 0 0 1
    outer loop
      vertex -19.7109 -6.06452 16
      vertex -20.0592 -8.9507 16
      vertex -19.1288 -8.80333 16
    endloop
  endfacet
  facet normal -0 0 1
    outer loop
      vertex -20.3519 -6.16604 16
      vertex -20.0592 -8.9507 16
      vertex -19.7109 -6.06452 16
    endloop
  endfacet
  facet normal -0 0 1
    outer loop
      vertex -21 -6.2 16
      vertex -20.0592 -8.9507 16
      vertex -20.3519 -6.16604 16
    endloop
  endfacet
  facet normal 0 0 1
    outer loop
      vertex -21 -6.2 16
      vertex -21 -9 16
      vertex -20.0592 -8.9507 16
    endloop
  endfacet
  facet normal 0 0 1
    outer loop
      vertex -21.6481 -6.16604 16
      vertex -21 -9 16
      vertex -21 -6.2 16
    endloop
  endfacet
  facet normal 0 0 1
    outer loop
      vertex -21.6481 -6.16604 16
      vertex -21.9408 -8.9507 16
      vertex -21 -9 16
    endloop
  endfacet
  facet normal 0 0 1
    outer loop
      vertex -22.2891 -6.06452 16
      vertex -21.9408 -8.9507 16
      vertex -21.6481 -6.16604 16
    endloop
  endfacet
  facet normal 0 0 1
    outer loop
      vertex -22.2891 -6.06452 16
      vertex -22.8712 -8.80333 16
      vertex -21.9408 -8.9507 16
    endloop
  endfacet
  facet normal 0 0 1
    outer loop
      vertex -22.9159 -5.89655 16
      vertex -22.8712 -8.80333 16
      vertex -22.2891 -6.06452 16
    endloop
  endfacet
  facet normal 0 0 1
    outer loop
      vertex -23.7812 -8.55951 16
      vertex -22.9159 -5.89655 16
      vertex -23.5218 -5.66398 16
    endloop
  endfacet
  facet normal 0 0 1
    outer loop
      vertex -22.9159 -5.89655 16
      vertex -23.7812 -8.55951 16
      vertex -22.8712 -8.80333 16
    endloop
  endfacet
  facet normal 0 0 1
    outer loop
      vertex -24.6606 -8.22191 16
      vertex -23.5218 -5.66398 16
      vertex -24.1 -5.36936 16
    endloop
  endfacet
  facet normal 0 0 1
    outer loop
      vertex -25.5 -7.79423 16
      vertex -24.1 -5.36936 16
      vertex -24.6443 -5.0159 16
    endloop
  endfacet
  facet normal 0 0 1
    outer loop
      vertex -23.5218 -5.66398 16
      vertex -24.6606 -8.22191 16
      vertex -23.7812 -8.55951 16
    endloop
  endfacet
  facet normal 0 0 1
    outer loop
      vertex -26.2901 -7.28115 16
      vertex -24.6443 -5.0159 16
      vertex -25.1486 -4.6075 16
    endloop
  endfacet
  facet normal 0 0 1
    outer loop
      vertex -24.1 -5.36936 16
      vertex -25.5 -7.79423 16
      vertex -24.6606 -8.22191 16
    endloop
  endfacet
  facet normal 0 0 1
    outer loop
      vertex -27.0222 -6.6883 16
      vertex -25.1486 -4.6075 16
      vertex -25.6075 -4.14861 16
    endloop
  endfacet
  facet normal 0 0 1
    outer loop
      vertex -27.6883 -6.02217 16
      vertex -25.6075 -4.14861 16
      vertex -26.0159 -3.64427 16
    endloop
  endfacet
  facet normal 0 0 1
    outer loop
      vertex -24.6443 -5.0159 16
      vertex -26.2901 -7.28115 16
      vertex -25.5 -7.79423 16
    endloop
  endfacet
  facet normal 0 0 1
    outer loop
      vertex -28.2812 -5.29007 16
      vertex -26.0159 -3.64427 16
      vertex -26.3694 -3.1 16
    endloop
  endfacet
  facet normal 0 0 1
    outer loop
      vertex -28.7942 -4.5 16
      vertex -26.3694 -3.1 16
      vertex -26.664 -2.52177 16
    endloop
  endfacet
  facet normal 0 0 1
    outer loop
      vertex -29.2219 -3.66063 16
      vertex -26.664 -2.52177 16
      vertex -26.8965 -1.9159 16
    endloop
  endfacet
  facet normal 0 0 1
    outer loop
      vertex -25.1486 -4.6075 16
      vertex -27.0222 -6.6883 16
      vertex -26.2901 -7.28115 16
    endloop
  endfacet
  facet normal 0 0 1
    outer loop
      vertex -29.5595 -2.78115 16
      vertex -26.8965 -1.9159 16
      vertex -27.0645 -1.28905 16
    endloop
  endfacet
  facet normal 0 0 1
    outer loop
      vertex -29.8033 -1.8712 16
      vertex -27.0645 -1.28905 16
      vertex -27.166 -0.648076 16
    endloop
  endfacet
  facet normal 0 0 1
    outer loop
      vertex -29.9507 -0.940756 16
      vertex -27.166 -0.648076 16
      vertex -27.2 0 16
    endloop
  endfacet
  facet normal -0 0 1
    outer loop
      vertex -29.5595 2.78115 16
      vertex -26.8965 1.9159 16
      vertex -29.2219 3.66063 16
    endloop
  endfacet
  facet normal 0 0 1
    outer loop
      vertex -25.6075 -4.14861 16
      vertex -27.6883 -6.02217 16
      vertex -27.0222 -6.6883 16
    endloop
  endfacet
  facet normal 0 0 1
    outer loop
      vertex -26.8965 1.9159 16
      vertex -29.5595 2.78115 16
      vertex -27.0645 1.28905 16
    endloop
  endfacet
  facet normal 0 0 1
    outer loop
      vertex -26.0159 -3.64427 16
      vertex -28.2812 -5.29007 16
      vertex -27.6883 -6.02217 16
    endloop
  endfacet
  facet normal -0 0 1
    outer loop
      vertex -29.8033 1.8712 16
      vertex -27.0645 1.28905 16
      vertex -29.5595 2.78115 16
    endloop
  endfacet
  facet normal 0 0 1
    outer loop
      vertex -26.3694 -3.1 16
      vertex -28.7942 -4.5 16
      vertex -28.2812 -5.29007 16
    endloop
  endfacet
  facet normal 0 0 1
    outer loop
      vertex -27.0645 1.28905 16
      vertex -29.8033 1.8712 16
      vertex -27.166 0.648076 16
    endloop
  endfacet
  facet normal 0 0 1
    outer loop
      vertex -26.664 -2.52177 16
      vertex -29.2219 -3.66063 16
      vertex -28.7942 -4.5 16
    endloop
  endfacet
  facet normal -0 0 1
    outer loop
      vertex -29.9507 0.940756 16
      vertex -27.166 0.648076 16
      vertex -29.8033 1.8712 16
    endloop
  endfacet
  facet normal 0 0 1
    outer loop
      vertex -26.8965 -1.9159 16
      vertex -29.5595 -2.78115 16
      vertex -29.2219 -3.66063 16
    endloop
  endfacet
  facet normal 0 0 1
    outer loop
      vertex -27.166 0.648076 16
      vertex -29.9507 0.940756 16
      vertex -27.2 0 16
    endloop
  endfacet
  facet normal 0 0 1
    outer loop
      vertex -27.0645 -1.28905 16
      vertex -29.8033 -1.8712 16
      vertex -29.5595 -2.78115 16
    endloop
  endfacet
  facet normal 0 0 1
    outer loop
      vertex -30 0 16
      vertex -27.2 0 16
      vertex -29.9507 0.940756 16
    endloop
  endfacet
  facet normal 0 0 1
    outer loop
      vertex -27.166 -0.648076 16
      vertex -29.9507 -0.940756 16
      vertex -29.8033 -1.8712 16
    endloop
  endfacet
  facet normal 0 0 1
    outer loop
      vertex -27.2 0 16
      vertex -30 0 16
      vertex -29.9507 -0.940756 16
    endloop
  endfacet
  facet normal -0.933581 0.358367 0
    outer loop
      vertex -29.5595 2.78115 10.5
      vertex -29.2219 3.66063 16
      vertex -29.2219 3.66063 10.5
    endloop
  endfacet
  facet normal -0.933581 0.358367 0
    outer loop
      vertex -29.2219 3.66063 16
      vertex -29.5595 2.78115 10.5
      vertex -29.5595 2.78115 16
    endloop
  endfacet
  facet normal -0.965931 0.258799 0
    outer loop
      vertex -29.8033 1.8712 10.5
      vertex -29.5595 2.78115 16
      vertex -29.5595 2.78115 10.5
    endloop
  endfacet
  facet normal -0.965931 0.258799 0
    outer loop
      vertex -29.5595 2.78115 16
      vertex -29.8033 1.8712 10.5
      vertex -29.8033 1.8712 16
    endloop
  endfacet
  facet normal -0.838768 0.544489 0
    outer loop
      vertex -28.4695 5 10.5
      vertex -28.2812 5.29007 10
      vertex -28.4695 5 10
    endloop
  endfacet
  facet normal -0.838768 0.544489 0
    outer loop
      vertex -28.2812 5.29007 10
      vertex -28.4695 5 10.5
      vertex -28.2812 5.29007 16
    endloop
  endfacet
  facet normal -0.838673 0.544635 0
    outer loop
      vertex -28.7942 4.5 16
      vertex -28.4695 5 10.5
      vertex -28.7942 4.5 10.5
    endloop
  endfacet
  facet normal -0.838708 0.544581 -6.8961e-06
    outer loop
      vertex -28.4695 5 10.5
      vertex -28.7942 4.5 16
      vertex -28.2812 5.29007 16
    endloop
  endfacet
  facet normal -0.777116 0.629357 0
    outer loop
      vertex -28.2812 5.29007 10
      vertex -27.6883 6.02217 16
      vertex -27.6883 6.02217 10
    endloop
  endfacet
  facet normal -0.777116 0.629357 0
    outer loop
      vertex -27.6883 6.02217 16
      vertex -28.2812 5.29007 10
      vertex -28.2812 5.29007 16
    endloop
  endfacet
  facet normal -0.156444 0.987687 0
    outer loop
      vertex -21.9408 8.9507 10
      vertex -22.8712 8.80333 16
      vertex -21.9408 8.9507 16
    endloop
  endfacet
  facet normal -0.156444 0.987687 0
    outer loop
      vertex -22.8712 8.80333 16
      vertex -21.9408 8.9507 10
      vertex -22.8712 8.80333 10
    endloop
  endfacet
  facet normal -0.453977 0.891013 0
    outer loop
      vertex -24.6606 8.22191 10
      vertex -25.5 7.79423 16
      vertex -24.6606 8.22191 16
    endloop
  endfacet
  facet normal -0.453977 0.891013 0
    outer loop
      vertex -25.5 7.79423 16
      vertex -24.6606 8.22191 10
      vertex -25.5 7.79423 10
    endloop
  endfacet
  facet normal -0.544626 0.838679 0
    outer loop
      vertex -25.5 7.79423 10
      vertex -26.2901 7.28115 16
      vertex -25.5 7.79423 16
    endloop
  endfacet
  facet normal -0.544626 0.838679 0
    outer loop
      vertex -26.2901 7.28115 16
      vertex -25.5 7.79423 10
      vertex -26.2901 7.28115 10
    endloop
  endfacet
  facet normal -0.358396 0.93357 0
    outer loop
      vertex -23.7812 8.55951 10
      vertex -24.6606 8.22191 16
      vertex -23.7812 8.55951 16
    endloop
  endfacet
  facet normal -0.358396 0.93357 0
    outer loop
      vertex -24.6606 8.22191 16
      vertex -23.7812 8.55951 10
      vertex -24.6606 8.22191 10
    endloop
  endfacet
  facet normal -0.629325 0.777142 0
    outer loop
      vertex -26.2901 7.28115 10
      vertex -27.0222 6.6883 16
      vertex -26.2901 7.28115 16
    endloop
  endfacet
  facet normal -0.629325 0.777142 0
    outer loop
      vertex -27.0222 6.6883 16
      vertex -26.2901 7.28115 10
      vertex -27.0222 6.6883 10
    endloop
  endfacet
  facet normal 0.998634 0.0522508 0
    outer loop
      vertex -12.0493 0.940756 16
      vertex -12.0247 0.470593 14.0317
      vertex -12.0493 0.940756 13.9852
    endloop
  endfacet
  facet normal 0.99863 0.0523329 -1.96514e-05
    outer loop
      vertex -12 0 16
      vertex -12.0247 0.470593 14.0317
      vertex -12.0493 0.940756 16
    endloop
  endfacet
  facet normal 0.998625 0.0524148 0
    outer loop
      vertex -12.0247 0.470593 14.0317
      vertex -12 0 16
      vertex -12 0 14.0783
    endloop
  endfacet
  facet normal 0.0523304 -0.99863 0
    outer loop
      vertex -21 -9 10
      vertex -20.0592 -8.9507 16
      vertex -21 -9 16
    endloop
  endfacet
  facet normal 0.0523304 -0.99863 0
    outer loop
      vertex -20.0592 -8.9507 16
      vertex -21 -9 10
      vertex -20.0592 -8.9507 10
    endloop
  endfacet
  facet normal 0.965931 -0.258799 0
    outer loop
      vertex -12.4405 -2.78115 16
      vertex -12.1967 -1.8712 13.7421
      vertex -12.1967 -1.8712 16
    endloop
  endfacet
  facet normal 0.965937 -0.258777 9.27226e-06
    outer loop
      vertex -12.1967 -1.8712 13.7421
      vertex -12.4405 -2.78115 16
      vertex -12.4016 -2.63604 13.4376
    endloop
  endfacet
  facet normal 0.965896 -0.25893 0
    outer loop
      vertex -12.4016 -2.63604 13.4376
      vertex -12.4405 -2.78115 16
      vertex -12.4405 -2.78115 13.3666
    endloop
  endfacet
  facet normal 0.258805 -0.965929 0
    outer loop
      vertex -19.1288 -8.80333 10
      vertex -18.2188 -8.55951 16
      vertex -19.1288 -8.80333 16
    endloop
  endfacet
  facet normal 0.258805 -0.965929 0
    outer loop
      vertex -18.2188 -8.55951 16
      vertex -19.1288 -8.80333 10
      vertex -18.2188 -8.55951 10
    endloop
  endfacet
  facet normal 0.629325 -0.777142 0
    outer loop
      vertex -15.7099 -7.28115 10
      vertex -14.9778 -6.6883 16
      vertex -15.7099 -7.28115 16
    endloop
  endfacet
  facet normal 0.629325 -0.777142 0
    outer loop
      vertex -14.9778 -6.6883 16
      vertex -15.7099 -7.28115 10
      vertex -14.9778 -6.6883 10
    endloop
  endfacet
  facet normal 0.453977 -0.891013 0
    outer loop
      vertex -17.3394 -8.22191 10
      vertex -16.5 -7.79423 16
      vertex -17.3394 -8.22191 16
    endloop
  endfacet
  facet normal 0.453977 -0.891013 0
    outer loop
      vertex -16.5 -7.79423 16
      vertex -17.3394 -8.22191 10
      vertex -16.5 -7.79423 10
    endloop
  endfacet
  facet normal 0.890998 -0.454007 0
    outer loop
      vertex -13.2058 -4.5 16
      vertex -12.7781 -3.66063 12.8432
      vertex -12.7781 -3.66063 16
    endloop
  endfacet
  facet normal 0.891003 -0.453998 2.94232e-06
    outer loop
      vertex -12.7781 -3.66063 12.8432
      vertex -13.2058 -4.5 16
      vertex -12.8751 -3.851 12.7081
    endloop
  endfacet
  facet normal 0.891044 -0.453916 2.32599e-05
    outer loop
      vertex -12.8751 -3.851 12.7081
      vertex -13.2058 -4.5 16
      vertex -13.078 -4.24931 12.4254
    endloop
  endfacet
  facet normal 0.89091 -0.45418 0
    outer loop
      vertex -13.078 -4.24931 12.4254
      vertex -13.2058 -4.5 16
      vertex -13.2058 -4.5 12.2277
    endloop
  endfacet
  facet normal -0.358396 -0.93357 0
    outer loop
      vertex -24.6606 -8.22191 10
      vertex -23.7812 -8.55951 16
      vertex -24.6606 -8.22191 16
    endloop
  endfacet
  facet normal -0.358396 -0.93357 -0
    outer loop
      vertex -23.7812 -8.55951 16
      vertex -24.6606 -8.22191 10
      vertex -23.7812 -8.55951 10
    endloop
  endfacet
  facet normal -0.544626 -0.838679 0
    outer loop
      vertex -26.2901 -7.28115 10
      vertex -25.5 -7.79423 16
      vertex -26.2901 -7.28115 16
    endloop
  endfacet
  facet normal -0.544626 -0.838679 -0
    outer loop
      vertex -25.5 -7.79423 16
      vertex -26.2901 -7.28115 10
      vertex -25.5 -7.79423 10
    endloop
  endfacet
  facet normal -0.987683 -0.156468 0
    outer loop
      vertex -29.8033 -1.8712 10.5
      vertex -29.9507 -0.940756 16
      vertex -29.9507 -0.940756 10.5
    endloop
  endfacet
  facet normal -0.987683 -0.156468 0
    outer loop
      vertex -29.9507 -0.940756 16
      vertex -29.8033 -1.8712 10.5
      vertex -29.8033 -1.8712 16
    endloop
  endfacet
  facet normal -0.838768 -0.544489 0
    outer loop
      vertex -28.4695 -5 10
      vertex -28.2812 -5.29007 10
      vertex -28.4695 -5 10.5
    endloop
  endfacet
  facet normal -0.838673 -0.544635 0
    outer loop
      vertex -28.4695 -5 10.5
      vertex -28.7942 -4.5 16
      vertex -28.7942 -4.5 10.5
    endloop
  endfacet
  facet normal -0.838768 -0.544489 -0
    outer loop
      vertex -28.2812 -5.29007 16
      vertex -28.4695 -5 10.5
      vertex -28.2812 -5.29007 10
    endloop
  endfacet
  facet normal -0.838708 -0.544581 -6.8961e-06
    outer loop
      vertex -28.4695 -5 10.5
      vertex -28.2812 -5.29007 16
      vertex -28.7942 -4.5 16
    endloop
  endfacet
  facet normal -0.933581 -0.358367 0
    outer loop
      vertex -29.2219 -3.66063 10.5
      vertex -29.5595 -2.78115 16
      vertex -29.5595 -2.78115 10.5
    endloop
  endfacet
  facet normal -0.933581 -0.358367 0
    outer loop
      vertex -29.5595 -2.78115 16
      vertex -29.2219 -3.66063 10.5
      vertex -29.2219 -3.66063 16
    endloop
  endfacet
  facet normal -0.777116 -0.629357 0
    outer loop
      vertex -27.6883 -6.02217 10
      vertex -28.2812 -5.29007 16
      vertex -28.2812 -5.29007 10
    endloop
  endfacet
  facet normal -0.777116 -0.629357 0
    outer loop
      vertex -28.2812 -5.29007 16
      vertex -27.6883 -6.02217 10
      vertex -27.6883 -6.02217 16
    endloop
  endfacet
  facet normal 0.987668 -0.156563 0
    outer loop
      vertex -12.0493 -0.940756 16
      vertex -12.1018 -1.27195 13.9193
      vertex -12.0493 -0.940756 13.9852
    endloop
  endfacet
  facet normal 0.987683 -0.156468 -1.54656e-05
    outer loop
      vertex -12.1967 -1.8712 16
      vertex -12.1018 -1.27195 13.9193
      vertex -12.0493 -0.940756 16
    endloop
  endfacet
  facet normal 0.987708 -0.156309 3.12641e-05
    outer loop
      vertex -12.1018 -1.27195 13.9193
      vertex -12.1967 -1.8712 16
      vertex -12.1733 -1.72378 13.7857
    endloop
  endfacet
  facet normal 0.987636 -0.156768 0
    outer loop
      vertex -12.1733 -1.72378 13.7857
      vertex -12.1967 -1.8712 16
      vertex -12.1967 -1.8712 13.7421
    endloop
  endfacet
  facet normal 0.156444 -0.987687 0
    outer loop
      vertex -20.0592 -8.9507 10
      vertex -19.1288 -8.80333 16
      vertex -20.0592 -8.9507 16
    endloop
  endfacet
  facet normal 0.156444 -0.987687 0
    outer loop
      vertex -19.1288 -8.80333 16
      vertex -20.0592 -8.9507 10
      vertex -19.1288 -8.80333 10
    endloop
  endfacet
  facet normal 0.358396 -0.93357 0
    outer loop
      vertex -18.2188 -8.55951 10
      vertex -17.3394 -8.22191 16
      vertex -18.2188 -8.55951 16
    endloop
  endfacet
  facet normal 0.358396 -0.93357 0
    outer loop
      vertex -17.3394 -8.22191 16
      vertex -18.2188 -8.55951 10
      vertex -17.3394 -8.22191 10
    endloop
  endfacet
  facet normal 0.707123 -0.707091 0
    outer loop
      vertex -14.9778 -6.6883 16
      vertex -14.3117 -6.02217 10.7362
      vertex -14.3117 -6.02217 16
    endloop
  endfacet
  facet normal 0.707123 -0.707091 0
    outer loop
      vertex -14.9778 -6.6883 10
      vertex -14.3117 -6.02217 10.7362
      vertex -14.9778 -6.6883 16
    endloop
  endfacet
  facet normal 0.707442 -0.706771 -0.000578294
    outer loop
      vertex -14.3117 -6.02217 10.7362
      vertex -14.9778 -6.6883 10
      vertex -14.9146 -6.62504 10
    endloop
  endfacet
  facet normal 0.544626 -0.838679 0
    outer loop
      vertex -16.5 -7.79423 10
      vertex -15.7099 -7.28115 16
      vertex -16.5 -7.79423 16
    endloop
  endfacet
  facet normal 0.544626 -0.838679 0
    outer loop
      vertex -15.7099 -7.28115 16
      vertex -16.5 -7.79423 10
      vertex -15.7099 -7.28115 10
    endloop
  endfacet
  facet normal 0.933581 -0.358367 0
    outer loop
      vertex -12.7781 -3.66063 16
      vertex -12.4405 -2.78115 13.3666
      vertex -12.4405 -2.78115 16
    endloop
  endfacet
  facet normal 0.933581 -0.358367 0
    outer loop
      vertex -12.4405 -2.78115 13.3666
      vertex -12.7781 -3.66063 16
      vertex -12.7781 -3.66063 12.8432
    endloop
  endfacet
  facet normal 0.838708 -0.544581 0
    outer loop
      vertex -13.7188 -5.29007 16
      vertex -13.2058 -4.5 12.2277
      vertex -13.2058 -4.5 16
    endloop
  endfacet
  facet normal 0.83866 -0.544656 -2.21814e-05
    outer loop
      vertex -13.2058 -4.5 12.2277
      vertex -13.7188 -5.29007 16
      vertex -13.2521 -4.57129 12.1627
    endloop
  endfacet
  facet normal 0.838714 -0.544572 0
    outer loop
      vertex -13.2521 -4.57129 12.1627
      vertex -13.7188 -5.29007 16
      vertex -13.7188 -5.29007 11.5074
    endloop
  endfacet
  facet normal -0.0523304 -0.99863 0
    outer loop
      vertex -21.9408 -8.9507 10
      vertex -21 -9 16
      vertex -21.9408 -8.9507 16
    endloop
  endfacet
  facet normal -0.0523304 -0.99863 -0
    outer loop
      vertex -21 -9 16
      vertex -21.9408 -8.9507 10
      vertex -21 -9 10
    endloop
  endfacet
  facet normal -0.258805 -0.965929 0
    outer loop
      vertex -23.7812 -8.55951 10
      vertex -22.8712 -8.80333 16
      vertex -23.7812 -8.55951 16
    endloop
  endfacet
  facet normal -0.258805 -0.965929 -0
    outer loop
      vertex -22.8712 -8.80333 16
      vertex -23.7812 -8.55951 10
      vertex -22.8712 -8.80333 10
    endloop
  endfacet
  facet normal -0.453977 -0.891013 0
    outer loop
      vertex -25.5 -7.79423 10
      vertex -24.6606 -8.22191 16
      vertex -25.5 -7.79423 16
    endloop
  endfacet
  facet normal -0.453977 -0.891013 -0
    outer loop
      vertex -24.6606 -8.22191 16
      vertex -25.5 -7.79423 10
      vertex -24.6606 -8.22191 10
    endloop
  endfacet
  facet normal -0.629325 -0.777142 0
    outer loop
      vertex -27.0222 -6.6883 10
      vertex -26.2901 -7.28115 16
      vertex -27.0222 -6.6883 16
    endloop
  endfacet
  facet normal -0.629325 -0.777142 -0
    outer loop
      vertex -26.2901 -7.28115 16
      vertex -27.0222 -6.6883 10
      vertex -26.2901 -7.28115 10
    endloop
  endfacet
  facet normal -0.965931 -0.258799 0
    outer loop
      vertex -29.5595 -2.78115 10.5
      vertex -29.8033 -1.8712 16
      vertex -29.8033 -1.8712 10.5
    endloop
  endfacet
  facet normal -0.965931 -0.258799 0
    outer loop
      vertex -29.8033 -1.8712 16
      vertex -29.5595 -2.78115 10.5
      vertex -29.5595 -2.78115 16
    endloop
  endfacet
  facet normal -0.890998 -0.454007 0
    outer loop
      vertex -28.7942 -4.5 10.5
      vertex -29.2219 -3.66063 16
      vertex -29.2219 -3.66063 10.5
    endloop
  endfacet
  facet normal -0.890998 -0.454007 0
    outer loop
      vertex -29.2219 -3.66063 16
      vertex -28.7942 -4.5 10.5
      vertex -28.7942 -4.5 16
    endloop
  endfacet
  facet normal -0.629285 -0.777175 0
    outer loop
      vertex 3.96755 5.46086 0
      vertex 4.05778 5.3878 7.1488
      vertex 3.96755 5.46086 7.23903
    endloop
  endfacet
  facet normal -0.629321 -0.777146 7.45801e-07
    outer loop
      vertex 3.96755 5.46086 0
      vertex 4.51663 5.01623 6.77723
      vertex 4.05778 5.3878 7.1488
    endloop
  endfacet
  facet normal -0.629315 -0.77715 -0
    outer loop
      vertex 4.51663 5.01623 6.77723
      vertex 3.96755 5.46086 0
      vertex 4.51663 5.01623 0
    endloop
  endfacet
  facet normal -0.629315 -0.77715 0
    outer loop
      vertex 3.96755 5.46086 23
      vertex 4.51663 5.01623 40
      vertex 3.96755 5.46086 40
    endloop
  endfacet
  facet normal -0.629315 -0.77715 -0
    outer loop
      vertex 4.51663 5.01623 40
      vertex 3.96755 5.46086 23
      vertex 4.51663 5.01623 23
    endloop
  endfacet
  facet normal -0.998629 0.05234 0
    outer loop
      vertex 6.71302 -0.705566 0
      vertex 6.75 0 4.75
      vertex 6.75 0 0
    endloop
  endfacet
  facet normal -0.998629 0.05234 0
    outer loop
      vertex 6.75 0 4.75
      vertex 6.71302 -0.705566 0
      vertex 6.71302 -0.705566 4.78698
    endloop
  endfacet
  facet normal -0.998629 0.05234 0
    outer loop
      vertex 6.71302 -0.705566 23
      vertex 6.75 0 40
      vertex 6.75 0 23
    endloop
  endfacet
  facet normal -0.998629 0.05234 0
    outer loop
      vertex 6.75 0 40
      vertex 6.71302 -0.705566 23
      vertex 6.71302 -0.705566 40
    endloop
  endfacet
  facet normal 0.358367 -0.933581 0
    outer loop
      vertex -2.74547 6.16643 0
      vertex -2.08586 6.41963 40
      vertex -2.74547 6.16643 40
    endloop
  endfacet
  facet normal 0.358367 -0.933581 0
    outer loop
      vertex -2.08586 6.41963 40
      vertex -2.74547 6.16643 0
      vertex -2.08586 6.41963 0
    endloop
  endfacet
  facet normal 0.891007 -0.453989 0
    outer loop
      vertex -6.16643 2.74547 40
      vertex -5.84567 3.375 10.5
      vertex -5.84567 3.375 40
    endloop
  endfacet
  facet normal 0.891007 -0.453989 0
    outer loop
      vertex -5.84567 3.375 10.5
      vertex -6.16643 2.74547 40
      vertex -6.16643 2.74547 10.5
    endloop
  endfacet
  facet normal 0.453989 0.891007 -0
    outer loop
      vertex -2.74547 -6.16643 0
      vertex -3.375 -5.84567 40
      vertex -2.74547 -6.16643 40
    endloop
  endfacet
  facet normal 0.453989 0.891007 0
    outer loop
      vertex -3.375 -5.84567 40
      vertex -2.74547 -6.16643 0
      vertex -3.375 -5.84567 0
    endloop
  endfacet
  facet normal -0.93358 -0.358368 0
    outer loop
      vertex 6.16643 2.74547 0
      vertex 6.36032 2.24037 5.10484
      vertex 6.16643 2.74547 5.29873
    endloop
  endfacet
  facet normal -0.933581 -0.358367 -0
    outer loop
      vertex 6.41963 2.08586 5.06344
      vertex 6.16643 2.74547 0
      vertex 6.41963 2.08586 0
    endloop
  endfacet
  facet normal -0.933582 -0.358364 5.33749e-07
    outer loop
      vertex 6.16643 2.74547 0
      vertex 6.41963 2.08586 5.06344
      vertex 6.36032 2.24037 5.10484
    endloop
  endfacet
  facet normal -0.933581 -0.358367 0
    outer loop
      vertex 6.41963 2.08586 23
      vertex 6.16643 2.74547 40
      vertex 6.16643 2.74547 23
    endloop
  endfacet
  facet normal -0.933581 -0.358367 0
    outer loop
      vertex 6.16643 2.74547 40
      vertex 6.41963 2.08586 23
      vertex 6.41963 2.08586 40
    endloop
  endfacet
  facet normal -0.98769 -0.156422 0
    outer loop
      vertex 6.6025 1.4034 0
      vertex 6.70474 0.757831 4.78972
      vertex 6.6025 1.4034 4.89196
    endloop
  endfacet
  facet normal -0.98769 -0.156426 -5.13497e-07
    outer loop
      vertex 6.71302 0.705566 0
      vertex 6.70474 0.757831 4.78972
      vertex 6.6025 1.4034 0
    endloop
  endfacet
  facet normal -0.987682 -0.156472 0
    outer loop
      vertex 6.70474 0.757831 4.78972
      vertex 6.71302 0.705566 0
      vertex 6.71302 0.705566 4.78698
    endloop
  endfacet
  facet normal -0.98769 -0.156426 0
    outer loop
      vertex 6.71302 0.705566 23
      vertex 6.6025 1.4034 40
      vertex 6.6025 1.4034 23
    endloop
  endfacet
  facet normal -0.98769 -0.156426 0
    outer loop
      vertex 6.6025 1.4034 40
      vertex 6.71302 0.705566 23
      vertex 6.71302 0.705566 40
    endloop
  endfacet
  facet normal -0.891006 -0.453992 0
    outer loop
      vertex 5.84567 3.375 0
      vertex 6.06281 2.94884 5.37679
      vertex 5.84567 3.375 5.59393
    endloop
  endfacet
  facet normal -0.891007 -0.453989 -0
    outer loop
      vertex 6.16643 2.74547 5.29873
      vertex 5.84567 3.375 0
      vertex 6.16643 2.74547 0
    endloop
  endfacet
  facet normal -0.89101 -0.453983 8.40286e-07
    outer loop
      vertex 5.84567 3.375 0
      vertex 6.16643 2.74547 5.29873
      vertex 6.06281 2.94884 5.37679
    endloop
  endfacet
  facet normal -0.891007 -0.453989 0
    outer loop
      vertex 6.16643 2.74547 23
      vertex 5.84567 3.375 40
      vertex 5.84567 3.375 23
    endloop
  endfacet
  facet normal -0.891007 -0.453989 0
    outer loop
      vertex 5.84567 3.375 40
      vertex 6.16643 2.74547 23
      vertex 6.16643 2.74547 40
    endloop
  endfacet
  facet normal -0.453993 -0.891005 0
    outer loop
      vertex 2.74547 6.16643 0
      vertex 3.33633 5.86537 7.73856
      vertex 2.74547 6.16643 8.20215
    endloop
  endfacet
  facet normal -0.453932 -0.891036 -5.8191e-06
    outer loop
      vertex 2.74547 6.16643 0
      vertex 3.375 5.84567 7.71423
      vertex 3.33633 5.86537 7.73856
    endloop
  endfacet
  facet normal -0.453989 -0.891007 -0
    outer loop
      vertex 3.375 5.84567 7.71423
      vertex 2.74547 6.16643 0
      vertex 3.375 5.84567 0
    endloop
  endfacet
  facet normal -0.453989 -0.891007 0
    outer loop
      vertex 2.74547 6.16643 23
      vertex 3.375 5.84567 40
      vertex 2.74547 6.16643 40
    endloop
  endfacet
  facet normal -0.453989 -0.891007 -0
    outer loop
      vertex 3.375 5.84567 40
      vertex 2.74547 6.16643 23
      vertex 3.375 5.84567 23
    endloop
  endfacet
  facet normal -0.156436 -0.987688 0
    outer loop
      vertex 0.705566 6.71302 0
      vertex 1.27266 6.6232 9.05116
      vertex 0.705566 6.71302 9.28514
    endloop
  endfacet
  facet normal -0.156383 -0.987697 -3.45581e-06
    outer loop
      vertex 0.705566 6.71302 0
      vertex 1.4034 6.6025 9.01052
      vertex 1.27266 6.6232 9.05116
    endloop
  endfacet
  facet normal -0.156426 -0.98769 -0
    outer loop
      vertex 1.4034 6.6025 9.01052
      vertex 0.705566 6.71302 0
      vertex 1.4034 6.6025 0
    endloop
  endfacet
  facet normal -0.156426 -0.98769 0
    outer loop
      vertex 0.705566 6.71302 23
      vertex 1.4034 6.6025 40
      vertex 0.705566 6.71302 40
    endloop
  endfacet
  facet normal -0.156426 -0.98769 -0
    outer loop
      vertex 1.4034 6.6025 40
      vertex 0.705566 6.71302 23
      vertex 1.4034 6.6025 23
    endloop
  endfacet
  facet normal 0.98769 -0.156426 0
    outer loop
      vertex -6.71302 0.705566 40
      vertex -6.6025 1.4034 10.5
      vertex -6.6025 1.4034 40
    endloop
  endfacet
  facet normal 0.98769 -0.156426 0
    outer loop
      vertex -6.6025 1.4034 10.5
      vertex -6.71302 0.705566 40
      vertex -6.71302 0.705566 10.5
    endloop
  endfacet
  facet normal 0.707107 -0.707107 0
    outer loop
      vertex -4.51663 5.01623 40
      vertex -4.53286 5 10.5
      vertex -4.51663 5.01623 0
    endloop
  endfacet
  facet normal 0.707107 -0.707107 0
    outer loop
      vertex -5.01623 4.51663 40
      vertex -4.53286 5 10.5
      vertex -4.51663 5.01623 40
    endloop
  endfacet
  facet normal 0.707107 -0.707107 0
    outer loop
      vertex -4.53286 5 10.5
      vertex -5.01623 4.51663 40
      vertex -5.01623 4.51663 10.5
    endloop
  endfacet
  facet normal 0.707107 -0.707107 0
    outer loop
      vertex -4.51663 5.01623 0
      vertex -4.53286 5 10.5
      vertex -4.53286 5 0
    endloop
  endfacet
  facet normal 0.156426 -0.98769 0
    outer loop
      vertex -1.4034 6.6025 0
      vertex -0.705566 6.71302 40
      vertex -1.4034 6.6025 40
    endloop
  endfacet
  facet normal 0.156426 -0.98769 0
    outer loop
      vertex -0.705566 6.71302 40
      vertex -1.4034 6.6025 0
      vertex -0.705566 6.71302 0
    endloop
  endfacet
  facet normal 0.629315 -0.77715 0
    outer loop
      vertex -4.51663 5.01623 0
      vertex -3.96755 5.46086 40
      vertex -4.51663 5.01623 40
    endloop
  endfacet
  facet normal 0.629315 -0.77715 0
    outer loop
      vertex -3.96755 5.46086 40
      vertex -4.51663 5.01623 0
      vertex -3.96755 5.46086 0
    endloop
  endfacet
  facet normal -0.77715 0.629315 0
    outer loop
      vertex 5.01623 -4.51663 0
      vertex 5.46086 -3.96755 5.94377
      vertex 5.46086 -3.96755 0
    endloop
  endfacet
  facet normal -0.777155 0.629309 9.45331e-07
    outer loop
      vertex 5.46086 -3.96755 5.94377
      vertex 5.01623 -4.51663 0
      vertex 5.22288 -4.26144 6.13463
    endloop
  endfacet
  facet normal -0.777144 0.629323 0
    outer loop
      vertex 5.22288 -4.26144 6.13463
      vertex 5.01623 -4.51663 0
      vertex 5.01623 -4.51663 6.34127
    endloop
  endfacet
  facet normal -0.77715 0.629315 0
    outer loop
      vertex 5.01623 -4.51663 23
      vertex 5.46086 -3.96755 40
      vertex 5.46086 -3.96755 23
    endloop
  endfacet
  facet normal -0.77715 0.629315 0
    outer loop
      vertex 5.46086 -3.96755 40
      vertex 5.01623 -4.51663 23
      vertex 5.01623 -4.51663 40
    endloop
  endfacet
  facet normal -0.933581 0.358367 0
    outer loop
      vertex 6.16643 -2.74547 0
      vertex 6.41963 -2.08586 5.06344
      vertex 6.41963 -2.08586 0
    endloop
  endfacet
  facet normal -0.933582 0.358364 5.33749e-07
    outer loop
      vertex 6.41963 -2.08586 5.06344
      vertex 6.16643 -2.74547 0
      vertex 6.36032 -2.24037 5.10484
    endloop
  endfacet
  facet normal -0.93358 0.358368 0
    outer loop
      vertex 6.36032 -2.24037 5.10484
      vertex 6.16643 -2.74547 0
      vertex 6.16643 -2.74547 5.29873
    endloop
  endfacet
  facet normal -0.933581 0.358367 0
    outer loop
      vertex 6.16643 -2.74547 23
      vertex 6.41963 -2.08586 40
      vertex 6.41963 -2.08586 23
    endloop
  endfacet
  facet normal -0.933581 0.358367 0
    outer loop
      vertex 6.41963 -2.08586 40
      vertex 6.16643 -2.74547 23
      vertex 6.16643 -2.74547 40
    endloop
  endfacet
  facet normal 0.156426 0.98769 -0
    outer loop
      vertex -0.705566 -6.71302 0
      vertex -1.4034 -6.6025 40
      vertex -0.705566 -6.71302 40
    endloop
  endfacet
  facet normal 0.156426 0.98769 0
    outer loop
      vertex -1.4034 -6.6025 40
      vertex -0.705566 -6.71302 0
      vertex -1.4034 -6.6025 0
    endloop
  endfacet
  facet normal 0.707107 0.707107 0
    outer loop
      vertex -5.01623 -4.51663 40
      vertex -4.53286 -5 10.5
      vertex -5.01623 -4.51663 10.5
    endloop
  endfacet
  facet normal 0.707107 0.707107 0
    outer loop
      vertex -4.51663 -5.01623 40
      vertex -4.53286 -5 10.5
      vertex -5.01623 -4.51663 40
    endloop
  endfacet
  facet normal 0.707107 0.707107 -0
    outer loop
      vertex -4.51663 -5.01623 0
      vertex -4.53286 -5 10.5
      vertex -4.51663 -5.01623 40
    endloop
  endfacet
  facet normal 0.707107 0.707107 0
    outer loop
      vertex -4.53286 -5 10.5
      vertex -4.51663 -5.01623 0
      vertex -4.53286 -5 0
    endloop
  endfacet
  facet normal 0.98769 0.156426 0
    outer loop
      vertex -6.6025 -1.4034 40
      vertex -6.71302 -0.705566 10.5
      vertex -6.71302 -0.705566 40
    endloop
  endfacet
  facet normal 0.98769 0.156426 0
    outer loop
      vertex -6.71302 -0.705566 10.5
      vertex -6.6025 -1.4034 40
      vertex -6.6025 -1.4034 10.5
    endloop
  endfacet
  facet normal -0.965925 -0.258821 0
    outer loop
      vertex 6.41963 2.08586 0
      vertex 6.57464 1.50736 4.90843
      vertex 6.41963 2.08586 5.06344
    endloop
  endfacet
  facet normal -0.965924 -0.258826 -0
    outer loop
      vertex 6.6025 1.4034 4.89196
      vertex 6.41963 2.08586 0
      vertex 6.6025 1.4034 0
    endloop
  endfacet
  facet normal -0.965917 -0.258853 -4.03307e-06
    outer loop
      vertex 6.41963 2.08586 0
      vertex 6.6025 1.4034 4.89196
      vertex 6.57464 1.50736 4.90843
    endloop
  endfacet
  facet normal -0.965924 -0.258826 0
    outer loop
      vertex 6.6025 1.4034 23
      vertex 6.41963 2.08586 40
      vertex 6.41963 2.08586 23
    endloop
  endfacet
  facet normal -0.965924 -0.258826 0
    outer loop
      vertex 6.41963 2.08586 40
      vertex 6.6025 1.4034 23
      vertex 6.6025 1.4034 40
    endloop
  endfacet
  facet normal -0.777144 -0.629323 0
    outer loop
      vertex 5.01623 4.51663 0
      vertex 5.22288 4.26144 6.13463
      vertex 5.01623 4.51663 6.34127
    endloop
  endfacet
  facet normal -0.77715 -0.629315 -0
    outer loop
      vertex 5.46086 3.96755 5.94377
      vertex 5.01623 4.51663 0
      vertex 5.46086 3.96755 0
    endloop
  endfacet
  facet normal -0.777155 -0.629309 9.45331e-07
    outer loop
      vertex 5.01623 4.51663 0
      vertex 5.46086 3.96755 5.94377
      vertex 5.22288 4.26144 6.13463
    endloop
  endfacet
  facet normal -0.77715 -0.629315 0
    outer loop
      vertex 5.46086 3.96755 23
      vertex 5.01623 4.51663 40
      vertex 5.01623 4.51663 23
    endloop
  endfacet
  facet normal -0.77715 -0.629315 0
    outer loop
      vertex 5.01623 4.51663 40
      vertex 5.46086 3.96755 23
      vertex 5.46086 3.96755 40
    endloop
  endfacet
  facet normal -0.838664 -0.544648 0
    outer loop
      vertex 5.46086 3.96755 0
      vertex 5.68332 3.625 5.72132
      vertex 5.46086 3.96755 5.94377
    endloop
  endfacet
  facet normal -0.838668 -0.544643 -0
    outer loop
      vertex 5.84567 3.375 5.59393
      vertex 5.46086 3.96755 0
      vertex 5.84567 3.375 0
    endloop
  endfacet
  facet normal -0.838673 -0.544635 1.14225e-06
    outer loop
      vertex 5.46086 3.96755 0
      vertex 5.84567 3.375 5.59393
      vertex 5.68332 3.625 5.72132
    endloop
  endfacet
  facet normal -0.838668 -0.544643 0
    outer loop
      vertex 5.84567 3.375 23
      vertex 5.46086 3.96755 40
      vertex 5.46086 3.96755 23
    endloop
  endfacet
  facet normal -0.838668 -0.544643 0
    outer loop
      vertex 5.46086 3.96755 40
      vertex 5.84567 3.375 23
      vertex 5.84567 3.375 40
    endloop
  endfacet
  facet normal -0.707107 -0.707107 0
    outer loop
      vertex 4.51663 5.01623 0
      vertex 4.68166 4.8512 6.6122
      vertex 4.51663 5.01623 6.77723
    endloop
  endfacet
  facet normal -0.707107 -0.707107 -0
    outer loop
      vertex 5.01623 4.51663 6.34127
      vertex 4.51663 5.01623 0
      vertex 5.01623 4.51663 0
    endloop
  endfacet
  facet normal -0.707107 -0.707107 0
    outer loop
      vertex 4.51663 5.01623 0
      vertex 5.01623 4.51663 6.34127
      vertex 4.68166 4.8512 6.6122
    endloop
  endfacet
  facet normal -0.707107 -0.707107 0
    outer loop
      vertex 5.01623 4.51663 23
      vertex 4.51663 5.01623 40
      vertex 4.51663 5.01623 23
    endloop
  endfacet
  facet normal -0.707107 -0.707107 0
    outer loop
      vertex 4.51663 5.01623 40
      vertex 5.01623 4.51663 23
      vertex 5.01623 4.51663 40
    endloop
  endfacet
  facet normal -0.05234 -0.998629 0
    outer loop
      vertex 0 6.75 0
      vertex 0.705566 6.71302 9.28514
      vertex 0 6.75 9.38147
    endloop
  endfacet
  facet normal -0.05234 -0.998629 -0
    outer loop
      vertex 0.705566 6.71302 9.28514
      vertex 0 6.75 0
      vertex 0.705566 6.71302 0
    endloop
  endfacet
  facet normal -0.05234 -0.998629 0
    outer loop
      vertex 0 6.75 23
      vertex 0.705566 6.71302 40
      vertex 0 6.75 40
    endloop
  endfacet
  facet normal -0.05234 -0.998629 -0
    outer loop
      vertex 0.705566 6.71302 40
      vertex 0 6.75 23
      vertex 0.705566 6.71302 23
    endloop
  endfacet
  facet normal -0.544643 -0.838668 0
    outer loop
      vertex 3.375 5.84567 0
      vertex 3.96755 5.46086 7.23903
      vertex 3.375 5.84567 7.71423
    endloop
  endfacet
  facet normal -0.544643 -0.838668 -0
    outer loop
      vertex 3.96755 5.46086 7.23903
      vertex 3.375 5.84567 0
      vertex 3.96755 5.46086 0
    endloop
  endfacet
  facet normal -0.544643 -0.838668 0
    outer loop
      vertex 3.375 5.84567 23
      vertex 3.96755 5.46086 40
      vertex 3.375 5.84567 40
    endloop
  endfacet
  facet normal -0.544643 -0.838668 -0
    outer loop
      vertex 3.96755 5.46086 40
      vertex 3.375 5.84567 23
      vertex 3.96755 5.46086 23
    endloop
  endfacet
  facet normal -0.358374 -0.933578 0
    outer loop
      vertex 2.08586 6.41963 0
      vertex 2.45304 6.27868 8.375
      vertex 2.08586 6.41963 8.65162
    endloop
  endfacet
  facet normal -0.358359 -0.933584 -7.6301e-07
    outer loop
      vertex 2.08586 6.41963 0
      vertex 2.74547 6.16643 8.20215
      vertex 2.45304 6.27868 8.375
    endloop
  endfacet
  facet normal -0.358367 -0.933581 -0
    outer loop
      vertex 2.74547 6.16643 8.20215
      vertex 2.08586 6.41963 0
      vertex 2.74547 6.16643 0
    endloop
  endfacet
  facet normal -0.358367 -0.933581 0
    outer loop
      vertex 2.08586 6.41963 23
      vertex 2.74547 6.16643 40
      vertex 2.08586 6.41963 40
    endloop
  endfacet
  facet normal -0.358367 -0.933581 -0
    outer loop
      vertex 2.74547 6.16643 40
      vertex 2.08586 6.41963 23
      vertex 2.74547 6.16643 23
    endloop
  endfacet
  facet normal -0.258826 -0.965924 0
    outer loop
      vertex 1.4034 6.6025 0
      vertex 2.08586 6.41963 8.65162
      vertex 1.4034 6.6025 9.01052
    endloop
  endfacet
  facet normal -0.258826 -0.965924 -0
    outer loop
      vertex 2.08586 6.41963 8.65162
      vertex 1.4034 6.6025 0
      vertex 2.08586 6.41963 0
    endloop
  endfacet
  facet normal -0.258826 -0.965924 0
    outer loop
      vertex 1.4034 6.6025 23
      vertex 2.08586 6.41963 40
      vertex 1.4034 6.6025 40
    endloop
  endfacet
  facet normal -0.258826 -0.965924 -0
    outer loop
      vertex 2.08586 6.41963 40
      vertex 1.4034 6.6025 23
      vertex 2.08586 6.41963 23
    endloop
  endfacet
  facet normal 0.998629 -0.05234 0
    outer loop
      vertex -6.75 0 40
      vertex -6.71302 0.705566 10.5
      vertex -6.71302 0.705566 40
    endloop
  endfacet
  facet normal 0.998629 -0.05234 0
    outer loop
      vertex -6.71302 0.705566 10.5
      vertex -6.75 0 40
      vertex -6.75 0 10.5
    endloop
  endfacet
  facet normal 0.933581 -0.358367 0
    outer loop
      vertex -6.41963 2.08586 40
      vertex -6.16643 2.74547 10.5
      vertex -6.16643 2.74547 40
    endloop
  endfacet
  facet normal 0.933581 -0.358367 0
    outer loop
      vertex -6.16643 2.74547 10.5
      vertex -6.41963 2.08586 40
      vertex -6.41963 2.08586 10.5
    endloop
  endfacet
  facet normal 0.965924 -0.258826 0
    outer loop
      vertex -6.6025 1.4034 40
      vertex -6.41963 2.08586 10.5
      vertex -6.41963 2.08586 40
    endloop
  endfacet
  facet normal 0.965924 -0.258826 0
    outer loop
      vertex -6.41963 2.08586 10.5
      vertex -6.6025 1.4034 40
      vertex -6.6025 1.4034 10.5
    endloop
  endfacet
  facet normal 0.838668 -0.544643 0
    outer loop
      vertex -5.84567 3.375 40
      vertex -5.46086 3.96755 10.5
      vertex -5.46086 3.96755 40
    endloop
  endfacet
  facet normal 0.838668 -0.544643 0
    outer loop
      vertex -5.46086 3.96755 10.5
      vertex -5.84567 3.375 40
      vertex -5.84567 3.375 10.5
    endloop
  endfacet
  facet normal 0.77715 -0.629315 0
    outer loop
      vertex -5.46086 3.96755 40
      vertex -5.01623 4.51663 10.5
      vertex -5.01623 4.51663 40
    endloop
  endfacet
  facet normal 0.77715 -0.629315 0
    outer loop
      vertex -5.01623 4.51663 10.5
      vertex -5.46086 3.96755 40
      vertex -5.46086 3.96755 10.5
    endloop
  endfacet
  facet normal 0.258826 -0.965924 0
    outer loop
      vertex -2.08586 6.41963 0
      vertex -1.4034 6.6025 40
      vertex -2.08586 6.41963 40
    endloop
  endfacet
  facet normal 0.258826 -0.965924 0
    outer loop
      vertex -1.4034 6.6025 40
      vertex -2.08586 6.41963 0
      vertex -1.4034 6.6025 0
    endloop
  endfacet
  facet normal 0.05234 -0.998629 0
    outer loop
      vertex -0.705566 6.71302 40
      vertex 0 6.75 23
      vertex 0 6.75 40
    endloop
  endfacet
  facet normal 0.05234 -0.998629 0
    outer loop
      vertex -0.705566 6.71302 0
      vertex 0 6.75 23
      vertex -0.705566 6.71302 40
    endloop
  endfacet
  facet normal 0.05234 -0.998629 0
    outer loop
      vertex 0 6.75 23
      vertex -0.705566 6.71302 0
      vertex 0 6.75 9.38147
    endloop
  endfacet
  facet normal 0.05234 -0.998629 0
    outer loop
      vertex 0 6.75 9.38147
      vertex -0.705566 6.71302 0
      vertex 0 6.75 0
    endloop
  endfacet
  facet normal 0.544643 -0.838668 0
    outer loop
      vertex -3.96755 5.46086 0
      vertex -3.375 5.84567 40
      vertex -3.96755 5.46086 40
    endloop
  endfacet
  facet normal 0.544643 -0.838668 0
    outer loop
      vertex -3.375 5.84567 40
      vertex -3.96755 5.46086 0
      vertex -3.375 5.84567 0
    endloop
  endfacet
  facet normal 0.453989 -0.891007 0
    outer loop
      vertex -3.375 5.84567 0
      vertex -2.74547 6.16643 40
      vertex -3.375 5.84567 40
    endloop
  endfacet
  facet normal 0.453989 -0.891007 0
    outer loop
      vertex -2.74547 6.16643 40
      vertex -3.375 5.84567 0
      vertex -2.74547 6.16643 0
    endloop
  endfacet
  facet normal -0.998629 -0.05234 -0
    outer loop
      vertex 6.75 0 4.75
      vertex 6.71302 0.705566 0
      vertex 6.75 0 0
    endloop
  endfacet
  facet normal -0.998629 -0.05234 0
    outer loop
      vertex 6.71302 0.705566 0
      vertex 6.75 0 4.75
      vertex 6.71302 0.705566 4.78698
    endloop
  endfacet
  facet normal -0.998629 -0.05234 0
    outer loop
      vertex 6.75 0 23
      vertex 6.71302 0.705566 40
      vertex 6.71302 0.705566 23
    endloop
  endfacet
  facet normal -0.998629 -0.05234 0
    outer loop
      vertex 6.71302 0.705566 40
      vertex 6.75 0 23
      vertex 6.75 0 40
    endloop
  endfacet
  facet normal -0.05234 0.998629 0
    outer loop
      vertex 0 -6.75 0
      vertex 0.705566 -6.71302 9.28514
      vertex 0.705566 -6.71302 0
    endloop
  endfacet
  facet normal -0.05234 0.998629 0
    outer loop
      vertex 0.705566 -6.71302 9.28514
      vertex 0 -6.75 0
      vertex 0 -6.75 9.38147
    endloop
  endfacet
  facet normal -0.05234 0.998629 0
    outer loop
      vertex 0.705566 -6.71302 23
      vertex 0 -6.75 40
      vertex 0.705566 -6.71302 40
    endloop
  endfacet
  facet normal -0.05234 0.998629 0
    outer loop
      vertex 0 -6.75 40
      vertex 0.705566 -6.71302 23
      vertex 0 -6.75 23
    endloop
  endfacet
  facet normal -0.838668 0.544643 0
    outer loop
      vertex 5.46086 -3.96755 0
      vertex 5.84567 -3.375 5.59393
      vertex 5.84567 -3.375 0
    endloop
  endfacet
  facet normal -0.838673 0.544635 1.14225e-06
    outer loop
      vertex 5.84567 -3.375 5.59393
      vertex 5.46086 -3.96755 0
      vertex 5.68332 -3.625 5.72132
    endloop
  endfacet
  facet normal -0.838664 0.544648 0
    outer loop
      vertex 5.68332 -3.625 5.72132
      vertex 5.46086 -3.96755 0
      vertex 5.46086 -3.96755 5.94377
    endloop
  endfacet
  facet normal -0.838668 0.544643 0
    outer loop
      vertex 5.46086 -3.96755 23
      vertex 5.84567 -3.375 40
      vertex 5.84567 -3.375 23
    endloop
  endfacet
  facet normal -0.838668 0.544643 0
    outer loop
      vertex 5.84567 -3.375 40
      vertex 5.46086 -3.96755 23
      vertex 5.46086 -3.96755 40
    endloop
  endfacet
  facet normal -0.156426 0.98769 0
    outer loop
      vertex 0.705566 -6.71302 0
      vertex 1.4034 -6.6025 9.01052
      vertex 1.4034 -6.6025 0
    endloop
  endfacet
  facet normal -0.156383 0.987697 -3.45581e-06
    outer loop
      vertex 1.4034 -6.6025 9.01052
      vertex 0.705566 -6.71302 0
      vertex 1.27266 -6.6232 9.05116
    endloop
  endfacet
  facet normal -0.156436 0.987688 0
    outer loop
      vertex 1.27266 -6.6232 9.05116
      vertex 0.705566 -6.71302 0
      vertex 0.705566 -6.71302 9.28514
    endloop
  endfacet
  facet normal -0.156426 0.98769 0
    outer loop
      vertex 1.4034 -6.6025 23
      vertex 0.705566 -6.71302 40
      vertex 1.4034 -6.6025 40
    endloop
  endfacet
  facet normal -0.156426 0.98769 0
    outer loop
      vertex 0.705566 -6.71302 40
      vertex 1.4034 -6.6025 23
      vertex 0.705566 -6.71302 23
    endloop
  endfacet
  facet normal -0.258826 0.965924 0
    outer loop
      vertex 1.4034 -6.6025 0
      vertex 2.08586 -6.41963 8.65162
      vertex 2.08586 -6.41963 0
    endloop
  endfacet
  facet normal -0.258826 0.965924 0
    outer loop
      vertex 2.08586 -6.41963 8.65162
      vertex 1.4034 -6.6025 0
      vertex 1.4034 -6.6025 9.01052
    endloop
  endfacet
  facet normal -0.258826 0.965924 0
    outer loop
      vertex 2.08586 -6.41963 23
      vertex 1.4034 -6.6025 40
      vertex 2.08586 -6.41963 40
    endloop
  endfacet
  facet normal -0.258826 0.965924 0
    outer loop
      vertex 1.4034 -6.6025 40
      vertex 2.08586 -6.41963 23
      vertex 1.4034 -6.6025 23
    endloop
  endfacet
  facet normal -0.707107 0.707107 0
    outer loop
      vertex 4.51663 -5.01623 0
      vertex 5.01623 -4.51663 6.34127
      vertex 5.01623 -4.51663 0
    endloop
  endfacet
  facet normal -0.707107 0.707107 0
    outer loop
      vertex 5.01623 -4.51663 6.34127
      vertex 4.51663 -5.01623 0
      vertex 4.68166 -4.8512 6.6122
    endloop
  endfacet
  facet normal -0.707107 0.707107 0
    outer loop
      vertex 4.68166 -4.8512 6.6122
      vertex 4.51663 -5.01623 0
      vertex 4.51663 -5.01623 6.77723
    endloop
  endfacet
  facet normal -0.707107 0.707107 0
    outer loop
      vertex 4.51663 -5.01623 23
      vertex 5.01623 -4.51663 40
      vertex 5.01623 -4.51663 23
    endloop
  endfacet
  facet normal -0.707107 0.707107 0
    outer loop
      vertex 5.01623 -4.51663 40
      vertex 4.51663 -5.01623 23
      vertex 4.51663 -5.01623 40
    endloop
  endfacet
  facet normal -0.629315 0.77715 0
    outer loop
      vertex 3.96755 -5.46086 0
      vertex 4.51663 -5.01623 6.77723
      vertex 4.51663 -5.01623 0
    endloop
  endfacet
  facet normal -0.629321 0.777146 7.45801e-07
    outer loop
      vertex 4.51663 -5.01623 6.77723
      vertex 3.96755 -5.46086 0
      vertex 4.05778 -5.3878 7.1488
    endloop
  endfacet
  facet normal -0.629285 0.777175 0
    outer loop
      vertex 4.05778 -5.3878 7.1488
      vertex 3.96755 -5.46086 0
      vertex 3.96755 -5.46086 7.23903
    endloop
  endfacet
  facet normal -0.629315 0.77715 0
    outer loop
      vertex 4.51663 -5.01623 23
      vertex 3.96755 -5.46086 40
      vertex 4.51663 -5.01623 40
    endloop
  endfacet
  facet normal -0.629315 0.77715 0
    outer loop
      vertex 3.96755 -5.46086 40
      vertex 4.51663 -5.01623 23
      vertex 3.96755 -5.46086 23
    endloop
  endfacet
  facet normal -0.453989 0.891007 0
    outer loop
      vertex 2.74547 -6.16643 0
      vertex 3.375 -5.84567 7.71423
      vertex 3.375 -5.84567 0
    endloop
  endfacet
  facet normal -0.453932 0.891036 -5.8191e-06
    outer loop
      vertex 3.375 -5.84567 7.71423
      vertex 2.74547 -6.16643 0
      vertex 3.33633 -5.86537 7.73856
    endloop
  endfacet
  facet normal -0.453993 0.891005 0
    outer loop
      vertex 3.33633 -5.86537 7.73856
      vertex 2.74547 -6.16643 0
      vertex 2.74547 -6.16643 8.20215
    endloop
  endfacet
  facet normal -0.453989 0.891007 0
    outer loop
      vertex 3.375 -5.84567 23
      vertex 2.74547 -6.16643 40
      vertex 3.375 -5.84567 40
    endloop
  endfacet
  facet normal -0.453989 0.891007 0
    outer loop
      vertex 2.74547 -6.16643 40
      vertex 3.375 -5.84567 23
      vertex 2.74547 -6.16643 23
    endloop
  endfacet
  facet normal 0.05234 0.998629 -0
    outer loop
      vertex 0 -6.75 23
      vertex -0.705566 -6.71302 40
      vertex 0 -6.75 40
    endloop
  endfacet
  facet normal 0.05234 0.998629 0
    outer loop
      vertex -0.705566 -6.71302 0
      vertex 0 -6.75 23
      vertex 0 -6.75 9.38147
    endloop
  endfacet
  facet normal 0.05234 0.998629 0
    outer loop
      vertex -0.705566 -6.71302 0
      vertex 0 -6.75 9.38147
      vertex 0 -6.75 0
    endloop
  endfacet
  facet normal 0.05234 0.998629 0
    outer loop
      vertex 0 -6.75 23
      vertex -0.705566 -6.71302 0
      vertex -0.705566 -6.71302 40
    endloop
  endfacet
  facet normal 0.358367 0.933581 -0
    outer loop
      vertex -2.08586 -6.41963 0
      vertex -2.74547 -6.16643 40
      vertex -2.08586 -6.41963 40
    endloop
  endfacet
  facet normal 0.358367 0.933581 0
    outer loop
      vertex -2.74547 -6.16643 40
      vertex -2.08586 -6.41963 0
      vertex -2.74547 -6.16643 0
    endloop
  endfacet
  facet normal 0.544643 0.838668 -0
    outer loop
      vertex -3.375 -5.84567 0
      vertex -3.96755 -5.46086 40
      vertex -3.375 -5.84567 40
    endloop
  endfacet
  facet normal 0.544643 0.838668 0
    outer loop
      vertex -3.96755 -5.46086 40
      vertex -3.375 -5.84567 0
      vertex -3.96755 -5.46086 0
    endloop
  endfacet
  facet normal 0.965924 0.258826 0
    outer loop
      vertex -6.41963 -2.08586 40
      vertex -6.6025 -1.4034 10.5
      vertex -6.6025 -1.4034 40
    endloop
  endfacet
  facet normal 0.965924 0.258826 0
    outer loop
      vertex -6.6025 -1.4034 10.5
      vertex -6.41963 -2.08586 40
      vertex -6.41963 -2.08586 10.5
    endloop
  endfacet
  facet normal 0.998629 0.05234 0
    outer loop
      vertex -6.71302 -0.705566 40
      vertex -6.75 0 10.5
      vertex -6.75 0 40
    endloop
  endfacet
  facet normal 0.998629 0.05234 0
    outer loop
      vertex -6.75 0 10.5
      vertex -6.71302 -0.705566 40
      vertex -6.71302 -0.705566 10.5
    endloop
  endfacet
  facet normal 0.77715 0.629315 0
    outer loop
      vertex -5.01623 -4.51663 40
      vertex -5.46086 -3.96755 10.5
      vertex -5.46086 -3.96755 40
    endloop
  endfacet
  facet normal 0.77715 0.629315 0
    outer loop
      vertex -5.46086 -3.96755 10.5
      vertex -5.01623 -4.51663 40
      vertex -5.01623 -4.51663 10.5
    endloop
  endfacet
  facet normal 0.891007 0.453989 0
    outer loop
      vertex -5.84567 -3.375 40
      vertex -6.16643 -2.74547 10.5
      vertex -6.16643 -2.74547 40
    endloop
  endfacet
  facet normal 0.891007 0.453989 0
    outer loop
      vertex -6.16643 -2.74547 10.5
      vertex -5.84567 -3.375 40
      vertex -5.84567 -3.375 10.5
    endloop
  endfacet
  facet normal -0.987682 0.156472 0
    outer loop
      vertex 6.71302 -0.705566 0
      vertex 6.70474 -0.757831 4.78972
      vertex 6.71302 -0.705566 4.78698
    endloop
  endfacet
  facet normal -0.98769 0.156426 -5.13497e-07
    outer loop
      vertex 6.6025 -1.4034 0
      vertex 6.70474 -0.757831 4.78972
      vertex 6.71302 -0.705566 0
    endloop
  endfacet
  facet normal -0.98769 0.156422 0
    outer loop
      vertex 6.70474 -0.757831 4.78972
      vertex 6.6025 -1.4034 0
      vertex 6.6025 -1.4034 4.89196
    endloop
  endfacet
  facet normal -0.98769 0.156426 0
    outer loop
      vertex 6.6025 -1.4034 23
      vertex 6.71302 -0.705566 40
      vertex 6.71302 -0.705566 23
    endloop
  endfacet
  facet normal -0.98769 0.156426 0
    outer loop
      vertex 6.71302 -0.705566 40
      vertex 6.6025 -1.4034 23
      vertex 6.6025 -1.4034 40
    endloop
  endfacet
  facet normal -0.358367 0.933581 0
    outer loop
      vertex 2.08586 -6.41963 0
      vertex 2.74547 -6.16643 8.20215
      vertex 2.74547 -6.16643 0
    endloop
  endfacet
  facet normal -0.358359 0.933584 -7.6301e-07
    outer loop
      vertex 2.74547 -6.16643 8.20215
      vertex 2.08586 -6.41963 0
      vertex 2.45304 -6.27868 8.375
    endloop
  endfacet
  facet normal -0.358374 0.933578 0
    outer loop
      vertex 2.45304 -6.27868 8.375
      vertex 2.08586 -6.41963 0
      vertex 2.08586 -6.41963 8.65162
    endloop
  endfacet
  facet normal -0.358367 0.933581 0
    outer loop
      vertex 2.74547 -6.16643 23
      vertex 2.08586 -6.41963 40
      vertex 2.74547 -6.16643 40
    endloop
  endfacet
  facet normal -0.358367 0.933581 0
    outer loop
      vertex 2.08586 -6.41963 40
      vertex 2.74547 -6.16643 23
      vertex 2.08586 -6.41963 23
    endloop
  endfacet
  facet normal -0.544643 0.838668 0
    outer loop
      vertex 3.375 -5.84567 0
      vertex 3.96755 -5.46086 7.23903
      vertex 3.96755 -5.46086 0
    endloop
  endfacet
  facet normal -0.544643 0.838668 0
    outer loop
      vertex 3.96755 -5.46086 7.23903
      vertex 3.375 -5.84567 0
      vertex 3.375 -5.84567 7.71423
    endloop
  endfacet
  facet normal -0.544643 0.838668 0
    outer loop
      vertex 3.96755 -5.46086 23
      vertex 3.375 -5.84567 40
      vertex 3.96755 -5.46086 40
    endloop
  endfacet
  facet normal -0.544643 0.838668 0
    outer loop
      vertex 3.375 -5.84567 40
      vertex 3.96755 -5.46086 23
      vertex 3.375 -5.84567 23
    endloop
  endfacet
  facet normal 0.258826 0.965924 -0
    outer loop
      vertex -1.4034 -6.6025 0
      vertex -2.08586 -6.41963 40
      vertex -1.4034 -6.6025 40
    endloop
  endfacet
  facet normal 0.258826 0.965924 0
    outer loop
      vertex -2.08586 -6.41963 40
      vertex -1.4034 -6.6025 0
      vertex -2.08586 -6.41963 0
    endloop
  endfacet
  facet normal 0.629315 0.77715 -0
    outer loop
      vertex -3.96755 -5.46086 0
      vertex -4.51663 -5.01623 40
      vertex -3.96755 -5.46086 40
    endloop
  endfacet
  facet normal 0.629315 0.77715 0
    outer loop
      vertex -4.51663 -5.01623 40
      vertex -3.96755 -5.46086 0
      vertex -4.51663 -5.01623 0
    endloop
  endfacet
  facet normal 0.933581 0.358367 0
    outer loop
      vertex -6.16643 -2.74547 40
      vertex -6.41963 -2.08586 10.5
      vertex -6.41963 -2.08586 40
    endloop
  endfacet
  facet normal 0.933581 0.358367 0
    outer loop
      vertex -6.41963 -2.08586 10.5
      vertex -6.16643 -2.74547 40
      vertex -6.16643 -2.74547 10.5
    endloop
  endfacet
  facet normal 0.838668 0.544643 0
    outer loop
      vertex -5.46086 -3.96755 40
      vertex -5.84567 -3.375 10.5
      vertex -5.84567 -3.375 40
    endloop
  endfacet
  facet normal 0.838668 0.544643 0
    outer loop
      vertex -5.84567 -3.375 10.5
      vertex -5.46086 -3.96755 40
      vertex -5.46086 -3.96755 10.5
    endloop
  endfacet
  facet normal -0.965924 0.258826 0
    outer loop
      vertex 6.41963 -2.08586 0
      vertex 6.6025 -1.4034 4.89196
      vertex 6.6025 -1.4034 0
    endloop
  endfacet
  facet normal -0.965917 0.258853 -4.03307e-06
    outer loop
      vertex 6.6025 -1.4034 4.89196
      vertex 6.41963 -2.08586 0
      vertex 6.57464 -1.50736 4.90843
    endloop
  endfacet
  facet normal -0.965925 0.258821 0
    outer loop
      vertex 6.57464 -1.50736 4.90843
      vertex 6.41963 -2.08586 0
      vertex 6.41963 -2.08586 5.06344
    endloop
  endfacet
  facet normal -0.965924 0.258826 0
    outer loop
      vertex 6.41963 -2.08586 23
      vertex 6.6025 -1.4034 40
      vertex 6.6025 -1.4034 23
    endloop
  endfacet
  facet normal -0.965924 0.258826 0
    outer loop
      vertex 6.6025 -1.4034 40
      vertex 6.41963 -2.08586 23
      vertex 6.41963 -2.08586 40
    endloop
  endfacet
  facet normal -0.891007 0.453989 0
    outer loop
      vertex 5.84567 -3.375 0
      vertex 6.16643 -2.74547 5.29873
      vertex 6.16643 -2.74547 0
    endloop
  endfacet
  facet normal -0.89101 0.453983 8.40286e-07
    outer loop
      vertex 6.16643 -2.74547 5.29873
      vertex 5.84567 -3.375 0
      vertex 6.06281 -2.94884 5.37679
    endloop
  endfacet
  facet normal -0.891006 0.453992 0
    outer loop
      vertex 6.06281 -2.94884 5.37679
      vertex 5.84567 -3.375 0
      vertex 5.84567 -3.375 5.59393
    endloop
  endfacet
  facet normal -0.891007 0.453989 0
    outer loop
      vertex 5.84567 -3.375 23
      vertex 6.16643 -2.74547 40
      vertex 6.16643 -2.74547 23
    endloop
  endfacet
  facet normal -0.891007 0.453989 0
    outer loop
      vertex 6.16643 -2.74547 40
      vertex 5.84567 -3.375 23
      vertex 5.84567 -3.375 40
    endloop
  endfacet
  facet normal 0 -0.777178 0.629281
    outer loop
      vertex 3.375 5.84567 7.71423
      vertex 18.0972 5.86537 7.73856
      vertex 3.33633 5.86537 7.73856
    endloop
  endfacet
  facet normal -1.09448e-07 -0.777146 0.629321
    outer loop
      vertex 3.96755 5.46086 7.23903
      vertex 18.0972 5.86537 7.73856
      vertex 3.375 5.84567 7.71423
    endloop
  endfacet
  facet normal 1.92852e-06 -0.777174 0.629286
    outer loop
      vertex 4.05778 5.3878 7.1488
      vertex 18.0972 5.86537 7.73856
      vertex 3.96755 5.46086 7.23903
    endloop
  endfacet
  facet normal 2.19237e-07 -0.777154 0.629311
    outer loop
      vertex 18.0972 5.86537 7.73856
      vertex 4.05778 5.3878 7.1488
      vertex 18.0437 5.66582 7.49213
    endloop
  endfacet
  facet normal -1.40157e-08 -0.777149 0.629316
    outer loop
      vertex 18.0437 5.66582 7.49213
      vertex 4.05778 5.3878 7.1488
      vertex 18.011 5.45906 7.2368
    endloop
  endfacet
  facet normal 0 -0.77715 0.629315
    outer loop
      vertex 18.011 5.45906 7.2368
      vertex 4.05778 5.3878 7.1488
      vertex 18.0072 5.3878 7.1488
    endloop
  endfacet
  facet normal 0 -0.358361 0.933583
    outer loop
      vertex 30 2.94884 5.37679
      vertex 6.36032 2.24037 5.10484
      vertex 30 2.24037 5.10484
    endloop
  endfacet
  facet normal 2.55337e-07 -0.358368 0.93358
    outer loop
      vertex 30 2.94884 5.37679
      vertex 6.16643 2.74547 5.29873
      vertex 6.36032 2.24037 5.10484
    endloop
  endfacet
  facet normal 0 -0.358342 0.93359
    outer loop
      vertex 6.16643 2.74547 5.29873
      vertex 30 2.94884 5.37679
      vertex 6.06281 2.94884 5.37679
    endloop
  endfacet
  facet normal 0 -0.89107 0.453867
    outer loop
      vertex 1.4034 6.6025 9.01052
      vertex 18.5487 6.6232 9.05116
      vertex 1.27266 6.6232 9.05116
    endloop
  endfacet
  facet normal -3.75765e-07 -0.891005 0.453993
    outer loop
      vertex 2.08586 6.41963 8.65162
      vertex 18.5487 6.6232 9.05116
      vertex 1.4034 6.6025 9.01052
    endloop
  endfacet
  facet normal -6.87984e-07 -0.891 0.454003
    outer loop
      vertex 2.45304 6.27868 8.375
      vertex 18.5487 6.6232 9.05116
      vertex 2.08586 6.41963 8.65162
    endloop
  endfacet
  facet normal 1.7745e-06 -0.891024 0.453956
    outer loop
      vertex 18.5487 6.6232 9.05116
      vertex 2.45304 6.27868 8.375
      vertex 18.5137 6.58826 8.98258
    endloop
  endfacet
  facet normal 3.00724e-07 -0.891008 0.453987
    outer loop
      vertex 18.5137 6.58826 8.98258
      vertex 2.45304 6.27868 8.375
      vertex 18.382 6.42557 8.66328
    endloop
  endfacet
  facet normal 0 -0.891002 0.454
    outer loop
      vertex 18.382 6.42557 8.66328
      vertex 2.45304 6.27868 8.375
      vertex 18.2866 6.27868 8.375
    endloop
  endfacet
  facet normal 0 -0.965922 0.258833
    outer loop
      vertex 0 6.89516 9.75963
      vertex 14.0936 7.09157 10.4926
      vertex 0 7.09157 10.4926
    endloop
  endfacet
  facet normal -6.16999e-08 -0.965922 0.258834
    outer loop
      vertex 14.0936 7.09157 10.4926
      vertex 0 6.89516 9.75963
      vertex 14.7458 6.95957 10
    endloop
  endfacet
  facet normal 0 -0.965923 0.25883
    outer loop
      vertex 18.8662 6.89516 9.75963
      vertex 14.7458 6.95957 10
      vertex 0 6.89516 9.75963
    endloop
  endfacet
  facet normal 0 -0.965923 0.25883
    outer loop
      vertex 14.7458 6.95957 10
      vertex 18.8662 6.89516 9.75963
      vertex 18.9654 6.95957 10
    endloop
  endfacet
  facet normal 0 -0.998629 0.052343
    outer loop
      vertex 0 7.21028 11.2422
      vertex 12.2022 7.25 12
      vertex 0 7.25 12
    endloop
  endfacet
  facet normal -2.92695e-07 -0.998629 0.0523477
    outer loop
      vertex 12.2022 7.25 12
      vertex 0 7.21028 11.2422
      vertex 12.5341 7.23657 11.7438
    endloop
  endfacet
  facet normal 0 -0.998629 0.0523404
    outer loop
      vertex 12.5341 7.23657 11.7438
      vertex 0 7.21028 11.2422
      vertex 13.1431 7.21028 11.2422
    endloop
  endfacet
  facet normal -0 0.15643 0.987689
    outer loop
      vertex 6.70474 -0.757831 4.78972
      vertex 30 -1.50736 4.90843
      vertex 30 -0.757831 4.78972
    endloop
  endfacet
  facet normal -2.38571e-07 0.156422 0.98769
    outer loop
      vertex 6.6025 -1.4034 4.89196
      vertex 30 -1.50736 4.90843
      vertex 6.70474 -0.757831 4.78972
    endloop
  endfacet
  facet normal 0 0.156475 0.987682
    outer loop
      vertex 30 -1.50736 4.90843
      vertex 6.6025 -1.4034 4.89196
      vertex 6.57464 -1.50736 4.90843
    endloop
  endfacet
  facet normal 1 -0 0
    outer loop
      vertex 0 6.75 23
      vertex 0 7.25 12
      vertex 0 7.25 23
    endloop
  endfacet
  facet normal 1 0 0
    outer loop
      vertex 0 6.75 9.38147
      vertex 0 7.25 12
      vertex 0 6.75 23
    endloop
  endfacet
  facet normal 1 0 0
    outer loop
      vertex 0 7.25 12
      vertex 0 6.75 9.38147
      vertex 0 7.21028 11.2422
    endloop
  endfacet
  facet normal 1 0 0
    outer loop
      vertex 0 7.21028 11.2422
      vertex 0 6.75 9.38147
      vertex 0 7.09157 10.4926
    endloop
  endfacet
  facet normal 1 0 0
    outer loop
      vertex 0 7.09157 10.4926
      vertex 0 6.75 9.38147
      vertex 0 6.89516 9.75963
    endloop
  endfacet
  facet normal 1 -0 0
    outer loop
      vertex 0 -7.25 12
      vertex 0 -6.75 9.38147
      vertex 0 -6.75 23
    endloop
  endfacet
  facet normal 1 -0 -0
    outer loop
      vertex 0 -7.09157 10.4926
      vertex 0 -6.75 9.38147
      vertex 0 -7.25 12
    endloop
  endfacet
  facet normal 1 0 0
    outer loop
      vertex 0 -6.75 9.38147
      vertex 0 -7.09157 10.4926
      vertex 0 -6.89516 9.75963
    endloop
  endfacet
  facet normal 1 0 0
    outer loop
      vertex 0 -7.25 12
      vertex 0 -6.75 23
      vertex 0 -7.25 23
    endloop
  endfacet
  facet normal 1 0 0
    outer loop
      vertex 0 -7.09157 10.4926
      vertex 0 -7.25 12
      vertex 0 -7.21028 11.2422
    endloop
  endfacet
  facet normal -0 0.358361 0.933583
    outer loop
      vertex 6.36032 -2.24037 5.10484
      vertex 30 -2.94884 5.37679
      vertex 30 -2.24037 5.10484
    endloop
  endfacet
  facet normal 2.55337e-07 0.358368 0.93358
    outer loop
      vertex 6.16643 -2.74547 5.29873
      vertex 30 -2.94884 5.37679
      vertex 6.36032 -2.24037 5.10484
    endloop
  endfacet
  facet normal 0 0.358342 0.93359
    outer loop
      vertex 30 -2.94884 5.37679
      vertex 6.16643 -2.74547 5.29873
      vertex 6.06281 -2.94884 5.37679
    endloop
  endfacet
  facet normal 0 0.965923 0.25883
    outer loop
      vertex 18.9654 -6.95957 10
      vertex 18.8662 -6.89516 9.75963
      vertex 14.7458 -6.95957 10
    endloop
  endfacet
  facet normal -6.16999e-08 0.965922 0.258834
    outer loop
      vertex 0 -6.89516 9.75963
      vertex 14.0936 -7.09157 10.4926
      vertex 14.7458 -6.95957 10
    endloop
  endfacet
  facet normal -0 0.965923 0.25883
    outer loop
      vertex 0 -6.89516 9.75963
      vertex 14.7458 -6.95957 10
      vertex 18.8662 -6.89516 9.75963
    endloop
  endfacet
  facet normal 0 0.965922 0.258833
    outer loop
      vertex 14.0936 -7.09157 10.4926
      vertex 0 -6.89516 9.75963
      vertex 0 -7.09157 10.4926
    endloop
  endfacet
  facet normal -1.82081e-16 0.707107 0.707107
    outer loop
      vertex 4.68166 -4.8512 6.6122
      vertex 18.0072 -5.3878 7.1488
      vertex 18 -5.25 7.011
    endloop
  endfacet
  facet normal -1.01122e-06 0.70709 0.707124
    outer loop
      vertex 4.68166 -4.8512 6.6122
      vertex 18 -5.25 7.011
      vertex 18.011 -5.04094 6.80195
    endloop
  endfacet
  facet normal 0 0.707107 0.707107
    outer loop
      vertex 18.0072 -5.3878 7.1488
      vertex 4.51663 -5.01623 6.77723
      vertex 4.05778 -5.3878 7.1488
    endloop
  endfacet
  facet normal -0 0.707125 0.707088
    outer loop
      vertex 4.68166 -4.8512 6.6122
      vertex 18.011 -5.04094 6.80195
      vertex 18.041 -4.8512 6.6122
    endloop
  endfacet
  facet normal 1.54424e-16 0.707107 0.707107
    outer loop
      vertex 18.0072 -5.3878 7.1488
      vertex 4.68166 -4.8512 6.6122
      vertex 4.51663 -5.01623 6.77723
    endloop
  endfacet
  facet normal 0 -0.15643 0.987689
    outer loop
      vertex 30 1.50736 4.90843
      vertex 6.70474 0.757831 4.78972
      vertex 30 0.757831 4.78972
    endloop
  endfacet
  facet normal -2.38571e-07 -0.156422 0.98769
    outer loop
      vertex 30 1.50736 4.90843
      vertex 6.6025 1.4034 4.89196
      vertex 6.70474 0.757831 4.78972
    endloop
  endfacet
  facet normal 0 -0.156475 0.987682
    outer loop
      vertex 6.6025 1.4034 4.89196
      vertex 30 1.50736 4.90843
      vertex 6.57464 1.50736 4.90843
    endloop
  endfacet
  facet normal 0 -0.25882 0.965926
    outer loop
      vertex 30 2.24037 5.10484
      vertex 6.57464 1.50736 4.90843
      vertex 30 1.50736 4.90843
    endloop
  endfacet
  facet normal 4.91332e-08 -0.258821 0.965925
    outer loop
      vertex 30 2.24037 5.10484
      vertex 6.41963 2.08586 5.06344
      vertex 6.57464 1.50736 4.90843
    endloop
  endfacet
  facet normal 0 -0.258814 0.965927
    outer loop
      vertex 6.41963 2.08586 5.06344
      vertex 30 2.24037 5.10484
      vertex 6.36032 2.24037 5.10484
    endloop
  endfacet
  facet normal 0 -0.5441 0.839021
    outer loop
      vertex 18.8244 3.63197 5.72584
      vertex 5.68332 3.625 5.72132
      vertex 18.8352 3.625 5.72132
    endloop
  endfacet
  facet normal 3.96358e-07 -0.544625 0.838679
    outer loop
      vertex 18.6617 3.76371 5.81139
      vertex 5.68332 3.625 5.72132
      vertex 18.8244 3.63197 5.72584
    endloop
  endfacet
  facet normal 1.08725e-06 -0.544671 0.83865
    outer loop
      vertex 18.5137 3.91174 5.90753
      vertex 5.68332 3.625 5.72132
      vertex 18.6617 3.76371 5.81139
    endloop
  endfacet
  facet normal -1.6729e-07 -0.544631 0.838676
    outer loop
      vertex 18.382 4.07443 6.01318
      vertex 5.68332 3.625 5.72132
      vertex 18.5137 3.91174 5.90753
    endloop
  endfacet
  facet normal 7.89983e-07 -0.54465 0.838663
    outer loop
      vertex 18.2679 4.25 6.1272
      vertex 5.68332 3.625 5.72132
      vertex 18.382 4.07443 6.01318
    endloop
  endfacet
  facet normal 2.74335e-06 -0.544678 0.838645
    outer loop
      vertex 18.2621 4.26144 6.13463
      vertex 5.68332 3.625 5.72132
      vertex 18.2679 4.25 6.1272
    endloop
  endfacet
  facet normal -6.1481e-07 -0.544631 0.838675
    outer loop
      vertex 18.2621 4.26144 6.13463
      vertex 5.46086 3.96755 5.94377
      vertex 5.68332 3.625 5.72132
    endloop
  endfacet
  facet normal 0 -0.54465 0.838663
    outer loop
      vertex 5.46086 3.96755 5.94377
      vertex 18.2621 4.26144 6.13463
      vertex 5.22288 4.26144 6.13463
    endloop
  endfacet
  facet normal 0 -0.707107 0.707107
    outer loop
      vertex 4.51663 5.01623 6.77723
      vertex 18.0072 5.3878 7.1488
      vertex 4.05778 5.3878 7.1488
    endloop
  endfacet
  facet normal 1.50134e-16 -0.707107 0.707107
    outer loop
      vertex 4.68166 4.8512 6.6122
      vertex 18.0072 5.3878 7.1488
      vertex 4.51663 5.01623 6.77723
    endloop
  endfacet
  facet normal -1.82081e-16 -0.707107 0.707107
    outer loop
      vertex 18.0072 5.3878 7.1488
      vertex 4.68166 4.8512 6.6122
      vertex 18 5.25 7.011
    endloop
  endfacet
  facet normal -1.01122e-06 -0.70709 0.707124
    outer loop
      vertex 18 5.25 7.011
      vertex 4.68166 4.8512 6.6122
      vertex 18.011 5.04094 6.80195
    endloop
  endfacet
  facet normal 0 -0.707125 0.707088
    outer loop
      vertex 18.011 5.04094 6.80195
      vertex 4.68166 4.8512 6.6122
      vertex 18.041 4.8512 6.6122
    endloop
  endfacet
  facet normal 0 -0.838671 0.544639
    outer loop
      vertex 2.74547 6.16643 8.20215
      vertex 18.2866 6.27868 8.375
      vertex 2.45304 6.27868 8.375
    endloop
  endfacet
  facet normal -2.79486e-08 -0.83867 0.54464
    outer loop
      vertex 3.33633 5.86537 7.73856
      vertex 18.2866 6.27868 8.375
      vertex 2.74547 6.16643 8.20215
    endloop
  endfacet
  facet normal 3.62605e-06 -0.838709 0.54458
    outer loop
      vertex 18.2866 6.27868 8.375
      vertex 3.33633 5.86537 7.73856
      vertex 18.2679 6.25 8.33083
    endloop
  endfacet
  facet normal 2.28228e-07 -0.83867 0.54464
    outer loop
      vertex 18.2679 6.25 8.33083
      vertex 3.33633 5.86537 7.73856
      vertex 18.1729 6.06347 8.0436
    endloop
  endfacet
  facet normal 2.22289e-07 -0.83867 0.544641
    outer loop
      vertex 18.1729 6.06347 8.0436
      vertex 3.33633 5.86537 7.73856
      vertex 18.0979 5.86803 7.74265
    endloop
  endfacet
  facet normal 0 -0.838303 0.545204
    outer loop
      vertex 18.0979 5.86803 7.74265
      vertex 3.33633 5.86537 7.73856
      vertex 18.0972 5.86537 7.73856
    endloop
  endfacet
  facet normal 0 -0.987691 0.156415
    outer loop
      vertex 0 7.09157 10.4926
      vertex 13.1431 7.21028 11.2422
      vertex 0 7.21028 11.2422
    endloop
  endfacet
  facet normal 0 -0.987691 0.156415
    outer loop
      vertex 13.1431 7.21028 11.2422
      vertex 0 7.09157 10.4926
      vertex 14.0936 7.09157 10.4926
    endloop
  endfacet
  facet normal 0 -0.0523409 0.998629
    outer loop
      vertex 30 0.757831 4.78972
      vertex 6.75 0 4.75
      vertex 30 0 4.75
    endloop
  endfacet
  facet normal -2.98475e-08 -0.05234 0.998629
    outer loop
      vertex 30 0.757831 4.78972
      vertex 6.71302 0.705566 4.78698
      vertex 6.75 0 4.75
    endloop
  endfacet
  facet normal 0 -0.0523532 0.998629
    outer loop
      vertex 6.71302 0.705566 4.78698
      vertex 30 0.757831 4.78972
      vertex 6.70474 0.757831 4.78972
    endloop
  endfacet
  facet normal -2.92695e-07 0.998629 0.0523477
    outer loop
      vertex 0 -7.21028 11.2422
      vertex 12.2022 -7.25 12
      vertex 12.5341 -7.23657 11.7438
    endloop
  endfacet
  facet normal -0 0.998629 0.0523404
    outer loop
      vertex 0 -7.21028 11.2422
      vertex 12.5341 -7.23657 11.7438
      vertex 13.1431 -7.21028 11.2422
    endloop
  endfacet
  facet normal 0 0.998629 0.052343
    outer loop
      vertex 12.2022 -7.25 12
      vertex 0 -7.21028 11.2422
      vertex 0 -7.25 12
    endloop
  endfacet
  facet normal -0 0.0523409 0.998629
    outer loop
      vertex 6.75 0 4.75
      vertex 30 -0.757831 4.78972
      vertex 30 0 4.75
    endloop
  endfacet
  facet normal -2.98475e-08 0.05234 0.998629
    outer loop
      vertex 6.71302 -0.705566 4.78698
      vertex 30 -0.757831 4.78972
      vertex 6.75 0 4.75
    endloop
  endfacet
  facet normal 0 0.0523532 0.998629
    outer loop
      vertex 30 -0.757831 4.78972
      vertex 6.71302 -0.705566 4.78698
      vertex 6.70474 -0.757831 4.78972
    endloop
  endfacet
  facet normal -0 0.25882 0.965926
    outer loop
      vertex 6.57464 -1.50736 4.90843
      vertex 30 -2.24037 5.10484
      vertex 30 -1.50736 4.90843
    endloop
  endfacet
  facet normal 4.91332e-08 0.258821 0.965925
    outer loop
      vertex 6.41963 -2.08586 5.06344
      vertex 30 -2.24037 5.10484
      vertex 6.57464 -1.50736 4.90843
    endloop
  endfacet
  facet normal 0 0.258814 0.965927
    outer loop
      vertex 30 -2.24037 5.10484
      vertex 6.41963 -2.08586 5.06344
      vertex 6.36032 -2.24037 5.10484
    endloop
  endfacet
  facet normal -0 0.987691 0.156415
    outer loop
      vertex 0 -7.09157 10.4926
      vertex 13.1431 -7.21028 11.2422
      vertex 14.0936 -7.09157 10.4926
    endloop
  endfacet
  facet normal 0 0.987691 0.156415
    outer loop
      vertex 13.1431 -7.21028 11.2422
      vertex 0 -7.09157 10.4926
      vertex 0 -7.21028 11.2422
    endloop
  endfacet
  facet normal 0 0.89107 0.453867
    outer loop
      vertex 18.5487 -6.6232 9.05116
      vertex 1.4034 -6.6025 9.01052
      vertex 1.27266 -6.6232 9.05116
    endloop
  endfacet
  facet normal 1.7745e-06 0.891024 0.453956
    outer loop
      vertex 2.45304 -6.27868 8.375
      vertex 18.5487 -6.6232 9.05116
      vertex 18.5137 -6.58826 8.98258
    endloop
  endfacet
  facet normal 3.00724e-07 0.891008 0.453987
    outer loop
      vertex 2.45304 -6.27868 8.375
      vertex 18.5137 -6.58826 8.98258
      vertex 18.382 -6.42557 8.66328
    endloop
  endfacet
  facet normal -3.75765e-07 0.891005 0.453993
    outer loop
      vertex 18.5487 -6.6232 9.05116
      vertex 2.08586 -6.41963 8.65162
      vertex 1.4034 -6.6025 9.01052
    endloop
  endfacet
  facet normal -0 0.891002 0.454
    outer loop
      vertex 2.45304 -6.27868 8.375
      vertex 18.382 -6.42557 8.66328
      vertex 18.2866 -6.27868 8.375
    endloop
  endfacet
  facet normal -6.87984e-07 0.891 0.454003
    outer loop
      vertex 18.5487 -6.6232 9.05116
      vertex 2.45304 -6.27868 8.375
      vertex 2.08586 -6.41963 8.65162
    endloop
  endfacet
  facet normal 0 0.777178 0.629281
    outer loop
      vertex 18.0972 -5.86537 7.73856
      vertex 3.375 -5.84567 7.71423
      vertex 3.33633 -5.86537 7.73856
    endloop
  endfacet
  facet normal 2.19237e-07 0.777154 0.629311
    outer loop
      vertex 4.05778 -5.3878 7.1488
      vertex 18.0972 -5.86537 7.73856
      vertex 18.0437 -5.66582 7.49213
    endloop
  endfacet
  facet normal -1.09448e-07 0.777146 0.629321
    outer loop
      vertex 18.0972 -5.86537 7.73856
      vertex 3.96755 -5.46086 7.23903
      vertex 3.375 -5.84567 7.71423
    endloop
  endfacet
  facet normal -1.40157e-08 0.777149 0.629316
    outer loop
      vertex 4.05778 -5.3878 7.1488
      vertex 18.0437 -5.66582 7.49213
      vertex 18.011 -5.45906 7.2368
    endloop
  endfacet
  facet normal -0 0.77715 0.629315
    outer loop
      vertex 4.05778 -5.3878 7.1488
      vertex 18.011 -5.45906 7.2368
      vertex 18.0072 -5.3878 7.1488
    endloop
  endfacet
  facet normal 1.92852e-06 0.777174 0.629286
    outer loop
      vertex 18.0972 -5.86537 7.73856
      vertex 4.05778 -5.3878 7.1488
      vertex 3.96755 -5.46086 7.23903
    endloop
  endfacet
  facet normal 3.62605e-06 0.838709 0.54458
    outer loop
      vertex 3.33633 -5.86537 7.73856
      vertex 18.2866 -6.27868 8.375
      vertex 18.2679 -6.25 8.33083
    endloop
  endfacet
  facet normal 0 0.838671 0.544639
    outer loop
      vertex 18.2866 -6.27868 8.375
      vertex 2.74547 -6.16643 8.20215
      vertex 2.45304 -6.27868 8.375
    endloop
  endfacet
  facet normal 2.28228e-07 0.83867 0.54464
    outer loop
      vertex 3.33633 -5.86537 7.73856
      vertex 18.2679 -6.25 8.33083
      vertex 18.1729 -6.06347 8.0436
    endloop
  endfacet
  facet normal 2.22289e-07 0.83867 0.544641
    outer loop
      vertex 3.33633 -5.86537 7.73856
      vertex 18.1729 -6.06347 8.0436
      vertex 18.0979 -5.86803 7.74265
    endloop
  endfacet
  facet normal -0 0.838303 0.545204
    outer loop
      vertex 3.33633 -5.86537 7.73856
      vertex 18.0979 -5.86803 7.74265
      vertex 18.0972 -5.86537 7.73856
    endloop
  endfacet
  facet normal -2.79486e-08 0.83867 0.54464
    outer loop
      vertex 18.2866 -6.27868 8.375
      vertex 3.33633 -5.86537 7.73856
      vertex 2.74547 -6.16643 8.20215
    endloop
  endfacet
  facet normal -0 0.629307 0.777157
    outer loop
      vertex 5.22288 -4.26144 6.13463
      vertex 18.1729 -4.43653 6.27641
      vertex 18.2621 -4.26144 6.13463
    endloop
  endfacet
  facet normal 7.94846e-08 0.62931 0.777154
    outer loop
      vertex 5.22288 -4.26144 6.13463
      vertex 18.0979 -4.63197 6.43467
      vertex 18.1729 -4.43653 6.27641
    endloop
  endfacet
  facet normal 9.4763e-07 0.629329 0.777139
    outer loop
      vertex 5.22288 -4.26144 6.13463
      vertex 18.0437 -4.83418 6.59842
      vertex 18.0979 -4.63197 6.43467
    endloop
  endfacet
  facet normal -4.76952e-06 0.629251 0.777202
    outer loop
      vertex 5.22288 -4.26144 6.13463
      vertex 18.041 -4.8512 6.6122
      vertex 18.0437 -4.83418 6.59842
    endloop
  endfacet
  facet normal -7.05917e-07 0.629305 0.777159
    outer loop
      vertex 5.01623 -4.51663 6.34127
      vertex 18.041 -4.8512 6.6122
      vertex 5.22288 -4.26144 6.13463
    endloop
  endfacet
  facet normal 0 0.629321 0.777145
    outer loop
      vertex 18.041 -4.8512 6.6122
      vertex 5.01623 -4.51663 6.34127
      vertex 4.68166 -4.8512 6.6122
    endloop
  endfacet
  facet normal 0 0.453994 0.891005
    outer loop
      vertex 30 -2.94884 5.37679
      vertex 20 -3.25 5.53024
      vertex 30 -3.25 5.53024
    endloop
  endfacet
  facet normal -0 0.453994 0.891005
    outer loop
      vertex 6.06281 -2.94884 5.37679
      vertex 20 -3.25 5.53024
      vertex 30 -2.94884 5.37679
    endloop
  endfacet
  facet normal 6.90651e-06 0.454247 0.890876
    outer loop
      vertex 6.06281 -2.94884 5.37679
      vertex 19.7909 -3.26096 5.53583
      vertex 20 -3.25 5.53024
    endloop
  endfacet
  facet normal -1.40075e-06 0.453957 0.891023
    outer loop
      vertex 6.06281 -2.94884 5.37679
      vertex 19.5842 -3.2937 5.55251
      vertex 19.7909 -3.26096 5.53583
    endloop
  endfacet
  facet normal -7.57487e-07 0.453977 0.891013
    outer loop
      vertex 6.06281 -2.94884 5.37679
      vertex 19.382 -3.34789 5.58012
      vertex 19.5842 -3.2937 5.55251
    endloop
  endfacet
  facet normal -1.7582e-06 0.453951 0.891027
    outer loop
      vertex 6.06281 -2.94884 5.37679
      vertex 19.1865 -3.42291 5.61834
      vertex 19.382 -3.34789 5.58012
    endloop
  endfacet
  facet normal 1.53298e-06 0.454023 0.89099
    outer loop
      vertex 6.06281 -2.94884 5.37679
      vertex 19 -3.51795 5.66677
      vertex 19.1865 -3.42291 5.61834
    endloop
  endfacet
  facet normal 1.56149e-06 0.454024 0.89099
    outer loop
      vertex 6.06281 -2.94884 5.37679
      vertex 18.8352 -3.625 5.72132
      vertex 19 -3.51795 5.66677
    endloop
  endfacet
  facet normal -5.61455e-07 0.453992 0.891006
    outer loop
      vertex 5.84567 -3.375 5.59393
      vertex 18.8352 -3.625 5.72132
      vertex 6.06281 -2.94884 5.37679
    endloop
  endfacet
  facet normal 0 0.454015 0.890994
    outer loop
      vertex 18.8352 -3.625 5.72132
      vertex 5.84567 -3.375 5.59393
      vertex 5.68332 -3.625 5.72132
    endloop
  endfacet
  facet normal -0 0.5441 0.839021
    outer loop
      vertex 5.68332 -3.625 5.72132
      vertex 18.8244 -3.63197 5.72584
      vertex 18.8352 -3.625 5.72132
    endloop
  endfacet
  facet normal 3.96358e-07 0.544625 0.838679
    outer loop
      vertex 5.68332 -3.625 5.72132
      vertex 18.6617 -3.76371 5.81139
      vertex 18.8244 -3.63197 5.72584
    endloop
  endfacet
  facet normal 1.08725e-06 0.544671 0.83865
    outer loop
      vertex 5.68332 -3.625 5.72132
      vertex 18.5137 -3.91174 5.90753
      vertex 18.6617 -3.76371 5.81139
    endloop
  endfacet
  facet normal -1.6729e-07 0.544631 0.838676
    outer loop
      vertex 5.68332 -3.625 5.72132
      vertex 18.382 -4.07443 6.01318
      vertex 18.5137 -3.91174 5.90753
    endloop
  endfacet
  facet normal 7.89983e-07 0.54465 0.838663
    outer loop
      vertex 5.68332 -3.625 5.72132
      vertex 18.2679 -4.25 6.1272
      vertex 18.382 -4.07443 6.01318
    endloop
  endfacet
  facet normal 2.74335e-06 0.544678 0.838645
    outer loop
      vertex 5.68332 -3.625 5.72132
      vertex 18.2621 -4.26144 6.13463
      vertex 18.2679 -4.25 6.1272
    endloop
  endfacet
  facet normal -6.1481e-07 0.544631 0.838675
    outer loop
      vertex 5.46086 -3.96755 5.94377
      vertex 18.2621 -4.26144 6.13463
      vertex 5.68332 -3.625 5.72132
    endloop
  endfacet
  facet normal 0 0.54465 0.838663
    outer loop
      vertex 18.2621 -4.26144 6.13463
      vertex 5.46086 -3.96755 5.94377
      vertex 5.22288 -4.26144 6.13463
    endloop
  endfacet
  facet normal 0 -0.453994 0.891005
    outer loop
      vertex 20 3.25 5.53024
      vertex 30 2.94884 5.37679
      vertex 30 3.25 5.53024
    endloop
  endfacet
  facet normal 0 -0.453994 0.891005
    outer loop
      vertex 20 3.25 5.53024
      vertex 6.06281 2.94884 5.37679
      vertex 30 2.94884 5.37679
    endloop
  endfacet
  facet normal 6.90651e-06 -0.454247 0.890876
    outer loop
      vertex 19.7909 3.26096 5.53583
      vertex 6.06281 2.94884 5.37679
      vertex 20 3.25 5.53024
    endloop
  endfacet
  facet normal -1.40075e-06 -0.453957 0.891023
    outer loop
      vertex 19.5842 3.2937 5.55251
      vertex 6.06281 2.94884 5.37679
      vertex 19.7909 3.26096 5.53583
    endloop
  endfacet
  facet normal -7.57487e-07 -0.453977 0.891013
    outer loop
      vertex 19.382 3.34789 5.58012
      vertex 6.06281 2.94884 5.37679
      vertex 19.5842 3.2937 5.55251
    endloop
  endfacet
  facet normal -1.7582e-06 -0.453951 0.891027
    outer loop
      vertex 19.1865 3.42291 5.61834
      vertex 6.06281 2.94884 5.37679
      vertex 19.382 3.34789 5.58012
    endloop
  endfacet
  facet normal 1.53298e-06 -0.454023 0.89099
    outer loop
      vertex 19 3.51795 5.66677
      vertex 6.06281 2.94884 5.37679
      vertex 19.1865 3.42291 5.61834
    endloop
  endfacet
  facet normal 1.56149e-06 -0.454024 0.89099
    outer loop
      vertex 18.8352 3.625 5.72132
      vertex 6.06281 2.94884 5.37679
      vertex 19 3.51795 5.66677
    endloop
  endfacet
  facet normal -5.61455e-07 -0.453992 0.891006
    outer loop
      vertex 18.8352 3.625 5.72132
      vertex 5.84567 3.375 5.59393
      vertex 6.06281 2.94884 5.37679
    endloop
  endfacet
  facet normal 0 -0.454015 0.890994
    outer loop
      vertex 5.84567 3.375 5.59393
      vertex 18.8352 3.625 5.72132
      vertex 5.68332 3.625 5.72132
    endloop
  endfacet
  facet normal 0 -0.629307 0.777157
    outer loop
      vertex 18.1729 4.43653 6.27641
      vertex 5.22288 4.26144 6.13463
      vertex 18.2621 4.26144 6.13463
    endloop
  endfacet
  facet normal 7.94846e-08 -0.62931 0.777154
    outer loop
      vertex 18.0979 4.63197 6.43467
      vertex 5.22288 4.26144 6.13463
      vertex 18.1729 4.43653 6.27641
    endloop
  endfacet
  facet normal 9.4763e-07 -0.629329 0.777139
    outer loop
      vertex 18.0437 4.83418 6.59842
      vertex 5.22288 4.26144 6.13463
      vertex 18.0979 4.63197 6.43467
    endloop
  endfacet
  facet normal -4.76952e-06 -0.629251 0.777202
    outer loop
      vertex 18.041 4.8512 6.6122
      vertex 5.22288 4.26144 6.13463
      vertex 18.0437 4.83418 6.59842
    endloop
  endfacet
  facet normal -7.05917e-07 -0.629305 0.777159
    outer loop
      vertex 18.041 4.8512 6.6122
      vertex 5.01623 4.51663 6.34127
      vertex 5.22288 4.26144 6.13463
    endloop
  endfacet
  facet normal 0 -0.629321 0.777145
    outer loop
      vertex 5.01623 4.51663 6.34127
      vertex 18.041 4.8512 6.6122
      vertex 4.68166 4.8512 6.6122
    endloop
  endfacet
  facet normal 0 -0.933579 0.358372
    outer loop
      vertex 1.27266 6.6232 9.05116
      vertex 18.8662 6.89516 9.75963
      vertex 0 6.89516 9.75963
    endloop
  endfacet
  facet normal -3.82786e-06 -0.933582 0.358364
    outer loop
      vertex 0.705566 6.71302 9.28514
      vertex 0 6.89516 9.75963
      vertex 0 6.75 9.38147
    endloop
  endfacet
  facet normal -1.41359e-05 -0.933587 0.35835
    outer loop
      vertex 1.27266 6.6232 9.05116
      vertex 0 6.89516 9.75963
      vertex 0.705566 6.71302 9.28514
    endloop
  endfacet
  facet normal -1.05985e-06 -0.93357 0.358395
    outer loop
      vertex 18.8662 6.89516 9.75963
      vertex 1.27266 6.6232 9.05116
      vertex 18.8244 6.86803 9.68896
    endloop
  endfacet
  facet normal 6.83186e-07 -0.933586 0.358354
    outer loop
      vertex 18.8244 6.86803 9.68896
      vertex 1.27266 6.6232 9.05116
      vertex 18.6617 6.73629 9.34575
    endloop
  endfacet
  facet normal 0 -0.933572 0.358389
    outer loop
      vertex 18.6617 6.73629 9.34575
      vertex 1.27266 6.6232 9.05116
      vertex 18.5487 6.6232 9.05116
    endloop
  endfacet
  facet normal -1.05985e-06 0.93357 0.358395
    outer loop
      vertex 1.27266 -6.6232 9.05116
      vertex 18.8662 -6.89516 9.75963
      vertex 18.8244 -6.86803 9.68896
    endloop
  endfacet
  facet normal 0 0.933579 0.358372
    outer loop
      vertex 18.8662 -6.89516 9.75963
      vertex 1.27266 -6.6232 9.05116
      vertex 0 -6.89516 9.75963
    endloop
  endfacet
  facet normal 6.83186e-07 0.933586 0.358354
    outer loop
      vertex 1.27266 -6.6232 9.05116
      vertex 18.8244 -6.86803 9.68896
      vertex 18.6617 -6.73629 9.34575
    endloop
  endfacet
  facet normal -3.82786e-06 0.933582 0.358364
    outer loop
      vertex 0 -6.89516 9.75963
      vertex 0.705566 -6.71302 9.28514
      vertex 0 -6.75 9.38147
    endloop
  endfacet
  facet normal -0 0.933572 0.358389
    outer loop
      vertex 1.27266 -6.6232 9.05116
      vertex 18.6617 -6.73629 9.34575
      vertex 18.5487 -6.6232 9.05116
    endloop
  endfacet
  facet normal -1.41359e-05 0.933587 0.35835
    outer loop
      vertex 0 -6.89516 9.75963
      vertex 1.27266 -6.6232 9.05116
      vertex 0.705566 -6.71302 9.28514
    endloop
  endfacet
  facet normal 0 1 -0
    outer loop
      vertex 4.19206 -7.25 17.5
      vertex 0 -7.25 23
      vertex 4.19206 -7.25 23
    endloop
  endfacet
  facet normal 0 1 0
    outer loop
      vertex 0 -7.25 12
      vertex 5.26743 -7.25 16.9464
      vertex 6.19043 -7.25 16.3973
    endloop
  endfacet
  facet normal 0 1 0
    outer loop
      vertex 0 -7.25 12
      vertex 6.19043 -7.25 16.3973
      vertex 6.52793 -7.25 16.1966
    endloop
  endfacet
  facet normal 0 1 0
    outer loop
      vertex 0 -7.25 12
      vertex 6.52793 -7.25 16.1966
      vertex 8.05194 -7.25 15.178
    endloop
  endfacet
  facet normal 0 1 0
    outer loop
      vertex 0 -7.25 12
      vertex 8.05194 -7.25 15.178
      vertex 9.10398 -7.25 14.4052
    endloop
  endfacet
  facet normal 0 1 0
    outer loop
      vertex 0 -7.25 12
      vertex 9.10398 -7.25 14.4052
      vertex 9.97877 -7.25 13.7626
    endloop
  endfacet
  facet normal 0 1 0
    outer loop
      vertex 0 -7.25 12
      vertex 9.97877 -7.25 13.7626
      vertex 10.6243 -7.25 13.2508
    endloop
  endfacet
  facet normal 0 1 0
    outer loop
      vertex 0 -7.25 12
      vertex 10.6243 -7.25 13.2508
      vertex 12.2022 -7.25 12
    endloop
  endfacet
  facet normal 0 1 0
    outer loop
      vertex 4.19206 -7.25 17.5
      vertex 0 -7.25 12
      vertex 0 -7.25 23
    endloop
  endfacet
  facet normal 0 1 0
    outer loop
      vertex 5.26743 -7.25 16.9464
      vertex 0 -7.25 12
      vertex 4.19206 -7.25 17.5
    endloop
  endfacet
  facet normal 0 -1 0
    outer loop
      vertex 0 7.25 23
      vertex 4.19206 7.25 17.5
      vertex 4.19206 7.25 23
    endloop
  endfacet
  facet normal 0 -1 0
    outer loop
      vertex 0 7.25 12
      vertex 5.26743 7.25 16.9464
      vertex 4.19206 7.25 17.5
    endloop
  endfacet
  facet normal 0 -1 -0
    outer loop
      vertex 5.26743 7.25 16.9464
      vertex 0 7.25 12
      vertex 6.19043 7.25 16.3973
    endloop
  endfacet
  facet normal 0 -1 -0
    outer loop
      vertex 6.19043 7.25 16.3973
      vertex 0 7.25 12
      vertex 6.52793 7.25 16.1966
    endloop
  endfacet
  facet normal 0 -1 -0
    outer loop
      vertex 6.52793 7.25 16.1966
      vertex 0 7.25 12
      vertex 8.05194 7.25 15.178
    endloop
  endfacet
  facet normal 0 -1 -0
    outer loop
      vertex 8.05194 7.25 15.178
      vertex 0 7.25 12
      vertex 9.10398 7.25 14.4052
    endloop
  endfacet
  facet normal 0 -1 -0
    outer loop
      vertex 9.10398 7.25 14.4052
      vertex 0 7.25 12
      vertex 9.97877 7.25 13.7626
    endloop
  endfacet
  facet normal 0 -1 0
    outer loop
      vertex 0 7.25 12
      vertex 4.19206 7.25 17.5
      vertex 0 7.25 23
    endloop
  endfacet
  facet normal 0 -1 -0
    outer loop
      vertex 9.97877 7.25 13.7626
      vertex 0 7.25 12
      vertex 10.6243 7.25 13.2508
    endloop
  endfacet
  facet normal 0 -1 -0
    outer loop
      vertex 10.6243 7.25 13.2508
      vertex 0 7.25 12
      vertex 12.2022 7.25 12
    endloop
  endfacet
  facet normal -1 0 0
    outer loop
      vertex 28.5 3.25 1.5
      vertex 28.5 7.25 2.7
      vertex 28.5 7.25 1.5
    endloop
  endfacet
  facet normal -1 -0 0
    outer loop
      vertex 28.5 7.25 2.7
      vertex 28.5 3.25 1.5
      vertex 28.5 3.25 2.7
    endloop
  endfacet
  facet normal -0 0 1
    outer loop
      vertex 20 7.25 1.5
      vertex 28.5 3.25 1.5
      vertex 28.5 7.25 1.5
    endloop
  endfacet
  facet normal 0 0 1
    outer loop
      vertex 20 7.25 1.5
      vertex 20 3.25 1.5
      vertex 28.5 3.25 1.5
    endloop
  endfacet
  facet normal -0 0 1
    outer loop
      vertex 19.7909 7.23904 1.5
      vertex 20 3.25 1.5
      vertex 20 7.25 1.5
    endloop
  endfacet
  facet normal 0 0 1
    outer loop
      vertex 19.7909 7.23904 1.5
      vertex 19.7909 3.26096 1.5
      vertex 20 3.25 1.5
    endloop
  endfacet
  facet normal -0 0 1
    outer loop
      vertex 19.5842 7.2063 1.5
      vertex 19.7909 3.26096 1.5
      vertex 19.7909 7.23904 1.5
    endloop
  endfacet
  facet normal 0 0 1
    outer loop
      vertex 19.5842 7.2063 1.5
      vertex 19.5842 3.2937 1.5
      vertex 19.7909 3.26096 1.5
    endloop
  endfacet
  facet normal -0 0 1
    outer loop
      vertex 19.382 7.15211 1.5
      vertex 19.5842 3.2937 1.5
      vertex 19.5842 7.2063 1.5
    endloop
  endfacet
  facet normal 0 0 1
    outer loop
      vertex 19.382 7.15211 1.5
      vertex 19.382 3.34789 1.5
      vertex 19.5842 3.2937 1.5
    endloop
  endfacet
  facet normal -0 0 1
    outer loop
      vertex 19.1865 7.07709 1.5
      vertex 19.382 3.34789 1.5
      vertex 19.382 7.15211 1.5
    endloop
  endfacet
  facet normal 0 0 1
    outer loop
      vertex 19.1865 7.07709 1.5
      vertex 19.1865 3.42291 1.5
      vertex 19.382 3.34789 1.5
    endloop
  endfacet
  facet normal -0 0 1
    outer loop
      vertex 19 6.98205 1.5
      vertex 19.1865 3.42291 1.5
      vertex 19.1865 7.07709 1.5
    endloop
  endfacet
  facet normal 0 0 1
    outer loop
      vertex 19 6.98205 1.5
      vertex 19 3.51795 1.5
      vertex 19.1865 3.42291 1.5
    endloop
  endfacet
  facet normal -0 0 1
    outer loop
      vertex 18.8244 6.86803 1.5
      vertex 19 3.51795 1.5
      vertex 19 6.98205 1.5
    endloop
  endfacet
  facet normal 0 0 1
    outer loop
      vertex 18.8244 6.86803 1.5
      vertex 18.8244 3.63197 1.5
      vertex 19 3.51795 1.5
    endloop
  endfacet
  facet normal -0 0 1
    outer loop
      vertex 18.6617 6.73629 1.5
      vertex 18.8244 3.63197 1.5
      vertex 18.8244 6.86803 1.5
    endloop
  endfacet
  facet normal 0 0 1
    outer loop
      vertex 18.6617 6.73629 1.5
      vertex 18.6617 3.76371 1.5
      vertex 18.8244 3.63197 1.5
    endloop
  endfacet
  facet normal -0 0 1
    outer loop
      vertex 18.5137 6.58826 1.5
      vertex 18.6617 3.76371 1.5
      vertex 18.6617 6.73629 1.5
    endloop
  endfacet
  facet normal 0 0 1
    outer loop
      vertex 18.5137 6.58826 1.5
      vertex 18.5137 3.91174 1.5
      vertex 18.6617 3.76371 1.5
    endloop
  endfacet
  facet normal -0 0 1
    outer loop
      vertex 18.382 6.42557 1.5
      vertex 18.5137 3.91174 1.5
      vertex 18.5137 6.58826 1.5
    endloop
  endfacet
  facet normal 0 0 1
    outer loop
      vertex 18.382 6.42557 1.5
      vertex 18.382 4.07443 1.5
      vertex 18.5137 3.91174 1.5
    endloop
  endfacet
  facet normal -0 0 1
    outer loop
      vertex 18.2679 6.25 1.5
      vertex 18.382 4.07443 1.5
      vertex 18.382 6.42557 1.5
    endloop
  endfacet
  facet normal 0 0 1
    outer loop
      vertex 18.2679 6.25 1.5
      vertex 18.2679 4.25 1.5
      vertex 18.382 4.07443 1.5
    endloop
  endfacet
  facet normal -0 0 1
    outer loop
      vertex 18.1729 6.06347 1.5
      vertex 18.2679 4.25 1.5
      vertex 18.2679 6.25 1.5
    endloop
  endfacet
  facet normal 0 0 1
    outer loop
      vertex 18.1729 6.06347 1.5
      vertex 18.1729 4.43653 1.5
      vertex 18.2679 4.25 1.5
    endloop
  endfacet
  facet normal -0 0 1
    outer loop
      vertex 18.0979 5.86803 1.5
      vertex 18.1729 4.43653 1.5
      vertex 18.1729 6.06347 1.5
    endloop
  endfacet
  facet normal 0 0 1
    outer loop
      vertex 18.0979 5.86803 1.5
      vertex 18.0979 4.63197 1.5
      vertex 18.1729 4.43653 1.5
    endloop
  endfacet
  facet normal -0 0 1
    outer loop
      vertex 18.0437 5.66582 1.5
      vertex 18.0979 4.63197 1.5
      vertex 18.0979 5.86803 1.5
    endloop
  endfacet
  facet normal 0 0 1
    outer loop
      vertex 18.0437 5.66582 1.5
      vertex 18.0437 4.83418 1.5
      vertex 18.0979 4.63197 1.5
    endloop
  endfacet
  facet normal -0 0 1
    outer loop
      vertex 18.011 5.45906 1.5
      vertex 18.0437 4.83418 1.5
      vertex 18.0437 5.66582 1.5
    endloop
  endfacet
  facet normal 0 0 1
    outer loop
      vertex 18.011 5.45906 1.5
      vertex 18.011 5.04094 1.5
      vertex 18.0437 4.83418 1.5
    endloop
  endfacet
  facet normal 0 -0 1
    outer loop
      vertex 18.011 5.04094 1.5
      vertex 18.011 5.45906 1.5
      vertex 18 5.25 1.5
    endloop
  endfacet
  facet normal 0 1 0
    outer loop
      vertex 28.5 3.25 2.7
      vertex 30 3.25 5.53024
      vertex 30 3.25 2.7
    endloop
  endfacet
  facet normal 0 1 0
    outer loop
      vertex 30 3.25 5.53024
      vertex 28.5 3.25 2.7
      vertex 20 3.25 5.53024
    endloop
  endfacet
  facet normal 0 1 0
    outer loop
      vertex 20 3.25 1.5
      vertex 28.5 3.25 2.7
      vertex 28.5 3.25 1.5
    endloop
  endfacet
  facet normal 0 1 0
    outer loop
      vertex 28.5 3.25 2.7
      vertex 20 3.25 1.5
      vertex 20 3.25 5.53024
    endloop
  endfacet
  facet normal 0 -1 0
    outer loop
      vertex 20 7.25 10
      vertex 28.5 7.25 2.7
      vertex 30 7.25 10
    endloop
  endfacet
  facet normal 0 -1 0
    outer loop
      vertex 20 7.25 1.5
      vertex 28.5 7.25 2.7
      vertex 20 7.25 10
    endloop
  endfacet
  facet normal 0 -1 -0
    outer loop
      vertex 28.5 7.25 2.7
      vertex 20 7.25 1.5
      vertex 28.5 7.25 1.5
    endloop
  endfacet
  facet normal 0 -1 -0
    outer loop
      vertex 30 7.25 10
      vertex 28.5 7.25 2.7
      vertex 30 7.25 2.7
    endloop
  endfacet
  facet normal -1 0 0
    outer loop
      vertex 28.5 -7.25 1.5
      vertex 28.5 -3.25 2.7
      vertex 28.5 -3.25 1.5
    endloop
  endfacet
  facet normal -1 -0 0
    outer loop
      vertex 28.5 -3.25 2.7
      vertex 28.5 -7.25 1.5
      vertex 28.5 -7.25 2.7
    endloop
  endfacet
  facet normal -0 0 1
    outer loop
      vertex 20 -3.25 1.5
      vertex 28.5 -7.25 1.5
      vertex 28.5 -3.25 1.5
    endloop
  endfacet
  facet normal 0 0 1
    outer loop
      vertex 20 -3.25 1.5
      vertex 20 -7.25 1.5
      vertex 28.5 -7.25 1.5
    endloop
  endfacet
  facet normal -0 0 1
    outer loop
      vertex 19.7909 -3.26096 1.5
      vertex 20 -7.25 1.5
      vertex 20 -3.25 1.5
    endloop
  endfacet
  facet normal 0 0 1
    outer loop
      vertex 19.7909 -3.26096 1.5
      vertex 19.7909 -7.23904 1.5
      vertex 20 -7.25 1.5
    endloop
  endfacet
  facet normal -0 0 1
    outer loop
      vertex 19.5842 -3.2937 1.5
      vertex 19.7909 -7.23904 1.5
      vertex 19.7909 -3.26096 1.5
    endloop
  endfacet
  facet normal 0 0 1
    outer loop
      vertex 19.5842 -3.2937 1.5
      vertex 19.5842 -7.2063 1.5
      vertex 19.7909 -7.23904 1.5
    endloop
  endfacet
  facet normal -0 0 1
    outer loop
      vertex 19.382 -3.34789 1.5
      vertex 19.5842 -7.2063 1.5
      vertex 19.5842 -3.2937 1.5
    endloop
  endfacet
  facet normal 0 0 1
    outer loop
      vertex 19.382 -3.34789 1.5
      vertex 19.382 -7.15211 1.5
      vertex 19.5842 -7.2063 1.5
    endloop
  endfacet
  facet normal -0 0 1
    outer loop
      vertex 19.1865 -3.42291 1.5
      vertex 19.382 -7.15211 1.5
      vertex 19.382 -3.34789 1.5
    endloop
  endfacet
  facet normal 0 0 1
    outer loop
      vertex 19.1865 -3.42291 1.5
      vertex 19.1865 -7.07709 1.5
      vertex 19.382 -7.15211 1.5
    endloop
  endfacet
  facet normal -0 0 1
    outer loop
      vertex 19 -3.51795 1.5
      vertex 19.1865 -7.07709 1.5
      vertex 19.1865 -3.42291 1.5
    endloop
  endfacet
  facet normal 0 0 1
    outer loop
      vertex 19 -3.51795 1.5
      vertex 19 -6.98205 1.5
      vertex 19.1865 -7.07709 1.5
    endloop
  endfacet
  facet normal -0 0 1
    outer loop
      vertex 18.8244 -3.63197 1.5
      vertex 19 -6.98205 1.5
      vertex 19 -3.51795 1.5
    endloop
  endfacet
  facet normal 0 0 1
    outer loop
      vertex 18.8244 -3.63197 1.5
      vertex 18.8244 -6.86803 1.5
      vertex 19 -6.98205 1.5
    endloop
  endfacet
  facet normal -0 0 1
    outer loop
      vertex 18.6617 -3.76371 1.5
      vertex 18.8244 -6.86803 1.5
      vertex 18.8244 -3.63197 1.5
    endloop
  endfacet
  facet normal 0 0 1
    outer loop
      vertex 18.6617 -3.76371 1.5
      vertex 18.6617 -6.73629 1.5
      vertex 18.8244 -6.86803 1.5
    endloop
  endfacet
  facet normal -0 0 1
    outer loop
      vertex 18.5137 -3.91174 1.5
      vertex 18.6617 -6.73629 1.5
      vertex 18.6617 -3.76371 1.5
    endloop
  endfacet
  facet normal 0 0 1
    outer loop
      vertex 18.5137 -3.91174 1.5
      vertex 18.5137 -6.58826 1.5
      vertex 18.6617 -6.73629 1.5
    endloop
  endfacet
  facet normal -0 0 1
    outer loop
      vertex 18.382 -4.07443 1.5
      vertex 18.5137 -6.58826 1.5
      vertex 18.5137 -3.91174 1.5
    endloop
  endfacet
  facet normal 0 0 1
    outer loop
      vertex 18.382 -4.07443 1.5
      vertex 18.382 -6.42557 1.5
      vertex 18.5137 -6.58826 1.5
    endloop
  endfacet
  facet normal -0 0 1
    outer loop
      vertex 18.2679 -4.25 1.5
      vertex 18.382 -6.42557 1.5
      vertex 18.382 -4.07443 1.5
    endloop
  endfacet
  facet normal 0 0 1
    outer loop
      vertex 18.2679 -4.25 1.5
      vertex 18.2679 -6.25 1.5
      vertex 18.382 -6.42557 1.5
    endloop
  endfacet
  facet normal -0 0 1
    outer loop
      vertex 18.1729 -4.43653 1.5
      vertex 18.2679 -6.25 1.5
      vertex 18.2679 -4.25 1.5
    endloop
  endfacet
  facet normal 0 0 1
    outer loop
      vertex 18.1729 -4.43653 1.5
      vertex 18.1729 -6.06347 1.5
      vertex 18.2679 -6.25 1.5
    endloop
  endfacet
  facet normal -0 0 1
    outer loop
      vertex 18.0979 -4.63197 1.5
      vertex 18.1729 -6.06347 1.5
      vertex 18.1729 -4.43653 1.5
    endloop
  endfacet
  facet normal 0 0 1
    outer loop
      vertex 18.0979 -4.63197 1.5
      vertex 18.0979 -5.86803 1.5
      vertex 18.1729 -6.06347 1.5
    endloop
  endfacet
  facet normal -0 0 1
    outer loop
      vertex 18.0437 -4.83418 1.5
      vertex 18.0979 -5.86803 1.5
      vertex 18.0979 -4.63197 1.5
    endloop
  endfacet
  facet normal 0 0 1
    outer loop
      vertex 18.0437 -4.83418 1.5
      vertex 18.0437 -5.66582 1.5
      vertex 18.0979 -5.86803 1.5
    endloop
  endfacet
  facet normal -0 0 1
    outer loop
      vertex 18.011 -5.04094 1.5
      vertex 18.0437 -5.66582 1.5
      vertex 18.0437 -4.83418 1.5
    endloop
  endfacet
  facet normal 0 0 1
    outer loop
      vertex 18.011 -5.04094 1.5
      vertex 18.011 -5.45906 1.5
      vertex 18.0437 -5.66582 1.5
    endloop
  endfacet
  facet normal 0 -0 1
    outer loop
      vertex 18.011 -5.45906 1.5
      vertex 18.011 -5.04094 1.5
      vertex 18 -5.25 1.5
    endloop
  endfacet
  facet normal 0 1 0
    outer loop
      vertex 28.5 -7.25 2.7
      vertex 30 -7.25 10
      vertex 30 -7.25 2.7
    endloop
  endfacet
  facet normal 0 1 0
    outer loop
      vertex 30 -7.25 10
      vertex 28.5 -7.25 2.7
      vertex 20 -7.25 10
    endloop
  endfacet
  facet normal 0 1 0
    outer loop
      vertex 20 -7.25 1.5
      vertex 28.5 -7.25 2.7
      vertex 28.5 -7.25 1.5
    endloop
  endfacet
  facet normal 0 1 0
    outer loop
      vertex 28.5 -7.25 2.7
      vertex 20 -7.25 1.5
      vertex 20 -7.25 10
    endloop
  endfacet
  facet normal 0 -1 0
    outer loop
      vertex 20 -3.25 5.53024
      vertex 28.5 -3.25 2.7
      vertex 30 -3.25 5.53024
    endloop
  endfacet
  facet normal 0 -1 0
    outer loop
      vertex 20 -3.25 1.5
      vertex 28.5 -3.25 2.7
      vertex 20 -3.25 5.53024
    endloop
  endfacet
  facet normal 0 -1 -0
    outer loop
      vertex 28.5 -3.25 2.7
      vertex 20 -3.25 1.5
      vertex 28.5 -3.25 1.5
    endloop
  endfacet
  facet normal 0 -1 -0
    outer loop
      vertex 30 -3.25 5.53024
      vertex 28.5 -3.25 2.7
      vertex 30 -3.25 2.7
    endloop
  endfacet
  facet normal 0.258867 0.965913 0
    outer loop
      vertex 19.382 3.34789 1.5
      vertex 19.5842 3.2937 5.55251
      vertex 19.5842 3.2937 1.5
    endloop
  endfacet
  facet normal 0.258867 0.965913 0
    outer loop
      vertex 19.5842 3.2937 5.55251
      vertex 19.382 3.34789 1.5
      vertex 19.382 3.34789 5.58012
    endloop
  endfacet
  facet normal 0.454042 -0.89098 0
    outer loop
      vertex 19 6.98205 1.5
      vertex 19.1865 7.07709 10
      vertex 19 6.98205 10
    endloop
  endfacet
  facet normal 0.454042 -0.89098 0
    outer loop
      vertex 19.1865 7.07709 10
      vertex 19 6.98205 1.5
      vertex 19.1865 7.07709 1.5
    endloop
  endfacet
  facet normal 0.933616 -0.358275 0
    outer loop
      vertex 18.0979 5.86803 7.74265
      vertex 18.1729 6.06347 1.5
      vertex 18.1729 6.06347 8.0436
    endloop
  endfacet
  facet normal 0.933616 -0.358275 0
    outer loop
      vertex 18.1729 6.06347 1.5
      vertex 18.0979 5.86803 7.74265
      vertex 18.0979 5.86803 1.5
    endloop
  endfacet
  facet normal 0.838488 0.54492 0
    outer loop
      vertex 18.382 4.07443 6.01318
      vertex 18.2679 4.25 1.5
      vertex 18.2679 4.25 6.1272
    endloop
  endfacet
  facet normal 0.838488 0.54492 0
    outer loop
      vertex 18.2679 4.25 1.5
      vertex 18.382 4.07443 6.01318
      vertex 18.382 4.07443 1.5
    endloop
  endfacet
  facet normal 0.998619 0.0525438 0
    outer loop
      vertex 18.011 5.04094 6.80195
      vertex 18 5.25 1.5
      vertex 18 5.25 7.011
    endloop
  endfacet
  facet normal 0.998619 0.0525438 0
    outer loop
      vertex 18 5.25 1.5
      vertex 18.011 5.04094 6.80195
      vertex 18.011 5.04094 1.5
    endloop
  endfacet
  facet normal 0.838648 -0.544673 0
    outer loop
      vertex 18.2866 6.27868 8.375
      vertex 18.382 6.42557 1.5
      vertex 18.382 6.42557 8.66328
    endloop
  endfacet
  facet normal 0.8377 -0.546131 -4.43029e-05
    outer loop
      vertex 18.2679 6.25 8.33083
      vertex 18.382 6.42557 1.5
      vertex 18.2866 6.27868 8.375
    endloop
  endfacet
  facet normal 0.838488 -0.54492 0
    outer loop
      vertex 18.382 6.42557 1.5
      vertex 18.2679 6.25 8.33083
      vertex 18.2679 6.25 1.5
    endloop
  endfacet
  facet normal 0.707178 -0.707035 0
    outer loop
      vertex 18.6617 6.73629 1.5
      vertex 18.5137 6.58826 8.98258
      vertex 18.5137 6.58826 1.5
    endloop
  endfacet
  facet normal 0.706525 -0.707688 -2.5832e-05
    outer loop
      vertex 18.5137 6.58826 8.98258
      vertex 18.6617 6.73629 1.5
      vertex 18.5487 6.6232 9.05116
    endloop
  endfacet
  facet normal 0.707388 -0.706825 0
    outer loop
      vertex 18.5487 6.6232 9.05116
      vertex 18.6617 6.73629 1.5
      vertex 18.6617 6.73629 9.34575
    endloop
  endfacet
  facet normal 0.629286 0.777174 0
    outer loop
      vertex 18.6617 3.76371 1.5
      vertex 18.8244 3.63197 5.72584
      vertex 18.8244 3.63197 1.5
    endloop
  endfacet
  facet normal 0.629286 0.777174 0
    outer loop
      vertex 18.8244 3.63197 5.72584
      vertex 18.6617 3.76371 1.5
      vertex 18.6617 3.76371 5.81139
    endloop
  endfacet
  facet normal 0.0523433 -0.998629 0
    outer loop
      vertex 19.7909 7.23904 1.5
      vertex 20 7.25 10
      vertex 19.7909 7.23904 10
    endloop
  endfacet
  facet normal 0.0523433 -0.998629 0
    outer loop
      vertex 20 7.25 10
      vertex 19.7909 7.23904 1.5
      vertex 20 7.25 1.5
    endloop
  endfacet
  facet normal 0.987723 -0.156213 0
    outer loop
      vertex 18.011 5.45906 7.2368
      vertex 18.0437 5.66582 1.5
      vertex 18.0437 5.66582 7.49213
    endloop
  endfacet
  facet normal 0.987723 -0.156213 0
    outer loop
      vertex 18.0437 5.66582 1.5
      vertex 18.011 5.45906 7.2368
      vertex 18.011 5.45906 1.5
    endloop
  endfacet
  facet normal 0.156443 -0.987687 0
    outer loop
      vertex 19.5842 7.2063 1.5
      vertex 19.7909 7.23904 10
      vertex 19.5842 7.2063 10
    endloop
  endfacet
  facet normal 0.156443 -0.987687 0
    outer loop
      vertex 19.7909 7.23904 10
      vertex 19.5842 7.2063 1.5
      vertex 19.7909 7.23904 1.5
    endloop
  endfacet
  facet normal 0.258867 -0.965913 0
    outer loop
      vertex 19.382 7.15211 1.5
      vertex 19.5842 7.2063 10
      vertex 19.382 7.15211 10
    endloop
  endfacet
  facet normal 0.258867 -0.965913 0
    outer loop
      vertex 19.5842 7.2063 10
      vertex 19.382 7.15211 1.5
      vertex 19.5842 7.2063 1.5
    endloop
  endfacet
  facet normal 0.544818 -0.838554 -0.000144182
    outer loop
      vertex 18.8662 6.89516 9.75963
      vertex 19 6.98205 10
      vertex 18.9654 6.95957 10
    endloop
  endfacet
  facet normal 0.544585 -0.838705 0
    outer loop
      vertex 19 6.98205 1.5
      vertex 18.8244 6.86803 9.68896
      vertex 18.8244 6.86803 1.5
    endloop
  endfacet
  facet normal 0.54443 -0.838807 -4.74848e-06
    outer loop
      vertex 18.8244 6.86803 9.68896
      vertex 19 6.98205 1.5
      vertex 18.8662 6.89516 9.75963
    endloop
  endfacet
  facet normal 0.544636 -0.838673 0
    outer loop
      vertex 18.8662 6.89516 9.75963
      vertex 19 6.98205 1.5
      vertex 19 6.98205 10
    endloop
  endfacet
  facet normal 0.629286 -0.777174 0
    outer loop
      vertex 18.8244 6.86803 1.5
      vertex 18.6617 6.73629 9.34575
      vertex 18.6617 6.73629 1.5
    endloop
  endfacet
  facet normal 0.629286 -0.777174 0
    outer loop
      vertex 18.6617 6.73629 9.34575
      vertex 18.8244 6.86803 1.5
      vertex 18.8244 6.86803 9.68896
    endloop
  endfacet
  facet normal 0.777248 -0.629194 0
    outer loop
      vertex 18.382 6.42557 8.66328
      vertex 18.5137 6.58826 1.5
      vertex 18.5137 6.58826 8.98258
    endloop
  endfacet
  facet normal 0.777248 -0.629194 0
    outer loop
      vertex 18.5137 6.58826 1.5
      vertex 18.382 6.42557 8.66328
      vertex 18.382 6.42557 1.5
    endloop
  endfacet
  facet normal 0.0523433 0.998629 0
    outer loop
      vertex 19.7909 3.26096 1.5
      vertex 20 3.25 5.53024
      vertex 20 3.25 1.5
    endloop
  endfacet
  facet normal 0.0523433 0.998629 0
    outer loop
      vertex 20 3.25 5.53024
      vertex 19.7909 3.26096 1.5
      vertex 19.7909 3.26096 5.53583
    endloop
  endfacet
  facet normal 0.358262 0.933621 0
    outer loop
      vertex 19.1865 3.42291 1.5
      vertex 19.382 3.34789 5.58012
      vertex 19.382 3.34789 1.5
    endloop
  endfacet
  facet normal 0.358262 0.933621 0
    outer loop
      vertex 19.382 3.34789 5.58012
      vertex 19.1865 3.42291 1.5
      vertex 19.1865 3.42291 5.61834
    endloop
  endfacet
  facet normal 0.544585 0.838705 0
    outer loop
      vertex 18.8244 3.63197 1.5
      vertex 19 3.51795 5.66677
      vertex 19 3.51795 1.5
    endloop
  endfacet
  facet normal 0.544736 0.838608 -9.01404e-06
    outer loop
      vertex 19 3.51795 5.66677
      vertex 18.8244 3.63197 1.5
      vertex 18.8352 3.625 5.72132
    endloop
  endfacet
  facet normal 0.542251 0.840217 0
    outer loop
      vertex 18.8352 3.625 5.72132
      vertex 18.8244 3.63197 1.5
      vertex 18.8244 3.63197 5.72584
    endloop
  endfacet
  facet normal 0.933616 0.358275 0
    outer loop
      vertex 18.1729 4.43653 6.27641
      vertex 18.0979 4.63197 1.5
      vertex 18.0979 4.63197 6.43467
    endloop
  endfacet
  facet normal 0.933616 0.358275 0
    outer loop
      vertex 18.0979 4.63197 1.5
      vertex 18.1729 4.43653 6.27641
      vertex 18.1729 4.43653 1.5
    endloop
  endfacet
  facet normal 0.98773 0.156171 0
    outer loop
      vertex 18.041 4.8512 6.6122
      vertex 18.011 5.04094 1.5
      vertex 18.011 5.04094 6.80195
    endloop
  endfacet
  facet normal 0.987652 0.156663 1.87118e-05
    outer loop
      vertex 18.0437 4.83418 6.59842
      vertex 18.011 5.04094 1.5
      vertex 18.041 4.8512 6.6122
    endloop
  endfacet
  facet normal 0.987723 0.156213 0
    outer loop
      vertex 18.011 5.04094 1.5
      vertex 18.0437 4.83418 6.59842
      vertex 18.0437 4.83418 1.5
    endloop
  endfacet
  facet normal 0.707178 0.707035 0
    outer loop
      vertex 18.5137 3.91174 1.5
      vertex 18.6617 3.76371 5.81139
      vertex 18.6617 3.76371 1.5
    endloop
  endfacet
  facet normal 0.707178 0.707035 0
    outer loop
      vertex 18.6617 3.76371 5.81139
      vertex 18.5137 3.91174 1.5
      vertex 18.5137 3.91174 5.90753
    endloop
  endfacet
  facet normal 0.998581 -0.0532502 0
    outer loop
      vertex 18.0072 5.3878 7.1488
      vertex 18.011 5.45906 1.5
      vertex 18.011 5.45906 7.2368
    endloop
  endfacet
  facet normal 0.998637 -0.0521918 1.33891e-05
    outer loop
      vertex 18 5.25 7.011
      vertex 18.011 5.45906 1.5
      vertex 18.0072 5.3878 7.1488
    endloop
  endfacet
  facet normal 0.998619 -0.0525438 0
    outer loop
      vertex 18.011 5.45906 1.5
      vertex 18 5.25 7.011
      vertex 18 5.25 1.5
    endloop
  endfacet
  facet normal 0.967075 -0.254493 0
    outer loop
      vertex 18.0972 5.86537 7.73856
      vertex 18.0979 5.86803 1.5
      vertex 18.0979 5.86803 7.74265
    endloop
  endfacet
  facet normal 0.965889 -0.258956 -2.0356e-06
    outer loop
      vertex 18.0437 5.66582 7.49213
      vertex 18.0979 5.86803 1.5
      vertex 18.0972 5.86537 7.73856
    endloop
  endfacet
  facet normal 0.965904 -0.258899 0
    outer loop
      vertex 18.0979 5.86803 1.5
      vertex 18.0437 5.66582 7.49213
      vertex 18.0437 5.66582 1.5
    endloop
  endfacet
  facet normal 0.891087 -0.453832 0
    outer loop
      vertex 18.1729 6.06347 8.0436
      vertex 18.2679 6.25 1.5
      vertex 18.2679 6.25 8.33083
    endloop
  endfacet
  facet normal 0.891087 -0.453832 0
    outer loop
      vertex 18.2679 6.25 1.5
      vertex 18.1729 6.06347 8.0436
      vertex 18.1729 6.06347 1.5
    endloop
  endfacet
  facet normal 0.358262 -0.933621 0
    outer loop
      vertex 19.1865 7.07709 1.5
      vertex 19.382 7.15211 10
      vertex 19.1865 7.07709 10
    endloop
  endfacet
  facet normal 0.358262 -0.933621 0
    outer loop
      vertex 19.382 7.15211 10
      vertex 19.1865 7.07709 1.5
      vertex 19.382 7.15211 1.5
    endloop
  endfacet
  facet normal 0.156443 0.987687 0
    outer loop
      vertex 19.5842 3.2937 1.5
      vertex 19.7909 3.26096 5.53583
      vertex 19.7909 3.26096 1.5
    endloop
  endfacet
  facet normal 0.156443 0.987687 0
    outer loop
      vertex 19.7909 3.26096 5.53583
      vertex 19.5842 3.2937 1.5
      vertex 19.5842 3.2937 5.55251
    endloop
  endfacet
  facet normal 0.454042 0.89098 0
    outer loop
      vertex 19 3.51795 1.5
      vertex 19.1865 3.42291 5.61834
      vertex 19.1865 3.42291 1.5
    endloop
  endfacet
  facet normal 0.454042 0.89098 0
    outer loop
      vertex 19.1865 3.42291 5.61834
      vertex 19 3.51795 1.5
      vertex 19 3.51795 5.66677
    endloop
  endfacet
  facet normal 0.965904 0.258899 0
    outer loop
      vertex 18.0979 4.63197 6.43467
      vertex 18.0437 4.83418 1.5
      vertex 18.0437 4.83418 6.59842
    endloop
  endfacet
  facet normal 0.965904 0.258899 0
    outer loop
      vertex 18.0437 4.83418 1.5
      vertex 18.0979 4.63197 6.43467
      vertex 18.0979 4.63197 1.5
    endloop
  endfacet
  facet normal 0.891033 0.453939 0
    outer loop
      vertex 18.2621 4.26144 6.13463
      vertex 18.1729 4.43653 1.5
      vertex 18.1729 4.43653 6.27641
    endloop
  endfacet
  facet normal 0.891897 0.452238 -8.08799e-05
    outer loop
      vertex 18.2679 4.25 6.1272
      vertex 18.1729 4.43653 1.5
      vertex 18.2621 4.26144 6.13463
    endloop
  endfacet
  facet normal 0.891087 0.453832 0
    outer loop
      vertex 18.1729 4.43653 1.5
      vertex 18.2679 4.25 6.1272
      vertex 18.2679 4.25 1.5
    endloop
  endfacet
  facet normal 0.777248 0.629194 0
    outer loop
      vertex 18.5137 3.91174 5.90753
      vertex 18.382 4.07443 1.5
      vertex 18.382 4.07443 6.01318
    endloop
  endfacet
  facet normal 0.777248 0.629194 0
    outer loop
      vertex 18.382 4.07443 1.5
      vertex 18.5137 3.91174 5.90753
      vertex 18.5137 3.91174 1.5
    endloop
  endfacet
  facet normal 0.454042 -0.89098 0
    outer loop
      vertex 19 -3.51795 1.5
      vertex 19.1865 -3.42291 5.61834
      vertex 19 -3.51795 5.66677
    endloop
  endfacet
  facet normal 0.454042 -0.89098 0
    outer loop
      vertex 19.1865 -3.42291 5.61834
      vertex 19 -3.51795 1.5
      vertex 19.1865 -3.42291 1.5
    endloop
  endfacet
  facet normal 0.933616 -0.358275 0
    outer loop
      vertex 18.0979 -4.63197 1.5
      vertex 18.1729 -4.43653 6.27641
      vertex 18.0979 -4.63197 6.43467
    endloop
  endfacet
  facet normal 0.933616 -0.358275 0
    outer loop
      vertex 18.1729 -4.43653 6.27641
      vertex 18.0979 -4.63197 1.5
      vertex 18.1729 -4.43653 1.5
    endloop
  endfacet
  facet normal 0.998637 0.0521918 1.33891e-05
    outer loop
      vertex 18.011 -5.45906 1.5
      vertex 18 -5.25 7.011
      vertex 18.0072 -5.3878 7.1488
    endloop
  endfacet
  facet normal 0.998581 0.0532502 -0
    outer loop
      vertex 18.011 -5.45906 1.5
      vertex 18.0072 -5.3878 7.1488
      vertex 18.011 -5.45906 7.2368
    endloop
  endfacet
  facet normal 0.998619 0.0525438 0
    outer loop
      vertex 18 -5.25 7.011
      vertex 18.011 -5.45906 1.5
      vertex 18 -5.25 1.5
    endloop
  endfacet
  facet normal 0.838488 -0.54492 0
    outer loop
      vertex 18.2679 -4.25 1.5
      vertex 18.382 -4.07443 6.01318
      vertex 18.2679 -4.25 6.1272
    endloop
  endfacet
  facet normal 0.838488 -0.54492 0
    outer loop
      vertex 18.382 -4.07443 6.01318
      vertex 18.2679 -4.25 1.5
      vertex 18.382 -4.07443 1.5
    endloop
  endfacet
  facet normal 0.707178 -0.707035 0
    outer loop
      vertex 18.5137 -3.91174 1.5
      vertex 18.6617 -3.76371 5.81139
      vertex 18.5137 -3.91174 5.90753
    endloop
  endfacet
  facet normal 0.707178 -0.707035 0
    outer loop
      vertex 18.6617 -3.76371 5.81139
      vertex 18.5137 -3.91174 1.5
      vertex 18.6617 -3.76371 1.5
    endloop
  endfacet
  facet normal 0.0523433 -0.998629 0
    outer loop
      vertex 19.7909 -3.26096 1.5
      vertex 20 -3.25 5.53024
      vertex 19.7909 -3.26096 5.53583
    endloop
  endfacet
  facet normal 0.0523433 -0.998629 0
    outer loop
      vertex 20 -3.25 5.53024
      vertex 19.7909 -3.26096 1.5
      vertex 20 -3.25 1.5
    endloop
  endfacet
  facet normal 0.987652 -0.156663 1.87118e-05
    outer loop
      vertex 18.011 -5.04094 1.5
      vertex 18.0437 -4.83418 6.59842
      vertex 18.041 -4.8512 6.6122
    endloop
  endfacet
  facet normal 0.98773 -0.156171 0
    outer loop
      vertex 18.011 -5.04094 1.5
      vertex 18.041 -4.8512 6.6122
      vertex 18.011 -5.04094 6.80195
    endloop
  endfacet
  facet normal 0.987723 -0.156213 0
    outer loop
      vertex 18.0437 -4.83418 6.59842
      vertex 18.011 -5.04094 1.5
      vertex 18.0437 -4.83418 1.5
    endloop
  endfacet
  facet normal 0.891897 -0.452238 -8.08799e-05
    outer loop
      vertex 18.1729 -4.43653 1.5
      vertex 18.2679 -4.25 6.1272
      vertex 18.2621 -4.26144 6.13463
    endloop
  endfacet
  facet normal 0.891033 -0.453939 0
    outer loop
      vertex 18.1729 -4.43653 1.5
      vertex 18.2621 -4.26144 6.13463
      vertex 18.1729 -4.43653 6.27641
    endloop
  endfacet
  facet normal 0.891087 -0.453832 0
    outer loop
      vertex 18.2679 -4.25 6.1272
      vertex 18.1729 -4.43653 1.5
      vertex 18.2679 -4.25 1.5
    endloop
  endfacet
  facet normal 0.156443 -0.987687 0
    outer loop
      vertex 19.5842 -3.2937 1.5
      vertex 19.7909 -3.26096 5.53583
      vertex 19.5842 -3.2937 5.55251
    endloop
  endfacet
  facet normal 0.156443 -0.987687 0
    outer loop
      vertex 19.7909 -3.26096 5.53583
      vertex 19.5842 -3.2937 1.5
      vertex 19.7909 -3.26096 1.5
    endloop
  endfacet
  facet normal 0.258867 -0.965913 0
    outer loop
      vertex 19.382 -3.34789 1.5
      vertex 19.5842 -3.2937 5.55251
      vertex 19.382 -3.34789 5.58012
    endloop
  endfacet
  facet normal 0.258867 -0.965913 0
    outer loop
      vertex 19.5842 -3.2937 5.55251
      vertex 19.382 -3.34789 1.5
      vertex 19.5842 -3.2937 1.5
    endloop
  endfacet
  facet normal 0.542251 -0.840217 0
    outer loop
      vertex 18.8244 -3.63197 1.5
      vertex 18.8352 -3.625 5.72132
      vertex 18.8244 -3.63197 5.72584
    endloop
  endfacet
  facet normal 0.544736 -0.838608 -9.01404e-06
    outer loop
      vertex 18.8244 -3.63197 1.5
      vertex 19 -3.51795 5.66677
      vertex 18.8352 -3.625 5.72132
    endloop
  endfacet
  facet normal 0.544585 -0.838705 0
    outer loop
      vertex 19 -3.51795 5.66677
      vertex 18.8244 -3.63197 1.5
      vertex 19 -3.51795 1.5
    endloop
  endfacet
  facet normal 0.629286 -0.777174 0
    outer loop
      vertex 18.6617 -3.76371 1.5
      vertex 18.8244 -3.63197 5.72584
      vertex 18.6617 -3.76371 5.81139
    endloop
  endfacet
  facet normal 0.629286 -0.777174 0
    outer loop
      vertex 18.8244 -3.63197 5.72584
      vertex 18.6617 -3.76371 1.5
      vertex 18.8244 -3.63197 1.5
    endloop
  endfacet
  facet normal 0.777248 -0.629194 0
    outer loop
      vertex 18.382 -4.07443 1.5
      vertex 18.5137 -3.91174 5.90753
      vertex 18.382 -4.07443 6.01318
    endloop
  endfacet
  facet normal 0.777248 -0.629194 0
    outer loop
      vertex 18.5137 -3.91174 5.90753
      vertex 18.382 -4.07443 1.5
      vertex 18.5137 -3.91174 1.5
    endloop
  endfacet
  facet normal 0.933616 0.358275 -0
    outer loop
      vertex 18.1729 -6.06347 1.5
      vertex 18.0979 -5.86803 7.74265
      vertex 18.1729 -6.06347 8.0436
    endloop
  endfacet
  facet normal 0.933616 0.358275 0
    outer loop
      vertex 18.0979 -5.86803 7.74265
      vertex 18.1729 -6.06347 1.5
      vertex 18.0979 -5.86803 1.5
    endloop
  endfacet
  facet normal 0.998619 -0.0525438 0
    outer loop
      vertex 18 -5.25 1.5
      vertex 18.011 -5.04094 6.80195
      vertex 18 -5.25 7.011
    endloop
  endfacet
  facet normal 0.998619 -0.0525438 0
    outer loop
      vertex 18.011 -5.04094 6.80195
      vertex 18 -5.25 1.5
      vertex 18.011 -5.04094 1.5
    endloop
  endfacet
  facet normal 0.965904 -0.258899 0
    outer loop
      vertex 18.0437 -4.83418 1.5
      vertex 18.0979 -4.63197 6.43467
      vertex 18.0437 -4.83418 6.59842
    endloop
  endfacet
  facet normal 0.965904 -0.258899 0
    outer loop
      vertex 18.0979 -4.63197 6.43467
      vertex 18.0437 -4.83418 1.5
      vertex 18.0979 -4.63197 1.5
    endloop
  endfacet
  facet normal 0.358262 -0.933621 0
    outer loop
      vertex 19.1865 -3.42291 1.5
      vertex 19.382 -3.34789 5.58012
      vertex 19.1865 -3.42291 5.61834
    endloop
  endfacet
  facet normal 0.358262 -0.933621 0
    outer loop
      vertex 19.382 -3.34789 5.58012
      vertex 19.1865 -3.42291 1.5
      vertex 19.382 -3.34789 1.5
    endloop
  endfacet
  facet normal 0.358262 0.933621 -0
    outer loop
      vertex 19.382 -7.15211 1.5
      vertex 19.1865 -7.07709 10
      vertex 19.382 -7.15211 10
    endloop
  endfacet
  facet normal 0.358262 0.933621 0
    outer loop
      vertex 19.1865 -7.07709 10
      vertex 19.382 -7.15211 1.5
      vertex 19.1865 -7.07709 1.5
    endloop
  endfacet
  facet normal 0.0523433 0.998629 -0
    outer loop
      vertex 20 -7.25 1.5
      vertex 19.7909 -7.23904 10
      vertex 20 -7.25 10
    endloop
  endfacet
  facet normal 0.0523433 0.998629 0
    outer loop
      vertex 19.7909 -7.23904 10
      vertex 20 -7.25 1.5
      vertex 19.7909 -7.23904 1.5
    endloop
  endfacet
  facet normal 0.987723 0.156213 -0
    outer loop
      vertex 18.0437 -5.66582 1.5
      vertex 18.011 -5.45906 7.2368
      vertex 18.0437 -5.66582 7.49213
    endloop
  endfacet
  facet normal 0.987723 0.156213 0
    outer loop
      vertex 18.011 -5.45906 7.2368
      vertex 18.0437 -5.66582 1.5
      vertex 18.011 -5.45906 1.5
    endloop
  endfacet
  facet normal 0.891087 0.453832 -0
    outer loop
      vertex 18.2679 -6.25 1.5
      vertex 18.1729 -6.06347 8.0436
      vertex 18.2679 -6.25 8.33083
    endloop
  endfacet
  facet normal 0.891087 0.453832 0
    outer loop
      vertex 18.1729 -6.06347 8.0436
      vertex 18.2679 -6.25 1.5
      vertex 18.1729 -6.06347 1.5
    endloop
  endfacet
  facet normal 0.258867 0.965913 -0
    outer loop
      vertex 19.5842 -7.2063 1.5
      vertex 19.382 -7.15211 10
      vertex 19.5842 -7.2063 10
    endloop
  endfacet
  facet normal 0.258867 0.965913 0
    outer loop
      vertex 19.382 -7.15211 10
      vertex 19.5842 -7.2063 1.5
      vertex 19.382 -7.15211 1.5
    endloop
  endfacet
  facet normal 0.965889 0.258956 -2.0356e-06
    outer loop
      vertex 18.0979 -5.86803 1.5
      vertex 18.0437 -5.66582 7.49213
      vertex 18.0972 -5.86537 7.73856
    endloop
  endfacet
  facet normal 0.967075 0.254493 -0
    outer loop
      vertex 18.0979 -5.86803 1.5
      vertex 18.0972 -5.86537 7.73856
      vertex 18.0979 -5.86803 7.74265
    endloop
  endfacet
  facet normal 0.965904 0.258899 0
    outer loop
      vertex 18.0437 -5.66582 7.49213
      vertex 18.0979 -5.86803 1.5
      vertex 18.0437 -5.66582 1.5
    endloop
  endfacet
  facet normal 0.629286 0.777174 -0
    outer loop
      vertex 18.8244 -6.86803 1.5
      vertex 18.6617 -6.73629 9.34575
      vertex 18.8244 -6.86803 9.68896
    endloop
  endfacet
  facet normal 0.629286 0.777174 0
    outer loop
      vertex 18.6617 -6.73629 9.34575
      vertex 18.8244 -6.86803 1.5
      vertex 18.6617 -6.73629 1.5
    endloop
  endfacet
  facet normal 0.156443 0.987687 -0
    outer loop
      vertex 19.7909 -7.23904 1.5
      vertex 19.5842 -7.2063 10
      vertex 19.7909 -7.23904 10
    endloop
  endfacet
  facet normal 0.156443 0.987687 0
    outer loop
      vertex 19.5842 -7.2063 10
      vertex 19.7909 -7.23904 1.5
      vertex 19.5842 -7.2063 1.5
    endloop
  endfacet
  facet normal 0.777248 0.629194 -0
    outer loop
      vertex 18.5137 -6.58826 1.5
      vertex 18.382 -6.42557 8.66328
      vertex 18.5137 -6.58826 8.98258
    endloop
  endfacet
  facet normal 0.777248 0.629194 0
    outer loop
      vertex 18.382 -6.42557 8.66328
      vertex 18.5137 -6.58826 1.5
      vertex 18.382 -6.42557 1.5
    endloop
  endfacet
  facet normal 0.8377 0.546131 -4.43029e-05
    outer loop
      vertex 18.382 -6.42557 1.5
      vertex 18.2679 -6.25 8.33083
      vertex 18.2866 -6.27868 8.375
    endloop
  endfacet
  facet normal 0.838648 0.544673 -0
    outer loop
      vertex 18.382 -6.42557 1.5
      vertex 18.2866 -6.27868 8.375
      vertex 18.382 -6.42557 8.66328
    endloop
  endfacet
  facet normal 0.838488 0.54492 0
    outer loop
      vertex 18.2679 -6.25 8.33083
      vertex 18.382 -6.42557 1.5
      vertex 18.2679 -6.25 1.5
    endloop
  endfacet
  facet normal 0.707388 0.706825 -0
    outer loop
      vertex 18.6617 -6.73629 1.5
      vertex 18.5487 -6.6232 9.05116
      vertex 18.6617 -6.73629 9.34575
    endloop
  endfacet
  facet normal 0.706525 0.707688 -2.5832e-05
    outer loop
      vertex 18.6617 -6.73629 1.5
      vertex 18.5137 -6.58826 8.98258
      vertex 18.5487 -6.6232 9.05116
    endloop
  endfacet
  facet normal 0.707178 0.707035 0
    outer loop
      vertex 18.5137 -6.58826 8.98258
      vertex 18.6617 -6.73629 1.5
      vertex 18.5137 -6.58826 1.5
    endloop
  endfacet
  facet normal 0.454042 0.89098 -0
    outer loop
      vertex 19.1865 -7.07709 1.5
      vertex 19 -6.98205 10
      vertex 19.1865 -7.07709 10
    endloop
  endfacet
  facet normal 0.454042 0.89098 0
    outer loop
      vertex 19 -6.98205 10
      vertex 19.1865 -7.07709 1.5
      vertex 19 -6.98205 1.5
    endloop
  endfacet
  facet normal 0.544818 0.838554 -0.000144182
    outer loop
      vertex 19 -6.98205 10
      vertex 18.8662 -6.89516 9.75963
      vertex 18.9654 -6.95957 10
    endloop
  endfacet
  facet normal 0.544636 0.838673 -0
    outer loop
      vertex 19 -6.98205 1.5
      vertex 18.8662 -6.89516 9.75963
      vertex 19 -6.98205 10
    endloop
  endfacet
  facet normal 0.54443 0.838807 -4.74848e-06
    outer loop
      vertex 19 -6.98205 1.5
      vertex 18.8244 -6.86803 9.68896
      vertex 18.8662 -6.89516 9.75963
    endloop
  endfacet
  facet normal 0.544585 0.838705 0
    outer loop
      vertex 18.8244 -6.86803 9.68896
      vertex 19 -6.98205 1.5
      vertex 18.8244 -6.86803 1.5
    endloop
  endfacet
  facet normal -0 0 1
    outer loop
      vertex 28.5 7.25 2.7
      vertex 30 3.25 2.7
      vertex 30 7.25 2.7
    endloop
  endfacet
  facet normal 0 0 1
    outer loop
      vertex 30 3.25 2.7
      vertex 28.5 7.25 2.7
      vertex 28.5 3.25 2.7
    endloop
  endfacet
  facet normal -0 0 1
    outer loop
      vertex 28.5 -3.25 2.7
      vertex 30 -7.25 2.7
      vertex 30 -3.25 2.7
    endloop
  endfacet
  facet normal 0 0 1
    outer loop
      vertex 30 -7.25 2.7
      vertex 28.5 -3.25 2.7
      vertex 28.5 -7.25 2.7
    endloop
  endfacet
  facet normal 0 0 -1
    outer loop
      vertex -29.5595 -2.78115 10.5
      vertex -27.8476 -2.22492 10.5
      vertex -29.2219 -3.66063 10.5
    endloop
  endfacet
  facet normal -0 0 -1
    outer loop
      vertex -27.5775 -2.9285 10.5
      vertex -29.2219 -3.66063 10.5
      vertex -27.8476 -2.22492 10.5
    endloop
  endfacet
  facet normal 0 0 -1
    outer loop
      vertex -29.2219 -3.66063 10.5
      vertex -27.5775 -2.9285 10.5
      vertex -28.7942 -4.5 10.5
    endloop
  endfacet
  facet normal -0 0 -1
    outer loop
      vertex -27.2354 -3.6 10.5
      vertex -28.7942 -4.5 10.5
      vertex -27.5775 -2.9285 10.5
    endloop
  endfacet
  facet normal 0 0 -1
    outer loop
      vertex -28.7942 -4.5 10.5
      vertex -27.2354 -3.6 10.5
      vertex -28.4695 -5 10.5
    endloop
  endfacet
  facet normal -0 0 -1
    outer loop
      vertex -26.8249 -4.23205 10.5
      vertex -28.4695 -5 10.5
      vertex -27.2354 -3.6 10.5
    endloop
  endfacet
  facet normal -0 0 -1
    outer loop
      vertex -26.3506 -4.81774 10.5
      vertex -28.4695 -5 10.5
      vertex -26.8249 -4.23205 10.5
    endloop
  endfacet
  facet normal 0 0 -1
    outer loop
      vertex -28.4695 -5 10.5
      vertex -26.3506 -4.81774 10.5
      vertex -26.1684 -5 10.5
    endloop
  endfacet
  facet normal -0 0 -1
    outer loop
      vertex -27.8476 -2.22492 10.5
      vertex -29.5595 -2.78115 10.5
      vertex -28.0427 -1.49696 10.5
    endloop
  endfacet
  facet normal 0 0 -1
    outer loop
      vertex -26.3506 4.81774 10.5
      vertex -28.4695 5 10.5
      vertex -26.1684 5 10.5
    endloop
  endfacet
  facet normal 0 0 -1
    outer loop
      vertex -26.8249 4.23205 10.5
      vertex -28.4695 5 10.5
      vertex -26.3506 4.81774 10.5
    endloop
  endfacet
  facet normal 0 0 -1
    outer loop
      vertex -27.2354 3.6 10.5
      vertex -28.4695 5 10.5
      vertex -26.8249 4.23205 10.5
    endloop
  endfacet
  facet normal 0 0 -1
    outer loop
      vertex -28.7942 4.5 10.5
      vertex -27.2354 3.6 10.5
      vertex -27.5775 2.9285 10.5
    endloop
  endfacet
  facet normal 0 0 -1
    outer loop
      vertex -29.2219 3.66063 10.5
      vertex -27.5775 2.9285 10.5
      vertex -27.8476 2.22492 10.5
    endloop
  endfacet
  facet normal 0 0 -1
    outer loop
      vertex -29.5595 2.78115 10.5
      vertex -27.8476 2.22492 10.5
      vertex -28.0427 1.49696 10.5
    endloop
  endfacet
  facet normal 0 0 -1
    outer loop
      vertex -29.8033 1.8712 10.5
      vertex -28.0427 1.49696 10.5
      vertex -28.1606 0.752604 10.5
    endloop
  endfacet
  facet normal 0 0 -1
    outer loop
      vertex -29.8033 -1.8712 10.5
      vertex -28.0427 -1.49696 10.5
      vertex -29.5595 -2.78115 10.5
    endloop
  endfacet
  facet normal -0 0 -1
    outer loop
      vertex -28.0427 -1.49696 10.5
      vertex -29.8033 -1.8712 10.5
      vertex -28.1606 -0.752604 10.5
    endloop
  endfacet
  facet normal 0 0 -1
    outer loop
      vertex -29.9507 -0.940756 10.5
      vertex -28.1606 -0.752604 10.5
      vertex -29.8033 -1.8712 10.5
    endloop
  endfacet
  facet normal 0 0 -1
    outer loop
      vertex -27.5775 2.9285 10.5
      vertex -29.2219 3.66063 10.5
      vertex -28.7942 4.5 10.5
    endloop
  endfacet
  facet normal 0 0 -1
    outer loop
      vertex -27.2354 3.6 10.5
      vertex -28.7942 4.5 10.5
      vertex -28.4695 5 10.5
    endloop
  endfacet
  facet normal -0 0 -1
    outer loop
      vertex -28.1606 -0.752604 10.5
      vertex -29.9507 -0.940756 10.5
      vertex -28.2 0 10.5
    endloop
  endfacet
  facet normal 0 0 -1
    outer loop
      vertex -27.8476 2.22492 10.5
      vertex -29.5595 2.78115 10.5
      vertex -29.2219 3.66063 10.5
    endloop
  endfacet
  facet normal 0 0 -1
    outer loop
      vertex -30 0 10.5
      vertex -28.2 0 10.5
      vertex -29.9507 -0.940756 10.5
    endloop
  endfacet
  facet normal 0 0 -1
    outer loop
      vertex -28.0427 1.49696 10.5
      vertex -29.8033 1.8712 10.5
      vertex -29.5595 2.78115 10.5
    endloop
  endfacet
  facet normal 0 0 -1
    outer loop
      vertex -28.2 0 10.5
      vertex -30 0 10.5
      vertex -28.1606 0.752604 10.5
    endloop
  endfacet
  facet normal 0 0 -1
    outer loop
      vertex -28.1606 0.752604 10.5
      vertex -29.9507 0.940756 10.5
      vertex -29.8033 1.8712 10.5
    endloop
  endfacet
  facet normal -0 0 -1
    outer loop
      vertex -28.1606 0.752604 10.5
      vertex -30 0 10.5
      vertex -29.9507 0.940756 10.5
    endloop
  endfacet
  facet normal 0 0 -1
    outer loop
      vertex -6.71302 -0.705566 10.5
      vertex -13.8 0 10.5
      vertex -6.75 0 10.5
    endloop
  endfacet
  facet normal 0 0 -1
    outer loop
      vertex -13.8394 -0.752604 10.5
      vertex -6.71302 -0.705566 10.5
      vertex -6.6025 -1.4034 10.5
    endloop
  endfacet
  facet normal 0 0 -1
    outer loop
      vertex -13.9573 -1.49696 10.5
      vertex -6.6025 -1.4034 10.5
      vertex -6.41963 -2.08586 10.5
    endloop
  endfacet
  facet normal 0 0 -1
    outer loop
      vertex -14.1524 -2.22492 10.5
      vertex -6.41963 -2.08586 10.5
      vertex -6.16643 -2.74547 10.5
    endloop
  endfacet
  facet normal 0 0 -1
    outer loop
      vertex -14.4225 -2.9285 10.5
      vertex -6.16643 -2.74547 10.5
      vertex -5.84567 -3.375 10.5
    endloop
  endfacet
  facet normal 0 0 -1
    outer loop
      vertex -14.7646 -3.6 10.5
      vertex -5.84567 -3.375 10.5
      vertex -5.46086 -3.96755 10.5
    endloop
  endfacet
  facet normal 0 0 -1
    outer loop
      vertex -15.1751 -4.23205 10.5
      vertex -5.46086 -3.96755 10.5
      vertex -5.01623 -4.51663 10.5
    endloop
  endfacet
  facet normal 0 0 -1
    outer loop
      vertex -15.6494 -4.81774 10.5
      vertex -5.01623 -4.51663 10.5
      vertex -4.53286 -5 10.5
    endloop
  endfacet
  facet normal -0 0 -1
    outer loop
      vertex -6.71302 -0.705566 10.5
      vertex -13.8394 -0.752604 10.5
      vertex -13.8 0 10.5
    endloop
  endfacet
  facet normal -0 0 -1
    outer loop
      vertex -6.6025 -1.4034 10.5
      vertex -13.9573 -1.49696 10.5
      vertex -13.8394 -0.752604 10.5
    endloop
  endfacet
  facet normal -0 0 -1
    outer loop
      vertex -6.41963 -2.08586 10.5
      vertex -14.1524 -2.22492 10.5
      vertex -13.9573 -1.49696 10.5
    endloop
  endfacet
  facet normal -0 0 -1
    outer loop
      vertex -6.16643 -2.74547 10.5
      vertex -14.4225 -2.9285 10.5
      vertex -14.1524 -2.22492 10.5
    endloop
  endfacet
  facet normal -0 0 -1
    outer loop
      vertex -5.84567 -3.375 10.5
      vertex -14.7646 -3.6 10.5
      vertex -14.4225 -2.9285 10.5
    endloop
  endfacet
  facet normal -0 0 -1
    outer loop
      vertex -5.46086 -3.96755 10.5
      vertex -15.1751 -4.23205 10.5
      vertex -14.7646 -3.6 10.5
    endloop
  endfacet
  facet normal -0 0 -1
    outer loop
      vertex -5.01623 -4.51663 10.5
      vertex -15.6494 -4.81774 10.5
      vertex -15.1751 -4.23205 10.5
    endloop
  endfacet
  facet normal 0 -0 -1
    outer loop
      vertex -15.6494 -4.81774 10.5
      vertex -4.53286 -5 10.5
      vertex -15.8316 -5 10.5
    endloop
  endfacet
  facet normal 0 0 -1
    outer loop
      vertex -13.8 0 10.5
      vertex -6.71302 0.705566 10.5
      vertex -6.75 0 10.5
    endloop
  endfacet
  facet normal 0 0 -1
    outer loop
      vertex -13.8394 0.752604 10.5
      vertex -6.71302 0.705566 10.5
      vertex -13.8 0 10.5
    endloop
  endfacet
  facet normal 0 0 -1
    outer loop
      vertex -6.71302 0.705566 10.5
      vertex -13.8394 0.752604 10.5
      vertex -6.6025 1.4034 10.5
    endloop
  endfacet
  facet normal 0 0 -1
    outer loop
      vertex -13.9573 1.49696 10.5
      vertex -6.6025 1.4034 10.5
      vertex -13.8394 0.752604 10.5
    endloop
  endfacet
  facet normal 0 0 -1
    outer loop
      vertex -6.6025 1.4034 10.5
      vertex -13.9573 1.49696 10.5
      vertex -6.41963 2.08586 10.5
    endloop
  endfacet
  facet normal 0 0 -1
    outer loop
      vertex -14.1524 2.22492 10.5
      vertex -6.41963 2.08586 10.5
      vertex -13.9573 1.49696 10.5
    endloop
  endfacet
  facet normal 0 0 -1
    outer loop
      vertex -6.41963 2.08586 10.5
      vertex -14.1524 2.22492 10.5
      vertex -6.16643 2.74547 10.5
    endloop
  endfacet
  facet normal 0 0 -1
    outer loop
      vertex -14.4225 2.9285 10.5
      vertex -6.16643 2.74547 10.5
      vertex -14.1524 2.22492 10.5
    endloop
  endfacet
  facet normal 0 0 -1
    outer loop
      vertex -6.16643 2.74547 10.5
      vertex -14.4225 2.9285 10.5
      vertex -5.84567 3.375 10.5
    endloop
  endfacet
  facet normal 0 0 -1
    outer loop
      vertex -14.7646 3.6 10.5
      vertex -5.84567 3.375 10.5
      vertex -14.4225 2.9285 10.5
    endloop
  endfacet
  facet normal 0 0 -1
    outer loop
      vertex -5.84567 3.375 10.5
      vertex -14.7646 3.6 10.5
      vertex -5.46086 3.96755 10.5
    endloop
  endfacet
  facet normal 0 0 -1
    outer loop
      vertex -15.1751 4.23205 10.5
      vertex -5.46086 3.96755 10.5
      vertex -14.7646 3.6 10.5
    endloop
  endfacet
  facet normal 0 0 -1
    outer loop
      vertex -5.46086 3.96755 10.5
      vertex -15.1751 4.23205 10.5
      vertex -5.01623 4.51663 10.5
    endloop
  endfacet
  facet normal 0 0 -1
    outer loop
      vertex -15.6494 4.81774 10.5
      vertex -5.01623 4.51663 10.5
      vertex -15.1751 4.23205 10.5
    endloop
  endfacet
  facet normal 0 0 -1
    outer loop
      vertex -5.01623 4.51663 10.5
      vertex -15.6494 4.81774 10.5
      vertex -4.53286 5 10.5
    endloop
  endfacet
  facet normal -0 0 -1
    outer loop
      vertex -4.53286 5 10.5
      vertex -15.6494 4.81774 10.5
      vertex -15.8316 5 10.5
    endloop
  endfacet
  facet normal 0 -1 0
    outer loop
      vertex -30 5 10
      vertex -30 5 0
      vertex -28.4695 5 10
    endloop
  endfacet
  facet normal 0 -1 0
    outer loop
      vertex -28.4695 5 10
      vertex -26.1684 5 10.5
      vertex -28.4695 5 10.5
    endloop
  endfacet
  facet normal 0 -1 0
    outer loop
      vertex -26.1684 5 0
      vertex -28.4695 5 10
      vertex -30 5 0
    endloop
  endfacet
  facet normal 0 -1 0
    outer loop
      vertex -28.4695 5 10
      vertex -26.1684 5 0
      vertex -26.1684 5 10.5
    endloop
  endfacet
  facet normal 0 -1 0
    outer loop
      vertex -13.8328 5 6.59123
      vertex -15.8316 5 10.5
      vertex -14 5 6.6
    endloop
  endfacet
  facet normal 0 -1 0
    outer loop
      vertex -15.8316 5 10.5
      vertex -14.1672 5 6.59123
      vertex -14 5 6.6
    endloop
  endfacet
  facet normal 0 -1 0
    outer loop
      vertex -15.8316 5 10.5
      vertex -14.3327 5 6.56504
      vertex -14.1672 5 6.59123
    endloop
  endfacet
  facet normal 0 -1 0
    outer loop
      vertex -15.8316 5 10.5
      vertex -14.4944 5 6.52169
      vertex -14.3327 5 6.56504
    endloop
  endfacet
  facet normal 0 -1 0
    outer loop
      vertex -15.8316 5 10.5
      vertex -14.6508 5 6.46167
      vertex -14.4944 5 6.52169
    endloop
  endfacet
  facet normal 0 -1 0
    outer loop
      vertex -15.8316 5 10.5
      vertex -14.8 5 6.38564
      vertex -14.6508 5 6.46167
    endloop
  endfacet
  facet normal 0 -1 0
    outer loop
      vertex -15.8316 5 10.5
      vertex -14.9405 5 6.29443
      vertex -14.8 5 6.38564
    endloop
  endfacet
  facet normal 0 -1 0
    outer loop
      vertex -15.8316 5 10.5
      vertex -15.0706 5 6.18903
      vertex -14.9405 5 6.29443
    endloop
  endfacet
  facet normal 0 -1 0
    outer loop
      vertex -15.8316 5 10.5
      vertex -15.189 5 6.07061
      vertex -15.0706 5 6.18903
    endloop
  endfacet
  facet normal 0 -1 0
    outer loop
      vertex -15.8316 5 10.5
      vertex -15.2944 5 5.94046
      vertex -15.189 5 6.07061
    endloop
  endfacet
  facet normal 0 -1 0
    outer loop
      vertex -15.8316 5 10.5
      vertex -15.3856 5 5.8
      vertex -15.2944 5 5.94046
    endloop
  endfacet
  facet normal 0 -1 0
    outer loop
      vertex -15.8316 5 10.5
      vertex -15.4617 5 5.65078
      vertex -15.3856 5 5.8
    endloop
  endfacet
  facet normal 0 -1 0
    outer loop
      vertex -15.8316 5 10.5
      vertex -15.5217 5 5.49443
      vertex -15.4617 5 5.65078
    endloop
  endfacet
  facet normal 0 -1 0
    outer loop
      vertex -15.8316 5 10.5
      vertex -15.565 5 5.33266
      vertex -15.5217 5 5.49443
    endloop
  endfacet
  facet normal 0 -1 0
    outer loop
      vertex -15.8316 5 10.5
      vertex -15.5912 5 5.16724
      vertex -15.565 5 5.33266
    endloop
  endfacet
  facet normal 0 -1 0
    outer loop
      vertex -15.8316 5 10.5
      vertex -15.6 5 5
      vertex -15.5912 5 5.16724
    endloop
  endfacet
  facet normal 0 -1 -0
    outer loop
      vertex -14.1672 5 3.40876
      vertex -15.8316 5 0
      vertex -14 5 3.4
    endloop
  endfacet
  facet normal 0 -1 -0
    outer loop
      vertex -14.3327 5 3.43496
      vertex -15.8316 5 0
      vertex -14.1672 5 3.40876
    endloop
  endfacet
  facet normal 0 -1 -0
    outer loop
      vertex -14.4944 5 3.47831
      vertex -15.8316 5 0
      vertex -14.3327 5 3.43496
    endloop
  endfacet
  facet normal 0 -1 -0
    outer loop
      vertex -14.6508 5 3.53833
      vertex -15.8316 5 0
      vertex -14.4944 5 3.47831
    endloop
  endfacet
  facet normal 0 -1 -0
    outer loop
      vertex -14.8 5 3.61436
      vertex -15.8316 5 0
      vertex -14.6508 5 3.53833
    endloop
  endfacet
  facet normal 0 -1 -0
    outer loop
      vertex -14.9405 5 3.70557
      vertex -15.8316 5 0
      vertex -14.8 5 3.61436
    endloop
  endfacet
  facet normal 0 -1 -0
    outer loop
      vertex -15.0706 5 3.81097
      vertex -15.8316 5 0
      vertex -14.9405 5 3.70557
    endloop
  endfacet
  facet normal 0 -1 -0
    outer loop
      vertex -15.189 5 3.92939
      vertex -15.8316 5 0
      vertex -15.0706 5 3.81097
    endloop
  endfacet
  facet normal 0 -1 -0
    outer loop
      vertex -15.2944 5 4.05954
      vertex -15.8316 5 0
      vertex -15.189 5 3.92939
    endloop
  endfacet
  facet normal 0 -1 -0
    outer loop
      vertex -15.3856 5 4.2
      vertex -15.8316 5 0
      vertex -15.2944 5 4.05954
    endloop
  endfacet
  facet normal 0 -1 -0
    outer loop
      vertex -15.4617 5 4.34922
      vertex -15.8316 5 0
      vertex -15.3856 5 4.2
    endloop
  endfacet
  facet normal 0 -1 -0
    outer loop
      vertex -15.5217 5 4.50557
      vertex -15.8316 5 0
      vertex -15.4617 5 4.34922
    endloop
  endfacet
  facet normal 0 -1 -0
    outer loop
      vertex -15.565 5 4.66734
      vertex -15.8316 5 0
      vertex -15.5217 5 4.50557
    endloop
  endfacet
  facet normal 0 -1 -0
    outer loop
      vertex -15.5912 5 4.83275
      vertex -15.8316 5 0
      vertex -15.565 5 4.66734
    endloop
  endfacet
  facet normal 0 -1 -0
    outer loop
      vertex -15.6 5 5
      vertex -15.8316 5 0
      vertex -15.5912 5 4.83275
    endloop
  endfacet
  facet normal 0 -1 0
    outer loop
      vertex -15.8316 5 0
      vertex -15.6 5 5
      vertex -15.8316 5 10.5
    endloop
  endfacet
  facet normal 0 -1 0
    outer loop
      vertex -13.6673 5 6.56504
      vertex -15.8316 5 10.5
      vertex -13.8328 5 6.59123
    endloop
  endfacet
  facet normal 0 -1 0
    outer loop
      vertex -13.5056 5 6.52169
      vertex -15.8316 5 10.5
      vertex -13.6673 5 6.56504
    endloop
  endfacet
  facet normal 0 -1 0
    outer loop
      vertex -13.3492 5 6.46167
      vertex -15.8316 5 10.5
      vertex -13.5056 5 6.52169
    endloop
  endfacet
  facet normal 0 -1 0
    outer loop
      vertex -13.2 5 6.38564
      vertex -15.8316 5 10.5
      vertex -13.3492 5 6.46167
    endloop
  endfacet
  facet normal 0 -1 0
    outer loop
      vertex -15.8316 5 10.5
      vertex -13.2 5 6.38564
      vertex -4.53286 5 10.5
    endloop
  endfacet
  facet normal 0 -1 0
    outer loop
      vertex -13.0595 5 6.29443
      vertex -4.53286 5 10.5
      vertex -13.2 5 6.38564
    endloop
  endfacet
  facet normal 0 -1 0
    outer loop
      vertex -12.9294 5 6.18903
      vertex -4.53286 5 10.5
      vertex -13.0595 5 6.29443
    endloop
  endfacet
  facet normal 0 -1 0
    outer loop
      vertex -12.811 5 6.07061
      vertex -4.53286 5 10.5
      vertex -12.9294 5 6.18903
    endloop
  endfacet
  facet normal 0 -1 0
    outer loop
      vertex -12.7056 5 5.94046
      vertex -4.53286 5 10.5
      vertex -12.811 5 6.07061
    endloop
  endfacet
  facet normal 0 -1 0
    outer loop
      vertex -12.6144 5 5.8
      vertex -4.53286 5 10.5
      vertex -12.7056 5 5.94046
    endloop
  endfacet
  facet normal 0 -1 0
    outer loop
      vertex -12.5383 5 5.65078
      vertex -4.53286 5 10.5
      vertex -12.6144 5 5.8
    endloop
  endfacet
  facet normal 0 -1 0
    outer loop
      vertex -12.4783 5 5.49443
      vertex -4.53286 5 10.5
      vertex -12.5383 5 5.65078
    endloop
  endfacet
  facet normal 0 -1 0
    outer loop
      vertex -12.435 5 5.33266
      vertex -4.53286 5 10.5
      vertex -12.4783 5 5.49443
    endloop
  endfacet
  facet normal 0 -1 0
    outer loop
      vertex -12.4088 5 5.16724
      vertex -4.53286 5 10.5
      vertex -12.435 5 5.33266
    endloop
  endfacet
  facet normal 0 -1 0
    outer loop
      vertex -12.4 5 5
      vertex -4.53286 5 10.5
      vertex -12.4088 5 5.16724
    endloop
  endfacet
  facet normal 0 -1 0
    outer loop
      vertex -4.53286 5 0
      vertex -12.4 5 5
      vertex -12.4088 5 4.83275
    endloop
  endfacet
  facet normal 0 -1 0
    outer loop
      vertex -4.53286 5 0
      vertex -12.4088 5 4.83275
      vertex -12.435 5 4.66734
    endloop
  endfacet
  facet normal 0 -1 0
    outer loop
      vertex -4.53286 5 0
      vertex -12.435 5 4.66734
      vertex -12.4783 5 4.50557
    endloop
  endfacet
  facet normal 0 -1 0
    outer loop
      vertex -4.53286 5 0
      vertex -12.4783 5 4.50557
      vertex -12.5383 5 4.34922
    endloop
  endfacet
  facet normal 0 -1 0
    outer loop
      vertex -4.53286 5 0
      vertex -12.5383 5 4.34922
      vertex -12.6144 5 4.2
    endloop
  endfacet
  facet normal 0 -1 0
    outer loop
      vertex -4.53286 5 0
      vertex -12.6144 5 4.2
      vertex -12.7056 5 4.05954
    endloop
  endfacet
  facet normal 0 -1 0
    outer loop
      vertex -4.53286 5 0
      vertex -12.7056 5 4.05954
      vertex -12.811 5 3.92939
    endloop
  endfacet
  facet normal 0 -1 0
    outer loop
      vertex -4.53286 5 0
      vertex -12.811 5 3.92939
      vertex -12.9294 5 3.81097
    endloop
  endfacet
  facet normal 0 -1 0
    outer loop
      vertex -4.53286 5 0
      vertex -12.9294 5 3.81097
      vertex -13.0595 5 3.70557
    endloop
  endfacet
  facet normal 0 -1 0
    outer loop
      vertex -15.8316 5 0
      vertex -13.8328 5 3.40876
      vertex -14 5 3.4
    endloop
  endfacet
  facet normal 0 -1 0
    outer loop
      vertex -15.8316 5 0
      vertex -13.6673 5 3.43496
      vertex -13.8328 5 3.40876
    endloop
  endfacet
  facet normal 0 -1 0
    outer loop
      vertex -15.8316 5 0
      vertex -13.5056 5 3.47831
      vertex -13.6673 5 3.43496
    endloop
  endfacet
  facet normal 0 -1 0
    outer loop
      vertex -15.8316 5 0
      vertex -13.3492 5 3.53833
      vertex -13.5056 5 3.47831
    endloop
  endfacet
  facet normal 0 -1 0
    outer loop
      vertex -15.8316 5 0
      vertex -13.2 5 3.61436
      vertex -13.3492 5 3.53833
    endloop
  endfacet
  facet normal 0 -1 0
    outer loop
      vertex -4.53286 5 0
      vertex -13.2 5 3.61436
      vertex -15.8316 5 0
    endloop
  endfacet
  facet normal 0 -1 0
    outer loop
      vertex -13.2 5 3.61436
      vertex -4.53286 5 0
      vertex -13.0595 5 3.70557
    endloop
  endfacet
  facet normal 0 -1 0
    outer loop
      vertex -12.4 5 5
      vertex -4.53286 5 0
      vertex -4.53286 5 10.5
    endloop
  endfacet
  facet normal 0 1 0
    outer loop
      vertex -26.1684 -5 10.5
      vertex -28.4695 -5 10
      vertex -28.4695 -5 10.5
    endloop
  endfacet
  facet normal 0 1 -0
    outer loop
      vertex -26.1684 -5 0
      vertex -28.4695 -5 10
      vertex -26.1684 -5 10.5
    endloop
  endfacet
  facet normal 0 1 0
    outer loop
      vertex -30 -5 0
      vertex -28.4695 -5 10
      vertex -26.1684 -5 0
    endloop
  endfacet
  facet normal 0 1 0
    outer loop
      vertex -28.4695 -5 10
      vertex -30 -5 0
      vertex -30 -5 10
    endloop
  endfacet
  facet normal 0 1 -0
    outer loop
      vertex -13.2 -5 6.38564
      vertex -15.8316 -5 10.5
      vertex -4.53286 -5 10.5
    endloop
  endfacet
  facet normal 0 1 0
    outer loop
      vertex -15.8316 -5 10.5
      vertex -13.8328 -5 6.59123
      vertex -14 -5 6.6
    endloop
  endfacet
  facet normal 0 1 0
    outer loop
      vertex -15.8316 -5 10.5
      vertex -13.6673 -5 6.56504
      vertex -13.8328 -5 6.59123
    endloop
  endfacet
  facet normal 0 1 0
    outer loop
      vertex -15.8316 -5 10.5
      vertex -13.5056 -5 6.52169
      vertex -13.6673 -5 6.56504
    endloop
  endfacet
  facet normal 0 1 0
    outer loop
      vertex -15.8316 -5 10.5
      vertex -13.3492 -5 6.46167
      vertex -13.5056 -5 6.52169
    endloop
  endfacet
  facet normal 0 1 0
    outer loop
      vertex -15.8316 -5 10.5
      vertex -13.2 -5 6.38564
      vertex -13.3492 -5 6.46167
    endloop
  endfacet
  facet normal 0 1 0
    outer loop
      vertex -4.53286 -5 10.5
      vertex -13.0595 -5 6.29443
      vertex -13.2 -5 6.38564
    endloop
  endfacet
  facet normal 0 1 0
    outer loop
      vertex -4.53286 -5 10.5
      vertex -12.9294 -5 6.18903
      vertex -13.0595 -5 6.29443
    endloop
  endfacet
  facet normal 0 1 0
    outer loop
      vertex -4.53286 -5 10.5
      vertex -12.811 -5 6.07061
      vertex -12.9294 -5 6.18903
    endloop
  endfacet
  facet normal 0 1 0
    outer loop
      vertex -4.53286 -5 10.5
      vertex -12.7056 -5 5.94046
      vertex -12.811 -5 6.07061
    endloop
  endfacet
  facet normal 0 1 0
    outer loop
      vertex -4.53286 -5 10.5
      vertex -12.6144 -5 5.8
      vertex -12.7056 -5 5.94046
    endloop
  endfacet
  facet normal 0 1 0
    outer loop
      vertex -4.53286 -5 10.5
      vertex -12.5383 -5 5.65078
      vertex -12.6144 -5 5.8
    endloop
  endfacet
  facet normal 0 1 0
    outer loop
      vertex -4.53286 -5 10.5
      vertex -12.4783 -5 5.49443
      vertex -12.5383 -5 5.65078
    endloop
  endfacet
  facet normal 0 1 0
    outer loop
      vertex -4.53286 -5 10.5
      vertex -12.435 -5 5.33266
      vertex -12.4783 -5 5.49443
    endloop
  endfacet
  facet normal 0 1 0
    outer loop
      vertex -4.53286 -5 10.5
      vertex -12.4088 -5 5.16724
      vertex -12.435 -5 5.33266
    endloop
  endfacet
  facet normal 0 1 0
    outer loop
      vertex -4.53286 -5 10.5
      vertex -12.4 -5 5
      vertex -12.4088 -5 5.16724
    endloop
  endfacet
  facet normal 0 1 -0
    outer loop
      vertex -4.53286 -5 0
      vertex -12.4 -5 5
      vertex -4.53286 -5 10.5
    endloop
  endfacet
  facet normal 0 1 0
    outer loop
      vertex -12.4 -5 5
      vertex -4.53286 -5 0
      vertex -12.4088 -5 4.83275
    endloop
  endfacet
  facet normal 0 1 0
    outer loop
      vertex -12.4088 -5 4.83275
      vertex -4.53286 -5 0
      vertex -12.435 -5 4.66734
    endloop
  endfacet
  facet normal 0 1 0
    outer loop
      vertex -12.435 -5 4.66734
      vertex -4.53286 -5 0
      vertex -12.4783 -5 4.50557
    endloop
  endfacet
  facet normal 0 1 0
    outer loop
      vertex -12.4783 -5 4.50557
      vertex -4.53286 -5 0
      vertex -12.5383 -5 4.34922
    endloop
  endfacet
  facet normal 0 1 0
    outer loop
      vertex -12.5383 -5 4.34922
      vertex -4.53286 -5 0
      vertex -12.6144 -5 4.2
    endloop
  endfacet
  facet normal 0 1 0
    outer loop
      vertex -12.6144 -5 4.2
      vertex -4.53286 -5 0
      vertex -12.7056 -5 4.05954
    endloop
  endfacet
  facet normal 0 1 0
    outer loop
      vertex -12.7056 -5 4.05954
      vertex -4.53286 -5 0
      vertex -12.811 -5 3.92939
    endloop
  endfacet
  facet normal 0 1 0
    outer loop
      vertex -12.811 -5 3.92939
      vertex -4.53286 -5 0
      vertex -12.9294 -5 3.81097
    endloop
  endfacet
  facet normal 0 1 0
    outer loop
      vertex -13.6673 -5 3.43496
      vertex -15.8316 -5 0
      vertex -13.8328 -5 3.40876
    endloop
  endfacet
  facet normal 0 1 0
    outer loop
      vertex -13.5056 -5 3.47831
      vertex -15.8316 -5 0
      vertex -13.6673 -5 3.43496
    endloop
  endfacet
  facet normal 0 1 0
    outer loop
      vertex -13.3492 -5 3.53833
      vertex -15.8316 -5 0
      vertex -13.5056 -5 3.47831
    endloop
  endfacet
  facet normal 0 1 0
    outer loop
      vertex -13.2 -5 3.61436
      vertex -15.8316 -5 0
      vertex -13.3492 -5 3.53833
    endloop
  endfacet
  facet normal 0 1 0
    outer loop
      vertex -15.8316 -5 0
      vertex -13.2 -5 3.61436
      vertex -4.53286 -5 0
    endloop
  endfacet
  facet normal 0 1 0
    outer loop
      vertex -13.0595 -5 3.70557
      vertex -4.53286 -5 0
      vertex -13.2 -5 3.61436
    endloop
  endfacet
  facet normal 0 1 0
    outer loop
      vertex -12.9294 -5 3.81097
      vertex -4.53286 -5 0
      vertex -13.0595 -5 3.70557
    endloop
  endfacet
  facet normal 0 1 -0
    outer loop
      vertex -14.1672 -5 6.59123
      vertex -15.8316 -5 10.5
      vertex -14 -5 6.6
    endloop
  endfacet
  facet normal 0 1 -0
    outer loop
      vertex -14.3327 -5 6.56504
      vertex -15.8316 -5 10.5
      vertex -14.1672 -5 6.59123
    endloop
  endfacet
  facet normal 0 1 -0
    outer loop
      vertex -14.4944 -5 6.52169
      vertex -15.8316 -5 10.5
      vertex -14.3327 -5 6.56504
    endloop
  endfacet
  facet normal 0 1 -0
    outer loop
      vertex -14.6508 -5 6.46167
      vertex -15.8316 -5 10.5
      vertex -14.4944 -5 6.52169
    endloop
  endfacet
  facet normal 0 1 -0
    outer loop
      vertex -14.8 -5 6.38564
      vertex -15.8316 -5 10.5
      vertex -14.6508 -5 6.46167
    endloop
  endfacet
  facet normal 0 1 -0
    outer loop
      vertex -14.9405 -5 6.29443
      vertex -15.8316 -5 10.5
      vertex -14.8 -5 6.38564
    endloop
  endfacet
  facet normal 0 1 -0
    outer loop
      vertex -15.0706 -5 6.18903
      vertex -15.8316 -5 10.5
      vertex -14.9405 -5 6.29443
    endloop
  endfacet
  facet normal 0 1 -0
    outer loop
      vertex -15.189 -5 6.07061
      vertex -15.8316 -5 10.5
      vertex -15.0706 -5 6.18903
    endloop
  endfacet
  facet normal 0 1 -0
    outer loop
      vertex -15.2944 -5 5.94046
      vertex -15.8316 -5 10.5
      vertex -15.189 -5 6.07061
    endloop
  endfacet
  facet normal 0 1 -0
    outer loop
      vertex -15.3856 -5 5.8
      vertex -15.8316 -5 10.5
      vertex -15.2944 -5 5.94046
    endloop
  endfacet
  facet normal 0 1 -0
    outer loop
      vertex -15.4617 -5 5.65078
      vertex -15.8316 -5 10.5
      vertex -15.3856 -5 5.8
    endloop
  endfacet
  facet normal 0 1 -0
    outer loop
      vertex -15.5217 -5 5.49443
      vertex -15.8316 -5 10.5
      vertex -15.4617 -5 5.65078
    endloop
  endfacet
  facet normal 0 1 -0
    outer loop
      vertex -15.565 -5 5.33266
      vertex -15.8316 -5 10.5
      vertex -15.5217 -5 5.49443
    endloop
  endfacet
  facet normal 0 1 -0
    outer loop
      vertex -15.5912 -5 5.16724
      vertex -15.8316 -5 10.5
      vertex -15.565 -5 5.33266
    endloop
  endfacet
  facet normal 0 1 -0
    outer loop
      vertex -15.6 -5 5
      vertex -15.8316 -5 10.5
      vertex -15.5912 -5 5.16724
    endloop
  endfacet
  facet normal 0 1 0
    outer loop
      vertex -13.8328 -5 3.40876
      vertex -15.8316 -5 0
      vertex -14 -5 3.4
    endloop
  endfacet
  facet normal 0 1 0
    outer loop
      vertex -14 -5 3.4
      vertex -15.8316 -5 0
      vertex -14.1672 -5 3.40876
    endloop
  endfacet
  facet normal 0 1 0
    outer loop
      vertex -14.1672 -5 3.40876
      vertex -15.8316 -5 0
      vertex -14.3327 -5 3.43496
    endloop
  endfacet
  facet normal 0 1 0
    outer loop
      vertex -15.6 -5 5
      vertex -15.8316 -5 0
      vertex -15.8316 -5 10.5
    endloop
  endfacet
  facet normal 0 1 0
    outer loop
      vertex -15.5912 -5 4.83275
      vertex -15.8316 -5 0
      vertex -15.6 -5 5
    endloop
  endfacet
  facet normal 0 1 0
    outer loop
      vertex -15.565 -5 4.66734
      vertex -15.8316 -5 0
      vertex -15.5912 -5 4.83275
    endloop
  endfacet
  facet normal 0 1 0
    outer loop
      vertex -15.5217 -5 4.50557
      vertex -15.8316 -5 0
      vertex -15.565 -5 4.66734
    endloop
  endfacet
  facet normal 0 1 0
    outer loop
      vertex -15.4617 -5 4.34922
      vertex -15.8316 -5 0
      vertex -15.5217 -5 4.50557
    endloop
  endfacet
  facet normal 0 1 0
    outer loop
      vertex -15.3856 -5 4.2
      vertex -15.8316 -5 0
      vertex -15.4617 -5 4.34922
    endloop
  endfacet
  facet normal 0 1 0
    outer loop
      vertex -15.2944 -5 4.05954
      vertex -15.8316 -5 0
      vertex -15.3856 -5 4.2
    endloop
  endfacet
  facet normal 0 1 0
    outer loop
      vertex -15.189 -5 3.92939
      vertex -15.8316 -5 0
      vertex -15.2944 -5 4.05954
    endloop
  endfacet
  facet normal 0 1 0
    outer loop
      vertex -15.0706 -5 3.81097
      vertex -15.8316 -5 0
      vertex -15.189 -5 3.92939
    endloop
  endfacet
  facet normal 0 1 0
    outer loop
      vertex -14.9405 -5 3.70557
      vertex -15.8316 -5 0
      vertex -15.0706 -5 3.81097
    endloop
  endfacet
  facet normal 0 1 0
    outer loop
      vertex -14.8 -5 3.61436
      vertex -15.8316 -5 0
      vertex -14.9405 -5 3.70557
    endloop
  endfacet
  facet normal 0 1 0
    outer loop
      vertex -14.6508 -5 3.53833
      vertex -15.8316 -5 0
      vertex -14.8 -5 3.61436
    endloop
  endfacet
  facet normal 0 1 0
    outer loop
      vertex -14.4944 -5 3.47831
      vertex -15.8316 -5 0
      vertex -14.6508 -5 3.53833
    endloop
  endfacet
  facet normal 0 1 0
    outer loop
      vertex -14.3327 -5 3.43496
      vertex -15.8316 -5 0
      vertex -14.4944 -5 3.47831
    endloop
  endfacet
  facet normal -0.998618 0 -0.0525463
    outer loop
      vertex -12.4 -5 5
      vertex -12.4088 -27.4768 5.16724
      vertex -12.4088 -5 5.16724
    endloop
  endfacet
  facet normal -0.998618 0 -0.0525463
    outer loop
      vertex -12.4088 -27.4768 5.16724
      vertex -12.4 -5 5
      vertex -12.4 -27.4819 5
    endloop
  endfacet
  facet normal -0.998618 0 -0.0525463
    outer loop
      vertex -12.4 5 5
      vertex -12.4088 27.4768 5.16724
      vertex -12.4 27.4819 5
    endloop
  endfacet
  facet normal -0.998618 -0 -0.0525463
    outer loop
      vertex -12.4088 27.4768 5.16724
      vertex -12.4 5 5
      vertex -12.4088 5 5.16724
    endloop
  endfacet
  facet normal -0.358283 -0 -0.933613
    outer loop
      vertex -13.5056 26.8436 6.52169
      vertex -13.3492 5 6.46167
      vertex -13.5056 5 6.52169
    endloop
  endfacet
  facet normal -0.358283 0 -0.933613
    outer loop
      vertex -13.3492 5 6.46167
      vertex -13.5056 26.8436 6.52169
      vertex -13.3492 26.9338 6.46167
    endloop
  endfacet
  facet normal -0.358283 0 -0.933613
    outer loop
      vertex -13.5056 -26.8436 6.52169
      vertex -13.3492 -5 6.46167
      vertex -13.3492 -26.9338 6.46167
    endloop
  endfacet
  facet normal -0.358283 0 -0.933613
    outer loop
      vertex -13.3492 -5 6.46167
      vertex -13.5056 -26.8436 6.52169
      vertex -13.5056 -5 6.52169
    endloop
  endfacet
  facet normal 0.454032 0 -0.890985
    outer loop
      vertex -14.8 -26.0962 6.38564
      vertex -14.6508 -5 6.46167
      vertex -14.6508 -26.1824 6.46167
    endloop
  endfacet
  facet normal 0.454032 0 -0.890985
    outer loop
      vertex -14.6508 -5 6.46167
      vertex -14.8 -26.0962 6.38564
      vertex -14.8 -5 6.38564
    endloop
  endfacet
  facet normal 0.454032 0 -0.890985
    outer loop
      vertex -14.8 26.0962 6.38564
      vertex -14.6508 5 6.46167
      vertex -14.8 5 6.38564
    endloop
  endfacet
  facet normal 0.454032 0 -0.890985
    outer loop
      vertex -14.6508 5 6.46167
      vertex -14.8 26.0962 6.38564
      vertex -14.6508 26.1824 6.46167
    endloop
  endfacet
  facet normal 0.933615 0 -0.358279
    outer loop
      vertex -15.4617 -5 5.65078
      vertex -15.5217 -25.6796 5.49443
      vertex -15.5217 -5 5.49443
    endloop
  endfacet
  facet normal 0.933615 0 -0.358279
    outer loop
      vertex -15.5217 -25.6796 5.49443
      vertex -15.4617 -5 5.65078
      vertex -15.4617 -25.7142 5.65078
    endloop
  endfacet
  facet normal 0.933615 0 -0.358279
    outer loop
      vertex -15.4617 5 5.65078
      vertex -15.5217 25.6796 5.49443
      vertex -15.4617 25.7142 5.65078
    endloop
  endfacet
  facet normal 0.933615 0 -0.358279
    outer loop
      vertex -15.5217 25.6796 5.49443
      vertex -15.4617 5 5.65078
      vertex -15.5217 5 5.49443
    endloop
  endfacet
  facet normal -0.998619 0 0.0525432
    outer loop
      vertex -12.4088 -27.4768 4.83275
      vertex -12.4 -5 5
      vertex -12.4088 -5 4.83275
    endloop
  endfacet
  facet normal -0.998619 0 0.0525432
    outer loop
      vertex -12.4 -5 5
      vertex -12.4088 -27.4768 4.83275
      vertex -12.4 -27.4819 5
    endloop
  endfacet
  facet normal -0.998619 0 0.0525432
    outer loop
      vertex -12.4 5 5
      vertex -12.4088 27.4768 4.83275
      vertex -12.4088 5 4.83275
    endloop
  endfacet
  facet normal -0.998619 0 0.0525432
    outer loop
      vertex -12.4088 27.4768 4.83275
      vertex -12.4 5 5
      vertex -12.4 27.4819 5
    endloop
  endfacet
  facet normal -0.454032 0 0.890985
    outer loop
      vertex -13.3492 -26.9338 3.53833
      vertex -13.2 -5 3.61436
      vertex -13.3492 -5 3.53833
    endloop
  endfacet
  facet normal -0.454032 0 0.890985
    outer loop
      vertex -13.2 -5 3.61436
      vertex -13.3492 -26.9338 3.53833
      vertex -13.2 -27.02 3.61436
    endloop
  endfacet
  facet normal -0.454032 0 0.890985
    outer loop
      vertex -13.3492 26.9338 3.53833
      vertex -13.2 5 3.61436
      vertex -13.2 27.02 3.61436
    endloop
  endfacet
  facet normal -0.454032 0 0.890985
    outer loop
      vertex -13.2 5 3.61436
      vertex -13.3492 26.9338 3.53833
      vertex -13.3492 5 3.53833
    endloop
  endfacet
  facet normal -0.890841 0 -0.454316
    outer loop
      vertex -12.5383 -5 5.65078
      vertex -12.6144 -27.3581 5.8
      vertex -12.6144 -5 5.8
    endloop
  endfacet
  facet normal -0.890841 0 -0.454316
    outer loop
      vertex -12.6144 -27.3581 5.8
      vertex -12.5383 -5 5.65078
      vertex -12.5383 -27.402 5.65078
    endloop
  endfacet
  facet normal -0.890841 0 -0.454316
    outer loop
      vertex -12.5383 5 5.65078
      vertex -12.6144 27.3581 5.8
      vertex -12.5383 27.402 5.65078
    endloop
  endfacet
  facet normal -0.890841 -0 -0.454316
    outer loop
      vertex -12.6144 27.3581 5.8
      vertex -12.5383 5 5.65078
      vertex -12.6144 5 5.8
    endloop
  endfacet
  facet normal -0.838714 0 -0.544573
    outer loop
      vertex -12.6144 -5 5.8
      vertex -12.7056 -27.3055 5.94046
      vertex -12.7056 -5 5.94046
    endloop
  endfacet
  facet normal -0.838714 0 -0.544573
    outer loop
      vertex -12.7056 -27.3055 5.94046
      vertex -12.6144 -5 5.8
      vertex -12.6144 -27.3581 5.8
    endloop
  endfacet
  facet normal -0.838714 0 -0.544573
    outer loop
      vertex -12.6144 5 5.8
      vertex -12.7056 27.3055 5.94046
      vertex -12.6144 27.3581 5.8
    endloop
  endfacet
  facet normal -0.838714 -0 -0.544573
    outer loop
      vertex -12.7056 27.3055 5.94046
      vertex -12.6144 5 5.8
      vertex -12.7056 5 5.94046
    endloop
  endfacet
  facet normal 0.998619 -0 0.0525432
    outer loop
      vertex -15.6 -25.6344 5
      vertex -15.5912 -5 4.83275
      vertex -15.6 -5 5
    endloop
  endfacet
  facet normal 0.998619 0 0.0525432
    outer loop
      vertex -15.5912 -5 4.83275
      vertex -15.6 -25.6344 5
      vertex -15.5912 -25.6394 4.83275
    endloop
  endfacet
  facet normal 0.998619 0 0.0525432
    outer loop
      vertex -15.5912 5 4.83275
      vertex -15.6 25.6344 5
      vertex -15.6 5 5
    endloop
  endfacet
  facet normal 0.998619 0 0.0525432
    outer loop
      vertex -15.6 25.6344 5
      vertex -15.5912 5 4.83275
      vertex -15.5912 25.6394 4.83275
    endloop
  endfacet
  facet normal -0.933615 0 0.358279
    outer loop
      vertex -12.5383 -27.402 4.34922
      vertex -12.4783 -5 4.50557
      vertex -12.5383 -5 4.34922
    endloop
  endfacet
  facet normal -0.933615 0 0.358279
    outer loop
      vertex -12.4783 -5 4.50557
      vertex -12.5383 -27.402 4.34922
      vertex -12.4783 -27.4367 4.50557
    endloop
  endfacet
  facet normal -0.933615 0 0.358279
    outer loop
      vertex -12.4783 5 4.50557
      vertex -12.5383 27.402 4.34922
      vertex -12.5383 5 4.34922
    endloop
  endfacet
  facet normal -0.933615 0 0.358279
    outer loop
      vertex -12.5383 27.402 4.34922
      vertex -12.4783 5 4.50557
      vertex -12.4783 27.4367 4.50557
    endloop
  endfacet
  facet normal 0.965995 -0 0.258562
    outer loop
      vertex -15.565 -25.6545 4.66734
      vertex -15.5217 -5 4.50557
      vertex -15.565 -5 4.66734
    endloop
  endfacet
  facet normal 0.965995 0 0.258562
    outer loop
      vertex -15.5217 -5 4.50557
      vertex -15.565 -25.6545 4.66734
      vertex -15.5217 -25.6796 4.50557
    endloop
  endfacet
  facet normal 0.965995 0 0.258562
    outer loop
      vertex -15.5217 5 4.50557
      vertex -15.565 25.6545 4.66734
      vertex -15.565 5 4.66734
    endloop
  endfacet
  facet normal 0.965995 0 0.258562
    outer loop
      vertex -15.565 25.6545 4.66734
      vertex -15.5217 5 4.50557
      vertex -15.5217 25.6796 4.50557
    endloop
  endfacet
  facet normal -0.544506 0 0.838757
    outer loop
      vertex -13.2 -27.02 3.61436
      vertex -13.0595 -5 3.70557
      vertex -13.2 -5 3.61436
    endloop
  endfacet
  facet normal -0.544506 0 0.838757
    outer loop
      vertex -13.0595 -5 3.70557
      vertex -13.2 -27.02 3.61436
      vertex -13.0595 -27.1011 3.70557
    endloop
  endfacet
  facet normal -0.544506 0 0.838757
    outer loop
      vertex -13.2 27.02 3.61436
      vertex -13.0595 5 3.70557
      vertex -13.0595 27.1011 3.70557
    endloop
  endfacet
  facet normal -0.544506 0 0.838757
    outer loop
      vertex -13.0595 5 3.70557
      vertex -13.2 27.02 3.61436
      vertex -13.2 5 3.61436
    endloop
  endfacet
  facet normal -0.777127 0 -0.629344
    outer loop
      vertex -12.7056 -5 5.94046
      vertex -12.811 -27.2446 6.07061
      vertex -12.811 -5 6.07061
    endloop
  endfacet
  facet normal -0.777127 0 -0.629344
    outer loop
      vertex -12.811 -27.2446 6.07061
      vertex -12.7056 -5 5.94046
      vertex -12.7056 -27.3055 5.94046
    endloop
  endfacet
  facet normal -0.777127 0 -0.629344
    outer loop
      vertex -12.7056 5 5.94046
      vertex -12.811 27.2446 6.07061
      vertex -12.7056 27.3055 5.94046
    endloop
  endfacet
  facet normal -0.777127 -0 -0.629344
    outer loop
      vertex -12.811 27.2446 6.07061
      vertex -12.7056 5 5.94046
      vertex -12.811 5 6.07061
    endloop
  endfacet
  facet normal -0.62949 0 -0.777008
    outer loop
      vertex -13.0595 -27.1011 6.29443
      vertex -12.9294 -5 6.18903
      vertex -12.9294 -27.1762 6.18903
    endloop
  endfacet
  facet normal -0.62949 0 -0.777008
    outer loop
      vertex -12.9294 -5 6.18903
      vertex -13.0595 -27.1011 6.29443
      vertex -13.0595 -5 6.29443
    endloop
  endfacet
  facet normal -0.62949 -0 -0.777008
    outer loop
      vertex -13.0595 27.1011 6.29443
      vertex -12.9294 5 6.18903
      vertex -13.0595 5 6.29443
    endloop
  endfacet
  facet normal -0.62949 0 -0.777008
    outer loop
      vertex -12.9294 5 6.18903
      vertex -13.0595 27.1011 6.29443
      vertex -12.9294 27.1762 6.18903
    endloop
  endfacet
  facet normal 0.0523801 0 -0.998627
    outer loop
      vertex -14.1672 26.4616 6.59123
      vertex -14 5 6.6
      vertex -14.1672 5 6.59123
    endloop
  endfacet
  facet normal 0.0523801 0 -0.998627
    outer loop
      vertex -14 5 6.6
      vertex -14.1672 26.4616 6.59123
      vertex -14 26.5581 6.6
    endloop
  endfacet
  facet normal 0.0523801 0 -0.998627
    outer loop
      vertex -14.1672 -26.4616 6.59123
      vertex -14 -5 6.6
      vertex -14 -26.5581 6.6
    endloop
  endfacet
  facet normal 0.0523801 0 -0.998627
    outer loop
      vertex -14 -5 6.6
      vertex -14.1672 -26.4616 6.59123
      vertex -14.1672 -5 6.59123
    endloop
  endfacet
  facet normal -0.156303 -0 -0.987709
    outer loop
      vertex -13.8328 26.6547 6.59123
      vertex -13.6673 5 6.56504
      vertex -13.8328 5 6.59123
    endloop
  endfacet
  facet normal -0.156303 0 -0.987709
    outer loop
      vertex -13.6673 5 6.56504
      vertex -13.8328 26.6547 6.59123
      vertex -13.6673 26.7502 6.56504
    endloop
  endfacet
  facet normal -0.156303 0 -0.987709
    outer loop
      vertex -13.8328 -26.6547 6.59123
      vertex -13.6673 -5 6.56504
      vertex -13.6673 -26.7502 6.56504
    endloop
  endfacet
  facet normal -0.156303 0 -0.987709
    outer loop
      vertex -13.6673 -5 6.56504
      vertex -13.8328 -26.6547 6.59123
      vertex -13.8328 -5 6.59123
    endloop
  endfacet
  facet normal -0.544506 0 -0.838757
    outer loop
      vertex -13.2 -27.02 6.38564
      vertex -13.0595 -5 6.29443
      vertex -13.0595 -27.1011 6.29443
    endloop
  endfacet
  facet normal -0.544506 0 -0.838757
    outer loop
      vertex -13.0595 -5 6.29443
      vertex -13.2 -27.02 6.38564
      vertex -13.2 -5 6.38564
    endloop
  endfacet
  facet normal -0.544506 -0 -0.838757
    outer loop
      vertex -13.2 27.02 6.38564
      vertex -13.0595 5 6.29443
      vertex -13.2 5 6.38564
    endloop
  endfacet
  facet normal -0.544506 0 -0.838757
    outer loop
      vertex -13.0595 5 6.29443
      vertex -13.2 27.02 6.38564
      vertex -13.0595 27.1011 6.29443
    endloop
  endfacet
  facet normal 0.987688 0 -0.156435
    outer loop
      vertex -15.565 -5 5.33266
      vertex -15.5912 -25.6394 5.16724
      vertex -15.5912 -5 5.16724
    endloop
  endfacet
  facet normal 0.987688 0 -0.156435
    outer loop
      vertex -15.5912 -25.6394 5.16724
      vertex -15.565 -5 5.33266
      vertex -15.565 -25.6545 5.33266
    endloop
  endfacet
  facet normal 0.987688 0 -0.156435
    outer loop
      vertex -15.565 5 5.33266
      vertex -15.5912 25.6394 5.16724
      vertex -15.565 25.6545 5.33266
    endloop
  endfacet
  facet normal 0.987688 0 -0.156435
    outer loop
      vertex -15.5912 25.6394 5.16724
      vertex -15.565 5 5.33266
      vertex -15.5912 5 5.16724
    endloop
  endfacet
  facet normal 0.838714 0 -0.544573
    outer loop
      vertex -15.2944 -5 5.94046
      vertex -15.3856 -25.7581 5.8
      vertex -15.3856 -5 5.8
    endloop
  endfacet
  facet normal 0.838714 0 -0.544573
    outer loop
      vertex -15.3856 -25.7581 5.8
      vertex -15.2944 -5 5.94046
      vertex -15.2944 -25.8108 5.94046
    endloop
  endfacet
  facet normal 0.838714 0 -0.544573
    outer loop
      vertex -15.2944 5 5.94046
      vertex -15.3856 25.7581 5.8
      vertex -15.2944 25.8108 5.94046
    endloop
  endfacet
  facet normal 0.838714 0 -0.544573
    outer loop
      vertex -15.3856 25.7581 5.8
      vertex -15.2944 5 5.94046
      vertex -15.3856 5 5.8
    endloop
  endfacet
  facet normal 0.62949 0 -0.777008
    outer loop
      vertex -15.0706 -25.94 6.18903
      vertex -14.9405 -5 6.29443
      vertex -14.9405 -26.0151 6.29443
    endloop
  endfacet
  facet normal 0.62949 0 -0.777008
    outer loop
      vertex -14.9405 -5 6.29443
      vertex -15.0706 -25.94 6.18903
      vertex -15.0706 -5 6.18903
    endloop
  endfacet
  facet normal 0.62949 0 -0.777008
    outer loop
      vertex -15.0706 25.94 6.18903
      vertex -14.9405 5 6.29443
      vertex -15.0706 5 6.18903
    endloop
  endfacet
  facet normal 0.62949 0 -0.777008
    outer loop
      vertex -14.9405 5 6.29443
      vertex -15.0706 25.94 6.18903
      vertex -14.9405 26.0151 6.29443
    endloop
  endfacet
  facet normal 0.777127 0 -0.629344
    outer loop
      vertex -15.189 -5 6.07061
      vertex -15.2944 -25.8108 5.94046
      vertex -15.2944 -5 5.94046
    endloop
  endfacet
  facet normal 0.777127 0 -0.629344
    outer loop
      vertex -15.2944 -25.8108 5.94046
      vertex -15.189 -5 6.07061
      vertex -15.189 -25.8716 6.07061
    endloop
  endfacet
  facet normal 0.777127 0 -0.629344
    outer loop
      vertex -15.189 5 6.07061
      vertex -15.2944 25.8108 5.94046
      vertex -15.189 25.8716 6.07061
    endloop
  endfacet
  facet normal 0.777127 0 -0.629344
    outer loop
      vertex -15.2944 25.8108 5.94046
      vertex -15.189 5 6.07061
      vertex -15.2944 5 5.94046
    endloop
  endfacet
  facet normal 0.707166 0 -0.707047
    outer loop
      vertex -15.0706 -5 6.18903
      vertex -15.189 -25.8716 6.07061
      vertex -15.189 -5 6.07061
    endloop
  endfacet
  facet normal 0.707166 0 -0.707047
    outer loop
      vertex -15.189 -25.8716 6.07061
      vertex -15.0706 -5 6.18903
      vertex -15.0706 -25.94 6.18903
    endloop
  endfacet
  facet normal 0.707166 0 -0.707047
    outer loop
      vertex -15.0706 5 6.18903
      vertex -15.189 25.8716 6.07061
      vertex -15.0706 25.94 6.18903
    endloop
  endfacet
  facet normal 0.707166 0 -0.707047
    outer loop
      vertex -15.189 25.8716 6.07061
      vertex -15.0706 5 6.18903
      vertex -15.189 5 6.07061
    endloop
  endfacet
  facet normal -0.838714 0 0.544573
    outer loop
      vertex -12.7056 -27.3055 4.05954
      vertex -12.6144 -5 4.2
      vertex -12.7056 -5 4.05954
    endloop
  endfacet
  facet normal -0.838714 0 0.544573
    outer loop
      vertex -12.6144 -5 4.2
      vertex -12.7056 -27.3055 4.05954
      vertex -12.6144 -27.3581 4.2
    endloop
  endfacet
  facet normal -0.838714 0 0.544573
    outer loop
      vertex -12.6144 5 4.2
      vertex -12.7056 27.3055 4.05954
      vertex -12.7056 5 4.05954
    endloop
  endfacet
  facet normal -0.838714 0 0.544573
    outer loop
      vertex -12.7056 27.3055 4.05954
      vertex -12.6144 5 4.2
      vertex -12.6144 27.3581 4.2
    endloop
  endfacet
  facet normal 0.933615 -0 0.358279
    outer loop
      vertex -15.5217 -25.6796 4.50557
      vertex -15.4617 -5 4.34922
      vertex -15.5217 -5 4.50557
    endloop
  endfacet
  facet normal 0.933615 0 0.358279
    outer loop
      vertex -15.4617 -5 4.34922
      vertex -15.5217 -25.6796 4.50557
      vertex -15.4617 -25.7142 4.34922
    endloop
  endfacet
  facet normal 0.933615 0 0.358279
    outer loop
      vertex -15.4617 5 4.34922
      vertex -15.5217 25.6796 4.50557
      vertex -15.5217 5 4.50557
    endloop
  endfacet
  facet normal 0.933615 0 0.358279
    outer loop
      vertex -15.5217 25.6796 4.50557
      vertex -15.4617 5 4.34922
      vertex -15.4617 25.7142 4.34922
    endloop
  endfacet
  facet normal -0.933615 0 -0.358279
    outer loop
      vertex -12.4783 -5 5.49443
      vertex -12.5383 -27.402 5.65078
      vertex -12.5383 -5 5.65078
    endloop
  endfacet
  facet normal -0.933615 0 -0.358279
    outer loop
      vertex -12.5383 -27.402 5.65078
      vertex -12.4783 -5 5.49443
      vertex -12.4783 -27.4367 5.49443
    endloop
  endfacet
  facet normal -0.933615 0 -0.358279
    outer loop
      vertex -12.4783 5 5.49443
      vertex -12.5383 27.402 5.65078
      vertex -12.4783 27.4367 5.49443
    endloop
  endfacet
  facet normal -0.933615 -0 -0.358279
    outer loop
      vertex -12.5383 27.402 5.65078
      vertex -12.4783 5 5.49443
      vertex -12.5383 5 5.65078
    endloop
  endfacet
  facet normal -0.965995 0 -0.258562
    outer loop
      vertex -12.435 -5 5.33266
      vertex -12.4783 -27.4367 5.49443
      vertex -12.4783 -5 5.49443
    endloop
  endfacet
  facet normal -0.965995 0 -0.258562
    outer loop
      vertex -12.4783 -27.4367 5.49443
      vertex -12.435 -5 5.33266
      vertex -12.435 -27.4617 5.33266
    endloop
  endfacet
  facet normal -0.965995 0 -0.258562
    outer loop
      vertex -12.435 5 5.33266
      vertex -12.4783 27.4367 5.49443
      vertex -12.435 27.4617 5.33266
    endloop
  endfacet
  facet normal -0.965995 -0 -0.258562
    outer loop
      vertex -12.4783 27.4367 5.49443
      vertex -12.435 5 5.33266
      vertex -12.4783 5 5.49443
    endloop
  endfacet
  facet normal -0.707166 0 -0.707047
    outer loop
      vertex -12.811 -5 6.07061
      vertex -12.9294 -27.1762 6.18903
      vertex -12.9294 -5 6.18903
    endloop
  endfacet
  facet normal -0.707166 0 -0.707047
    outer loop
      vertex -12.9294 -27.1762 6.18903
      vertex -12.811 -5 6.07061
      vertex -12.811 -27.2446 6.07061
    endloop
  endfacet
  facet normal -0.707166 0 -0.707047
    outer loop
      vertex -12.811 5 6.07061
      vertex -12.9294 27.1762 6.18903
      vertex -12.811 27.2446 6.07061
    endloop
  endfacet
  facet normal -0.707166 -0 -0.707047
    outer loop
      vertex -12.9294 27.1762 6.18903
      vertex -12.811 5 6.07061
      vertex -12.9294 5 6.18903
    endloop
  endfacet
  facet normal -0.0523801 -0 -0.998627
    outer loop
      vertex -14 26.5581 6.6
      vertex -13.8328 5 6.59123
      vertex -14 5 6.6
    endloop
  endfacet
  facet normal -0.0523801 0 -0.998627
    outer loop
      vertex -13.8328 5 6.59123
      vertex -14 26.5581 6.6
      vertex -13.8328 26.6547 6.59123
    endloop
  endfacet
  facet normal -0.0523801 0 -0.998627
    outer loop
      vertex -14 -26.5581 6.6
      vertex -13.8328 -5 6.59123
      vertex -13.8328 -26.6547 6.59123
    endloop
  endfacet
  facet normal -0.0523801 0 -0.998627
    outer loop
      vertex -13.8328 -5 6.59123
      vertex -14 -26.5581 6.6
      vertex -14 -5 6.6
    endloop
  endfacet
  facet normal -0.258945 -0 -0.965892
    outer loop
      vertex -13.6673 26.7502 6.56504
      vertex -13.5056 5 6.52169
      vertex -13.6673 5 6.56504
    endloop
  endfacet
  facet normal -0.258945 0 -0.965892
    outer loop
      vertex -13.5056 5 6.52169
      vertex -13.6673 26.7502 6.56504
      vertex -13.5056 26.8436 6.52169
    endloop
  endfacet
  facet normal -0.258945 0 -0.965892
    outer loop
      vertex -13.6673 -26.7502 6.56504
      vertex -13.5056 -5 6.52169
      vertex -13.5056 -26.8436 6.52169
    endloop
  endfacet
  facet normal -0.258945 0 -0.965892
    outer loop
      vertex -13.5056 -5 6.52169
      vertex -13.6673 -26.7502 6.56504
      vertex -13.6673 -5 6.56504
    endloop
  endfacet
  facet normal -0.454032 0 -0.890985
    outer loop
      vertex -13.3492 -26.9338 6.46167
      vertex -13.2 -5 6.38564
      vertex -13.2 -27.02 6.38564
    endloop
  endfacet
  facet normal -0.454032 0 -0.890985
    outer loop
      vertex -13.2 -5 6.38564
      vertex -13.3492 -26.9338 6.46167
      vertex -13.3492 -5 6.46167
    endloop
  endfacet
  facet normal -0.454032 -0 -0.890985
    outer loop
      vertex -13.3492 26.9338 6.46167
      vertex -13.2 5 6.38564
      vertex -13.3492 5 6.46167
    endloop
  endfacet
  facet normal -0.454032 0 -0.890985
    outer loop
      vertex -13.2 5 6.38564
      vertex -13.3492 26.9338 6.46167
      vertex -13.2 27.02 6.38564
    endloop
  endfacet
  facet normal 0.998618 0 -0.0525463
    outer loop
      vertex -15.5912 -5 5.16724
      vertex -15.6 -25.6344 5
      vertex -15.6 -5 5
    endloop
  endfacet
  facet normal 0.998618 0 -0.0525463
    outer loop
      vertex -15.6 -25.6344 5
      vertex -15.5912 -5 5.16724
      vertex -15.5912 -25.6394 5.16724
    endloop
  endfacet
  facet normal 0.998618 0 -0.0525463
    outer loop
      vertex -15.5912 5 5.16724
      vertex -15.6 25.6344 5
      vertex -15.5912 25.6394 5.16724
    endloop
  endfacet
  facet normal 0.998618 0 -0.0525463
    outer loop
      vertex -15.6 25.6344 5
      vertex -15.5912 5 5.16724
      vertex -15.6 5 5
    endloop
  endfacet
  facet normal 0.965995 0 -0.258562
    outer loop
      vertex -15.5217 -5 5.49443
      vertex -15.565 -25.6545 5.33266
      vertex -15.565 -5 5.33266
    endloop
  endfacet
  facet normal 0.965995 0 -0.258562
    outer loop
      vertex -15.565 -25.6545 5.33266
      vertex -15.5217 -5 5.49443
      vertex -15.5217 -25.6796 5.49443
    endloop
  endfacet
  facet normal 0.965995 0 -0.258562
    outer loop
      vertex -15.5217 5 5.49443
      vertex -15.565 25.6545 5.33266
      vertex -15.5217 25.6796 5.49443
    endloop
  endfacet
  facet normal 0.965995 0 -0.258562
    outer loop
      vertex -15.565 25.6545 5.33266
      vertex -15.5217 5 5.49443
      vertex -15.565 5 5.33266
    endloop
  endfacet
  facet normal 0.890841 0 -0.454316
    outer loop
      vertex -15.3856 -5 5.8
      vertex -15.4617 -25.7142 5.65078
      vertex -15.4617 -5 5.65078
    endloop
  endfacet
  facet normal 0.890841 0 -0.454316
    outer loop
      vertex -15.4617 -25.7142 5.65078
      vertex -15.3856 -5 5.8
      vertex -15.3856 -25.7581 5.8
    endloop
  endfacet
  facet normal 0.890841 0 -0.454316
    outer loop
      vertex -15.3856 5 5.8
      vertex -15.4617 25.7142 5.65078
      vertex -15.3856 25.7581 5.8
    endloop
  endfacet
  facet normal 0.890841 0 -0.454316
    outer loop
      vertex -15.4617 25.7142 5.65078
      vertex -15.3856 5 5.8
      vertex -15.4617 5 5.65078
    endloop
  endfacet
  facet normal 0.358283 0 -0.933613
    outer loop
      vertex -14.6508 26.1824 6.46167
      vertex -14.4944 5 6.52169
      vertex -14.6508 5 6.46167
    endloop
  endfacet
  facet normal 0.358283 0 -0.933613
    outer loop
      vertex -14.4944 5 6.52169
      vertex -14.6508 26.1824 6.46167
      vertex -14.4944 26.2727 6.52169
    endloop
  endfacet
  facet normal 0.358283 0 -0.933613
    outer loop
      vertex -14.6508 -26.1824 6.46167
      vertex -14.4944 -5 6.52169
      vertex -14.4944 -26.2727 6.52169
    endloop
  endfacet
  facet normal 0.358283 0 -0.933613
    outer loop
      vertex -14.4944 -5 6.52169
      vertex -14.6508 -26.1824 6.46167
      vertex -14.6508 -5 6.46167
    endloop
  endfacet
  facet normal 0.156303 0 -0.987709
    outer loop
      vertex -14.3327 26.3661 6.56504
      vertex -14.1672 5 6.59123
      vertex -14.3327 5 6.56504
    endloop
  endfacet
  facet normal 0.156303 0 -0.987709
    outer loop
      vertex -14.1672 5 6.59123
      vertex -14.3327 26.3661 6.56504
      vertex -14.1672 26.4616 6.59123
    endloop
  endfacet
  facet normal 0.156303 0 -0.987709
    outer loop
      vertex -14.3327 -26.3661 6.56504
      vertex -14.1672 -5 6.59123
      vertex -14.1672 -26.4616 6.59123
    endloop
  endfacet
  facet normal 0.156303 0 -0.987709
    outer loop
      vertex -14.1672 -5 6.59123
      vertex -14.3327 -26.3661 6.56504
      vertex -14.3327 -5 6.56504
    endloop
  endfacet
  facet normal 0.258945 0 -0.965892
    outer loop
      vertex -14.4944 26.2727 6.52169
      vertex -14.3327 5 6.56504
      vertex -14.4944 5 6.52169
    endloop
  endfacet
  facet normal 0.258945 0 -0.965892
    outer loop
      vertex -14.3327 5 6.56504
      vertex -14.4944 26.2727 6.52169
      vertex -14.3327 26.3661 6.56504
    endloop
  endfacet
  facet normal 0.258945 0 -0.965892
    outer loop
      vertex -14.4944 -26.2727 6.52169
      vertex -14.3327 -5 6.56504
      vertex -14.3327 -26.3661 6.56504
    endloop
  endfacet
  facet normal 0.258945 0 -0.965892
    outer loop
      vertex -14.3327 -5 6.56504
      vertex -14.4944 -26.2727 6.52169
      vertex -14.4944 -5 6.52169
    endloop
  endfacet
  facet normal 0.544506 0 -0.838757
    outer loop
      vertex -14.9405 -26.0151 6.29443
      vertex -14.8 -5 6.38564
      vertex -14.8 -26.0962 6.38564
    endloop
  endfacet
  facet normal 0.544506 0 -0.838757
    outer loop
      vertex -14.8 -5 6.38564
      vertex -14.9405 -26.0151 6.29443
      vertex -14.9405 -5 6.29443
    endloop
  endfacet
  facet normal 0.544506 0 -0.838757
    outer loop
      vertex -14.9405 26.0151 6.29443
      vertex -14.8 5 6.38564
      vertex -14.9405 5 6.29443
    endloop
  endfacet
  facet normal 0.544506 0 -0.838757
    outer loop
      vertex -14.8 5 6.38564
      vertex -14.9405 26.0151 6.29443
      vertex -14.8 26.0962 6.38564
    endloop
  endfacet
  facet normal -0.890841 0 0.454316
    outer loop
      vertex -12.6144 -27.3581 4.2
      vertex -12.5383 -5 4.34922
      vertex -12.6144 -5 4.2
    endloop
  endfacet
  facet normal -0.890841 0 0.454316
    outer loop
      vertex -12.5383 -5 4.34922
      vertex -12.6144 -27.3581 4.2
      vertex -12.5383 -27.402 4.34922
    endloop
  endfacet
  facet normal -0.890841 0 0.454316
    outer loop
      vertex -12.5383 5 4.34922
      vertex -12.6144 27.3581 4.2
      vertex -12.6144 5 4.2
    endloop
  endfacet
  facet normal -0.890841 0 0.454316
    outer loop
      vertex -12.6144 27.3581 4.2
      vertex -12.5383 5 4.34922
      vertex -12.5383 27.402 4.34922
    endloop
  endfacet
  facet normal 0.0523206 0 0.99863
    outer loop
      vertex -14.1672 26.4616 3.40876
      vertex -14 5 3.4
      vertex -14 26.5581 3.4
    endloop
  endfacet
  facet normal 0.0523206 0 0.99863
    outer loop
      vertex -14 5 3.4
      vertex -14.1672 26.4616 3.40876
      vertex -14.1672 5 3.40876
    endloop
  endfacet
  facet normal 0.0523206 -0 0.99863
    outer loop
      vertex -14.1672 -26.4616 3.40876
      vertex -14 -5 3.4
      vertex -14.1672 -5 3.40876
    endloop
  endfacet
  facet normal 0.0523206 0 0.99863
    outer loop
      vertex -14 -5 3.4
      vertex -14.1672 -26.4616 3.40876
      vertex -14 -26.5581 3.4
    endloop
  endfacet
  facet normal 0.987687 -0 0.156444
    outer loop
      vertex -15.5912 -25.6394 4.83275
      vertex -15.565 -5 4.66734
      vertex -15.5912 -5 4.83275
    endloop
  endfacet
  facet normal 0.987687 0 0.156444
    outer loop
      vertex -15.565 -5 4.66734
      vertex -15.5912 -25.6394 4.83275
      vertex -15.565 -25.6545 4.66734
    endloop
  endfacet
  facet normal 0.987687 0 0.156444
    outer loop
      vertex -15.565 5 4.66734
      vertex -15.5912 25.6394 4.83275
      vertex -15.5912 5 4.83275
    endloop
  endfacet
  facet normal 0.987687 0 0.156444
    outer loop
      vertex -15.5912 25.6394 4.83275
      vertex -15.565 5 4.66734
      vertex -15.565 25.6545 4.66734
    endloop
  endfacet
  facet normal 0.890841 -0 0.454316
    outer loop
      vertex -15.4617 -25.7142 4.34922
      vertex -15.3856 -5 4.2
      vertex -15.4617 -5 4.34922
    endloop
  endfacet
  facet normal 0.890841 0 0.454316
    outer loop
      vertex -15.3856 -5 4.2
      vertex -15.4617 -25.7142 4.34922
      vertex -15.3856 -25.7581 4.2
    endloop
  endfacet
  facet normal 0.890841 0 0.454316
    outer loop
      vertex -15.3856 5 4.2
      vertex -15.4617 25.7142 4.34922
      vertex -15.4617 5 4.34922
    endloop
  endfacet
  facet normal 0.890841 0 0.454316
    outer loop
      vertex -15.4617 25.7142 4.34922
      vertex -15.3856 5 4.2
      vertex -15.3856 25.7581 4.2
    endloop
  endfacet
  facet normal -0.0523206 0 0.99863
    outer loop
      vertex -14 26.5581 3.4
      vertex -13.8328 5 3.40876
      vertex -13.8328 26.6547 3.40876
    endloop
  endfacet
  facet normal -0.0523206 0 0.99863
    outer loop
      vertex -13.8328 5 3.40876
      vertex -14 26.5581 3.4
      vertex -14 5 3.4
    endloop
  endfacet
  facet normal -0.0523206 0 0.99863
    outer loop
      vertex -14 -26.5581 3.4
      vertex -13.8328 -5 3.40876
      vertex -14 -5 3.4
    endloop
  endfacet
  facet normal -0.0523206 0 0.99863
    outer loop
      vertex -13.8328 -5 3.40876
      vertex -14 -26.5581 3.4
      vertex -13.8328 -26.6547 3.40876
    endloop
  endfacet
  facet normal -0.156361 0 0.9877
    outer loop
      vertex -13.8328 26.6547 3.40876
      vertex -13.6673 5 3.43496
      vertex -13.6673 26.7502 3.43496
    endloop
  endfacet
  facet normal -0.156361 0 0.9877
    outer loop
      vertex -13.6673 5 3.43496
      vertex -13.8328 26.6547 3.40876
      vertex -13.8328 5 3.40876
    endloop
  endfacet
  facet normal -0.156361 0 0.9877
    outer loop
      vertex -13.8328 -26.6547 3.40876
      vertex -13.6673 -5 3.43496
      vertex -13.8328 -5 3.40876
    endloop
  endfacet
  facet normal -0.156361 0 0.9877
    outer loop
      vertex -13.6673 -5 3.43496
      vertex -13.8328 -26.6547 3.40876
      vertex -13.6673 -26.7502 3.43496
    endloop
  endfacet
  facet normal -0.258945 0 0.965892
    outer loop
      vertex -13.6673 -26.7502 3.43496
      vertex -13.5056 -5 3.47831
      vertex -13.6673 -5 3.43496
    endloop
  endfacet
  facet normal -0.258945 0 0.965892
    outer loop
      vertex -13.5056 -5 3.47831
      vertex -13.6673 -26.7502 3.43496
      vertex -13.5056 -26.8436 3.47831
    endloop
  endfacet
  facet normal -0.258945 0 0.965892
    outer loop
      vertex -13.6673 26.7502 3.43496
      vertex -13.5056 5 3.47831
      vertex -13.5056 26.8436 3.47831
    endloop
  endfacet
  facet normal -0.258945 0 0.965892
    outer loop
      vertex -13.5056 5 3.47831
      vertex -13.6673 26.7502 3.43496
      vertex -13.6673 5 3.43496
    endloop
  endfacet
  facet normal -0.358283 0 0.933613
    outer loop
      vertex -13.5056 -26.8436 3.47831
      vertex -13.3492 -5 3.53833
      vertex -13.5056 -5 3.47831
    endloop
  endfacet
  facet normal -0.358283 0 0.933613
    outer loop
      vertex -13.3492 -5 3.53833
      vertex -13.5056 -26.8436 3.47831
      vertex -13.3492 -26.9338 3.53833
    endloop
  endfacet
  facet normal -0.358283 0 0.933613
    outer loop
      vertex -13.5056 26.8436 3.47831
      vertex -13.3492 5 3.53833
      vertex -13.3492 26.9338 3.53833
    endloop
  endfacet
  facet normal -0.358283 0 0.933613
    outer loop
      vertex -13.3492 5 3.53833
      vertex -13.5056 26.8436 3.47831
      vertex -13.5056 5 3.47831
    endloop
  endfacet
  facet normal -0.987688 0 -0.156435
    outer loop
      vertex -12.4088 -5 5.16724
      vertex -12.435 -27.4617 5.33266
      vertex -12.435 -5 5.33266
    endloop
  endfacet
  facet normal -0.987688 0 -0.156435
    outer loop
      vertex -12.435 -27.4617 5.33266
      vertex -12.4088 -5 5.16724
      vertex -12.4088 -27.4768 5.16724
    endloop
  endfacet
  facet normal -0.987688 0 -0.156435
    outer loop
      vertex -12.4088 5 5.16724
      vertex -12.435 27.4617 5.33266
      vertex -12.4088 27.4768 5.16724
    endloop
  endfacet
  facet normal -0.987688 -0 -0.156435
    outer loop
      vertex -12.435 27.4617 5.33266
      vertex -12.4088 5 5.16724
      vertex -12.435 5 5.33266
    endloop
  endfacet
  facet normal -0.965995 0 0.258562
    outer loop
      vertex -12.4783 -27.4367 4.50557
      vertex -12.435 -5 4.66734
      vertex -12.4783 -5 4.50557
    endloop
  endfacet
  facet normal -0.965995 0 0.258562
    outer loop
      vertex -12.435 -5 4.66734
      vertex -12.4783 -27.4367 4.50557
      vertex -12.435 -27.4617 4.66734
    endloop
  endfacet
  facet normal -0.965995 0 0.258562
    outer loop
      vertex -12.435 5 4.66734
      vertex -12.4783 27.4367 4.50557
      vertex -12.4783 5 4.50557
    endloop
  endfacet
  facet normal -0.965995 0 0.258562
    outer loop
      vertex -12.4783 27.4367 4.50557
      vertex -12.435 5 4.66734
      vertex -12.435 27.4617 4.66734
    endloop
  endfacet
  facet normal -0.987687 0 0.156444
    outer loop
      vertex -12.435 -27.4617 4.66734
      vertex -12.4088 -5 4.83275
      vertex -12.435 -5 4.66734
    endloop
  endfacet
  facet normal -0.987687 0 0.156444
    outer loop
      vertex -12.4088 -5 4.83275
      vertex -12.435 -27.4617 4.66734
      vertex -12.4088 -27.4768 4.83275
    endloop
  endfacet
  facet normal -0.987687 0 0.156444
    outer loop
      vertex -12.4088 5 4.83275
      vertex -12.435 27.4617 4.66734
      vertex -12.435 5 4.66734
    endloop
  endfacet
  facet normal -0.987687 0 0.156444
    outer loop
      vertex -12.435 27.4617 4.66734
      vertex -12.4088 5 4.83275
      vertex -12.4088 27.4768 4.83275
    endloop
  endfacet
  facet normal 0.358283 -0 0.933613
    outer loop
      vertex -14.6508 -26.1824 3.53833
      vertex -14.4944 -5 3.47831
      vertex -14.6508 -5 3.53833
    endloop
  endfacet
  facet normal 0.358283 0 0.933613
    outer loop
      vertex -14.4944 -5 3.47831
      vertex -14.6508 -26.1824 3.53833
      vertex -14.4944 -26.2727 3.47831
    endloop
  endfacet
  facet normal 0.358283 0 0.933613
    outer loop
      vertex -14.6508 26.1824 3.53833
      vertex -14.4944 5 3.47831
      vertex -14.4944 26.2727 3.47831
    endloop
  endfacet
  facet normal 0.358283 0 0.933613
    outer loop
      vertex -14.4944 5 3.47831
      vertex -14.6508 26.1824 3.53833
      vertex -14.6508 5 3.53833
    endloop
  endfacet
  facet normal 0.62949 -0 0.777008
    outer loop
      vertex -15.0706 -25.94 3.81097
      vertex -14.9405 -5 3.70557
      vertex -15.0706 -5 3.81097
    endloop
  endfacet
  facet normal 0.62949 0 0.777008
    outer loop
      vertex -14.9405 -5 3.70557
      vertex -15.0706 -25.94 3.81097
      vertex -14.9405 -26.0151 3.70557
    endloop
  endfacet
  facet normal 0.62949 0 0.777008
    outer loop
      vertex -15.0706 25.94 3.81097
      vertex -14.9405 5 3.70557
      vertex -14.9405 26.0151 3.70557
    endloop
  endfacet
  facet normal 0.62949 0 0.777008
    outer loop
      vertex -14.9405 5 3.70557
      vertex -15.0706 25.94 3.81097
      vertex -15.0706 5 3.81097
    endloop
  endfacet
  facet normal 0.544506 -0 0.838757
    outer loop
      vertex -14.9405 -26.0151 3.70557
      vertex -14.8 -5 3.61436
      vertex -14.9405 -5 3.70557
    endloop
  endfacet
  facet normal 0.544506 0 0.838757
    outer loop
      vertex -14.8 -5 3.61436
      vertex -14.9405 -26.0151 3.70557
      vertex -14.8 -26.0962 3.61436
    endloop
  endfacet
  facet normal 0.544506 0 0.838757
    outer loop
      vertex -14.9405 26.0151 3.70557
      vertex -14.8 5 3.61436
      vertex -14.8 26.0962 3.61436
    endloop
  endfacet
  facet normal 0.544506 0 0.838757
    outer loop
      vertex -14.8 5 3.61436
      vertex -14.9405 26.0151 3.70557
      vertex -14.9405 5 3.70557
    endloop
  endfacet
  facet normal 0.838714 -0 0.544573
    outer loop
      vertex -15.3856 -25.7581 4.2
      vertex -15.2944 -5 4.05954
      vertex -15.3856 -5 4.2
    endloop
  endfacet
  facet normal 0.838714 0 0.544573
    outer loop
      vertex -15.2944 -5 4.05954
      vertex -15.3856 -25.7581 4.2
      vertex -15.2944 -25.8108 4.05954
    endloop
  endfacet
  facet normal 0.838714 0 0.544573
    outer loop
      vertex -15.2944 5 4.05954
      vertex -15.3856 25.7581 4.2
      vertex -15.3856 5 4.2
    endloop
  endfacet
  facet normal 0.838714 0 0.544573
    outer loop
      vertex -15.3856 25.7581 4.2
      vertex -15.2944 5 4.05954
      vertex -15.2944 25.8108 4.05954
    endloop
  endfacet
  facet normal -0.62949 0 0.777008
    outer loop
      vertex -13.0595 -27.1011 3.70557
      vertex -12.9294 -5 3.81097
      vertex -13.0595 -5 3.70557
    endloop
  endfacet
  facet normal -0.62949 0 0.777008
    outer loop
      vertex -12.9294 -5 3.81097
      vertex -13.0595 -27.1011 3.70557
      vertex -12.9294 -27.1762 3.81097
    endloop
  endfacet
  facet normal -0.62949 0 0.777008
    outer loop
      vertex -13.0595 27.1011 3.70557
      vertex -12.9294 5 3.81097
      vertex -12.9294 27.1762 3.81097
    endloop
  endfacet
  facet normal -0.62949 0 0.777008
    outer loop
      vertex -12.9294 5 3.81097
      vertex -13.0595 27.1011 3.70557
      vertex -13.0595 5 3.70557
    endloop
  endfacet
  facet normal -0.707166 0 0.707047
    outer loop
      vertex -12.9294 -27.1762 3.81097
      vertex -12.811 -5 3.92939
      vertex -12.9294 -5 3.81097
    endloop
  endfacet
  facet normal -0.707166 0 0.707047
    outer loop
      vertex -12.811 -5 3.92939
      vertex -12.9294 -27.1762 3.81097
      vertex -12.811 -27.2446 3.92939
    endloop
  endfacet
  facet normal -0.707166 0 0.707047
    outer loop
      vertex -12.811 5 3.92939
      vertex -12.9294 27.1762 3.81097
      vertex -12.9294 5 3.81097
    endloop
  endfacet
  facet normal -0.707166 0 0.707047
    outer loop
      vertex -12.9294 27.1762 3.81097
      vertex -12.811 5 3.92939
      vertex -12.811 27.2446 3.92939
    endloop
  endfacet
  facet normal -0.777127 0 0.629344
    outer loop
      vertex -12.811 -27.2446 3.92939
      vertex -12.7056 -5 4.05954
      vertex -12.811 -5 3.92939
    endloop
  endfacet
  facet normal -0.777127 0 0.629344
    outer loop
      vertex -12.7056 -5 4.05954
      vertex -12.811 -27.2446 3.92939
      vertex -12.7056 -27.3055 4.05954
    endloop
  endfacet
  facet normal -0.777127 0 0.629344
    outer loop
      vertex -12.7056 5 4.05954
      vertex -12.811 27.2446 3.92939
      vertex -12.811 5 3.92939
    endloop
  endfacet
  facet normal -0.777127 0 0.629344
    outer loop
      vertex -12.811 27.2446 3.92939
      vertex -12.7056 5 4.05954
      vertex -12.7056 27.3055 4.05954
    endloop
  endfacet
  facet normal 0.258945 -0 0.965892
    outer loop
      vertex -14.4944 -26.2727 3.47831
      vertex -14.3327 -5 3.43496
      vertex -14.4944 -5 3.47831
    endloop
  endfacet
  facet normal 0.258945 0 0.965892
    outer loop
      vertex -14.3327 -5 3.43496
      vertex -14.4944 -26.2727 3.47831
      vertex -14.3327 -26.3661 3.43496
    endloop
  endfacet
  facet normal 0.258945 0 0.965892
    outer loop
      vertex -14.4944 26.2727 3.47831
      vertex -14.3327 5 3.43496
      vertex -14.3327 26.3661 3.43496
    endloop
  endfacet
  facet normal 0.258945 0 0.965892
    outer loop
      vertex -14.3327 5 3.43496
      vertex -14.4944 26.2727 3.47831
      vertex -14.4944 5 3.47831
    endloop
  endfacet
  facet normal 0.454032 -0 0.890985
    outer loop
      vertex -14.8 -26.0962 3.61436
      vertex -14.6508 -5 3.53833
      vertex -14.8 -5 3.61436
    endloop
  endfacet
  facet normal 0.454032 0 0.890985
    outer loop
      vertex -14.6508 -5 3.53833
      vertex -14.8 -26.0962 3.61436
      vertex -14.6508 -26.1824 3.53833
    endloop
  endfacet
  facet normal 0.454032 0 0.890985
    outer loop
      vertex -14.8 26.0962 3.61436
      vertex -14.6508 5 3.53833
      vertex -14.6508 26.1824 3.53833
    endloop
  endfacet
  facet normal 0.454032 0 0.890985
    outer loop
      vertex -14.6508 5 3.53833
      vertex -14.8 26.0962 3.61436
      vertex -14.8 5 3.61436
    endloop
  endfacet
  facet normal 0.777127 -0 0.629344
    outer loop
      vertex -15.2944 -25.8108 4.05954
      vertex -15.189 -5 3.92939
      vertex -15.2944 -5 4.05954
    endloop
  endfacet
  facet normal 0.777127 0 0.629344
    outer loop
      vertex -15.189 -5 3.92939
      vertex -15.2944 -25.8108 4.05954
      vertex -15.189 -25.8716 3.92939
    endloop
  endfacet
  facet normal 0.777127 0 0.629344
    outer loop
      vertex -15.189 5 3.92939
      vertex -15.2944 25.8108 4.05954
      vertex -15.2944 5 4.05954
    endloop
  endfacet
  facet normal 0.777127 0 0.629344
    outer loop
      vertex -15.2944 25.8108 4.05954
      vertex -15.189 5 3.92939
      vertex -15.189 25.8716 3.92939
    endloop
  endfacet
  facet normal 0.707166 -0 0.707047
    outer loop
      vertex -15.189 -25.8716 3.92939
      vertex -15.0706 -5 3.81097
      vertex -15.189 -5 3.92939
    endloop
  endfacet
  facet normal 0.707166 0 0.707047
    outer loop
      vertex -15.0706 -5 3.81097
      vertex -15.189 -25.8716 3.92939
      vertex -15.0706 -25.94 3.81097
    endloop
  endfacet
  facet normal 0.707166 0 0.707047
    outer loop
      vertex -15.0706 5 3.81097
      vertex -15.189 25.8716 3.92939
      vertex -15.189 5 3.92939
    endloop
  endfacet
  facet normal 0.707166 0 0.707047
    outer loop
      vertex -15.189 25.8716 3.92939
      vertex -15.0706 5 3.81097
      vertex -15.0706 25.94 3.81097
    endloop
  endfacet
  facet normal 0.156361 0 0.9877
    outer loop
      vertex -14.3327 26.3661 3.43496
      vertex -14.1672 5 3.40876
      vertex -14.1672 26.4616 3.40876
    endloop
  endfacet
  facet normal 0.156361 0 0.9877
    outer loop
      vertex -14.1672 5 3.40876
      vertex -14.3327 26.3661 3.43496
      vertex -14.3327 5 3.43496
    endloop
  endfacet
  facet normal 0.156361 -0 0.9877
    outer loop
      vertex -14.3327 -26.3661 3.43496
      vertex -14.1672 -5 3.40876
      vertex -14.3327 -5 3.43496
    endloop
  endfacet
  facet normal 0.156361 0 0.9877
    outer loop
      vertex -14.1672 -5 3.40876
      vertex -14.3327 -26.3661 3.43496
      vertex -14.1672 -26.4616 3.40876
    endloop
  endfacet
  facet normal -0.998632 -0.05228 0
    outer loop
      vertex -13.8 0 10.5
      vertex -13.8394 0.752604 13
      vertex -13.8394 0.752604 10.5
    endloop
  endfacet
  facet normal -0.998632 -0.05228 0
    outer loop
      vertex -13.8394 0.752604 13
      vertex -13.8 0 10.5
      vertex -13.8 0 13
    endloop
  endfacet
  facet normal 0.998632 -0.05228 0
    outer loop
      vertex -28.2 0 13
      vertex -28.1606 0.752604 10.5
      vertex -28.1606 0.752604 13
    endloop
  endfacet
  facet normal 0.998632 -0.05228 0
    outer loop
      vertex -28.1606 0.752604 10.5
      vertex -28.2 0 13
      vertex -28.2 0 10.5
    endloop
  endfacet
  facet normal -0.0523332 -0.99863 0
    outer loop
      vertex -21 7.2 0
      vertex -20.2474 7.16056 13
      vertex -21 7.2 13
    endloop
  endfacet
  facet normal -0.0523332 -0.99863 -0
    outer loop
      vertex -20.2474 7.16056 13
      vertex -21 7.2 0
      vertex -20.2474 7.16056 0
    endloop
  endfacet
  facet normal 0.0523332 0.99863 -0
    outer loop
      vertex -21 -7.2 0
      vertex -21.7526 -7.16056 13
      vertex -21 -7.2 13
    endloop
  endfacet
  facet normal 0.0523332 0.99863 0
    outer loop
      vertex -21.7526 -7.16056 13
      vertex -21 -7.2 0
      vertex -21.7526 -7.16056 0
    endloop
  endfacet
  facet normal -0.707046 -0.707167 -0
    outer loop
      vertex -15.8316 5 10.5
      vertex -16.1823 5.35064 0
      vertex -15.8316 5 0
    endloop
  endfacet
  facet normal -0.707046 -0.707167 0
    outer loop
      vertex -16.1823 5.35064 0
      vertex -15.8316 5 10.5
      vertex -16.1823 5.35064 13
    endloop
  endfacet
  facet normal -0.707223 -0.70699 -0
    outer loop
      vertex -15.6494 4.81774 13
      vertex -15.8316 5 10.5
      vertex -15.6494 4.81774 10.5
    endloop
  endfacet
  facet normal -0.707107 -0.707107 -1.69706e-05
    outer loop
      vertex -15.8316 5 10.5
      vertex -15.6494 4.81774 13
      vertex -16.1823 5.35064 13
    endloop
  endfacet
  facet normal 0.629377 -0.7771 0
    outer loop
      vertex -25.8177 5.35064 0
      vertex -25.2321 5.82492 13
      vertex -25.8177 5.35064 13
    endloop
  endfacet
  facet normal 0.629377 -0.7771 0
    outer loop
      vertex -25.2321 5.82492 13
      vertex -25.8177 5.35064 0
      vertex -25.2321 5.82492 0
    endloop
  endfacet
  facet normal 0.258831 -0.965923 0
    outer loop
      vertex -23.2249 6.84761 0
      vertex -22.497 7.04266 13
      vertex -23.2249 6.84761 13
    endloop
  endfacet
  facet normal 0.258831 -0.965923 0
    outer loop
      vertex -22.497 7.04266 13
      vertex -23.2249 6.84761 0
      vertex -22.497 7.04266 0
    endloop
  endfacet
  facet normal -0.933571 -0.358392 0
    outer loop
      vertex -14.1524 2.22492 10.5
      vertex -14.4225 2.9285 13
      vertex -14.4225 2.9285 10.5
    endloop
  endfacet
  facet normal -0.933571 -0.358392 0
    outer loop
      vertex -14.4225 2.9285 13
      vertex -14.1524 2.22492 10.5
      vertex -14.1524 2.22492 13
    endloop
  endfacet
  facet normal -0.987687 -0.156442 0
    outer loop
      vertex -13.8394 0.752604 10.5
      vertex -13.9573 1.49696 13
      vertex -13.9573 1.49696 10.5
    endloop
  endfacet
  facet normal -0.987687 -0.156442 0
    outer loop
      vertex -13.9573 1.49696 13
      vertex -13.8394 0.752604 10.5
      vertex -13.8394 0.752604 13
    endloop
  endfacet
  facet normal -0.35836 -0.933583 0
    outer loop
      vertex -18.7751 6.84761 0
      vertex -18.0715 6.57753 13
      vertex -18.7751 6.84761 13
    endloop
  endfacet
  facet normal -0.35836 -0.933583 -0
    outer loop
      vertex -18.0715 6.57753 13
      vertex -18.7751 6.84761 0
      vertex -18.0715 6.57753 0
    endloop
  endfacet
  facet normal -0.258831 -0.965923 0
    outer loop
      vertex -19.503 7.04266 0
      vertex -18.7751 6.84761 13
      vertex -19.503 7.04266 13
    endloop
  endfacet
  facet normal -0.258831 -0.965923 -0
    outer loop
      vertex -18.7751 6.84761 13
      vertex -19.503 7.04266 0
      vertex -18.7751 6.84761 0
    endloop
  endfacet
  facet normal 0.838645 -0.544678 0
    outer loop
      vertex -27.2354 3.6 13
      vertex -26.8249 4.23205 10.5
      vertex -26.8249 4.23205 13
    endloop
  endfacet
  facet normal 0.838645 -0.544678 0
    outer loop
      vertex -26.8249 4.23205 10.5
      vertex -27.2354 3.6 13
      vertex -27.2354 3.6 10.5
    endloop
  endfacet
  facet normal 0.777135 -0.629334 0
    outer loop
      vertex -26.8249 4.23205 13
      vertex -26.3506 4.81774 10.5
      vertex -26.3506 4.81774 13
    endloop
  endfacet
  facet normal 0.777135 -0.629334 0
    outer loop
      vertex -26.3506 4.81774 10.5
      vertex -26.8249 4.23205 13
      vertex -26.8249 4.23205 10.5
    endloop
  endfacet
  facet normal 0.156433 -0.987689 0
    outer loop
      vertex -22.497 7.04266 0
      vertex -21.7526 7.16056 13
      vertex -22.497 7.04266 13
    endloop
  endfacet
  facet normal 0.156433 -0.987689 0
    outer loop
      vertex -21.7526 7.16056 13
      vertex -22.497 7.04266 0
      vertex -21.7526 7.16056 0
    endloop
  endfacet
  facet normal -0.891031 0.453942 0
    outer loop
      vertex -14.7646 -3.6 10.5
      vertex -14.4225 -2.9285 13
      vertex -14.4225 -2.9285 10.5
    endloop
  endfacet
  facet normal -0.891031 0.453942 0
    outer loop
      vertex -14.4225 -2.9285 13
      vertex -14.7646 -3.6 10.5
      vertex -14.7646 -3.6 13
    endloop
  endfacet
  facet normal -0.258831 0.965923 0
    outer loop
      vertex -18.7751 -6.84761 0
      vertex -19.503 -7.04266 13
      vertex -18.7751 -6.84761 13
    endloop
  endfacet
  facet normal -0.258831 0.965923 0
    outer loop
      vertex -19.503 -7.04266 13
      vertex -18.7751 -6.84761 0
      vertex -19.503 -7.04266 0
    endloop
  endfacet
  facet normal -0.707046 0.707167 0
    outer loop
      vertex -15.8316 -5 0
      vertex -16.1823 -5.35064 0
      vertex -15.8316 -5 10.5
    endloop
  endfacet
  facet normal -0.707223 0.70699 0
    outer loop
      vertex -15.8316 -5 10.5
      vertex -15.6494 -4.81774 13
      vertex -15.6494 -4.81774 10.5
    endloop
  endfacet
  facet normal -0.707107 0.707107 -1.69706e-05
    outer loop
      vertex -15.8316 -5 10.5
      vertex -16.1823 -5.35064 13
      vertex -15.6494 -4.81774 13
    endloop
  endfacet
  facet normal -0.707046 0.707167 0
    outer loop
      vertex -16.1823 -5.35064 13
      vertex -15.8316 -5 10.5
      vertex -16.1823 -5.35064 0
    endloop
  endfacet
  facet normal -0.965911 0.258873 0
    outer loop
      vertex -14.1524 -2.22492 10.5
      vertex -13.9573 -1.49696 13
      vertex -13.9573 -1.49696 10.5
    endloop
  endfacet
  facet normal -0.965911 0.258873 0
    outer loop
      vertex -13.9573 -1.49696 13
      vertex -14.1524 -2.22492 10.5
      vertex -14.1524 -2.22492 13
    endloop
  endfacet
  facet normal 0.35836 0.933583 -0
    outer loop
      vertex -23.2249 -6.84761 0
      vertex -23.9285 -6.57753 13
      vertex -23.2249 -6.84761 13
    endloop
  endfacet
  facet normal 0.35836 0.933583 0
    outer loop
      vertex -23.9285 -6.57753 13
      vertex -23.2249 -6.84761 0
      vertex -23.9285 -6.57753 0
    endloop
  endfacet
  facet normal 0.777135 0.629334 0
    outer loop
      vertex -26.3506 -4.81774 13
      vertex -26.8249 -4.23205 10.5
      vertex -26.8249 -4.23205 13
    endloop
  endfacet
  facet normal 0.777135 0.629334 0
    outer loop
      vertex -26.8249 -4.23205 10.5
      vertex -26.3506 -4.81774 13
      vertex -26.3506 -4.81774 10.5
    endloop
  endfacet
  facet normal 0.838645 0.544678 0
    outer loop
      vertex -26.8249 -4.23205 13
      vertex -27.2354 -3.6 10.5
      vertex -27.2354 -3.6 13
    endloop
  endfacet
  facet normal 0.838645 0.544678 0
    outer loop
      vertex -27.2354 -3.6 10.5
      vertex -26.8249 -4.23205 13
      vertex -26.8249 -4.23205 10.5
    endloop
  endfacet
  facet normal -0.965911 -0.258873 0
    outer loop
      vertex -13.9573 1.49696 10.5
      vertex -14.1524 2.22492 13
      vertex -14.1524 2.22492 10.5
    endloop
  endfacet
  facet normal -0.965911 -0.258873 0
    outer loop
      vertex -14.1524 2.22492 13
      vertex -13.9573 1.49696 10.5
      vertex -13.9573 1.49696 13
    endloop
  endfacet
  facet normal -0.838645 -0.544678 0
    outer loop
      vertex -14.7646 3.6 10.5
      vertex -15.1751 4.23205 13
      vertex -15.1751 4.23205 10.5
    endloop
  endfacet
  facet normal -0.838645 -0.544678 0
    outer loop
      vertex -15.1751 4.23205 13
      vertex -14.7646 3.6 10.5
      vertex -14.7646 3.6 13
    endloop
  endfacet
  facet normal -0.891031 -0.453942 0
    outer loop
      vertex -14.4225 2.9285 10.5
      vertex -14.7646 3.6 13
      vertex -14.7646 3.6 10.5
    endloop
  endfacet
  facet normal -0.891031 -0.453942 0
    outer loop
      vertex -14.7646 3.6 13
      vertex -14.4225 2.9285 10.5
      vertex -14.4225 2.9285 13
    endloop
  endfacet
  facet normal -0.156433 -0.987689 0
    outer loop
      vertex -20.2474 7.16056 0
      vertex -19.503 7.04266 13
      vertex -20.2474 7.16056 13
    endloop
  endfacet
  facet normal -0.156433 -0.987689 -0
    outer loop
      vertex -19.503 7.04266 13
      vertex -20.2474 7.16056 0
      vertex -19.503 7.04266 0
    endloop
  endfacet
  facet normal -0.544611 -0.838689 0
    outer loop
      vertex -17.4 6.23538 0
      vertex -16.7679 5.82492 13
      vertex -17.4 6.23538 13
    endloop
  endfacet
  facet normal -0.544611 -0.838689 -0
    outer loop
      vertex -16.7679 5.82492 13
      vertex -17.4 6.23538 0
      vertex -16.7679 5.82492 0
    endloop
  endfacet
  facet normal -0.629377 -0.7771 0
    outer loop
      vertex -16.7679 5.82492 0
      vertex -16.1823 5.35064 13
      vertex -16.7679 5.82492 13
    endloop
  endfacet
  facet normal -0.629377 -0.7771 -0
    outer loop
      vertex -16.1823 5.35064 13
      vertex -16.7679 5.82492 0
      vertex -16.1823 5.35064 0
    endloop
  endfacet
  facet normal 0.965911 -0.258873 0
    outer loop
      vertex -28.0427 1.49696 13
      vertex -27.8476 2.22492 10.5
      vertex -27.8476 2.22492 13
    endloop
  endfacet
  facet normal 0.965911 -0.258873 0
    outer loop
      vertex -27.8476 2.22492 10.5
      vertex -28.0427 1.49696 13
      vertex -28.0427 1.49696 10.5
    endloop
  endfacet
  facet normal 0.891031 -0.453942 0
    outer loop
      vertex -27.5775 2.9285 13
      vertex -27.2354 3.6 10.5
      vertex -27.2354 3.6 13
    endloop
  endfacet
  facet normal 0.891031 -0.453942 0
    outer loop
      vertex -27.2354 3.6 10.5
      vertex -27.5775 2.9285 13
      vertex -27.5775 2.9285 10.5
    endloop
  endfacet
  facet normal 0.987687 -0.156442 0
    outer loop
      vertex -28.1606 0.752604 13
      vertex -28.0427 1.49696 10.5
      vertex -28.0427 1.49696 13
    endloop
  endfacet
  facet normal 0.987687 -0.156442 0
    outer loop
      vertex -28.0427 1.49696 10.5
      vertex -28.1606 0.752604 13
      vertex -28.1606 0.752604 10.5
    endloop
  endfacet
  facet normal 0 0 -1
    outer loop
      vertex -14.8 0 13
      vertex -13.8 0 13
      vertex -13.8394 -0.752604 13
    endloop
  endfacet
  facet normal 0 0 -1
    outer loop
      vertex -14.834 -0.648076 13
      vertex -13.8394 -0.752604 13
      vertex -13.9573 -1.49696 13
    endloop
  endfacet
  facet normal 0 0 -1
    outer loop
      vertex -13.8 0 13
      vertex -14.8 0 13
      vertex -13.8394 0.752604 13
    endloop
  endfacet
  facet normal 0 0 -1
    outer loop
      vertex -14.9355 -1.28905 13
      vertex -13.9573 -1.49696 13
      vertex -14.1524 -2.22492 13
    endloop
  endfacet
  facet normal 0 0 -1
    outer loop
      vertex -14.834 0.648076 13
      vertex -13.8394 0.752604 13
      vertex -14.8 0 13
    endloop
  endfacet
  facet normal 0 0 -1
    outer loop
      vertex -15.1034 -1.9159 13
      vertex -14.1524 -2.22492 13
      vertex -14.4225 -2.9285 13
    endloop
  endfacet
  facet normal -0 0 -1
    outer loop
      vertex -13.8394 0.752604 13
      vertex -14.834 0.648076 13
      vertex -13.9573 1.49696 13
    endloop
  endfacet
  facet normal 0 0 -1
    outer loop
      vertex -15.336 -2.52177 13
      vertex -14.4225 -2.9285 13
      vertex -14.7646 -3.6 13
    endloop
  endfacet
  facet normal 0 0 -1
    outer loop
      vertex -14.9355 1.28905 13
      vertex -13.9573 1.49696 13
      vertex -14.834 0.648076 13
    endloop
  endfacet
  facet normal -0 0 -1
    outer loop
      vertex -13.9573 1.49696 13
      vertex -14.9355 1.28905 13
      vertex -14.1524 2.22492 13
    endloop
  endfacet
  facet normal 0 0 -1
    outer loop
      vertex -13.8394 -0.752604 13
      vertex -14.834 -0.648076 13
      vertex -14.8 0 13
    endloop
  endfacet
  facet normal 0 0 -1
    outer loop
      vertex -13.9573 -1.49696 13
      vertex -14.9355 -1.28905 13
      vertex -14.834 -0.648076 13
    endloop
  endfacet
  facet normal 0 0 -1
    outer loop
      vertex -14.1524 -2.22492 13
      vertex -15.1034 -1.9159 13
      vertex -14.9355 -1.28905 13
    endloop
  endfacet
  facet normal 0 0 -1
    outer loop
      vertex -15.6306 -3.1 13
      vertex -14.7646 -3.6 13
      vertex -15.1751 -4.23205 13
    endloop
  endfacet
  facet normal 0 0 -1
    outer loop
      vertex -14.4225 -2.9285 13
      vertex -15.336 -2.52177 13
      vertex -15.1034 -1.9159 13
    endloop
  endfacet
  facet normal 0 0 -1
    outer loop
      vertex -14.7646 -3.6 13
      vertex -15.6306 -3.1 13
      vertex -15.336 -2.52177 13
    endloop
  endfacet
  facet normal 0 0 -1
    outer loop
      vertex -15.9841 -3.64427 13
      vertex -15.1751 -4.23205 13
      vertex -15.6494 -4.81774 13
    endloop
  endfacet
  facet normal 0 0 -1
    outer loop
      vertex -15.1751 -4.23205 13
      vertex -15.9841 -3.64427 13
      vertex -15.6306 -3.1 13
    endloop
  endfacet
  facet normal 0 0 -1
    outer loop
      vertex -16.3925 -4.14861 13
      vertex -15.6494 -4.81774 13
      vertex -16.1823 -5.35064 13
    endloop
  endfacet
  facet normal 0 0 -1
    outer loop
      vertex -15.6494 -4.81774 13
      vertex -16.3925 -4.14861 13
      vertex -15.9841 -3.64427 13
    endloop
  endfacet
  facet normal 0 0 -1
    outer loop
      vertex -16.8514 -4.6075 13
      vertex -16.1823 -5.35064 13
      vertex -16.7679 -5.82492 13
    endloop
  endfacet
  facet normal 0 0 -1
    outer loop
      vertex -16.1823 -5.35064 13
      vertex -16.8514 -4.6075 13
      vertex -16.3925 -4.14861 13
    endloop
  endfacet
  facet normal 0 0 -1
    outer loop
      vertex -16.7679 -5.82492 13
      vertex -17.3557 -5.0159 13
      vertex -16.8514 -4.6075 13
    endloop
  endfacet
  facet normal 0 0 -1
    outer loop
      vertex -17.4 -6.23538 13
      vertex -17.3557 -5.0159 13
      vertex -16.7679 -5.82492 13
    endloop
  endfacet
  facet normal 0 0 -1
    outer loop
      vertex -17.4 -6.23538 13
      vertex -17.9 -5.36936 13
      vertex -17.3557 -5.0159 13
    endloop
  endfacet
  facet normal 0 0 -1
    outer loop
      vertex -18.0715 -6.57753 13
      vertex -17.9 -5.36936 13
      vertex -17.4 -6.23538 13
    endloop
  endfacet
  facet normal 0 0 -1
    outer loop
      vertex -18.0715 -6.57753 13
      vertex -18.4782 -5.66398 13
      vertex -17.9 -5.36936 13
    endloop
  endfacet
  facet normal 0 0 -1
    outer loop
      vertex -18.7751 -6.84761 13
      vertex -18.4782 -5.66398 13
      vertex -18.0715 -6.57753 13
    endloop
  endfacet
  facet normal 0 0 -1
    outer loop
      vertex -18.7751 -6.84761 13
      vertex -19.0841 -5.89655 13
      vertex -18.4782 -5.66398 13
    endloop
  endfacet
  facet normal 0 0 -1
    outer loop
      vertex -19.503 -7.04266 13
      vertex -19.0841 -5.89655 13
      vertex -18.7751 -6.84761 13
    endloop
  endfacet
  facet normal 0 0 -1
    outer loop
      vertex -19.503 -7.04266 13
      vertex -19.7109 -6.06452 13
      vertex -19.0841 -5.89655 13
    endloop
  endfacet
  facet normal 0 0 -1
    outer loop
      vertex -20.2474 -7.16056 13
      vertex -19.7109 -6.06452 13
      vertex -19.503 -7.04266 13
    endloop
  endfacet
  facet normal 0 0 -1
    outer loop
      vertex -20.2474 -7.16056 13
      vertex -20.3519 -6.16604 13
      vertex -19.7109 -6.06452 13
    endloop
  endfacet
  facet normal 0 0 -1
    outer loop
      vertex -21 -7.2 13
      vertex -20.3519 -6.16604 13
      vertex -20.2474 -7.16056 13
    endloop
  endfacet
  facet normal 0 0 -1
    outer loop
      vertex -21 -7.2 13
      vertex -21 -6.2 13
      vertex -20.3519 -6.16604 13
    endloop
  endfacet
  facet normal 0 0 -1
    outer loop
      vertex -21 -7.2 13
      vertex -21.6481 -6.16604 13
      vertex -21 -6.2 13
    endloop
  endfacet
  facet normal 0 0 -1
    outer loop
      vertex -21.7526 -7.16056 13
      vertex -21.6481 -6.16604 13
      vertex -21 -7.2 13
    endloop
  endfacet
  facet normal 0 0 -1
    outer loop
      vertex -21.7526 -7.16056 13
      vertex -22.2891 -6.06452 13
      vertex -21.6481 -6.16604 13
    endloop
  endfacet
  facet normal 0 0 -1
    outer loop
      vertex -22.497 -7.04266 13
      vertex -22.2891 -6.06452 13
      vertex -21.7526 -7.16056 13
    endloop
  endfacet
  facet normal 0 0 -1
    outer loop
      vertex -22.497 -7.04266 13
      vertex -22.9159 -5.89655 13
      vertex -22.2891 -6.06452 13
    endloop
  endfacet
  facet normal 0 0 -1
    outer loop
      vertex -23.2249 -6.84761 13
      vertex -22.9159 -5.89655 13
      vertex -22.497 -7.04266 13
    endloop
  endfacet
  facet normal 0 0 -1
    outer loop
      vertex -23.2249 -6.84761 13
      vertex -23.5218 -5.66398 13
      vertex -22.9159 -5.89655 13
    endloop
  endfacet
  facet normal 0 0 -1
    outer loop
      vertex -23.9285 -6.57753 13
      vertex -23.5218 -5.66398 13
      vertex -23.2249 -6.84761 13
    endloop
  endfacet
  facet normal 0 0 -1
    outer loop
      vertex -23.9285 -6.57753 13
      vertex -24.1 -5.36936 13
      vertex -23.5218 -5.66398 13
    endloop
  endfacet
  facet normal 0 0 -1
    outer loop
      vertex -24.6 -6.23538 13
      vertex -24.1 -5.36936 13
      vertex -23.9285 -6.57753 13
    endloop
  endfacet
  facet normal 0 0 -1
    outer loop
      vertex -24.6 -6.23538 13
      vertex -24.6443 -5.0159 13
      vertex -24.1 -5.36936 13
    endloop
  endfacet
  facet normal 0 0 -1
    outer loop
      vertex -25.2321 -5.82492 13
      vertex -24.6443 -5.0159 13
      vertex -24.6 -6.23538 13
    endloop
  endfacet
  facet normal -0 0 -1
    outer loop
      vertex -24.6443 -5.0159 13
      vertex -25.2321 -5.82492 13
      vertex -25.1486 -4.6075 13
    endloop
  endfacet
  facet normal 0 0 -1
    outer loop
      vertex -25.8177 -5.35064 13
      vertex -25.1486 -4.6075 13
      vertex -25.2321 -5.82492 13
    endloop
  endfacet
  facet normal -0 0 -1
    outer loop
      vertex -25.1486 -4.6075 13
      vertex -25.8177 -5.35064 13
      vertex -25.6075 -4.14861 13
    endloop
  endfacet
  facet normal 0 0 -1
    outer loop
      vertex -26.3506 -4.81774 13
      vertex -25.6075 -4.14861 13
      vertex -25.8177 -5.35064 13
    endloop
  endfacet
  facet normal -0 0 -1
    outer loop
      vertex -25.6075 -4.14861 13
      vertex -26.3506 -4.81774 13
      vertex -26.0159 -3.64427 13
    endloop
  endfacet
  facet normal 0 0 -1
    outer loop
      vertex -26.8249 -4.23205 13
      vertex -26.0159 -3.64427 13
      vertex -26.3506 -4.81774 13
    endloop
  endfacet
  facet normal -0 0 -1
    outer loop
      vertex -26.0159 -3.64427 13
      vertex -26.8249 -4.23205 13
      vertex -26.3694 -3.1 13
    endloop
  endfacet
  facet normal 0 0 -1
    outer loop
      vertex -27.2354 -3.6 13
      vertex -26.3694 -3.1 13
      vertex -26.8249 -4.23205 13
    endloop
  endfacet
  facet normal -0 0 -1
    outer loop
      vertex -26.3694 -3.1 13
      vertex -27.2354 -3.6 13
      vertex -26.664 -2.52177 13
    endloop
  endfacet
  facet normal 0 0 -1
    outer loop
      vertex -27.5775 -2.9285 13
      vertex -26.664 -2.52177 13
      vertex -27.2354 -3.6 13
    endloop
  endfacet
  facet normal -0 0 -1
    outer loop
      vertex -26.664 -2.52177 13
      vertex -27.5775 -2.9285 13
      vertex -26.8965 -1.9159 13
    endloop
  endfacet
  facet normal -0 0 -1
    outer loop
      vertex -26.8965 -1.9159 13
      vertex -27.8476 -2.22492 13
      vertex -27.0645 -1.28905 13
    endloop
  endfacet
  facet normal 0 0 -1
    outer loop
      vertex -27.8476 -2.22492 13
      vertex -26.8965 -1.9159 13
      vertex -27.5775 -2.9285 13
    endloop
  endfacet
  facet normal 0 0 -1
    outer loop
      vertex -15.1034 1.9159 13
      vertex -14.1524 2.22492 13
      vertex -14.9355 1.28905 13
    endloop
  endfacet
  facet normal -0 0 -1
    outer loop
      vertex -14.1524 2.22492 13
      vertex -15.1034 1.9159 13
      vertex -14.4225 2.9285 13
    endloop
  endfacet
  facet normal 0 0 -1
    outer loop
      vertex -15.336 2.52177 13
      vertex -14.4225 2.9285 13
      vertex -15.1034 1.9159 13
    endloop
  endfacet
  facet normal -0 0 -1
    outer loop
      vertex -14.4225 2.9285 13
      vertex -15.336 2.52177 13
      vertex -14.7646 3.6 13
    endloop
  endfacet
  facet normal 0 0 -1
    outer loop
      vertex -15.6306 3.1 13
      vertex -14.7646 3.6 13
      vertex -15.336 2.52177 13
    endloop
  endfacet
  facet normal -0 0 -1
    outer loop
      vertex -14.7646 3.6 13
      vertex -15.6306 3.1 13
      vertex -15.1751 4.23205 13
    endloop
  endfacet
  facet normal 0 0 -1
    outer loop
      vertex -15.9841 3.64427 13
      vertex -15.1751 4.23205 13
      vertex -15.6306 3.1 13
    endloop
  endfacet
  facet normal -0 0 -1
    outer loop
      vertex -15.1751 4.23205 13
      vertex -15.9841 3.64427 13
      vertex -15.6494 4.81774 13
    endloop
  endfacet
  facet normal 0 0 -1
    outer loop
      vertex -16.3925 4.14861 13
      vertex -15.6494 4.81774 13
      vertex -15.9841 3.64427 13
    endloop
  endfacet
  facet normal -0 0 -1
    outer loop
      vertex -15.6494 4.81774 13
      vertex -16.3925 4.14861 13
      vertex -16.1823 5.35064 13
    endloop
  endfacet
  facet normal 0 0 -1
    outer loop
      vertex -16.8514 4.6075 13
      vertex -16.1823 5.35064 13
      vertex -16.3925 4.14861 13
    endloop
  endfacet
  facet normal -0 0 -1
    outer loop
      vertex -16.1823 5.35064 13
      vertex -16.8514 4.6075 13
      vertex -16.7679 5.82492 13
    endloop
  endfacet
  facet normal 0 0 -1
    outer loop
      vertex -17.3557 5.0159 13
      vertex -16.7679 5.82492 13
      vertex -16.8514 4.6075 13
    endloop
  endfacet
  facet normal 0 0 -1
    outer loop
      vertex -17.3557 5.0159 13
      vertex -17.4 6.23538 13
      vertex -16.7679 5.82492 13
    endloop
  endfacet
  facet normal 0 0 -1
    outer loop
      vertex -17.9 5.36936 13
      vertex -17.4 6.23538 13
      vertex -17.3557 5.0159 13
    endloop
  endfacet
  facet normal 0 0 -1
    outer loop
      vertex -17.9 5.36936 13
      vertex -18.0715 6.57753 13
      vertex -17.4 6.23538 13
    endloop
  endfacet
  facet normal 0 0 -1
    outer loop
      vertex -18.4782 5.66398 13
      vertex -18.0715 6.57753 13
      vertex -17.9 5.36936 13
    endloop
  endfacet
  facet normal 0 0 -1
    outer loop
      vertex -18.4782 5.66398 13
      vertex -18.7751 6.84761 13
      vertex -18.0715 6.57753 13
    endloop
  endfacet
  facet normal 0 0 -1
    outer loop
      vertex -19.0841 5.89655 13
      vertex -18.7751 6.84761 13
      vertex -18.4782 5.66398 13
    endloop
  endfacet
  facet normal 0 0 -1
    outer loop
      vertex -19.0841 5.89655 13
      vertex -19.503 7.04266 13
      vertex -18.7751 6.84761 13
    endloop
  endfacet
  facet normal 0 0 -1
    outer loop
      vertex -19.7109 6.06452 13
      vertex -19.503 7.04266 13
      vertex -19.0841 5.89655 13
    endloop
  endfacet
  facet normal 0 0 -1
    outer loop
      vertex -19.7109 6.06452 13
      vertex -20.2474 7.16056 13
      vertex -19.503 7.04266 13
    endloop
  endfacet
  facet normal 0 0 -1
    outer loop
      vertex -20.3519 6.16604 13
      vertex -20.2474 7.16056 13
      vertex -19.7109 6.06452 13
    endloop
  endfacet
  facet normal 0 0 -1
    outer loop
      vertex -21 6.2 13
      vertex -20.2474 7.16056 13
      vertex -20.3519 6.16604 13
    endloop
  endfacet
  facet normal 0 0 -1
    outer loop
      vertex -21 6.2 13
      vertex -21 7.2 13
      vertex -20.2474 7.16056 13
    endloop
  endfacet
  facet normal 0 0 -1
    outer loop
      vertex -21.6481 6.16604 13
      vertex -21 7.2 13
      vertex -21 6.2 13
    endloop
  endfacet
  facet normal 0 0 -1
    outer loop
      vertex -21.6481 6.16604 13
      vertex -21.7526 7.16056 13
      vertex -21 7.2 13
    endloop
  endfacet
  facet normal 0 0 -1
    outer loop
      vertex -22.2891 6.06452 13
      vertex -21.7526 7.16056 13
      vertex -21.6481 6.16604 13
    endloop
  endfacet
  facet normal 0 0 -1
    outer loop
      vertex -22.2891 6.06452 13
      vertex -22.497 7.04266 13
      vertex -21.7526 7.16056 13
    endloop
  endfacet
  facet normal 0 0 -1
    outer loop
      vertex -22.9159 5.89655 13
      vertex -22.497 7.04266 13
      vertex -22.2891 6.06452 13
    endloop
  endfacet
  facet normal 0 0 -1
    outer loop
      vertex -22.9159 5.89655 13
      vertex -23.2249 6.84761 13
      vertex -22.497 7.04266 13
    endloop
  endfacet
  facet normal 0 0 -1
    outer loop
      vertex -23.5218 5.66398 13
      vertex -23.2249 6.84761 13
      vertex -22.9159 5.89655 13
    endloop
  endfacet
  facet normal 0 0 -1
    outer loop
      vertex -23.5218 5.66398 13
      vertex -23.9285 6.57753 13
      vertex -23.2249 6.84761 13
    endloop
  endfacet
  facet normal 0 0 -1
    outer loop
      vertex -24.1 5.36936 13
      vertex -23.9285 6.57753 13
      vertex -23.5218 5.66398 13
    endloop
  endfacet
  facet normal 0 0 -1
    outer loop
      vertex -24.1 5.36936 13
      vertex -24.6 6.23538 13
      vertex -23.9285 6.57753 13
    endloop
  endfacet
  facet normal 0 0 -1
    outer loop
      vertex -24.6443 5.0159 13
      vertex -24.6 6.23538 13
      vertex -24.1 5.36936 13
    endloop
  endfacet
  facet normal 0 0 -1
    outer loop
      vertex -25.2321 5.82492 13
      vertex -24.6443 5.0159 13
      vertex -25.1486 4.6075 13
    endloop
  endfacet
  facet normal 0 0 -1
    outer loop
      vertex -24.6443 5.0159 13
      vertex -25.2321 5.82492 13
      vertex -24.6 6.23538 13
    endloop
  endfacet
  facet normal 0 0 -1
    outer loop
      vertex -25.8177 5.35064 13
      vertex -25.1486 4.6075 13
      vertex -25.6075 4.14861 13
    endloop
  endfacet
  facet normal 0 0 -1
    outer loop
      vertex -25.1486 4.6075 13
      vertex -25.8177 5.35064 13
      vertex -25.2321 5.82492 13
    endloop
  endfacet
  facet normal 0 0 -1
    outer loop
      vertex -26.3506 4.81774 13
      vertex -25.6075 4.14861 13
      vertex -26.0159 3.64427 13
    endloop
  endfacet
  facet normal 0 0 -1
    outer loop
      vertex -25.6075 4.14861 13
      vertex -26.3506 4.81774 13
      vertex -25.8177 5.35064 13
    endloop
  endfacet
  facet normal 0 0 -1
    outer loop
      vertex -26.8249 4.23205 13
      vertex -26.0159 3.64427 13
      vertex -26.3694 3.1 13
    endloop
  endfacet
  facet normal 0 0 -1
    outer loop
      vertex -27.2354 3.6 13
      vertex -26.3694 3.1 13
      vertex -26.664 2.52177 13
    endloop
  endfacet
  facet normal 0 0 -1
    outer loop
      vertex -26.0159 3.64427 13
      vertex -26.8249 4.23205 13
      vertex -26.3506 4.81774 13
    endloop
  endfacet
  facet normal 0 0 -1
    outer loop
      vertex -27.5775 2.9285 13
      vertex -26.664 2.52177 13
      vertex -26.8965 1.9159 13
    endloop
  endfacet
  facet normal 0 0 -1
    outer loop
      vertex -27.8476 2.22492 13
      vertex -26.8965 1.9159 13
      vertex -27.0645 1.28905 13
    endloop
  endfacet
  facet normal 0 0 -1
    outer loop
      vertex -28.0427 1.49696 13
      vertex -27.0645 1.28905 13
      vertex -27.166 0.648076 13
    endloop
  endfacet
  facet normal 0 0 -1
    outer loop
      vertex -26.3694 3.1 13
      vertex -27.2354 3.6 13
      vertex -26.8249 4.23205 13
    endloop
  endfacet
  facet normal 0 0 -1
    outer loop
      vertex -28.1606 0.752604 13
      vertex -27.166 0.648076 13
      vertex -27.2 0 13
    endloop
  endfacet
  facet normal 0 0 -1
    outer loop
      vertex -28.0427 -1.49696 13
      vertex -27.0645 -1.28905 13
      vertex -27.8476 -2.22492 13
    endloop
  endfacet
  facet normal -0 0 -1
    outer loop
      vertex -27.0645 -1.28905 13
      vertex -28.0427 -1.49696 13
      vertex -27.166 -0.648076 13
    endloop
  endfacet
  facet normal 0 0 -1
    outer loop
      vertex -26.664 2.52177 13
      vertex -27.5775 2.9285 13
      vertex -27.2354 3.6 13
    endloop
  endfacet
  facet normal 0 0 -1
    outer loop
      vertex -28.1606 -0.752604 13
      vertex -27.166 -0.648076 13
      vertex -28.0427 -1.49696 13
    endloop
  endfacet
  facet normal 0 0 -1
    outer loop
      vertex -26.8965 1.9159 13
      vertex -27.8476 2.22492 13
      vertex -27.5775 2.9285 13
    endloop
  endfacet
  facet normal -0 0 -1
    outer loop
      vertex -27.166 -0.648076 13
      vertex -28.1606 -0.752604 13
      vertex -27.2 0 13
    endloop
  endfacet
  facet normal 0 0 -1
    outer loop
      vertex -27.0645 1.28905 13
      vertex -28.0427 1.49696 13
      vertex -27.8476 2.22492 13
    endloop
  endfacet
  facet normal 0 0 -1
    outer loop
      vertex -28.2 0 13
      vertex -27.2 0 13
      vertex -28.1606 -0.752604 13
    endloop
  endfacet
  facet normal 0 0 -1
    outer loop
      vertex -27.166 0.648076 13
      vertex -28.1606 0.752604 13
      vertex -28.0427 1.49696 13
    endloop
  endfacet
  facet normal 0 0 -1
    outer loop
      vertex -27.2 0 13
      vertex -28.2 0 13
      vertex -28.1606 0.752604 13
    endloop
  endfacet
  facet normal 0.453994 -0.891005 0
    outer loop
      vertex -24.6 6.23538 0
      vertex -23.9285 6.57753 13
      vertex -24.6 6.23538 13
    endloop
  endfacet
  facet normal 0.453994 -0.891005 0
    outer loop
      vertex -23.9285 6.57753 13
      vertex -24.6 6.23538 0
      vertex -23.9285 6.57753 0
    endloop
  endfacet
  facet normal 0.0523332 -0.99863 0
    outer loop
      vertex -21.7526 7.16056 0
      vertex -21 7.2 13
      vertex -21.7526 7.16056 13
    endloop
  endfacet
  facet normal 0.0523332 -0.99863 0
    outer loop
      vertex -21 7.2 13
      vertex -21.7526 7.16056 0
      vertex -21 7.2 0
    endloop
  endfacet
  facet normal -0.998632 0.05228 0
    outer loop
      vertex -13.8394 -0.752604 10.5
      vertex -13.8 0 13
      vertex -13.8 0 10.5
    endloop
  endfacet
  facet normal -0.998632 0.05228 0
    outer loop
      vertex -13.8 0 13
      vertex -13.8394 -0.752604 10.5
      vertex -13.8394 -0.752604 13
    endloop
  endfacet
  facet normal -0.0523332 0.99863 0
    outer loop
      vertex -20.2474 -7.16056 0
      vertex -21 -7.2 13
      vertex -20.2474 -7.16056 13
    endloop
  endfacet
  facet normal -0.0523332 0.99863 0
    outer loop
      vertex -21 -7.2 13
      vertex -20.2474 -7.16056 0
      vertex -21 -7.2 0
    endloop
  endfacet
  facet normal -0.453994 0.891005 0
    outer loop
      vertex -17.4 -6.23538 0
      vertex -18.0715 -6.57753 13
      vertex -17.4 -6.23538 13
    endloop
  endfacet
  facet normal -0.453994 0.891005 0
    outer loop
      vertex -18.0715 -6.57753 13
      vertex -17.4 -6.23538 0
      vertex -18.0715 -6.57753 0
    endloop
  endfacet
  facet normal -0.629377 0.7771 0
    outer loop
      vertex -16.1823 -5.35064 0
      vertex -16.7679 -5.82492 13
      vertex -16.1823 -5.35064 13
    endloop
  endfacet
  facet normal -0.629377 0.7771 0
    outer loop
      vertex -16.7679 -5.82492 13
      vertex -16.1823 -5.35064 0
      vertex -16.7679 -5.82492 0
    endloop
  endfacet
  facet normal -0.544611 0.838689 0
    outer loop
      vertex -16.7679 -5.82492 0
      vertex -17.4 -6.23538 13
      vertex -16.7679 -5.82492 13
    endloop
  endfacet
  facet normal -0.544611 0.838689 0
    outer loop
      vertex -17.4 -6.23538 13
      vertex -16.7679 -5.82492 0
      vertex -17.4 -6.23538 0
    endloop
  endfacet
  facet normal -0.777135 0.629334 0
    outer loop
      vertex -15.6494 -4.81774 10.5
      vertex -15.1751 -4.23205 13
      vertex -15.1751 -4.23205 10.5
    endloop
  endfacet
  facet normal -0.777135 0.629334 0
    outer loop
      vertex -15.1751 -4.23205 13
      vertex -15.6494 -4.81774 10.5
      vertex -15.6494 -4.81774 13
    endloop
  endfacet
  facet normal -0.838645 0.544678 0
    outer loop
      vertex -15.1751 -4.23205 10.5
      vertex -14.7646 -3.6 13
      vertex -14.7646 -3.6 10.5
    endloop
  endfacet
  facet normal -0.838645 0.544678 0
    outer loop
      vertex -14.7646 -3.6 13
      vertex -15.1751 -4.23205 10.5
      vertex -15.1751 -4.23205 13
    endloop
  endfacet
  facet normal 0.707107 0.707107 -1.69706e-05
    outer loop
      vertex -25.8177 -5.35064 13
      vertex -26.1684 -5 10.5
      vertex -26.3506 -4.81774 13
    endloop
  endfacet
  facet normal 0.707046 0.707167 -0
    outer loop
      vertex -25.8177 -5.35064 0
      vertex -26.1684 -5 10.5
      vertex -25.8177 -5.35064 13
    endloop
  endfacet
  facet normal 0.707046 0.707167 0
    outer loop
      vertex -26.1684 -5 10.5
      vertex -25.8177 -5.35064 0
      vertex -26.1684 -5 0
    endloop
  endfacet
  facet normal 0.707223 0.70699 0
    outer loop
      vertex -26.3506 -4.81774 13
      vertex -26.1684 -5 10.5
      vertex -26.3506 -4.81774 10.5
    endloop
  endfacet
  facet normal 0.629377 0.7771 -0
    outer loop
      vertex -25.2321 -5.82492 0
      vertex -25.8177 -5.35064 13
      vertex -25.2321 -5.82492 13
    endloop
  endfacet
  facet normal 0.629377 0.7771 0
    outer loop
      vertex -25.8177 -5.35064 13
      vertex -25.2321 -5.82492 0
      vertex -25.8177 -5.35064 0
    endloop
  endfacet
  facet normal 0.544611 0.838689 -0
    outer loop
      vertex -24.6 -6.23538 0
      vertex -25.2321 -5.82492 13
      vertex -24.6 -6.23538 13
    endloop
  endfacet
  facet normal 0.544611 0.838689 0
    outer loop
      vertex -25.2321 -5.82492 13
      vertex -24.6 -6.23538 0
      vertex -25.2321 -5.82492 0
    endloop
  endfacet
  facet normal 0.156433 0.987689 -0
    outer loop
      vertex -21.7526 -7.16056 0
      vertex -22.497 -7.04266 13
      vertex -21.7526 -7.16056 13
    endloop
  endfacet
  facet normal 0.156433 0.987689 0
    outer loop
      vertex -22.497 -7.04266 13
      vertex -21.7526 -7.16056 0
      vertex -22.497 -7.04266 0
    endloop
  endfacet
  facet normal 0.933571 0.358392 0
    outer loop
      vertex -27.5775 -2.9285 13
      vertex -27.8476 -2.22492 10.5
      vertex -27.8476 -2.22492 13
    endloop
  endfacet
  facet normal 0.933571 0.358392 0
    outer loop
      vertex -27.8476 -2.22492 10.5
      vertex -27.5775 -2.9285 13
      vertex -27.5775 -2.9285 10.5
    endloop
  endfacet
  facet normal 0.965911 0.258873 0
    outer loop
      vertex -27.8476 -2.22492 13
      vertex -28.0427 -1.49696 10.5
      vertex -28.0427 -1.49696 13
    endloop
  endfacet
  facet normal 0.965911 0.258873 0
    outer loop
      vertex -28.0427 -1.49696 10.5
      vertex -27.8476 -2.22492 13
      vertex -27.8476 -2.22492 10.5
    endloop
  endfacet
  facet normal 0.998632 0.05228 0
    outer loop
      vertex -28.1606 -0.752604 13
      vertex -28.2 0 10.5
      vertex -28.2 0 13
    endloop
  endfacet
  facet normal 0.998632 0.05228 0
    outer loop
      vertex -28.2 0 10.5
      vertex -28.1606 -0.752604 13
      vertex -28.1606 -0.752604 10.5
    endloop
  endfacet
  facet normal -0.777135 -0.629334 0
    outer loop
      vertex -15.1751 4.23205 10.5
      vertex -15.6494 4.81774 13
      vertex -15.6494 4.81774 10.5
    endloop
  endfacet
  facet normal -0.777135 -0.629334 0
    outer loop
      vertex -15.6494 4.81774 13
      vertex -15.1751 4.23205 10.5
      vertex -15.1751 4.23205 13
    endloop
  endfacet
  facet normal -0.453994 -0.891005 0
    outer loop
      vertex -18.0715 6.57753 0
      vertex -17.4 6.23538 13
      vertex -18.0715 6.57753 13
    endloop
  endfacet
  facet normal -0.453994 -0.891005 -0
    outer loop
      vertex -17.4 6.23538 13
      vertex -18.0715 6.57753 0
      vertex -17.4 6.23538 0
    endloop
  endfacet
  facet normal 0.707223 -0.70699 0
    outer loop
      vertex -26.1684 5 10.5
      vertex -26.3506 4.81774 13
      vertex -26.3506 4.81774 10.5
    endloop
  endfacet
  facet normal 0.707107 -0.707107 -1.69706e-05
    outer loop
      vertex -26.3506 4.81774 13
      vertex -26.1684 5 10.5
      vertex -25.8177 5.35064 13
    endloop
  endfacet
  facet normal 0.707046 -0.707167 0
    outer loop
      vertex -25.8177 5.35064 0
      vertex -26.1684 5 10.5
      vertex -26.1684 5 0
    endloop
  endfacet
  facet normal 0.707046 -0.707167 0
    outer loop
      vertex -26.1684 5 10.5
      vertex -25.8177 5.35064 0
      vertex -25.8177 5.35064 13
    endloop
  endfacet
  facet normal 0.933571 -0.358392 0
    outer loop
      vertex -27.8476 2.22492 13
      vertex -27.5775 2.9285 10.5
      vertex -27.5775 2.9285 13
    endloop
  endfacet
  facet normal 0.933571 -0.358392 0
    outer loop
      vertex -27.5775 2.9285 10.5
      vertex -27.8476 2.22492 13
      vertex -27.8476 2.22492 10.5
    endloop
  endfacet
  facet normal 0.544611 -0.838689 0
    outer loop
      vertex -25.2321 5.82492 0
      vertex -24.6 6.23538 13
      vertex -25.2321 5.82492 13
    endloop
  endfacet
  facet normal 0.544611 -0.838689 0
    outer loop
      vertex -24.6 6.23538 13
      vertex -25.2321 5.82492 0
      vertex -24.6 6.23538 0
    endloop
  endfacet
  facet normal 0.35836 -0.933583 0
    outer loop
      vertex -23.9285 6.57753 0
      vertex -23.2249 6.84761 13
      vertex -23.9285 6.57753 13
    endloop
  endfacet
  facet normal 0.35836 -0.933583 0
    outer loop
      vertex -23.2249 6.84761 13
      vertex -23.9285 6.57753 0
      vertex -23.2249 6.84761 0
    endloop
  endfacet
  facet normal -0.156433 0.987689 0
    outer loop
      vertex -19.503 -7.04266 0
      vertex -20.2474 -7.16056 13
      vertex -19.503 -7.04266 13
    endloop
  endfacet
  facet normal -0.156433 0.987689 0
    outer loop
      vertex -20.2474 -7.16056 13
      vertex -19.503 -7.04266 0
      vertex -20.2474 -7.16056 0
    endloop
  endfacet
  facet normal -0.35836 0.933583 0
    outer loop
      vertex -18.0715 -6.57753 0
      vertex -18.7751 -6.84761 13
      vertex -18.0715 -6.57753 13
    endloop
  endfacet
  facet normal -0.35836 0.933583 0
    outer loop
      vertex -18.7751 -6.84761 13
      vertex -18.0715 -6.57753 0
      vertex -18.7751 -6.84761 0
    endloop
  endfacet
  facet normal -0.933571 0.358392 0
    outer loop
      vertex -14.4225 -2.9285 10.5
      vertex -14.1524 -2.22492 13
      vertex -14.1524 -2.22492 10.5
    endloop
  endfacet
  facet normal -0.933571 0.358392 0
    outer loop
      vertex -14.1524 -2.22492 13
      vertex -14.4225 -2.9285 10.5
      vertex -14.4225 -2.9285 13
    endloop
  endfacet
  facet normal -0.987687 0.156442 0
    outer loop
      vertex -13.9573 -1.49696 10.5
      vertex -13.8394 -0.752604 13
      vertex -13.8394 -0.752604 10.5
    endloop
  endfacet
  facet normal -0.987687 0.156442 0
    outer loop
      vertex -13.8394 -0.752604 13
      vertex -13.9573 -1.49696 10.5
      vertex -13.9573 -1.49696 13
    endloop
  endfacet
  facet normal 0.453994 0.891005 -0
    outer loop
      vertex -23.9285 -6.57753 0
      vertex -24.6 -6.23538 13
      vertex -23.9285 -6.57753 13
    endloop
  endfacet
  facet normal 0.453994 0.891005 0
    outer loop
      vertex -24.6 -6.23538 13
      vertex -23.9285 -6.57753 0
      vertex -24.6 -6.23538 0
    endloop
  endfacet
  facet normal 0.258831 0.965923 -0
    outer loop
      vertex -22.497 -7.04266 0
      vertex -23.2249 -6.84761 13
      vertex -22.497 -7.04266 13
    endloop
  endfacet
  facet normal 0.258831 0.965923 0
    outer loop
      vertex -23.2249 -6.84761 13
      vertex -22.497 -7.04266 0
      vertex -23.2249 -6.84761 0
    endloop
  endfacet
  facet normal 0.891031 0.453942 0
    outer loop
      vertex -27.2354 -3.6 13
      vertex -27.5775 -2.9285 10.5
      vertex -27.5775 -2.9285 13
    endloop
  endfacet
  facet normal 0.891031 0.453942 0
    outer loop
      vertex -27.5775 -2.9285 10.5
      vertex -27.2354 -3.6 13
      vertex -27.2354 -3.6 10.5
    endloop
  endfacet
  facet normal 0.987687 0.156442 0
    outer loop
      vertex -28.0427 -1.49696 13
      vertex -28.1606 -0.752604 10.5
      vertex -28.1606 -0.752604 13
    endloop
  endfacet
  facet normal 0.987687 0.156442 0
    outer loop
      vertex -28.1606 -0.752604 10.5
      vertex -28.0427 -1.49696 13
      vertex -28.0427 -1.49696 10.5
    endloop
  endfacet
  facet normal -0.998627 -0.0523909 0
    outer loop
      vertex -14.8 0 13
      vertex -14.834 0.648076 16
      vertex -14.834 0.648076 13
    endloop
  endfacet
  facet normal -0.998627 -0.0523909 0
    outer loop
      vertex -14.834 0.648076 16
      vertex -14.8 0 13
      vertex -14.8 0 16
    endloop
  endfacet
  facet normal 0.998627 -0.0523909 0
    outer loop
      vertex -27.2 0 16
      vertex -27.166 0.648076 13
      vertex -27.166 0.648076 16
    endloop
  endfacet
  facet normal 0.998627 -0.0523909 0
    outer loop
      vertex -27.166 0.648076 13
      vertex -27.2 0 16
      vertex -27.2 0 13
    endloop
  endfacet
  facet normal 0.0523275 -0.99863 0
    outer loop
      vertex -21.6481 6.16604 13
      vertex -21 6.2 16
      vertex -21.6481 6.16604 16
    endloop
  endfacet
  facet normal 0.0523275 -0.99863 0
    outer loop
      vertex -21 6.2 16
      vertex -21.6481 6.16604 13
      vertex -21 6.2 13
    endloop
  endfacet
  facet normal -0.707099 -0.707114 0
    outer loop
      vertex -16.8514 4.6075 13
      vertex -16.3925 4.14861 16
      vertex -16.8514 4.6075 16
    endloop
  endfacet
  facet normal -0.707099 -0.707114 -0
    outer loop
      vertex -16.3925 4.14861 16
      vertex -16.8514 4.6075 13
      vertex -16.3925 4.14861 13
    endloop
  endfacet
  facet normal 0.707099 -0.707114 0
    outer loop
      vertex -25.6075 4.14861 13
      vertex -25.1486 4.6075 16
      vertex -25.6075 4.14861 16
    endloop
  endfacet
  facet normal 0.707099 -0.707114 0
    outer loop
      vertex -25.1486 4.6075 16
      vertex -25.6075 4.14861 13
      vertex -25.1486 4.6075 13
    endloop
  endfacet
  facet normal 0.454006 -0.890999 0
    outer loop
      vertex -24.1 5.36936 13
      vertex -23.5218 5.66398 16
      vertex -24.1 5.36936 16
    endloop
  endfacet
  facet normal 0.454006 -0.890999 0
    outer loop
      vertex -23.5218 5.66398 16
      vertex -24.1 5.36936 13
      vertex -23.5218 5.66398 13
    endloop
  endfacet
  facet normal -0.707099 0.707114 0
    outer loop
      vertex -16.3925 -4.14861 13
      vertex -16.8514 -4.6075 16
      vertex -16.3925 -4.14861 16
    endloop
  endfacet
  facet normal -0.707099 0.707114 0
    outer loop
      vertex -16.8514 -4.6075 16
      vertex -16.3925 -4.14861 13
      vertex -16.8514 -4.6075 13
    endloop
  endfacet
  facet normal -0.891021 -0.453962 0
    outer loop
      vertex -15.336 2.52177 13
      vertex -15.6306 3.1 16
      vertex -15.6306 3.1 13
    endloop
  endfacet
  facet normal -0.891021 -0.453962 0
    outer loop
      vertex -15.6306 3.1 16
      vertex -15.336 2.52177 13
      vertex -15.336 2.52177 16
    endloop
  endfacet
  facet normal -0.35835 -0.933587 0
    outer loop
      vertex -19.0841 5.89655 13
      vertex -18.4782 5.66398 16
      vertex -19.0841 5.89655 16
    endloop
  endfacet
  facet normal -0.35835 -0.933587 -0
    outer loop
      vertex -18.4782 5.66398 16
      vertex -19.0841 5.89655 13
      vertex -18.4782 5.66398 13
    endloop
  endfacet
  facet normal 0.891021 -0.453962 0
    outer loop
      vertex -26.664 2.52177 16
      vertex -26.3694 3.1 13
      vertex -26.3694 3.1 16
    endloop
  endfacet
  facet normal 0.891021 -0.453962 0
    outer loop
      vertex -26.3694 3.1 13
      vertex -26.664 2.52177 16
      vertex -26.664 2.52177 13
    endloop
  endfacet
  facet normal 0.838638 -0.54469 0
    outer loop
      vertex -26.3694 3.1 16
      vertex -26.0159 3.64427 13
      vertex -26.0159 3.64427 16
    endloop
  endfacet
  facet normal 0.838638 -0.54469 0
    outer loop
      vertex -26.0159 3.64427 13
      vertex -26.3694 3.1 16
      vertex -26.3694 3.1 13
    endloop
  endfacet
  facet normal 0.965912 -0.258871 0
    outer loop
      vertex -27.0645 1.28905 16
      vertex -26.8965 1.9159 13
      vertex -26.8965 1.9159 16
    endloop
  endfacet
  facet normal 0.965912 -0.258871 0
    outer loop
      vertex -26.8965 1.9159 13
      vertex -27.0645 1.28905 16
      vertex -27.0645 1.28905 13
    endloop
  endfacet
  facet normal 0.629345 -0.777126 0
    outer loop
      vertex -25.1486 4.6075 13
      vertex -24.6443 5.0159 16
      vertex -25.1486 4.6075 16
    endloop
  endfacet
  facet normal 0.629345 -0.777126 0
    outer loop
      vertex -24.6443 5.0159 16
      vertex -25.1486 4.6075 13
      vertex -24.6443 5.0159 13
    endloop
  endfacet
  facet normal 0.0523275 0.99863 -0
    outer loop
      vertex -21 -6.2 13
      vertex -21.6481 -6.16604 16
      vertex -21 -6.2 16
    endloop
  endfacet
  facet normal 0.0523275 0.99863 0
    outer loop
      vertex -21.6481 -6.16604 16
      vertex -21 -6.2 13
      vertex -21.6481 -6.16604 13
    endloop
  endfacet
  facet normal 0.933617 0.358272 0
    outer loop
      vertex -26.664 -2.52177 16
      vertex -26.8965 -1.9159 13
      vertex -26.8965 -1.9159 16
    endloop
  endfacet
  facet normal 0.933617 0.358272 0
    outer loop
      vertex -26.8965 -1.9159 13
      vertex -26.664 -2.52177 16
      vertex -26.664 -2.52177 13
    endloop
  endfacet
  facet normal -0.156428 0.987689 0
    outer loop
      vertex -19.7109 -6.06452 13
      vertex -20.3519 -6.16604 16
      vertex -19.7109 -6.06452 16
    endloop
  endfacet
  facet normal -0.156428 0.987689 0
    outer loop
      vertex -20.3519 -6.16604 16
      vertex -19.7109 -6.06452 13
      vertex -20.3519 -6.16604 13
    endloop
  endfacet
  facet normal -0.96595 -0.258727 0
    outer loop
      vertex -14.9355 1.28905 13
      vertex -15.1034 1.9159 16
      vertex -15.1034 1.9159 13
    endloop
  endfacet
  facet normal -0.96595 -0.258727 0
    outer loop
      vertex -15.1034 1.9159 16
      vertex -14.9355 1.28905 13
      vertex -14.9355 1.28905 16
    endloop
  endfacet
  facet normal -0.987693 -0.156404 0
    outer loop
      vertex -14.834 0.648076 13
      vertex -14.9355 1.28905 16
      vertex -14.9355 1.28905 13
    endloop
  endfacet
  facet normal -0.987693 -0.156404 0
    outer loop
      vertex -14.9355 1.28905 16
      vertex -14.834 0.648076 13
      vertex -14.834 0.648076 16
    endloop
  endfacet
  facet normal -0.933566 -0.358406 0
    outer loop
      vertex -15.1034 1.9159 13
      vertex -15.336 2.52177 16
      vertex -15.336 2.52177 13
    endloop
  endfacet
  facet normal -0.933566 -0.358406 0
    outer loop
      vertex -15.336 2.52177 16
      vertex -15.1034 1.9159 13
      vertex -15.1034 1.9159 16
    endloop
  endfacet
  facet normal -0.777151 -0.629314 0
    outer loop
      vertex -15.9841 3.64427 13
      vertex -16.3925 4.14861 16
      vertex -16.3925 4.14861 13
    endloop
  endfacet
  facet normal -0.777151 -0.629314 0
    outer loop
      vertex -16.3925 4.14861 16
      vertex -15.9841 3.64427 13
      vertex -15.9841 3.64427 16
    endloop
  endfacet
  facet normal -0.838638 -0.54469 0
    outer loop
      vertex -15.6306 3.1 13
      vertex -15.9841 3.64427 16
      vertex -15.9841 3.64427 13
    endloop
  endfacet
  facet normal -0.838638 -0.54469 0
    outer loop
      vertex -15.9841 3.64427 16
      vertex -15.6306 3.1 13
      vertex -15.6306 3.1 16
    endloop
  endfacet
  facet normal -0.258847 -0.965918 0
    outer loop
      vertex -19.7109 6.06452 13
      vertex -19.0841 5.89655 16
      vertex -19.7109 6.06452 16
    endloop
  endfacet
  facet normal -0.258847 -0.965918 -0
    outer loop
      vertex -19.0841 5.89655 16
      vertex -19.7109 6.06452 13
      vertex -19.0841 5.89655 13
    endloop
  endfacet
  facet normal -0.156428 -0.987689 0
    outer loop
      vertex -20.3519 6.16604 13
      vertex -19.7109 6.06452 16
      vertex -20.3519 6.16604 16
    endloop
  endfacet
  facet normal -0.156428 -0.987689 -0
    outer loop
      vertex -19.7109 6.06452 16
      vertex -20.3519 6.16604 13
      vertex -19.7109 6.06452 13
    endloop
  endfacet
  facet normal -0.0523275 -0.99863 0
    outer loop
      vertex -21 6.2 13
      vertex -20.3519 6.16604 16
      vertex -21 6.2 16
    endloop
  endfacet
  facet normal -0.0523275 -0.99863 -0
    outer loop
      vertex -20.3519 6.16604 16
      vertex -21 6.2 13
      vertex -20.3519 6.16604 13
    endloop
  endfacet
  facet normal -0.629345 -0.777126 0
    outer loop
      vertex -17.3557 5.0159 13
      vertex -16.8514 4.6075 16
      vertex -17.3557 5.0159 16
    endloop
  endfacet
  facet normal -0.629345 -0.777126 -0
    outer loop
      vertex -16.8514 4.6075 16
      vertex -17.3557 5.0159 13
      vertex -16.8514 4.6075 13
    endloop
  endfacet
  facet normal -0.454006 -0.890999 0
    outer loop
      vertex -18.4782 5.66398 13
      vertex -17.9 5.36936 16
      vertex -18.4782 5.66398 16
    endloop
  endfacet
  facet normal -0.454006 -0.890999 -0
    outer loop
      vertex -17.9 5.36936 16
      vertex -18.4782 5.66398 13
      vertex -17.9 5.36936 13
    endloop
  endfacet
  facet normal -0.544625 -0.838679 0
    outer loop
      vertex -17.9 5.36936 13
      vertex -17.3557 5.0159 16
      vertex -17.9 5.36936 16
    endloop
  endfacet
  facet normal -0.544625 -0.838679 -0
    outer loop
      vertex -17.3557 5.0159 16
      vertex -17.9 5.36936 13
      vertex -17.3557 5.0159 13
    endloop
  endfacet
  facet normal 0.933617 -0.358272 0
    outer loop
      vertex -26.8965 1.9159 16
      vertex -26.664 2.52177 13
      vertex -26.664 2.52177 16
    endloop
  endfacet
  facet normal 0.933617 -0.358272 0
    outer loop
      vertex -26.664 2.52177 13
      vertex -26.8965 1.9159 16
      vertex -26.8965 1.9159 13
    endloop
  endfacet
  facet normal 0.987693 -0.156404 0
    outer loop
      vertex -27.166 0.648076 16
      vertex -27.0645 1.28905 13
      vertex -27.0645 1.28905 16
    endloop
  endfacet
  facet normal 0.987693 -0.156404 0
    outer loop
      vertex -27.0645 1.28905 13
      vertex -27.166 0.648076 16
      vertex -27.166 0.648076 13
    endloop
  endfacet
  facet normal 0.156428 -0.987689 0
    outer loop
      vertex -22.2891 6.06452 13
      vertex -21.6481 6.16604 16
      vertex -22.2891 6.06452 16
    endloop
  endfacet
  facet normal 0.156428 -0.987689 0
    outer loop
      vertex -21.6481 6.16604 16
      vertex -22.2891 6.06452 13
      vertex -21.6481 6.16604 13
    endloop
  endfacet
  facet normal 0.258847 -0.965918 0
    outer loop
      vertex -22.9159 5.89655 13
      vertex -22.2891 6.06452 16
      vertex -22.9159 5.89655 16
    endloop
  endfacet
  facet normal 0.258847 -0.965918 0
    outer loop
      vertex -22.2891 6.06452 16
      vertex -22.9159 5.89655 13
      vertex -22.2891 6.06452 13
    endloop
  endfacet
  facet normal 0.965912 0.258871 0
    outer loop
      vertex -26.8965 -1.9159 16
      vertex -27.0645 -1.28905 13
      vertex -27.0645 -1.28905 16
    endloop
  endfacet
  facet normal 0.965912 0.258871 0
    outer loop
      vertex -27.0645 -1.28905 13
      vertex -26.8965 -1.9159 16
      vertex -26.8965 -1.9159 13
    endloop
  endfacet
  facet normal -0.629345 0.777126 0
    outer loop
      vertex -16.8514 -4.6075 13
      vertex -17.3557 -5.0159 16
      vertex -16.8514 -4.6075 16
    endloop
  endfacet
  facet normal -0.629345 0.777126 0
    outer loop
      vertex -17.3557 -5.0159 16
      vertex -16.8514 -4.6075 13
      vertex -17.3557 -5.0159 13
    endloop
  endfacet
  facet normal -0.35835 0.933587 0
    outer loop
      vertex -18.4782 -5.66398 13
      vertex -19.0841 -5.89655 16
      vertex -18.4782 -5.66398 16
    endloop
  endfacet
  facet normal -0.35835 0.933587 0
    outer loop
      vertex -19.0841 -5.89655 16
      vertex -18.4782 -5.66398 13
      vertex -19.0841 -5.89655 13
    endloop
  endfacet
  facet normal -0.258847 0.965918 0
    outer loop
      vertex -19.0841 -5.89655 13
      vertex -19.7109 -6.06452 16
      vertex -19.0841 -5.89655 16
    endloop
  endfacet
  facet normal -0.258847 0.965918 0
    outer loop
      vertex -19.7109 -6.06452 16
      vertex -19.0841 -5.89655 13
      vertex -19.7109 -6.06452 13
    endloop
  endfacet
  facet normal -0.838638 0.54469 0
    outer loop
      vertex -15.9841 -3.64427 13
      vertex -15.6306 -3.1 16
      vertex -15.6306 -3.1 13
    endloop
  endfacet
  facet normal -0.838638 0.54469 0
    outer loop
      vertex -15.6306 -3.1 16
      vertex -15.9841 -3.64427 13
      vertex -15.9841 -3.64427 16
    endloop
  endfacet
  facet normal 0.777151 -0.629314 0
    outer loop
      vertex -26.0159 3.64427 16
      vertex -25.6075 4.14861 13
      vertex -25.6075 4.14861 16
    endloop
  endfacet
  facet normal 0.777151 -0.629314 0
    outer loop
      vertex -25.6075 4.14861 13
      vertex -26.0159 3.64427 16
      vertex -26.0159 3.64427 13
    endloop
  endfacet
  facet normal 0.544625 -0.838679 0
    outer loop
      vertex -24.6443 5.0159 13
      vertex -24.1 5.36936 16
      vertex -24.6443 5.0159 16
    endloop
  endfacet
  facet normal 0.544625 -0.838679 0
    outer loop
      vertex -24.1 5.36936 16
      vertex -24.6443 5.0159 13
      vertex -24.1 5.36936 13
    endloop
  endfacet
  facet normal 0.35835 -0.933587 0
    outer loop
      vertex -23.5218 5.66398 13
      vertex -22.9159 5.89655 16
      vertex -23.5218 5.66398 16
    endloop
  endfacet
  facet normal 0.35835 -0.933587 0
    outer loop
      vertex -22.9159 5.89655 16
      vertex -23.5218 5.66398 13
      vertex -22.9159 5.89655 13
    endloop
  endfacet
  facet normal -0.933566 0.358406 0
    outer loop
      vertex -15.336 -2.52177 13
      vertex -15.1034 -1.9159 16
      vertex -15.1034 -1.9159 13
    endloop
  endfacet
  facet normal -0.933566 0.358406 0
    outer loop
      vertex -15.1034 -1.9159 16
      vertex -15.336 -2.52177 13
      vertex -15.336 -2.52177 16
    endloop
  endfacet
  facet normal -0.96595 0.258727 0
    outer loop
      vertex -15.1034 -1.9159 13
      vertex -14.9355 -1.28905 16
      vertex -14.9355 -1.28905 13
    endloop
  endfacet
  facet normal -0.96595 0.258727 0
    outer loop
      vertex -14.9355 -1.28905 16
      vertex -15.1034 -1.9159 13
      vertex -15.1034 -1.9159 16
    endloop
  endfacet
  facet normal -0.987693 0.156404 0
    outer loop
      vertex -14.9355 -1.28905 13
      vertex -14.834 -0.648076 16
      vertex -14.834 -0.648076 13
    endloop
  endfacet
  facet normal -0.987693 0.156404 0
    outer loop
      vertex -14.834 -0.648076 16
      vertex -14.9355 -1.28905 13
      vertex -14.9355 -1.28905 16
    endloop
  endfacet
  facet normal -0.998627 0.0523909 0
    outer loop
      vertex -14.834 -0.648076 13
      vertex -14.8 0 16
      vertex -14.8 0 13
    endloop
  endfacet
  facet normal -0.998627 0.0523909 0
    outer loop
      vertex -14.8 0 16
      vertex -14.834 -0.648076 13
      vertex -14.834 -0.648076 16
    endloop
  endfacet
  facet normal 0.35835 0.933587 -0
    outer loop
      vertex -22.9159 -5.89655 13
      vertex -23.5218 -5.66398 16
      vertex -22.9159 -5.89655 16
    endloop
  endfacet
  facet normal 0.35835 0.933587 0
    outer loop
      vertex -23.5218 -5.66398 16
      vertex -22.9159 -5.89655 13
      vertex -23.5218 -5.66398 13
    endloop
  endfacet
  facet normal 0.777151 0.629314 0
    outer loop
      vertex -25.6075 -4.14861 16
      vertex -26.0159 -3.64427 13
      vertex -26.0159 -3.64427 16
    endloop
  endfacet
  facet normal 0.777151 0.629314 0
    outer loop
      vertex -26.0159 -3.64427 13
      vertex -25.6075 -4.14861 16
      vertex -25.6075 -4.14861 13
    endloop
  endfacet
  facet normal -0.544625 0.838679 0
    outer loop
      vertex -17.3557 -5.0159 13
      vertex -17.9 -5.36936 16
      vertex -17.3557 -5.0159 16
    endloop
  endfacet
  facet normal -0.544625 0.838679 0
    outer loop
      vertex -17.9 -5.36936 16
      vertex -17.3557 -5.0159 13
      vertex -17.9 -5.36936 13
    endloop
  endfacet
  facet normal -0.891021 0.453962 0
    outer loop
      vertex -15.6306 -3.1 13
      vertex -15.336 -2.52177 16
      vertex -15.336 -2.52177 13
    endloop
  endfacet
  facet normal -0.891021 0.453962 0
    outer loop
      vertex -15.336 -2.52177 16
      vertex -15.6306 -3.1 13
      vertex -15.6306 -3.1 16
    endloop
  endfacet
  facet normal -0.777151 0.629314 0
    outer loop
      vertex -16.3925 -4.14861 13
      vertex -15.9841 -3.64427 16
      vertex -15.9841 -3.64427 13
    endloop
  endfacet
  facet normal -0.777151 0.629314 0
    outer loop
      vertex -15.9841 -3.64427 16
      vertex -16.3925 -4.14861 13
      vertex -16.3925 -4.14861 16
    endloop
  endfacet
  facet normal -0.0523275 0.99863 0
    outer loop
      vertex -20.3519 -6.16604 13
      vertex -21 -6.2 16
      vertex -20.3519 -6.16604 16
    endloop
  endfacet
  facet normal -0.0523275 0.99863 0
    outer loop
      vertex -21 -6.2 16
      vertex -20.3519 -6.16604 13
      vertex -21 -6.2 13
    endloop
  endfacet
  facet normal 0.258847 0.965918 -0
    outer loop
      vertex -22.2891 -6.06452 13
      vertex -22.9159 -5.89655 16
      vertex -22.2891 -6.06452 16
    endloop
  endfacet
  facet normal 0.258847 0.965918 0
    outer loop
      vertex -22.9159 -5.89655 16
      vertex -22.2891 -6.06452 13
      vertex -22.9159 -5.89655 13
    endloop
  endfacet
  facet normal 0.707099 0.707114 -0
    outer loop
      vertex -25.1486 -4.6075 13
      vertex -25.6075 -4.14861 16
      vertex -25.1486 -4.6075 16
    endloop
  endfacet
  facet normal 0.707099 0.707114 0
    outer loop
      vertex -25.6075 -4.14861 16
      vertex -25.1486 -4.6075 13
      vertex -25.6075 -4.14861 13
    endloop
  endfacet
  facet normal 0.891021 0.453962 0
    outer loop
      vertex -26.3694 -3.1 16
      vertex -26.664 -2.52177 13
      vertex -26.664 -2.52177 16
    endloop
  endfacet
  facet normal 0.891021 0.453962 0
    outer loop
      vertex -26.664 -2.52177 13
      vertex -26.3694 -3.1 16
      vertex -26.3694 -3.1 13
    endloop
  endfacet
  facet normal 0.987693 0.156404 0
    outer loop
      vertex -27.0645 -1.28905 16
      vertex -27.166 -0.648076 13
      vertex -27.166 -0.648076 16
    endloop
  endfacet
  facet normal 0.987693 0.156404 0
    outer loop
      vertex -27.166 -0.648076 13
      vertex -27.0645 -1.28905 16
      vertex -27.0645 -1.28905 13
    endloop
  endfacet
  facet normal 0.998627 0.0523909 0
    outer loop
      vertex -27.166 -0.648076 16
      vertex -27.2 0 13
      vertex -27.2 0 16
    endloop
  endfacet
  facet normal 0.998627 0.0523909 0
    outer loop
      vertex -27.2 0 13
      vertex -27.166 -0.648076 16
      vertex -27.166 -0.648076 13
    endloop
  endfacet
  facet normal -0.454006 0.890999 0
    outer loop
      vertex -17.9 -5.36936 13
      vertex -18.4782 -5.66398 16
      vertex -17.9 -5.36936 16
    endloop
  endfacet
  facet normal -0.454006 0.890999 0
    outer loop
      vertex -18.4782 -5.66398 16
      vertex -17.9 -5.36936 13
      vertex -18.4782 -5.66398 13
    endloop
  endfacet
  facet normal 0.156428 0.987689 -0
    outer loop
      vertex -21.6481 -6.16604 13
      vertex -22.2891 -6.06452 16
      vertex -21.6481 -6.16604 16
    endloop
  endfacet
  facet normal 0.156428 0.987689 0
    outer loop
      vertex -22.2891 -6.06452 16
      vertex -21.6481 -6.16604 13
      vertex -22.2891 -6.06452 13
    endloop
  endfacet
  facet normal 0.454006 0.890999 -0
    outer loop
      vertex -23.5218 -5.66398 13
      vertex -24.1 -5.36936 16
      vertex -23.5218 -5.66398 16
    endloop
  endfacet
  facet normal 0.454006 0.890999 0
    outer loop
      vertex -24.1 -5.36936 16
      vertex -23.5218 -5.66398 13
      vertex -24.1 -5.36936 13
    endloop
  endfacet
  facet normal 0.838638 0.54469 0
    outer loop
      vertex -26.0159 -3.64427 16
      vertex -26.3694 -3.1 13
      vertex -26.3694 -3.1 16
    endloop
  endfacet
  facet normal 0.838638 0.54469 0
    outer loop
      vertex -26.3694 -3.1 13
      vertex -26.0159 -3.64427 16
      vertex -26.0159 -3.64427 13
    endloop
  endfacet
  facet normal 0.544625 0.838679 -0
    outer loop
      vertex -24.1 -5.36936 13
      vertex -24.6443 -5.0159 16
      vertex -24.1 -5.36936 16
    endloop
  endfacet
  facet normal 0.544625 0.838679 0
    outer loop
      vertex -24.6443 -5.0159 16
      vertex -24.1 -5.36936 13
      vertex -24.6443 -5.0159 13
    endloop
  endfacet
  facet normal 0.629345 0.777126 -0
    outer loop
      vertex -24.6443 -5.0159 13
      vertex -25.1486 -4.6075 16
      vertex -24.6443 -5.0159 16
    endloop
  endfacet
  facet normal 0.629345 0.777126 0
    outer loop
      vertex -25.1486 -4.6075 16
      vertex -24.6443 -5.0159 13
      vertex -25.1486 -4.6075 13
    endloop
  endfacet
  facet normal 0.856914 0.0490442 -0.51312
    outer loop
      vertex 8.375 0 23
      vertex 11.3689 0.00174723 28
      vertex 11.369 0 28
    endloop
  endfacet
  facet normal 0.857081 0.0449186 -0.513219
    outer loop
      vertex 11.3689 0.00174723 28
      vertex 8.375 0 23
      vertex 8.32912 0.875425 23
    endloop
  endfacet
  facet normal -0.857082 -0.0449258 -0.513218
    outer loop
      vertex -11.3067 -1.18838 28
      vertex -11.3689 -0.00174723 28
      vertex -8.32912 -0.875425 23
    endloop
  endfacet
  facet normal 0.857082 -0.0449258 -0.513218
    outer loop
      vertex 11.3067 -1.18838 28
      vertex 8.32912 -0.875425 23
      vertex 11.3689 -0.00174723 28
    endloop
  endfacet
  facet normal 0.606879 -0.606879 -0.513221
    outer loop
      vertex 8.44882 -7.60735 28
      vertex 5.60397 -6.22384 23
      vertex 6.22384 -5.60397 23
    endloop
  endfacet
  facet normal 0.606879 -0.606879 -0.513221
    outer loop
      vertex 5.60397 -6.22384 23
      vertex 8.44882 -7.60735 28
      vertex 7.60735 -8.44882 28
    endloop
  endfacet
  facet normal 0.0490442 -0.856914 -0.51312
    outer loop
      vertex 0 -8.375 23
      vertex 0.00174723 -11.3689 28
      vertex 0 -11.369 28
    endloop
  endfacet
  facet normal 0.0449186 -0.857081 -0.513219
    outer loop
      vertex 0.00174723 -11.3689 28
      vertex 0 -8.375 23
      vertex 0.875425 -8.32912 23
    endloop
  endfacet
  facet normal -0.847691 0.134271 -0.513217
    outer loop
      vertex -8.32912 0.875425 23
      vertex -11.3067 1.18838 28
      vertex -11.1208 2.36202 28
    endloop
  endfacet
  facet normal -0.0490442 0.856914 -0.51312
    outer loop
      vertex 0 8.375 23
      vertex -0.00174723 11.3689 28
      vertex 0 11.369 28
    endloop
  endfacet
  facet normal -0.0449186 0.857081 -0.513219
    outer loop
      vertex -0.00174723 11.3689 28
      vertex 0 8.375 23
      vertex -0.875425 8.32912 23
    endloop
  endfacet
  facet normal 0.847691 0.134271 -0.513217
    outer loop
      vertex 11.3067 1.18838 28
      vertex 8.32912 0.875425 23
      vertex 11.1208 2.36202 28
    endloop
  endfacet
  facet normal 0.801261 -0.307549 -0.51322
    outer loop
      vertex 10.3861 -4.62419 28
      vertex 7.65094 -3.40642 23
      vertex 10.8119 -3.51485 28
    endloop
  endfacet
  facet normal -0.764717 -0.389632 -0.513221
    outer loop
      vertex -9.84665 -5.68295 28
      vertex -10.3861 -4.62419 28
      vertex -7.65094 -3.40642 23
    endloop
  endfacet
  facet normal -0.539703 -0.667269 -0.513297
    outer loop
      vertex -5.60397 -6.22384 23
      vertex -6.68254 -9.19772 28
      vertex -6.6839 -9.19662 28
    endloop
  endfacet
  facet normal -0.540117 -0.666991 -0.513221
    outer loop
      vertex -6.68254 -9.19772 28
      vertex -5.60397 -6.22384 23
      vertex -4.9227 -6.77552 23
    endloop
  endfacet
  facet normal -0.666989 -0.540121 -0.513221
    outer loop
      vertex -8.44882 -7.60735 28
      vertex -9.19662 -6.6839 28
      vertex -6.22384 -5.60397 23
    endloop
  endfacet
  facet normal -0.829001 0.222169 -0.513224
    outer loop
      vertex -8.19199 1.74126 23
      vertex -11.1206 2.36375 28
      vertex -10.813 3.51153 28
    endloop
  endfacet
  facet normal -0.606879 0.606879 -0.513221
    outer loop
      vertex -5.60397 6.22384 23
      vertex -8.44882 7.60735 28
      vertex -7.60735 8.44882 28
    endloop
  endfacet
  facet normal -0.606879 0.606879 -0.513221
    outer loop
      vertex -8.44882 7.60735 28
      vertex -5.60397 6.22384 23
      vertex -6.22384 5.60397 23
    endloop
  endfacet
  facet normal 0.134271 0.847691 -0.513217
    outer loop
      vertex 2.36202 11.1208 28
      vertex 0.875425 8.32912 23
      vertex 1.18838 11.3067 28
    endloop
  endfacet
  facet normal 0.222169 0.829001 -0.513224
    outer loop
      vertex 3.51153 10.813 28
      vertex 1.74126 8.19199 23
      vertex 2.36375 11.1206 28
    endloop
  endfacet
  facet normal 0.791571 0.339938 -0.507797
    outer loop
      vertex 10.8126 3.51322 28
      vertex 7.65094 3.40642 23
      vertex 10.8119 3.51485 28
    endloop
  endfacet
  facet normal 0.801248 0.307576 -0.513224
    outer loop
      vertex 7.65094 3.40642 23
      vertex 10.8126 3.51322 28
      vertex 7.9651 2.58802 23
    endloop
  endfacet
  facet normal 0.835613 0.197778 -0.512479
    outer loop
      vertex 10.813 3.51153 28
      vertex 7.9651 2.58802 23
      vertex 10.8126 3.51322 28
    endloop
  endfacet
  facet normal 0.829013 0.222135 -0.513218
    outer loop
      vertex 7.9651 2.58802 23
      vertex 10.813 3.51153 28
      vertex 8.19199 1.74126 23
    endloop
  endfacet
  facet normal 0.857082 0.0449258 -0.513218
    outer loop
      vertex 11.3689 0.00174723 28
      vertex 8.32912 0.875425 23
      vertex 11.3067 1.18838 28
    endloop
  endfacet
  facet normal 0.847691 -0.134271 -0.513217
    outer loop
      vertex 11.1208 -2.36202 28
      vertex 8.32912 -0.875425 23
      vertex 11.3067 -1.18838 28
    endloop
  endfacet
  facet normal 0.847694 -0.134257 -0.513215
    outer loop
      vertex 11.1208 -2.36202 28
      vertex 8.19199 -1.74126 23
      vertex 8.32912 -0.875425 23
    endloop
  endfacet
  facet normal 0.853268 -0.0986436 -0.512059
    outer loop
      vertex 8.19199 -1.74126 23
      vertex 11.1208 -2.36202 28
      vertex 11.1206 -2.36375 28
    endloop
  endfacet
  facet normal 0.829001 -0.222169 -0.513224
    outer loop
      vertex 10.813 -3.51153 28
      vertex 8.19199 -1.74126 23
      vertex 11.1206 -2.36375 28
    endloop
  endfacet
  facet normal 0.719795 -0.467438 -0.513222
    outer loop
      vertex 9.19868 -6.68107 28
      vertex 7.25296 -4.1875 23
      vertex 9.84585 -5.68451 28
    endloop
  endfacet
  facet normal 0.666991 -0.540117 -0.513221
    outer loop
      vertex 9.19772 -6.68254 28
      vertex 6.22384 -5.60397 23
      vertex 6.77552 -4.9227 23
    endloop
  endfacet
  facet normal 0.667269 -0.539703 -0.513297
    outer loop
      vertex 6.22384 -5.60397 23
      vertex 9.19772 -6.68254 28
      vertex 9.19662 -6.6839 28
    endloop
  endfacet
  facet normal 0.719796 -0.467437 -0.513222
    outer loop
      vertex 9.19868 -6.68107 28
      vertex 6.77552 -4.9227 23
      vertex 7.25296 -4.1875 23
    endloop
  endfacet
  facet normal 0.718568 -0.469269 -0.513271
    outer loop
      vertex 6.77552 -4.9227 23
      vertex 9.19868 -6.68107 28
      vertex 9.19772 -6.68254 28
    endloop
  endfacet
  facet normal 0.764717 -0.389632 -0.513221
    outer loop
      vertex 9.84665 -5.68295 28
      vertex 7.65094 -3.40642 23
      vertex 10.3861 -4.62419 28
    endloop
  endfacet
  facet normal 0.467438 -0.719795 -0.513222
    outer loop
      vertex 5.68451 -9.84585 28
      vertex 4.1875 -7.25296 23
      vertex 6.68107 -9.19868 28
    endloop
  endfacet
  facet normal -0.856914 -0.0490442 -0.51312
    outer loop
      vertex -8.375 0 23
      vertex -11.3689 -0.00174723 28
      vertex -11.369 0 28
    endloop
  endfacet
  facet normal -0.857081 -0.0449186 -0.513219
    outer loop
      vertex -11.3689 -0.00174723 28
      vertex -8.375 0 23
      vertex -8.32912 -0.875425 23
    endloop
  endfacet
  facet normal -0.0986436 -0.853268 -0.512059
    outer loop
      vertex -1.74126 -8.19199 23
      vertex -2.36202 -11.1208 28
      vertex -2.36375 -11.1206 28
    endloop
  endfacet
  facet normal -0.134257 -0.847694 -0.513215
    outer loop
      vertex -2.36202 -11.1208 28
      vertex -1.74126 -8.19199 23
      vertex -0.875425 -8.32912 23
    endloop
  endfacet
  facet normal -0.829001 -0.222169 -0.513224
    outer loop
      vertex -10.813 -3.51153 28
      vertex -11.1206 -2.36375 28
      vertex -8.19199 -1.74126 23
    endloop
  endfacet
  facet normal 0 0 -1
    outer loop
      vertex 6.75 0 23
      vertex 8.375 0 23
      vertex 8.32912 -0.875425 23
    endloop
  endfacet
  facet normal 0 0 -1
    outer loop
      vertex 6.71302 -0.705566 23
      vertex 8.32912 -0.875425 23
      vertex 8.19199 -1.74126 23
    endloop
  endfacet
  facet normal 0 0 -1
    outer loop
      vertex 8.375 0 23
      vertex 6.75 0 23
      vertex 8.32912 0.875425 23
    endloop
  endfacet
  facet normal 0 0 -1
    outer loop
      vertex 6.6025 -1.4034 23
      vertex 8.19199 -1.74126 23
      vertex 7.9651 -2.58802 23
    endloop
  endfacet
  facet normal 0 0 -1
    outer loop
      vertex 6.71302 0.705566 23
      vertex 8.32912 0.875425 23
      vertex 6.75 0 23
    endloop
  endfacet
  facet normal 0 0 -1
    outer loop
      vertex 6.41963 -2.08586 23
      vertex 7.9651 -2.58802 23
      vertex 7.65094 -3.40642 23
    endloop
  endfacet
  facet normal -0 0 -1
    outer loop
      vertex 8.32912 0.875425 23
      vertex 6.71302 0.705566 23
      vertex 8.19199 1.74126 23
    endloop
  endfacet
  facet normal 0 0 -1
    outer loop
      vertex 6.16643 -2.74547 23
      vertex 7.65094 -3.40642 23
      vertex 7.25296 -4.1875 23
    endloop
  endfacet
  facet normal 0 0 -1
    outer loop
      vertex 6.6025 1.4034 23
      vertex 8.19199 1.74126 23
      vertex 6.71302 0.705566 23
    endloop
  endfacet
  facet normal 0 0 -1
    outer loop
      vertex 5.84567 -3.375 23
      vertex 7.25296 -4.1875 23
      vertex 6.77552 -4.9227 23
    endloop
  endfacet
  facet normal -0 0 -1
    outer loop
      vertex 8.19199 1.74126 23
      vertex 6.6025 1.4034 23
      vertex 7.9651 2.58802 23
    endloop
  endfacet
  facet normal 0 0 -1
    outer loop
      vertex 6.41963 2.08586 23
      vertex 7.9651 2.58802 23
      vertex 6.6025 1.4034 23
    endloop
  endfacet
  facet normal 0 0 -1
    outer loop
      vertex 8.32912 -0.875425 23
      vertex 6.71302 -0.705566 23
      vertex 6.75 0 23
    endloop
  endfacet
  facet normal 0 0 -1
    outer loop
      vertex 8.19199 -1.74126 23
      vertex 6.6025 -1.4034 23
      vertex 6.71302 -0.705566 23
    endloop
  endfacet
  facet normal 0 0 -1
    outer loop
      vertex 7.9651 -2.58802 23
      vertex 6.41963 -2.08586 23
      vertex 6.6025 -1.4034 23
    endloop
  endfacet
  facet normal 0 0 -1
    outer loop
      vertex 5.46086 -3.96755 23
      vertex 6.77552 -4.9227 23
      vertex 6.22384 -5.60397 23
    endloop
  endfacet
  facet normal 0 0 -1
    outer loop
      vertex 7.65094 -3.40642 23
      vertex 6.16643 -2.74547 23
      vertex 6.41963 -2.08586 23
    endloop
  endfacet
  facet normal 0 0 -1
    outer loop
      vertex 7.25296 -4.1875 23
      vertex 5.84567 -3.375 23
      vertex 6.16643 -2.74547 23
    endloop
  endfacet
  facet normal 0 0 -1
    outer loop
      vertex 5.01623 -4.51663 23
      vertex 6.22384 -5.60397 23
      vertex 5.60397 -6.22384 23
    endloop
  endfacet
  facet normal 0 0 -1
    outer loop
      vertex 6.77552 -4.9227 23
      vertex 5.46086 -3.96755 23
      vertex 5.84567 -3.375 23
    endloop
  endfacet
  facet normal 0 0 -1
    outer loop
      vertex 6.22384 -5.60397 23
      vertex 5.01623 -4.51663 23
      vertex 5.46086 -3.96755 23
    endloop
  endfacet
  facet normal 0 0 -1
    outer loop
      vertex 4.51663 -5.01623 23
      vertex 5.60397 -6.22384 23
      vertex 4.9227 -6.77552 23
    endloop
  endfacet
  facet normal 0 0 -1
    outer loop
      vertex 5.60397 -6.22384 23
      vertex 4.51663 -5.01623 23
      vertex 5.01623 -4.51663 23
    endloop
  endfacet
  facet normal 0 0 -1
    outer loop
      vertex 3.96755 -5.46086 23
      vertex 4.9227 -6.77552 23
      vertex 4.19206 -7.25 23
    endloop
  endfacet
  facet normal 0 0 -1
    outer loop
      vertex 4.9227 -6.77552 23
      vertex 3.96755 -5.46086 23
      vertex 4.51663 -5.01623 23
    endloop
  endfacet
  facet normal 0 0 -1
    outer loop
      vertex 4.19206 -7.25 23
      vertex 3.375 -5.84567 23
      vertex 3.96755 -5.46086 23
    endloop
  endfacet
  facet normal 0 0 -1
    outer loop
      vertex 4.19206 -7.25 23
      vertex 2.74547 -6.16643 23
      vertex 3.375 -5.84567 23
    endloop
  endfacet
  facet normal 0 0 -1
    outer loop
      vertex 4.19206 -7.25 23
      vertex 2.08586 -6.41963 23
      vertex 2.74547 -6.16643 23
    endloop
  endfacet
  facet normal 0 0 -1
    outer loop
      vertex 4.19206 -7.25 23
      vertex 1.4034 -6.6025 23
      vertex 2.08586 -6.41963 23
    endloop
  endfacet
  facet normal 0 0 -1
    outer loop
      vertex 0 -7.25 23
      vertex 1.4034 -6.6025 23
      vertex 4.19206 -7.25 23
    endloop
  endfacet
  facet normal 0 0 -1
    outer loop
      vertex 1.4034 -6.6025 23
      vertex 0 -7.25 23
      vertex 0.705566 -6.71302 23
    endloop
  endfacet
  facet normal 0 0 -1
    outer loop
      vertex 0.705566 -6.71302 23
      vertex 0 -7.25 23
      vertex 0 -6.75 23
    endloop
  endfacet
  facet normal -0 0 -1
    outer loop
      vertex 7.9651 2.58802 23
      vertex 6.41963 2.08586 23
      vertex 7.65094 3.40642 23
    endloop
  endfacet
  facet normal 0 0 -1
    outer loop
      vertex 6.16643 2.74547 23
      vertex 7.65094 3.40642 23
      vertex 6.41963 2.08586 23
    endloop
  endfacet
  facet normal -0 0 -1
    outer loop
      vertex 7.65094 3.40642 23
      vertex 6.16643 2.74547 23
      vertex 7.25296 4.1875 23
    endloop
  endfacet
  facet normal 0 0 -1
    outer loop
      vertex 5.84567 3.375 23
      vertex 7.25296 4.1875 23
      vertex 6.16643 2.74547 23
    endloop
  endfacet
  facet normal -0 0 -1
    outer loop
      vertex 7.25296 4.1875 23
      vertex 5.84567 3.375 23
      vertex 6.77552 4.9227 23
    endloop
  endfacet
  facet normal 0 0 -1
    outer loop
      vertex 5.46086 3.96755 23
      vertex 6.77552 4.9227 23
      vertex 5.84567 3.375 23
    endloop
  endfacet
  facet normal -0 0 -1
    outer loop
      vertex 6.77552 4.9227 23
      vertex 5.46086 3.96755 23
      vertex 6.22384 5.60397 23
    endloop
  endfacet
  facet normal 0 0 -1
    outer loop
      vertex 5.01623 4.51663 23
      vertex 6.22384 5.60397 23
      vertex 5.46086 3.96755 23
    endloop
  endfacet
  facet normal -0 0 -1
    outer loop
      vertex 6.22384 5.60397 23
      vertex 5.01623 4.51663 23
      vertex 5.60397 6.22384 23
    endloop
  endfacet
  facet normal 0 0 -1
    outer loop
      vertex 4.51663 5.01623 23
      vertex 5.60397 6.22384 23
      vertex 5.01623 4.51663 23
    endloop
  endfacet
  facet normal -0 0 -1
    outer loop
      vertex 5.60397 6.22384 23
      vertex 4.51663 5.01623 23
      vertex 4.9227 6.77552 23
    endloop
  endfacet
  facet normal 0 0 -1
    outer loop
      vertex 3.96755 5.46086 23
      vertex 4.9227 6.77552 23
      vertex 4.51663 5.01623 23
    endloop
  endfacet
  facet normal -0 0 -1
    outer loop
      vertex 4.9227 6.77552 23
      vertex 3.96755 5.46086 23
      vertex 4.19206 7.25 23
    endloop
  endfacet
  facet normal 0 0 -1
    outer loop
      vertex 3.375 5.84567 23
      vertex 4.19206 7.25 23
      vertex 3.96755 5.46086 23
    endloop
  endfacet
  facet normal 0 0 -1
    outer loop
      vertex 2.74547 6.16643 23
      vertex 4.19206 7.25 23
      vertex 3.375 5.84567 23
    endloop
  endfacet
  facet normal 0 0 -1
    outer loop
      vertex 2.08586 6.41963 23
      vertex 4.19206 7.25 23
      vertex 2.74547 6.16643 23
    endloop
  endfacet
  facet normal 0 0 -1
    outer loop
      vertex 1.4034 6.6025 23
      vertex 4.19206 7.25 23
      vertex 2.08586 6.41963 23
    endloop
  endfacet
  facet normal 0 0 -1
    outer loop
      vertex 0 7.25 23
      vertex 1.4034 6.6025 23
      vertex 0.705566 6.71302 23
    endloop
  endfacet
  facet normal 0 0 -1
    outer loop
      vertex 0 7.25 23
      vertex 0.705566 6.71302 23
      vertex 0 6.75 23
    endloop
  endfacet
  facet normal 0 0 -1
    outer loop
      vertex 1.4034 6.6025 23
      vertex 0 7.25 23
      vertex 4.19206 7.25 23
    endloop
  endfacet
  facet normal -0.467438 0.719795 -0.513222
    outer loop
      vertex -4.1875 7.25296 23
      vertex -6.68107 9.19868 28
      vertex -5.68451 9.84585 28
    endloop
  endfacet
  facet normal -0.853268 0.0986436 -0.512059
    outer loop
      vertex -8.19199 1.74126 23
      vertex -11.1208 2.36202 28
      vertex -11.1206 2.36375 28
    endloop
  endfacet
  facet normal -0.847694 0.134257 -0.513215
    outer loop
      vertex -11.1208 2.36202 28
      vertex -8.19199 1.74126 23
      vertex -8.32912 0.875425 23
    endloop
  endfacet
  facet normal -0.801261 0.307549 -0.51322
    outer loop
      vertex -7.65094 3.40642 23
      vertex -10.8119 3.51485 28
      vertex -10.3861 4.62419 28
    endloop
  endfacet
  facet normal -0.835613 0.197778 -0.512479
    outer loop
      vertex -7.9651 2.58802 23
      vertex -10.813 3.51153 28
      vertex -10.8126 3.51322 28
    endloop
  endfacet
  facet normal -0.829013 0.222135 -0.513218
    outer loop
      vertex -10.813 3.51153 28
      vertex -7.9651 2.58802 23
      vertex -8.19199 1.74126 23
    endloop
  endfacet
  facet normal -0.764717 0.389632 -0.513221
    outer loop
      vertex -7.65094 3.40642 23
      vertex -10.3861 4.62419 28
      vertex -9.84665 5.68295 28
    endloop
  endfacet
  facet normal -0.763664 0.391623 -0.513272
    outer loop
      vertex -7.25296 4.1875 23
      vertex -9.84665 5.68295 28
      vertex -9.84585 5.68451 28
    endloop
  endfacet
  facet normal -0.764711 0.38964 -0.513222
    outer loop
      vertex -9.84665 5.68295 28
      vertex -7.25296 4.1875 23
      vertex -7.65094 3.40642 23
    endloop
  endfacet
  facet normal 0.467438 0.719795 -0.513222
    outer loop
      vertex 6.68107 9.19868 28
      vertex 4.1875 7.25296 23
      vertex 5.68451 9.84585 28
    endloop
  endfacet
  facet normal 0.0986436 0.853268 -0.512059
    outer loop
      vertex 1.74126 8.19199 23
      vertex 2.36202 11.1208 28
      vertex 2.36375 11.1206 28
    endloop
  endfacet
  facet normal 0.134257 0.847694 -0.513215
    outer loop
      vertex 2.36202 11.1208 28
      vertex 1.74126 8.19199 23
      vertex 0.875425 8.32912 23
    endloop
  endfacet
  facet normal 0.763664 0.391623 -0.513272
    outer loop
      vertex 9.84665 5.68295 28
      vertex 7.25296 4.1875 23
      vertex 9.84585 5.68451 28
    endloop
  endfacet
  facet normal 0.764711 0.38964 -0.513222
    outer loop
      vertex 7.25296 4.1875 23
      vertex 9.84665 5.68295 28
      vertex 7.65094 3.40642 23
    endloop
  endfacet
  facet normal 0.666989 0.540121 -0.513221
    outer loop
      vertex 9.19662 6.6839 28
      vertex 6.22384 5.60397 23
      vertex 8.44882 7.60735 28
    endloop
  endfacet
  facet normal 0.719795 0.467438 -0.513222
    outer loop
      vertex 9.84585 5.68451 28
      vertex 7.25296 4.1875 23
      vertex 9.19868 6.68107 28
    endloop
  endfacet
  facet normal 0.764717 0.389632 -0.513221
    outer loop
      vertex 10.3861 4.62419 28
      vertex 7.65094 3.40642 23
      vertex 9.84665 5.68295 28
    endloop
  endfacet
  facet normal 0.829001 0.222169 -0.513224
    outer loop
      vertex 11.1206 2.36375 28
      vertex 8.19199 1.74126 23
      vertex 10.813 3.51153 28
    endloop
  endfacet
  facet normal 0.853268 0.0986436 -0.512059
    outer loop
      vertex 11.1208 2.36202 28
      vertex 8.19199 1.74126 23
      vertex 11.1206 2.36375 28
    endloop
  endfacet
  facet normal 0.847694 0.134257 -0.513215
    outer loop
      vertex 8.19199 1.74126 23
      vertex 11.1208 2.36202 28
      vertex 8.32912 0.875425 23
    endloop
  endfacet
  facet normal 0.856914 -0.0490442 -0.51312
    outer loop
      vertex 11.3689 -0.00174723 28
      vertex 8.375 0 23
      vertex 11.369 0 28
    endloop
  endfacet
  facet normal 0.857081 -0.0449186 -0.513219
    outer loop
      vertex 8.375 0 23
      vertex 11.3689 -0.00174723 28
      vertex 8.32912 -0.875425 23
    endloop
  endfacet
  facet normal 0.829013 -0.222135 -0.513218
    outer loop
      vertex 10.813 -3.51153 28
      vertex 7.9651 -2.58802 23
      vertex 8.19199 -1.74126 23
    endloop
  endfacet
  facet normal 0.835613 -0.197778 -0.512479
    outer loop
      vertex 7.9651 -2.58802 23
      vertex 10.813 -3.51153 28
      vertex 10.8126 -3.51322 28
    endloop
  endfacet
  facet normal 0.801248 -0.307576 -0.513224
    outer loop
      vertex 10.8126 -3.51322 28
      vertex 7.65094 -3.40642 23
      vertex 7.9651 -2.58802 23
    endloop
  endfacet
  facet normal 0.791571 -0.339938 -0.507797
    outer loop
      vertex 7.65094 -3.40642 23
      vertex 10.8126 -3.51322 28
      vertex 10.8119 -3.51485 28
    endloop
  endfacet
  facet normal 0.666989 -0.540121 -0.513221
    outer loop
      vertex 8.44882 -7.60735 28
      vertex 6.22384 -5.60397 23
      vertex 9.19662 -6.6839 28
    endloop
  endfacet
  facet normal 0.764711 -0.38964 -0.513222
    outer loop
      vertex 9.84665 -5.68295 28
      vertex 7.25296 -4.1875 23
      vertex 7.65094 -3.40642 23
    endloop
  endfacet
  facet normal 0.763664 -0.391623 -0.513272
    outer loop
      vertex 7.25296 -4.1875 23
      vertex 9.84665 -5.68295 28
      vertex 9.84585 -5.68451 28
    endloop
  endfacet
  facet normal 0.134271 -0.847691 -0.513217
    outer loop
      vertex 1.18838 -11.3067 28
      vertex 0.875425 -8.32912 23
      vertex 2.36202 -11.1208 28
    endloop
  endfacet
  facet normal 0.0449258 -0.857082 -0.513218
    outer loop
      vertex 1.18838 -11.3067 28
      vertex 0.00174723 -11.3689 28
      vertex 0.875425 -8.32912 23
    endloop
  endfacet
  facet normal 0.307576 -0.801248 -0.513224
    outer loop
      vertex 3.40642 -7.65094 23
      vertex 3.51322 -10.8126 28
      vertex 2.58802 -7.9651 23
    endloop
  endfacet
  facet normal 0.339938 -0.791571 -0.507797
    outer loop
      vertex 3.51322 -10.8126 28
      vertex 3.40642 -7.65094 23
      vertex 3.51485 -10.8119 28
    endloop
  endfacet
  facet normal 0.389632 -0.764717 -0.513221
    outer loop
      vertex 4.62419 -10.3861 28
      vertex 3.40642 -7.65094 23
      vertex 5.68295 -9.84665 28
    endloop
  endfacet
  facet normal -0.829013 -0.222135 -0.513218
    outer loop
      vertex -7.9651 -2.58802 23
      vertex -10.813 -3.51153 28
      vertex -8.19199 -1.74126 23
    endloop
  endfacet
  facet normal -0.835613 -0.197778 -0.512479
    outer loop
      vertex -10.813 -3.51153 28
      vertex -7.9651 -2.58802 23
      vertex -10.8126 -3.51322 28
    endloop
  endfacet
  facet normal -0.847691 -0.134271 -0.513217
    outer loop
      vertex -11.1208 -2.36202 28
      vertex -11.3067 -1.18838 28
      vertex -8.32912 -0.875425 23
    endloop
  endfacet
  facet normal -0.606879 -0.606879 -0.513221
    outer loop
      vertex -5.60397 -6.22384 23
      vertex -8.44882 -7.60735 28
      vertex -6.22384 -5.60397 23
    endloop
  endfacet
  facet normal -0.606879 -0.606879 -0.513221
    outer loop
      vertex -8.44882 -7.60735 28
      vertex -5.60397 -6.22384 23
      vertex -7.60735 -8.44882 28
    endloop
  endfacet
  facet normal -0.540121 -0.666989 -0.513221
    outer loop
      vertex -6.6839 -9.19662 28
      vertex -7.60735 -8.44882 28
      vertex -5.60397 -6.22384 23
    endloop
  endfacet
  facet normal -0.467438 -0.719795 -0.513222
    outer loop
      vertex -5.68451 -9.84585 28
      vertex -6.68107 -9.19868 28
      vertex -4.1875 -7.25296 23
    endloop
  endfacet
  facet normal -0.391623 -0.763664 -0.513272
    outer loop
      vertex -4.1875 -7.25296 23
      vertex -5.68295 -9.84665 28
      vertex -5.68451 -9.84585 28
    endloop
  endfacet
  facet normal -0.38964 -0.764711 -0.513222
    outer loop
      vertex -5.68295 -9.84665 28
      vertex -4.1875 -7.25296 23
      vertex -3.40642 -7.65094 23
    endloop
  endfacet
  facet normal -0.719795 -0.467438 -0.513222
    outer loop
      vertex -9.19868 -6.68107 28
      vertex -9.84585 -5.68451 28
      vertex -7.25296 -4.1875 23
    endloop
  endfacet
  facet normal -0.666991 -0.540117 -0.513221
    outer loop
      vertex -6.22384 -5.60397 23
      vertex -9.19772 -6.68254 28
      vertex -6.77552 -4.9227 23
    endloop
  endfacet
  facet normal -0.667269 -0.539703 -0.513297
    outer loop
      vertex -9.19772 -6.68254 28
      vertex -6.22384 -5.60397 23
      vertex -9.19662 -6.6839 28
    endloop
  endfacet
  facet normal -0.801261 -0.307549 -0.51322
    outer loop
      vertex -10.3861 -4.62419 28
      vertex -10.8119 -3.51485 28
      vertex -7.65094 -3.40642 23
    endloop
  endfacet
  facet normal -0.801248 -0.307576 -0.513224
    outer loop
      vertex -7.65094 -3.40642 23
      vertex -10.8126 -3.51322 28
      vertex -7.9651 -2.58802 23
    endloop
  endfacet
  facet normal -0.791571 -0.339938 -0.507797
    outer loop
      vertex -10.8126 -3.51322 28
      vertex -7.65094 -3.40642 23
      vertex -10.8119 -3.51485 28
    endloop
  endfacet
  facet normal -0.134271 0.847691 -0.513217
    outer loop
      vertex -0.875425 8.32912 23
      vertex -2.36202 11.1208 28
      vertex -1.18838 11.3067 28
    endloop
  endfacet
  facet normal -0.0449258 0.857082 -0.513218
    outer loop
      vertex -0.875425 8.32912 23
      vertex -1.18838 11.3067 28
      vertex -0.00174723 11.3689 28
    endloop
  endfacet
  facet normal -0.307576 0.801248 -0.513224
    outer loop
      vertex -3.40642 7.65094 23
      vertex -3.51322 10.8126 28
      vertex -2.58802 7.9651 23
    endloop
  endfacet
  facet normal -0.339938 0.791571 -0.507797
    outer loop
      vertex -3.51322 10.8126 28
      vertex -3.40642 7.65094 23
      vertex -3.51485 10.8119 28
    endloop
  endfacet
  facet normal -0.389632 0.764717 -0.513221
    outer loop
      vertex -3.40642 7.65094 23
      vertex -5.68295 9.84665 28
      vertex -4.62419 10.3861 28
    endloop
  endfacet
  facet normal -0.857081 0.0449186 -0.513219
    outer loop
      vertex -8.375 0 23
      vertex -11.3689 0.00174723 28
      vertex -8.32912 0.875425 23
    endloop
  endfacet
  facet normal -0.856914 0.0490442 -0.51312
    outer loop
      vertex -11.3689 0.00174723 28
      vertex -8.375 0 23
      vertex -11.369 0 28
    endloop
  endfacet
  facet normal -0.857082 0.0449258 -0.513218
    outer loop
      vertex -8.32912 0.875425 23
      vertex -11.3689 0.00174723 28
      vertex -11.3067 1.18838 28
    endloop
  endfacet
  facet normal -0.791571 0.339938 -0.507797
    outer loop
      vertex -7.65094 3.40642 23
      vertex -10.8126 3.51322 28
      vertex -10.8119 3.51485 28
    endloop
  endfacet
  facet normal -0.801248 0.307576 -0.513224
    outer loop
      vertex -10.8126 3.51322 28
      vertex -7.65094 3.40642 23
      vertex -7.9651 2.58802 23
    endloop
  endfacet
  facet normal -0.667269 0.539703 -0.513297
    outer loop
      vertex -6.22384 5.60397 23
      vertex -9.19772 6.68254 28
      vertex -9.19662 6.6839 28
    endloop
  endfacet
  facet normal -0.666991 0.540117 -0.513221
    outer loop
      vertex -9.19772 6.68254 28
      vertex -6.22384 5.60397 23
      vertex -6.77552 4.9227 23
    endloop
  endfacet
  facet normal -0.666989 0.540121 -0.513221
    outer loop
      vertex -6.22384 5.60397 23
      vertex -9.19662 6.6839 28
      vertex -8.44882 7.60735 28
    endloop
  endfacet
  facet normal -0.719795 0.467438 -0.513222
    outer loop
      vertex -7.25296 4.1875 23
      vertex -9.84585 5.68451 28
      vertex -9.19868 6.68107 28
    endloop
  endfacet
  facet normal -0.718568 0.469269 -0.513271
    outer loop
      vertex -6.77552 4.9227 23
      vertex -9.19868 6.68107 28
      vertex -9.19772 6.68254 28
    endloop
  endfacet
  facet normal -0.719796 0.467437 -0.513222
    outer loop
      vertex -9.19868 6.68107 28
      vertex -6.77552 4.9227 23
      vertex -7.25296 4.1875 23
    endloop
  endfacet
  facet normal 0.667269 0.539703 -0.513297
    outer loop
      vertex 9.19772 6.68254 28
      vertex 6.22384 5.60397 23
      vertex 9.19662 6.6839 28
    endloop
  endfacet
  facet normal 0.666991 0.540117 -0.513221
    outer loop
      vertex 6.22384 5.60397 23
      vertex 9.19772 6.68254 28
      vertex 6.77552 4.9227 23
    endloop
  endfacet
  facet normal 0.540121 0.666989 -0.513221
    outer loop
      vertex 7.60735 8.44882 28
      vertex 5.60397 6.22384 23
      vertex 6.6839 9.19662 28
    endloop
  endfacet
  facet normal 0.0449186 0.857081 -0.513219
    outer loop
      vertex 0 8.375 23
      vertex 0.00174723 11.3689 28
      vertex 0.875425 8.32912 23
    endloop
  endfacet
  facet normal 0.0490442 0.856914 -0.51312
    outer loop
      vertex 0.00174723 11.3689 28
      vertex 0 8.375 23
      vertex 0 11.369 28
    endloop
  endfacet
  facet normal 0.0449258 0.857082 -0.513218
    outer loop
      vertex 0.875425 8.32912 23
      vertex 0.00174723 11.3689 28
      vertex 1.18838 11.3067 28
    endloop
  endfacet
  facet normal 0.197778 0.835613 -0.512479
    outer loop
      vertex 2.58802 7.9651 23
      vertex 3.51153 10.813 28
      vertex 3.51322 10.8126 28
    endloop
  endfacet
  facet normal 0.222135 0.829013 -0.513218
    outer loop
      vertex 3.51153 10.813 28
      vertex 2.58802 7.9651 23
      vertex 1.74126 8.19199 23
    endloop
  endfacet
  facet normal 0.307549 0.801261 -0.51322
    outer loop
      vertex 4.62419 10.3861 28
      vertex 3.40642 7.65094 23
      vertex 3.51485 10.8119 28
    endloop
  endfacet
  facet normal 0.718568 0.469269 -0.513271
    outer loop
      vertex 9.19868 6.68107 28
      vertex 6.77552 4.9227 23
      vertex 9.19772 6.68254 28
    endloop
  endfacet
  facet normal 0.719796 0.467437 -0.513222
    outer loop
      vertex 6.77552 4.9227 23
      vertex 9.19868 6.68107 28
      vertex 7.25296 4.1875 23
    endloop
  endfacet
  facet normal 0.801261 0.307549 -0.51322
    outer loop
      vertex 10.8119 3.51485 28
      vertex 7.65094 3.40642 23
      vertex 10.3861 4.62419 28
    endloop
  endfacet
  facet normal 0.134257 -0.847694 -0.513215
    outer loop
      vertex 1.74126 -8.19199 23
      vertex 2.36202 -11.1208 28
      vertex 0.875425 -8.32912 23
    endloop
  endfacet
  facet normal 0.0986436 -0.853268 -0.512059
    outer loop
      vertex 2.36202 -11.1208 28
      vertex 1.74126 -8.19199 23
      vertex 2.36375 -11.1206 28
    endloop
  endfacet
  facet normal 0.38964 -0.764711 -0.513222
    outer loop
      vertex 4.1875 -7.25296 23
      vertex 5.68295 -9.84665 28
      vertex 3.40642 -7.65094 23
    endloop
  endfacet
  facet normal 0.391623 -0.763664 -0.513272
    outer loop
      vertex 5.68295 -9.84665 28
      vertex 4.1875 -7.25296 23
      vertex 5.68451 -9.84585 28
    endloop
  endfacet
  facet normal 0.540121 -0.666989 -0.513221
    outer loop
      vertex 6.6839 -9.19662 28
      vertex 5.60397 -6.22384 23
      vertex 7.60735 -8.44882 28
    endloop
  endfacet
  facet normal 0.307549 -0.801261 -0.51322
    outer loop
      vertex 3.51485 -10.8119 28
      vertex 3.40642 -7.65094 23
      vertex 4.62419 -10.3861 28
    endloop
  endfacet
  facet normal -0.847694 -0.134257 -0.513215
    outer loop
      vertex -8.19199 -1.74126 23
      vertex -11.1208 -2.36202 28
      vertex -8.32912 -0.875425 23
    endloop
  endfacet
  facet normal -0.853268 -0.0986436 -0.512059
    outer loop
      vertex -11.1208 -2.36202 28
      vertex -8.19199 -1.74126 23
      vertex -11.1206 -2.36375 28
    endloop
  endfacet
  facet normal -0.469269 -0.718568 -0.513271
    outer loop
      vertex -4.9227 -6.77552 23
      vertex -6.68107 -9.19868 28
      vertex -6.68254 -9.19772 28
    endloop
  endfacet
  facet normal -0.467437 -0.719796 -0.513222
    outer loop
      vertex -6.68107 -9.19868 28
      vertex -4.9227 -6.77552 23
      vertex -4.1875 -7.25296 23
    endloop
  endfacet
  facet normal -0.389632 -0.764717 -0.513221
    outer loop
      vertex -4.62419 -10.3861 28
      vertex -5.68295 -9.84665 28
      vertex -3.40642 -7.65094 23
    endloop
  endfacet
  facet normal -0.222169 -0.829001 -0.513224
    outer loop
      vertex -2.36375 -11.1206 28
      vertex -3.51153 -10.813 28
      vertex -1.74126 -8.19199 23
    endloop
  endfacet
  facet normal -0.307549 -0.801261 -0.51322
    outer loop
      vertex -3.51485 -10.8119 28
      vertex -4.62419 -10.3861 28
      vertex -3.40642 -7.65094 23
    endloop
  endfacet
  facet normal -0.719796 -0.467437 -0.513222
    outer loop
      vertex -6.77552 -4.9227 23
      vertex -9.19868 -6.68107 28
      vertex -7.25296 -4.1875 23
    endloop
  endfacet
  facet normal -0.718568 -0.469269 -0.513271
    outer loop
      vertex -9.19868 -6.68107 28
      vertex -6.77552 -4.9227 23
      vertex -9.19772 -6.68254 28
    endloop
  endfacet
  facet normal -0.764711 -0.38964 -0.513222
    outer loop
      vertex -7.25296 -4.1875 23
      vertex -9.84665 -5.68295 28
      vertex -7.65094 -3.40642 23
    endloop
  endfacet
  facet normal -0.763664 -0.391623 -0.513272
    outer loop
      vertex -9.84665 -5.68295 28
      vertex -7.25296 -4.1875 23
      vertex -9.84585 -5.68451 28
    endloop
  endfacet
  facet normal -0.134257 0.847694 -0.513215
    outer loop
      vertex -1.74126 8.19199 23
      vertex -2.36202 11.1208 28
      vertex -0.875425 8.32912 23
    endloop
  endfacet
  facet normal -0.0986436 0.853268 -0.512059
    outer loop
      vertex -2.36202 11.1208 28
      vertex -1.74126 8.19199 23
      vertex -2.36375 11.1206 28
    endloop
  endfacet
  facet normal -0.38964 0.764711 -0.513222
    outer loop
      vertex -4.1875 7.25296 23
      vertex -5.68295 9.84665 28
      vertex -3.40642 7.65094 23
    endloop
  endfacet
  facet normal -0.391623 0.763664 -0.513272
    outer loop
      vertex -5.68295 9.84665 28
      vertex -4.1875 7.25296 23
      vertex -5.68451 9.84585 28
    endloop
  endfacet
  facet normal -0.540121 0.666989 -0.513221
    outer loop
      vertex -5.60397 6.22384 23
      vertex -7.60735 8.44882 28
      vertex -6.6839 9.19662 28
    endloop
  endfacet
  facet normal -0.307549 0.801261 -0.51322
    outer loop
      vertex -3.40642 7.65094 23
      vertex -4.62419 10.3861 28
      vertex -3.51485 10.8119 28
    endloop
  endfacet
  facet normal 0.469269 0.718568 -0.513271
    outer loop
      vertex 4.9227 6.77552 23
      vertex 6.68107 9.19868 28
      vertex 6.68254 9.19772 28
    endloop
  endfacet
  facet normal 0.467438 0.719796 -0.513222
    outer loop
      vertex 4.19206 7.25 23
      vertex 6.68107 9.19868 28
      vertex 4.9227 6.77552 23
    endloop
  endfacet
  facet normal 0.467304 0.719901 -0.513196
    outer loop
      vertex 6.68107 9.19868 28
      vertex 4.19206 7.25 23
      vertex 4.1875 7.25296 23
    endloop
  endfacet
  facet normal 0.539703 0.667269 -0.513297
    outer loop
      vertex 5.60397 6.22384 23
      vertex 6.68254 9.19772 28
      vertex 6.6839 9.19662 28
    endloop
  endfacet
  facet normal 0.540117 0.666991 -0.513221
    outer loop
      vertex 6.68254 9.19772 28
      vertex 5.60397 6.22384 23
      vertex 4.9227 6.77552 23
    endloop
  endfacet
  facet normal 0.389632 0.764717 -0.513221
    outer loop
      vertex 5.68295 9.84665 28
      vertex 3.40642 7.65094 23
      vertex 4.62419 10.3861 28
    endloop
  endfacet
  facet normal 0.606879 0.606879 -0.513221
    outer loop
      vertex 8.44882 7.60735 28
      vertex 5.60397 6.22384 23
      vertex 7.60735 8.44882 28
    endloop
  endfacet
  facet normal 0.606879 0.606879 -0.513221
    outer loop
      vertex 5.60397 6.22384 23
      vertex 8.44882 7.60735 28
      vertex 6.22384 5.60397 23
    endloop
  endfacet
  facet normal 0.391623 0.763664 -0.513272
    outer loop
      vertex 4.1875 7.25296 23
      vertex 5.68295 9.84665 28
      vertex 5.68451 9.84585 28
    endloop
  endfacet
  facet normal 0.38964 0.764711 -0.513222
    outer loop
      vertex 5.68295 9.84665 28
      vertex 4.1875 7.25296 23
      vertex 3.40642 7.65094 23
    endloop
  endfacet
  facet normal 0.222135 -0.829013 -0.513218
    outer loop
      vertex 2.58802 -7.9651 23
      vertex 3.51153 -10.813 28
      vertex 1.74126 -8.19199 23
    endloop
  endfacet
  facet normal 0.197778 -0.835613 -0.512479
    outer loop
      vertex 3.51153 -10.813 28
      vertex 2.58802 -7.9651 23
      vertex 3.51322 -10.8126 28
    endloop
  endfacet
  facet normal 0.222169 -0.829001 -0.513224
    outer loop
      vertex 2.36375 -11.1206 28
      vertex 1.74126 -8.19199 23
      vertex 3.51153 -10.813 28
    endloop
  endfacet
  facet normal 0.540117 -0.666991 -0.513221
    outer loop
      vertex 5.60397 -6.22384 23
      vertex 6.68254 -9.19772 28
      vertex 4.9227 -6.77552 23
    endloop
  endfacet
  facet normal 0.539703 -0.667269 -0.513297
    outer loop
      vertex 6.68254 -9.19772 28
      vertex 5.60397 -6.22384 23
      vertex 6.6839 -9.19662 28
    endloop
  endfacet
  facet normal 0.467304 -0.719901 -0.513196
    outer loop
      vertex 4.19206 -7.25 23
      vertex 6.68107 -9.19868 28
      vertex 4.1875 -7.25296 23
    endloop
  endfacet
  facet normal 0.467438 -0.719796 -0.513222
    outer loop
      vertex 4.9227 -6.77552 23
      vertex 6.68107 -9.19868 28
      vertex 4.19206 -7.25 23
    endloop
  endfacet
  facet normal 0.469269 -0.718568 -0.513271
    outer loop
      vertex 6.68107 -9.19868 28
      vertex 4.9227 -6.77552 23
      vertex 6.68254 -9.19772 28
    endloop
  endfacet
  facet normal -0.0449186 -0.857081 -0.513219
    outer loop
      vertex 0 -8.375 23
      vertex -0.00174723 -11.3689 28
      vertex -0.875425 -8.32912 23
    endloop
  endfacet
  facet normal -0.0490442 -0.856914 -0.51312
    outer loop
      vertex -0.00174723 -11.3689 28
      vertex 0 -8.375 23
      vertex 0 -11.369 28
    endloop
  endfacet
  facet normal -0.197778 -0.835613 -0.512479
    outer loop
      vertex -2.58802 -7.9651 23
      vertex -3.51153 -10.813 28
      vertex -3.51322 -10.8126 28
    endloop
  endfacet
  facet normal -0.222135 -0.829013 -0.513218
    outer loop
      vertex -3.51153 -10.813 28
      vertex -2.58802 -7.9651 23
      vertex -1.74126 -8.19199 23
    endloop
  endfacet
  facet normal -0.339938 -0.791571 -0.507797
    outer loop
      vertex -3.40642 -7.65094 23
      vertex -3.51322 -10.8126 28
      vertex -3.51485 -10.8119 28
    endloop
  endfacet
  facet normal -0.307576 -0.801248 -0.513224
    outer loop
      vertex -3.51322 -10.8126 28
      vertex -3.40642 -7.65094 23
      vertex -2.58802 -7.9651 23
    endloop
  endfacet
  facet normal -0.222135 0.829013 -0.513218
    outer loop
      vertex -2.58802 7.9651 23
      vertex -3.51153 10.813 28
      vertex -1.74126 8.19199 23
    endloop
  endfacet
  facet normal -0.197778 0.835613 -0.512479
    outer loop
      vertex -3.51153 10.813 28
      vertex -2.58802 7.9651 23
      vertex -3.51322 10.8126 28
    endloop
  endfacet
  facet normal -0.222169 0.829001 -0.513224
    outer loop
      vertex -1.74126 8.19199 23
      vertex -3.51153 10.813 28
      vertex -2.36375 11.1206 28
    endloop
  endfacet
  facet normal -0.540117 0.666991 -0.513221
    outer loop
      vertex -5.60397 6.22384 23
      vertex -6.68254 9.19772 28
      vertex -4.9227 6.77552 23
    endloop
  endfacet
  facet normal -0.539703 0.667269 -0.513297
    outer loop
      vertex -6.68254 9.19772 28
      vertex -5.60397 6.22384 23
      vertex -6.6839 9.19662 28
    endloop
  endfacet
  facet normal -0.467437 0.719796 -0.513222
    outer loop
      vertex -4.9227 6.77552 23
      vertex -6.68107 9.19868 28
      vertex -4.1875 7.25296 23
    endloop
  endfacet
  facet normal -0.469269 0.718568 -0.513271
    outer loop
      vertex -6.68107 9.19868 28
      vertex -4.9227 6.77552 23
      vertex -6.68254 9.19772 28
    endloop
  endfacet
  facet normal 0.339938 0.791571 -0.507797
    outer loop
      vertex 3.40642 7.65094 23
      vertex 3.51322 10.8126 28
      vertex 3.51485 10.8119 28
    endloop
  endfacet
  facet normal 0.307576 0.801248 -0.513224
    outer loop
      vertex 3.51322 10.8126 28
      vertex 3.40642 7.65094 23
      vertex 2.58802 7.9651 23
    endloop
  endfacet
  facet normal -0.0449258 -0.857082 -0.513218
    outer loop
      vertex -0.00174723 -11.3689 28
      vertex -1.18838 -11.3067 28
      vertex -0.875425 -8.32912 23
    endloop
  endfacet
  facet normal -0.134271 -0.847691 -0.513217
    outer loop
      vertex -1.18838 -11.3067 28
      vertex -2.36202 -11.1208 28
      vertex -0.875425 -8.32912 23
    endloop
  endfacet
  facet normal 0.629324 0.777143 -0
    outer loop
      vertex 7.61136 8.45327 28
      vertex 6.68606 9.20257 52
      vertex 7.61136 8.45327 52
    endloop
  endfacet
  facet normal 0.629324 0.777143 0
    outer loop
      vertex 6.68606 9.20257 52
      vertex 7.61136 8.45327 28
      vertex 6.68606 9.20257 28
    endloop
  endfacet
  facet normal -0.358377 -0.933577 0
    outer loop
      vertex -4.62663 -10.3916 28
      vertex -3.51507 -10.8183 52
      vertex -4.62663 -10.3916 52
    endloop
  endfacet
  facet normal -0.358377 -0.933577 -0
    outer loop
      vertex -3.51507 -10.8183 52
      vertex -4.62663 -10.3916 28
      vertex -3.51507 -10.8183 28
    endloop
  endfacet
  facet normal 0.544638 0.838672 -0
    outer loop
      vertex 6.68606 9.20257 28
      vertex 5.6875 9.85104 52
      vertex 6.68606 9.20257 52
    endloop
  endfacet
  facet normal 0.544638 0.838672 0
    outer loop
      vertex 5.6875 9.85104 52
      vertex 6.68606 9.20257 28
      vertex 5.6875 9.85104 28
    endloop
  endfacet
  facet normal -0.258772 0.965938 0
    outer loop
      vertex -2.365 11.1264 28
      vertex -3.51507 10.8183 52
      vertex -2.365 11.1264 52
    endloop
  endfacet
  facet normal -0.258772 0.965938 0
    outer loop
      vertex -3.51507 10.8183 52
      vertex -2.365 11.1264 28
      vertex -3.51507 10.8183 28
    endloop
  endfacet
  facet normal -0.891 0.454004 0
    outer loop
      vertex -10.3916 4.62663 28
      vertex -9.85104 5.6875 52
      vertex -9.85104 5.6875 28
    endloop
  endfacet
  facet normal -0.891 0.454004 0
    outer loop
      vertex -9.85104 5.6875 52
      vertex -10.3916 4.62663 28
      vertex -10.3916 4.62663 52
    endloop
  endfacet
  facet normal -0.933577 -0.358377 0
    outer loop
      vertex -10.3916 -4.62663 28
      vertex -10.8183 -3.51507 52
      vertex -10.8183 -3.51507 28
    endloop
  endfacet
  facet normal -0.933577 -0.358377 0
    outer loop
      vertex -10.8183 -3.51507 52
      vertex -10.3916 -4.62663 28
      vertex -10.3916 -4.62663 52
    endloop
  endfacet
  facet normal 0.965938 0.258772 0
    outer loop
      vertex 11.1264 2.365 52
      vertex 10.8183 3.51507 28
      vertex 10.8183 3.51507 52
    endloop
  endfacet
  facet normal 0.965938 0.258772 0
    outer loop
      vertex 10.8183 3.51507 28
      vertex 11.1264 2.365 52
      vertex 11.1264 2.365 28
    endloop
  endfacet
  facet normal 0.933577 0.358377 0
    outer loop
      vertex 10.8183 3.51507 52
      vertex 10.3916 4.62663 28
      vertex 10.3916 4.62663 52
    endloop
  endfacet
  facet normal 0.933577 0.358377 0
    outer loop
      vertex 10.3916 4.62663 28
      vertex 10.8183 3.51507 52
      vertex 10.8183 3.51507 28
    endloop
  endfacet
  facet normal 0.838672 0.544638 0
    outer loop
      vertex 9.85104 5.6875 52
      vertex 9.20257 6.68606 28
      vertex 9.20257 6.68606 52
    endloop
  endfacet
  facet normal 0.838672 0.544638 0
    outer loop
      vertex 9.20257 6.68606 28
      vertex 9.85104 5.6875 52
      vertex 9.85104 5.6875 28
    endloop
  endfacet
  facet normal 0.777143 0.629324 0
    outer loop
      vertex 9.20257 6.68606 52
      vertex 8.45327 7.61136 28
      vertex 8.45327 7.61136 52
    endloop
  endfacet
  facet normal 0.777143 0.629324 0
    outer loop
      vertex 8.45327 7.61136 28
      vertex 9.20257 6.68606 52
      vertex 9.20257 6.68606 28
    endloop
  endfacet
  facet normal 0.454004 0.891 -0
    outer loop
      vertex 5.6875 9.85104 28
      vertex 4.62663 10.3916 52
      vertex 5.6875 9.85104 52
    endloop
  endfacet
  facet normal 0.454004 0.891 0
    outer loop
      vertex 4.62663 10.3916 52
      vertex 5.6875 9.85104 28
      vertex 4.62663 10.3916 28
    endloop
  endfacet
  facet normal 0.258772 0.965938 -0
    outer loop
      vertex 3.51507 10.8183 28
      vertex 2.365 11.1264 52
      vertex 3.51507 10.8183 52
    endloop
  endfacet
  facet normal 0.258772 0.965938 0
    outer loop
      vertex 2.365 11.1264 52
      vertex 3.51507 10.8183 28
      vertex 2.365 11.1264 28
    endloop
  endfacet
  facet normal -0.544638 0.838672 0
    outer loop
      vertex -5.6875 9.85104 28
      vertex -6.68606 9.20257 52
      vertex -5.6875 9.85104 52
    endloop
  endfacet
  facet normal -0.544638 0.838672 0
    outer loop
      vertex -6.68606 9.20257 52
      vertex -5.6875 9.85104 28
      vertex -6.68606 9.20257 28
    endloop
  endfacet
  facet normal 0.933577 -0.358377 0
    outer loop
      vertex 10.3916 -4.62663 52
      vertex 10.8183 -3.51507 28
      vertex 10.8183 -3.51507 52
    endloop
  endfacet
  facet normal 0.933577 -0.358377 0
    outer loop
      vertex 10.8183 -3.51507 28
      vertex 10.3916 -4.62663 52
      vertex 10.3916 -4.62663 28
    endloop
  endfacet
  facet normal 0.258772 -0.965938 0
    outer loop
      vertex 2.365 -11.1264 28
      vertex 3.51507 -10.8183 52
      vertex 2.365 -11.1264 52
    endloop
  endfacet
  facet normal 0.258772 -0.965938 0
    outer loop
      vertex 3.51507 -10.8183 52
      vertex 2.365 -11.1264 28
      vertex 3.51507 -10.8183 28
    endloop
  endfacet
  facet normal 0.707107 -0.707107 0
    outer loop
      vertex 7.61136 -8.45327 52
      vertex 8.45327 -7.61136 28
      vertex 8.45327 -7.61136 52
    endloop
  endfacet
  facet normal 0.707107 -0.707107 0
    outer loop
      vertex 8.45327 -7.61136 28
      vertex 7.61136 -8.45327 52
      vertex 7.61136 -8.45327 28
    endloop
  endfacet
  facet normal -0.987683 -0.156468 0
    outer loop
      vertex -11.1264 -2.365 28
      vertex -11.3127 -1.18901 52
      vertex -11.3127 -1.18901 28
    endloop
  endfacet
  facet normal -0.987683 -0.156468 0
    outer loop
      vertex -11.3127 -1.18901 52
      vertex -11.1264 -2.365 28
      vertex -11.1264 -2.365 52
    endloop
  endfacet
  facet normal 0.987683 0.156468 0
    outer loop
      vertex 11.3127 1.18901 52
      vertex 11.1264 2.365 28
      vertex 11.1264 2.365 52
    endloop
  endfacet
  facet normal 0.987683 0.156468 0
    outer loop
      vertex 11.1264 2.365 28
      vertex 11.3127 1.18901 52
      vertex 11.3127 1.18901 28
    endloop
  endfacet
  facet normal 0.891 0.454004 0
    outer loop
      vertex 10.3916 4.62663 52
      vertex 9.85104 5.6875 28
      vertex 9.85104 5.6875 52
    endloop
  endfacet
  facet normal 0.891 0.454004 0
    outer loop
      vertex 9.85104 5.6875 28
      vertex 10.3916 4.62663 52
      vertex 10.3916 4.62663 28
    endloop
  endfacet
  facet normal 0.707107 0.707107 0
    outer loop
      vertex 8.45327 7.61136 52
      vertex 7.61136 8.45327 28
      vertex 7.61136 8.45327 52
    endloop
  endfacet
  facet normal 0.707107 0.707107 0
    outer loop
      vertex 7.61136 8.45327 28
      vertex 8.45327 7.61136 52
      vertex 8.45327 7.61136 28
    endloop
  endfacet
  facet normal 0.0523248 0.99863 -0
    outer loop
      vertex 1.18901 11.3127 28
      vertex 0 11.375 52
      vertex 1.18901 11.3127 52
    endloop
  endfacet
  facet normal 0.0523248 0.99863 0
    outer loop
      vertex 0 11.375 52
      vertex 1.18901 11.3127 28
      vertex 0 11.375 28
    endloop
  endfacet
  facet normal 0.358377 0.933577 -0
    outer loop
      vertex 4.62663 10.3916 28
      vertex 3.51507 10.8183 52
      vertex 4.62663 10.3916 52
    endloop
  endfacet
  facet normal 0.358377 0.933577 0
    outer loop
      vertex 3.51507 10.8183 52
      vertex 4.62663 10.3916 28
      vertex 3.51507 10.8183 28
    endloop
  endfacet
  facet normal 0.156468 0.987683 -0
    outer loop
      vertex 2.365 11.1264 28
      vertex 1.18901 11.3127 52
      vertex 2.365 11.1264 52
    endloop
  endfacet
  facet normal 0.156468 0.987683 0
    outer loop
      vertex 1.18901 11.3127 52
      vertex 2.365 11.1264 28
      vertex 1.18901 11.3127 28
    endloop
  endfacet
  facet normal -0.99863 0.0523248 0
    outer loop
      vertex -11.375 0 28
      vertex -11.3127 1.18901 52
      vertex -11.3127 1.18901 28
    endloop
  endfacet
  facet normal -0.99863 0.0523248 0
    outer loop
      vertex -11.3127 1.18901 52
      vertex -11.375 0 28
      vertex -11.375 0 52
    endloop
  endfacet
  facet normal -0.933577 0.358377 0
    outer loop
      vertex -10.8183 3.51507 28
      vertex -10.3916 4.62663 52
      vertex -10.3916 4.62663 28
    endloop
  endfacet
  facet normal -0.933577 0.358377 0
    outer loop
      vertex -10.3916 4.62663 52
      vertex -10.8183 3.51507 28
      vertex -10.8183 3.51507 52
    endloop
  endfacet
  facet normal -0.965938 0.258772 0
    outer loop
      vertex -11.1264 2.365 28
      vertex -10.8183 3.51507 52
      vertex -10.8183 3.51507 28
    endloop
  endfacet
  facet normal -0.965938 0.258772 0
    outer loop
      vertex -10.8183 3.51507 52
      vertex -11.1264 2.365 28
      vertex -11.1264 2.365 52
    endloop
  endfacet
  facet normal -0.987683 0.156468 0
    outer loop
      vertex -11.3127 1.18901 28
      vertex -11.1264 2.365 52
      vertex -11.1264 2.365 28
    endloop
  endfacet
  facet normal -0.987683 0.156468 0
    outer loop
      vertex -11.1264 2.365 52
      vertex -11.3127 1.18901 28
      vertex -11.3127 1.18901 52
    endloop
  endfacet
  facet normal -0.707107 0.707107 0
    outer loop
      vertex -8.45327 7.61136 28
      vertex -7.61136 8.45327 52
      vertex -7.61136 8.45327 28
    endloop
  endfacet
  facet normal -0.707107 0.707107 0
    outer loop
      vertex -7.61136 8.45327 52
      vertex -8.45327 7.61136 28
      vertex -8.45327 7.61136 52
    endloop
  endfacet
  facet normal -0.777143 0.629324 0
    outer loop
      vertex -9.20257 6.68606 28
      vertex -8.45327 7.61136 52
      vertex -8.45327 7.61136 28
    endloop
  endfacet
  facet normal -0.777143 0.629324 0
    outer loop
      vertex -8.45327 7.61136 52
      vertex -9.20257 6.68606 28
      vertex -9.20257 6.68606 52
    endloop
  endfacet
  facet normal -0.0523248 0.99863 0
    outer loop
      vertex 0 11.375 28
      vertex -1.18901 11.3127 52
      vertex 0 11.375 52
    endloop
  endfacet
  facet normal -0.0523248 0.99863 0
    outer loop
      vertex -1.18901 11.3127 52
      vertex 0 11.375 28
      vertex -1.18901 11.3127 28
    endloop
  endfacet
  facet normal -0.156468 0.987683 0
    outer loop
      vertex -1.18901 11.3127 28
      vertex -2.365 11.1264 52
      vertex -1.18901 11.3127 52
    endloop
  endfacet
  facet normal -0.156468 0.987683 0
    outer loop
      vertex -2.365 11.1264 52
      vertex -1.18901 11.3127 28
      vertex -2.365 11.1264 28
    endloop
  endfacet
  facet normal -0.358377 0.933577 0
    outer loop
      vertex -3.51507 10.8183 28
      vertex -4.62663 10.3916 52
      vertex -3.51507 10.8183 52
    endloop
  endfacet
  facet normal -0.358377 0.933577 0
    outer loop
      vertex -4.62663 10.3916 52
      vertex -3.51507 10.8183 28
      vertex -4.62663 10.3916 28
    endloop
  endfacet
  facet normal -0.454004 0.891 0
    outer loop
      vertex -4.62663 10.3916 28
      vertex -5.6875 9.85104 52
      vertex -4.62663 10.3916 52
    endloop
  endfacet
  facet normal -0.454004 0.891 0
    outer loop
      vertex -5.6875 9.85104 52
      vertex -4.62663 10.3916 28
      vertex -5.6875 9.85104 28
    endloop
  endfacet
  facet normal -0.629324 0.777143 0
    outer loop
      vertex -6.68606 9.20257 28
      vertex -7.61136 8.45327 52
      vertex -6.68606 9.20257 52
    endloop
  endfacet
  facet normal -0.629324 0.777143 0
    outer loop
      vertex -7.61136 8.45327 52
      vertex -6.68606 9.20257 28
      vertex -7.61136 8.45327 28
    endloop
  endfacet
  facet normal 0.99863 0.0523248 0
    outer loop
      vertex 11.375 0 52
      vertex 11.3127 1.18901 28
      vertex 11.3127 1.18901 52
    endloop
  endfacet
  facet normal 0.99863 0.0523248 0
    outer loop
      vertex 11.3127 1.18901 28
      vertex 11.375 0 52
      vertex 11.375 0 28
    endloop
  endfacet
  facet normal 0.0523248 -0.99863 0
    outer loop
      vertex 0 -11.375 28
      vertex 1.18901 -11.3127 52
      vertex 0 -11.375 52
    endloop
  endfacet
  facet normal 0.0523248 -0.99863 0
    outer loop
      vertex 1.18901 -11.3127 52
      vertex 0 -11.375 28
      vertex 1.18901 -11.3127 28
    endloop
  endfacet
  facet normal 0.965938 -0.258772 0
    outer loop
      vertex 10.8183 -3.51507 52
      vertex 11.1264 -2.365 28
      vertex 11.1264 -2.365 52
    endloop
  endfacet
  facet normal 0.965938 -0.258772 0
    outer loop
      vertex 11.1264 -2.365 28
      vertex 10.8183 -3.51507 52
      vertex 10.8183 -3.51507 28
    endloop
  endfacet
  facet normal 0.156468 -0.987683 0
    outer loop
      vertex 1.18901 -11.3127 28
      vertex 2.365 -11.1264 52
      vertex 1.18901 -11.3127 52
    endloop
  endfacet
  facet normal 0.156468 -0.987683 0
    outer loop
      vertex 2.365 -11.1264 52
      vertex 1.18901 -11.3127 28
      vertex 2.365 -11.1264 28
    endloop
  endfacet
  facet normal 0.454004 -0.891 0
    outer loop
      vertex 4.62663 -10.3916 28
      vertex 5.6875 -9.85104 52
      vertex 4.62663 -10.3916 52
    endloop
  endfacet
  facet normal 0.454004 -0.891 0
    outer loop
      vertex 5.6875 -9.85104 52
      vertex 4.62663 -10.3916 28
      vertex 5.6875 -9.85104 28
    endloop
  endfacet
  facet normal 0.629324 -0.777143 0
    outer loop
      vertex 6.68606 -9.20257 28
      vertex 7.61136 -8.45327 52
      vertex 6.68606 -9.20257 52
    endloop
  endfacet
  facet normal 0.629324 -0.777143 0
    outer loop
      vertex 7.61136 -8.45327 52
      vertex 6.68606 -9.20257 28
      vertex 7.61136 -8.45327 28
    endloop
  endfacet
  facet normal 0.777143 -0.629324 0
    outer loop
      vertex 8.45327 -7.61136 52
      vertex 9.20257 -6.68606 28
      vertex 9.20257 -6.68606 52
    endloop
  endfacet
  facet normal 0.777143 -0.629324 0
    outer loop
      vertex 9.20257 -6.68606 28
      vertex 8.45327 -7.61136 52
      vertex 8.45327 -7.61136 28
    endloop
  endfacet
  facet normal 0.891 -0.454004 0
    outer loop
      vertex 9.85104 -5.6875 52
      vertex 10.3916 -4.62663 28
      vertex 10.3916 -4.62663 52
    endloop
  endfacet
  facet normal 0.891 -0.454004 0
    outer loop
      vertex 10.3916 -4.62663 28
      vertex 9.85104 -5.6875 52
      vertex 9.85104 -5.6875 28
    endloop
  endfacet
  facet normal -0.156468 -0.987683 0
    outer loop
      vertex -2.365 -11.1264 28
      vertex -1.18901 -11.3127 52
      vertex -2.365 -11.1264 52
    endloop
  endfacet
  facet normal -0.156468 -0.987683 -0
    outer loop
      vertex -1.18901 -11.3127 52
      vertex -2.365 -11.1264 28
      vertex -1.18901 -11.3127 28
    endloop
  endfacet
  facet normal -0.0523248 -0.99863 0
    outer loop
      vertex -1.18901 -11.3127 28
      vertex 0 -11.375 52
      vertex -1.18901 -11.3127 52
    endloop
  endfacet
  facet normal -0.0523248 -0.99863 -0
    outer loop
      vertex 0 -11.375 52
      vertex -1.18901 -11.3127 28
      vertex 0 -11.375 28
    endloop
  endfacet
  facet normal -0.544638 -0.838672 0
    outer loop
      vertex -6.68606 -9.20257 28
      vertex -5.6875 -9.85104 52
      vertex -6.68606 -9.20257 52
    endloop
  endfacet
  facet normal -0.544638 -0.838672 -0
    outer loop
      vertex -5.6875 -9.85104 52
      vertex -6.68606 -9.20257 28
      vertex -5.6875 -9.85104 28
    endloop
  endfacet
  facet normal -0.707107 -0.707107 0
    outer loop
      vertex -7.61136 -8.45327 28
      vertex -8.45327 -7.61136 52
      vertex -8.45327 -7.61136 28
    endloop
  endfacet
  facet normal -0.707107 -0.707107 0
    outer loop
      vertex -8.45327 -7.61136 52
      vertex -7.61136 -8.45327 28
      vertex -7.61136 -8.45327 52
    endloop
  endfacet
  facet normal -0.965938 -0.258772 0
    outer loop
      vertex -10.8183 -3.51507 28
      vertex -11.1264 -2.365 52
      vertex -11.1264 -2.365 28
    endloop
  endfacet
  facet normal -0.965938 -0.258772 0
    outer loop
      vertex -11.1264 -2.365 52
      vertex -10.8183 -3.51507 28
      vertex -10.8183 -3.51507 52
    endloop
  endfacet
  facet normal -0.99863 -0.0523248 0
    outer loop
      vertex -11.3127 -1.18901 28
      vertex -11.375 0 52
      vertex -11.375 0 28
    endloop
  endfacet
  facet normal -0.99863 -0.0523248 0
    outer loop
      vertex -11.375 0 52
      vertex -11.3127 -1.18901 28
      vertex -11.3127 -1.18901 52
    endloop
  endfacet
  facet normal -0 0 -1
    outer loop
      vertex 11.375 0 28
      vertex 11.3689 -0.00174723 28
      vertex 11.369 0 28
    endloop
  endfacet
  facet normal 0 0 -1
    outer loop
      vertex 11.3127 -1.18901 28
      vertex 11.3689 -0.00174723 28
      vertex 11.375 0 28
    endloop
  endfacet
  facet normal 0 0 -1
    outer loop
      vertex 11.3127 -1.18901 28
      vertex 11.3067 -1.18838 28
      vertex 11.3689 -0.00174723 28
    endloop
  endfacet
  facet normal 0 0 -1
    outer loop
      vertex 11.1208 -2.36202 28
      vertex 11.3127 -1.18901 28
      vertex 11.1264 -2.365 28
    endloop
  endfacet
  facet normal -0 0 -1
    outer loop
      vertex 11.3127 -1.18901 28
      vertex 11.1208 -2.36202 28
      vertex 11.3067 -1.18838 28
    endloop
  endfacet
  facet normal 0 0 -1
    outer loop
      vertex 11.1264 -2.365 28
      vertex 11.1206 -2.36375 28
      vertex 11.1208 -2.36202 28
    endloop
  endfacet
  facet normal 0 0 -1
    outer loop
      vertex 10.813 -3.51153 28
      vertex 11.1264 -2.365 28
      vertex 10.8183 -3.51507 28
    endloop
  endfacet
  facet normal -0 0 -1
    outer loop
      vertex 11.1264 -2.365 28
      vertex 10.813 -3.51153 28
      vertex 11.1206 -2.36375 28
    endloop
  endfacet
  facet normal 0 0 -1
    outer loop
      vertex 10.8183 -3.51507 28
      vertex 10.8126 -3.51322 28
      vertex 10.813 -3.51153 28
    endloop
  endfacet
  facet normal 0 0 -1
    outer loop
      vertex 10.8183 -3.51507 28
      vertex 10.8119 -3.51485 28
      vertex 10.8126 -3.51322 28
    endloop
  endfacet
  facet normal 0 0 -1
    outer loop
      vertex 10.3916 -4.62663 28
      vertex 10.8119 -3.51485 28
      vertex 10.8183 -3.51507 28
    endloop
  endfacet
  facet normal 0 0 -1
    outer loop
      vertex 10.3916 -4.62663 28
      vertex 10.3861 -4.62419 28
      vertex 10.8119 -3.51485 28
    endloop
  endfacet
  facet normal 0 0 -1
    outer loop
      vertex 9.84665 -5.68295 28
      vertex 10.3916 -4.62663 28
      vertex 9.85104 -5.6875 28
    endloop
  endfacet
  facet normal -0 0 -1
    outer loop
      vertex 10.3916 -4.62663 28
      vertex 9.84665 -5.68295 28
      vertex 10.3861 -4.62419 28
    endloop
  endfacet
  facet normal 0 0 -1
    outer loop
      vertex 9.85104 -5.6875 28
      vertex 9.84585 -5.68451 28
      vertex 9.84665 -5.68295 28
    endloop
  endfacet
  facet normal 0 0 -1
    outer loop
      vertex 9.19868 -6.68107 28
      vertex 9.85104 -5.6875 28
      vertex 9.20257 -6.68606 28
    endloop
  endfacet
  facet normal -0 0 -1
    outer loop
      vertex 9.85104 -5.6875 28
      vertex 9.19868 -6.68107 28
      vertex 9.84585 -5.68451 28
    endloop
  endfacet
  facet normal 0 0 -1
    outer loop
      vertex 9.20257 -6.68606 28
      vertex 9.19772 -6.68254 28
      vertex 9.19868 -6.68107 28
    endloop
  endfacet
  facet normal 0 0 -1
    outer loop
      vertex 9.20257 -6.68606 28
      vertex 9.19662 -6.6839 28
      vertex 9.19772 -6.68254 28
    endloop
  endfacet
  facet normal 0 0 -1
    outer loop
      vertex 8.45327 -7.61136 28
      vertex 9.19662 -6.6839 28
      vertex 9.20257 -6.68606 28
    endloop
  endfacet
  facet normal 0 0 -1
    outer loop
      vertex 8.45327 -7.61136 28
      vertex 8.44882 -7.60735 28
      vertex 9.19662 -6.6839 28
    endloop
  endfacet
  facet normal 0 0 -1
    outer loop
      vertex 7.61136 -8.45327 28
      vertex 8.44882 -7.60735 28
      vertex 8.45327 -7.61136 28
    endloop
  endfacet
  facet normal 0 0 -1
    outer loop
      vertex 7.61136 -8.45327 28
      vertex 7.60735 -8.44882 28
      vertex 8.44882 -7.60735 28
    endloop
  endfacet
  facet normal 0 0 -1
    outer loop
      vertex 6.6839 -9.19662 28
      vertex 7.61136 -8.45327 28
      vertex 6.68606 -9.20257 28
    endloop
  endfacet
  facet normal -0 0 -1
    outer loop
      vertex 7.61136 -8.45327 28
      vertex 6.6839 -9.19662 28
      vertex 7.60735 -8.44882 28
    endloop
  endfacet
  facet normal 0 0 -1
    outer loop
      vertex 6.68606 -9.20257 28
      vertex 6.68254 -9.19772 28
      vertex 6.6839 -9.19662 28
    endloop
  endfacet
  facet normal 0 0 -1
    outer loop
      vertex 6.68606 -9.20257 28
      vertex 6.68107 -9.19868 28
      vertex 6.68254 -9.19772 28
    endloop
  endfacet
  facet normal 0 0 -1
    outer loop
      vertex 5.6875 -9.85104 28
      vertex 6.68107 -9.19868 28
      vertex 6.68606 -9.20257 28
    endloop
  endfacet
  facet normal 0 0 -1
    outer loop
      vertex 5.6875 -9.85104 28
      vertex 5.68451 -9.84585 28
      vertex 6.68107 -9.19868 28
    endloop
  endfacet
  facet normal 0 0 -1
    outer loop
      vertex 5.6875 -9.85104 28
      vertex 5.68295 -9.84665 28
      vertex 5.68451 -9.84585 28
    endloop
  endfacet
  facet normal 0 0 -1
    outer loop
      vertex 4.62663 -10.3916 28
      vertex 5.68295 -9.84665 28
      vertex 5.6875 -9.85104 28
    endloop
  endfacet
  facet normal 0 0 -1
    outer loop
      vertex 4.62663 -10.3916 28
      vertex 4.62419 -10.3861 28
      vertex 5.68295 -9.84665 28
    endloop
  endfacet
  facet normal 0 0 -1
    outer loop
      vertex 3.51485 -10.8119 28
      vertex 4.62663 -10.3916 28
      vertex 3.51507 -10.8183 28
    endloop
  endfacet
  facet normal -0 0 -1
    outer loop
      vertex 4.62663 -10.3916 28
      vertex 3.51485 -10.8119 28
      vertex 4.62419 -10.3861 28
    endloop
  endfacet
  facet normal 0 0 -1
    outer loop
      vertex 3.51507 -10.8183 28
      vertex 3.51322 -10.8126 28
      vertex 3.51485 -10.8119 28
    endloop
  endfacet
  facet normal 0 0 -1
    outer loop
      vertex 3.51507 -10.8183 28
      vertex 3.51153 -10.813 28
      vertex 3.51322 -10.8126 28
    endloop
  endfacet
  facet normal 0 0 -1
    outer loop
      vertex 2.365 -11.1264 28
      vertex 3.51153 -10.813 28
      vertex 3.51507 -10.8183 28
    endloop
  endfacet
  facet normal 0 0 -1
    outer loop
      vertex 2.365 -11.1264 28
      vertex 2.36375 -11.1206 28
      vertex 3.51153 -10.813 28
    endloop
  endfacet
  facet normal 0 0 -1
    outer loop
      vertex 2.365 -11.1264 28
      vertex 2.36202 -11.1208 28
      vertex 2.36375 -11.1206 28
    endloop
  endfacet
  facet normal 0 0 -1
    outer loop
      vertex 1.18901 -11.3127 28
      vertex 2.36202 -11.1208 28
      vertex 2.365 -11.1264 28
    endloop
  endfacet
  facet normal 0 0 -1
    outer loop
      vertex 1.18901 -11.3127 28
      vertex 1.18838 -11.3067 28
      vertex 2.36202 -11.1208 28
    endloop
  endfacet
  facet normal -0 0 -1
    outer loop
      vertex 1.18901 -11.3127 28
      vertex 0.00174723 -11.3689 28
      vertex 1.18838 -11.3067 28
    endloop
  endfacet
  facet normal 0 0 -1
    outer loop
      vertex 0 -11.375 28
      vertex 0.00174723 -11.3689 28
      vertex 1.18901 -11.3127 28
    endloop
  endfacet
  facet normal 0 0 -1
    outer loop
      vertex 0 -11.375 28
      vertex 0 -11.369 28
      vertex 0.00174723 -11.3689 28
    endloop
  endfacet
  facet normal 0 0 -1
    outer loop
      vertex 0 -11.375 28
      vertex -0.00174723 -11.3689 28
      vertex 0 -11.369 28
    endloop
  endfacet
  facet normal 0 0 -1
    outer loop
      vertex -1.18901 -11.3127 28
      vertex -0.00174723 -11.3689 28
      vertex 0 -11.375 28
    endloop
  endfacet
  facet normal 0 0 -1
    outer loop
      vertex -0.00174723 -11.3689 28
      vertex -1.18901 -11.3127 28
      vertex -1.18838 -11.3067 28
    endloop
  endfacet
  facet normal 0 0 -1
    outer loop
      vertex -1.18901 -11.3127 28
      vertex -2.36202 -11.1208 28
      vertex -1.18838 -11.3067 28
    endloop
  endfacet
  facet normal 0 0 -1
    outer loop
      vertex -2.365 -11.1264 28
      vertex -2.36202 -11.1208 28
      vertex -1.18901 -11.3127 28
    endloop
  endfacet
  facet normal -0 0 -1
    outer loop
      vertex -2.36202 -11.1208 28
      vertex -2.365 -11.1264 28
      vertex -2.36375 -11.1206 28
    endloop
  endfacet
  facet normal 0 0 -1
    outer loop
      vertex -2.365 -11.1264 28
      vertex -3.51153 -10.813 28
      vertex -2.36375 -11.1206 28
    endloop
  endfacet
  facet normal 0 0 -1
    outer loop
      vertex -3.51507 -10.8183 28
      vertex -3.51153 -10.813 28
      vertex -2.365 -11.1264 28
    endloop
  endfacet
  facet normal -0 0 -1
    outer loop
      vertex -3.51153 -10.813 28
      vertex -3.51507 -10.8183 28
      vertex -3.51322 -10.8126 28
    endloop
  endfacet
  facet normal 0 0 -1
    outer loop
      vertex -3.51507 -10.8183 28
      vertex -3.51485 -10.8119 28
      vertex -3.51322 -10.8126 28
    endloop
  endfacet
  facet normal 0 0 -1
    outer loop
      vertex -4.62663 -10.3916 28
      vertex -3.51485 -10.8119 28
      vertex -3.51507 -10.8183 28
    endloop
  endfacet
  facet normal 0 0 -1
    outer loop
      vertex -3.51485 -10.8119 28
      vertex -4.62663 -10.3916 28
      vertex -4.62419 -10.3861 28
    endloop
  endfacet
  facet normal 0 0 -1
    outer loop
      vertex -4.62663 -10.3916 28
      vertex -5.68295 -9.84665 28
      vertex -4.62419 -10.3861 28
    endloop
  endfacet
  facet normal 0 0 -1
    outer loop
      vertex -5.6875 -9.85104 28
      vertex -5.68295 -9.84665 28
      vertex -4.62663 -10.3916 28
    endloop
  endfacet
  facet normal -0 0 -1
    outer loop
      vertex -5.68295 -9.84665 28
      vertex -5.6875 -9.85104 28
      vertex -5.68451 -9.84585 28
    endloop
  endfacet
  facet normal 0 0 -1
    outer loop
      vertex -5.6875 -9.85104 28
      vertex -6.68107 -9.19868 28
      vertex -5.68451 -9.84585 28
    endloop
  endfacet
  facet normal 0 0 -1
    outer loop
      vertex -6.68606 -9.20257 28
      vertex -6.68107 -9.19868 28
      vertex -5.6875 -9.85104 28
    endloop
  endfacet
  facet normal -0 0 -1
    outer loop
      vertex -6.68107 -9.19868 28
      vertex -6.68606 -9.20257 28
      vertex -6.68254 -9.19772 28
    endloop
  endfacet
  facet normal 0 0 -1
    outer loop
      vertex -6.68606 -9.20257 28
      vertex -6.6839 -9.19662 28
      vertex -6.68254 -9.19772 28
    endloop
  endfacet
  facet normal 0 0 -1
    outer loop
      vertex -7.61136 -8.45327 28
      vertex -6.6839 -9.19662 28
      vertex -6.68606 -9.20257 28
    endloop
  endfacet
  facet normal 0 0 -1
    outer loop
      vertex -6.6839 -9.19662 28
      vertex -7.61136 -8.45327 28
      vertex -7.60735 -8.44882 28
    endloop
  endfacet
  facet normal 0 0 -1
    outer loop
      vertex -7.61136 -8.45327 28
      vertex -8.44882 -7.60735 28
      vertex -7.60735 -8.44882 28
    endloop
  endfacet
  facet normal 0 0 -1
    outer loop
      vertex -8.45327 -7.61136 28
      vertex -8.44882 -7.60735 28
      vertex -7.61136 -8.45327 28
    endloop
  endfacet
  facet normal 0 0 -1
    outer loop
      vertex -8.45327 -7.61136 28
      vertex -9.19662 -6.6839 28
      vertex -8.44882 -7.60735 28
    endloop
  endfacet
  facet normal 0 0 -1
    outer loop
      vertex -9.20257 -6.68606 28
      vertex -9.19662 -6.6839 28
      vertex -8.45327 -7.61136 28
    endloop
  endfacet
  facet normal -0 0 -1
    outer loop
      vertex -9.19662 -6.6839 28
      vertex -9.20257 -6.68606 28
      vertex -9.19772 -6.68254 28
    endloop
  endfacet
  facet normal 0 0 -1
    outer loop
      vertex -9.20257 -6.68606 28
      vertex -9.19868 -6.68107 28
      vertex -9.19772 -6.68254 28
    endloop
  endfacet
  facet normal 0 0 -1
    outer loop
      vertex -9.85104 -5.6875 28
      vertex -9.19868 -6.68107 28
      vertex -9.20257 -6.68606 28
    endloop
  endfacet
  facet normal 0 0 -1
    outer loop
      vertex -9.19868 -6.68107 28
      vertex -9.85104 -5.6875 28
      vertex -9.84585 -5.68451 28
    endloop
  endfacet
  facet normal 0 0 -1
    outer loop
      vertex -9.85104 -5.6875 28
      vertex -9.84665 -5.68295 28
      vertex -9.84585 -5.68451 28
    endloop
  endfacet
  facet normal 0 0 -1
    outer loop
      vertex -10.3916 -4.62663 28
      vertex -9.84665 -5.68295 28
      vertex -9.85104 -5.6875 28
    endloop
  endfacet
  facet normal 0 0 -1
    outer loop
      vertex -9.84665 -5.68295 28
      vertex -10.3916 -4.62663 28
      vertex -10.3861 -4.62419 28
    endloop
  endfacet
  facet normal 0 0 -1
    outer loop
      vertex -10.3916 -4.62663 28
      vertex -10.8119 -3.51485 28
      vertex -10.3861 -4.62419 28
    endloop
  endfacet
  facet normal 0 0 -1
    outer loop
      vertex -10.8183 -3.51507 28
      vertex -10.8119 -3.51485 28
      vertex -10.3916 -4.62663 28
    endloop
  endfacet
  facet normal -0 0 -1
    outer loop
      vertex -10.8119 -3.51485 28
      vertex -10.8183 -3.51507 28
      vertex -10.8126 -3.51322 28
    endloop
  endfacet
  facet normal 0 0 -1
    outer loop
      vertex -10.8183 -3.51507 28
      vertex -10.813 -3.51153 28
      vertex -10.8126 -3.51322 28
    endloop
  endfacet
  facet normal 0 0 -1
    outer loop
      vertex -11.1264 -2.365 28
      vertex -10.813 -3.51153 28
      vertex -10.8183 -3.51507 28
    endloop
  endfacet
  facet normal 0 0 -1
    outer loop
      vertex -10.813 -3.51153 28
      vertex -11.1264 -2.365 28
      vertex -11.1206 -2.36375 28
    endloop
  endfacet
  facet normal 0 0 -1
    outer loop
      vertex -11.1264 -2.365 28
      vertex -11.1208 -2.36202 28
      vertex -11.1206 -2.36375 28
    endloop
  endfacet
  facet normal 0 0 -1
    outer loop
      vertex -11.3127 -1.18901 28
      vertex -11.1208 -2.36202 28
      vertex -11.1264 -2.365 28
    endloop
  endfacet
  facet normal 0 0 -1
    outer loop
      vertex -11.1208 -2.36202 28
      vertex -11.3127 -1.18901 28
      vertex -11.3067 -1.18838 28
    endloop
  endfacet
  facet normal 0 0 -1
    outer loop
      vertex -11.3127 -1.18901 28
      vertex -11.3689 -0.00174723 28
      vertex -11.3067 -1.18838 28
    endloop
  endfacet
  facet normal 0 0 -1
    outer loop
      vertex -11.375 0 28
      vertex -11.3689 -0.00174723 28
      vertex -11.3127 -1.18901 28
    endloop
  endfacet
  facet normal 0 0 -1
    outer loop
      vertex -11.3689 -0.00174723 28
      vertex -11.375 0 28
      vertex -11.369 0 28
    endloop
  endfacet
  facet normal 0 0 -1
    outer loop
      vertex 11.3689 0.00174723 28
      vertex 11.375 0 28
      vertex 11.369 0 28
    endloop
  endfacet
  facet normal 0 0 -1
    outer loop
      vertex 11.3689 0.00174723 28
      vertex 11.3127 1.18901 28
      vertex 11.375 0 28
    endloop
  endfacet
  facet normal 0 0 -1
    outer loop
      vertex 11.3067 1.18838 28
      vertex 11.3127 1.18901 28
      vertex 11.3689 0.00174723 28
    endloop
  endfacet
  facet normal 0 0 -1
    outer loop
      vertex 11.1208 2.36202 28
      vertex 11.3127 1.18901 28
      vertex 11.3067 1.18838 28
    endloop
  endfacet
  facet normal 0 0 -1
    outer loop
      vertex 11.3127 1.18901 28
      vertex 11.1208 2.36202 28
      vertex 11.1264 2.365 28
    endloop
  endfacet
  facet normal 0 0 -1
    outer loop
      vertex 11.1206 2.36375 28
      vertex 11.1264 2.365 28
      vertex 11.1208 2.36202 28
    endloop
  endfacet
  facet normal 0 0 -1
    outer loop
      vertex 10.813 3.51153 28
      vertex 11.1264 2.365 28
      vertex 11.1206 2.36375 28
    endloop
  endfacet
  facet normal 0 0 -1
    outer loop
      vertex 11.1264 2.365 28
      vertex 10.813 3.51153 28
      vertex 10.8183 3.51507 28
    endloop
  endfacet
  facet normal 0 0 -1
    outer loop
      vertex 10.8126 3.51322 28
      vertex 10.8183 3.51507 28
      vertex 10.813 3.51153 28
    endloop
  endfacet
  facet normal 0 0 -1
    outer loop
      vertex 10.8119 3.51485 28
      vertex 10.8183 3.51507 28
      vertex 10.8126 3.51322 28
    endloop
  endfacet
  facet normal 0 0 -1
    outer loop
      vertex 10.8119 3.51485 28
      vertex 10.3916 4.62663 28
      vertex 10.8183 3.51507 28
    endloop
  endfacet
  facet normal 0 0 -1
    outer loop
      vertex 10.3861 4.62419 28
      vertex 10.3916 4.62663 28
      vertex 10.8119 3.51485 28
    endloop
  endfacet
  facet normal 0 0 -1
    outer loop
      vertex 9.84665 5.68295 28
      vertex 10.3916 4.62663 28
      vertex 10.3861 4.62419 28
    endloop
  endfacet
  facet normal 0 0 -1
    outer loop
      vertex 10.3916 4.62663 28
      vertex 9.84665 5.68295 28
      vertex 9.85104 5.6875 28
    endloop
  endfacet
  facet normal 0 0 -1
    outer loop
      vertex 9.84585 5.68451 28
      vertex 9.85104 5.6875 28
      vertex 9.84665 5.68295 28
    endloop
  endfacet
  facet normal 0 0 -1
    outer loop
      vertex 9.19868 6.68107 28
      vertex 9.85104 5.6875 28
      vertex 9.84585 5.68451 28
    endloop
  endfacet
  facet normal 0 0 -1
    outer loop
      vertex 9.85104 5.6875 28
      vertex 9.19868 6.68107 28
      vertex 9.20257 6.68606 28
    endloop
  endfacet
  facet normal 0 0 -1
    outer loop
      vertex 9.19772 6.68254 28
      vertex 9.20257 6.68606 28
      vertex 9.19868 6.68107 28
    endloop
  endfacet
  facet normal 0 0 -1
    outer loop
      vertex 9.19662 6.6839 28
      vertex 9.20257 6.68606 28
      vertex 9.19772 6.68254 28
    endloop
  endfacet
  facet normal 0 0 -1
    outer loop
      vertex 9.19662 6.6839 28
      vertex 8.45327 7.61136 28
      vertex 9.20257 6.68606 28
    endloop
  endfacet
  facet normal 0 0 -1
    outer loop
      vertex 8.44882 7.60735 28
      vertex 8.45327 7.61136 28
      vertex 9.19662 6.6839 28
    endloop
  endfacet
  facet normal 0 0 -1
    outer loop
      vertex 8.44882 7.60735 28
      vertex 7.61136 8.45327 28
      vertex 8.45327 7.61136 28
    endloop
  endfacet
  facet normal 0 0 -1
    outer loop
      vertex 7.60735 8.44882 28
      vertex 7.61136 8.45327 28
      vertex 8.44882 7.60735 28
    endloop
  endfacet
  facet normal 0 0 -1
    outer loop
      vertex 6.6839 9.19662 28
      vertex 7.61136 8.45327 28
      vertex 7.60735 8.44882 28
    endloop
  endfacet
  facet normal 0 0 -1
    outer loop
      vertex 7.61136 8.45327 28
      vertex 6.6839 9.19662 28
      vertex 6.68606 9.20257 28
    endloop
  endfacet
  facet normal 0 0 -1
    outer loop
      vertex 6.68254 9.19772 28
      vertex 6.68606 9.20257 28
      vertex 6.6839 9.19662 28
    endloop
  endfacet
  facet normal 0 0 -1
    outer loop
      vertex 6.68107 9.19868 28
      vertex 6.68606 9.20257 28
      vertex 6.68254 9.19772 28
    endloop
  endfacet
  facet normal 0 0 -1
    outer loop
      vertex 6.68107 9.19868 28
      vertex 5.6875 9.85104 28
      vertex 6.68606 9.20257 28
    endloop
  endfacet
  facet normal 0 0 -1
    outer loop
      vertex 5.68451 9.84585 28
      vertex 5.6875 9.85104 28
      vertex 6.68107 9.19868 28
    endloop
  endfacet
  facet normal 0 0 -1
    outer loop
      vertex 5.68295 9.84665 28
      vertex 5.6875 9.85104 28
      vertex 5.68451 9.84585 28
    endloop
  endfacet
  facet normal 0 0 -1
    outer loop
      vertex 5.68295 9.84665 28
      vertex 4.62663 10.3916 28
      vertex 5.6875 9.85104 28
    endloop
  endfacet
  facet normal 0 0 -1
    outer loop
      vertex 4.62419 10.3861 28
      vertex 4.62663 10.3916 28
      vertex 5.68295 9.84665 28
    endloop
  endfacet
  facet normal 0 0 -1
    outer loop
      vertex 3.51485 10.8119 28
      vertex 4.62663 10.3916 28
      vertex 4.62419 10.3861 28
    endloop
  endfacet
  facet normal 0 0 -1
    outer loop
      vertex 4.62663 10.3916 28
      vertex 3.51485 10.8119 28
      vertex 3.51507 10.8183 28
    endloop
  endfacet
  facet normal 0 0 -1
    outer loop
      vertex 3.51322 10.8126 28
      vertex 3.51507 10.8183 28
      vertex 3.51485 10.8119 28
    endloop
  endfacet
  facet normal 0 0 -1
    outer loop
      vertex 3.51153 10.813 28
      vertex 3.51507 10.8183 28
      vertex 3.51322 10.8126 28
    endloop
  endfacet
  facet normal 0 0 -1
    outer loop
      vertex 3.51153 10.813 28
      vertex 2.365 11.1264 28
      vertex 3.51507 10.8183 28
    endloop
  endfacet
  facet normal 0 0 -1
    outer loop
      vertex 2.36375 11.1206 28
      vertex 2.365 11.1264 28
      vertex 3.51153 10.813 28
    endloop
  endfacet
  facet normal 0 0 -1
    outer loop
      vertex 2.36202 11.1208 28
      vertex 2.365 11.1264 28
      vertex 2.36375 11.1206 28
    endloop
  endfacet
  facet normal 0 0 -1
    outer loop
      vertex 2.36202 11.1208 28
      vertex 1.18901 11.3127 28
      vertex 2.365 11.1264 28
    endloop
  endfacet
  facet normal 0 0 -1
    outer loop
      vertex 1.18838 11.3067 28
      vertex 1.18901 11.3127 28
      vertex 2.36202 11.1208 28
    endloop
  endfacet
  facet normal 0 0 -1
    outer loop
      vertex 0.00174723 11.3689 28
      vertex 1.18901 11.3127 28
      vertex 1.18838 11.3067 28
    endloop
  endfacet
  facet normal 0 0 -1
    outer loop
      vertex 0 11.375 28
      vertex 0.00174723 11.3689 28
      vertex 0 11.369 28
    endloop
  endfacet
  facet normal 0 0 -1
    outer loop
      vertex 0.00174723 11.3689 28
      vertex 0 11.375 28
      vertex 1.18901 11.3127 28
    endloop
  endfacet
  facet normal 0 0 -1
    outer loop
      vertex -0.00174723 11.3689 28
      vertex 0 11.375 28
      vertex 0 11.369 28
    endloop
  endfacet
  facet normal 0 0 -1
    outer loop
      vertex -1.18901 11.3127 28
      vertex -0.00174723 11.3689 28
      vertex -1.18838 11.3067 28
    endloop
  endfacet
  facet normal -0 0 -1
    outer loop
      vertex -0.00174723 11.3689 28
      vertex -1.18901 11.3127 28
      vertex 0 11.375 28
    endloop
  endfacet
  facet normal 0 0 -1
    outer loop
      vertex -2.36202 11.1208 28
      vertex -1.18901 11.3127 28
      vertex -1.18838 11.3067 28
    endloop
  endfacet
  facet normal 0 0 -1
    outer loop
      vertex -2.365 11.1264 28
      vertex -2.36202 11.1208 28
      vertex -2.36375 11.1206 28
    endloop
  endfacet
  facet normal 0 0 -1
    outer loop
      vertex -2.36202 11.1208 28
      vertex -2.365 11.1264 28
      vertex -1.18901 11.3127 28
    endloop
  endfacet
  facet normal 0 0 -1
    outer loop
      vertex -3.51153 10.813 28
      vertex -2.365 11.1264 28
      vertex -2.36375 11.1206 28
    endloop
  endfacet
  facet normal 0 0 -1
    outer loop
      vertex -3.51507 10.8183 28
      vertex -3.51153 10.813 28
      vertex -3.51322 10.8126 28
    endloop
  endfacet
  facet normal 0 0 -1
    outer loop
      vertex -3.51153 10.813 28
      vertex -3.51507 10.8183 28
      vertex -2.365 11.1264 28
    endloop
  endfacet
  facet normal 0 0 -1
    outer loop
      vertex -3.51485 10.8119 28
      vertex -3.51507 10.8183 28
      vertex -3.51322 10.8126 28
    endloop
  endfacet
  facet normal 0 0 -1
    outer loop
      vertex -4.62663 10.3916 28
      vertex -3.51485 10.8119 28
      vertex -4.62419 10.3861 28
    endloop
  endfacet
  facet normal -0 0 -1
    outer loop
      vertex -3.51485 10.8119 28
      vertex -4.62663 10.3916 28
      vertex -3.51507 10.8183 28
    endloop
  endfacet
  facet normal 0 0 -1
    outer loop
      vertex -5.68295 9.84665 28
      vertex -4.62663 10.3916 28
      vertex -4.62419 10.3861 28
    endloop
  endfacet
  facet normal 0 0 -1
    outer loop
      vertex -5.6875 9.85104 28
      vertex -5.68295 9.84665 28
      vertex -5.68451 9.84585 28
    endloop
  endfacet
  facet normal 0 0 -1
    outer loop
      vertex -5.68295 9.84665 28
      vertex -5.6875 9.85104 28
      vertex -4.62663 10.3916 28
    endloop
  endfacet
  facet normal 0 0 -1
    outer loop
      vertex -6.68107 9.19868 28
      vertex -5.6875 9.85104 28
      vertex -5.68451 9.84585 28
    endloop
  endfacet
  facet normal 0 0 -1
    outer loop
      vertex -6.68606 9.20257 28
      vertex -6.68107 9.19868 28
      vertex -6.68254 9.19772 28
    endloop
  endfacet
  facet normal 0 0 -1
    outer loop
      vertex -6.68107 9.19868 28
      vertex -6.68606 9.20257 28
      vertex -5.6875 9.85104 28
    endloop
  endfacet
  facet normal 0 0 -1
    outer loop
      vertex -6.6839 9.19662 28
      vertex -6.68606 9.20257 28
      vertex -6.68254 9.19772 28
    endloop
  endfacet
  facet normal 0 0 -1
    outer loop
      vertex -7.61136 8.45327 28
      vertex -6.6839 9.19662 28
      vertex -7.60735 8.44882 28
    endloop
  endfacet
  facet normal -0 0 -1
    outer loop
      vertex -6.6839 9.19662 28
      vertex -7.61136 8.45327 28
      vertex -6.68606 9.20257 28
    endloop
  endfacet
  facet normal 0 0 -1
    outer loop
      vertex -8.44882 7.60735 28
      vertex -7.61136 8.45327 28
      vertex -7.60735 8.44882 28
    endloop
  endfacet
  facet normal 0 0 -1
    outer loop
      vertex -8.44882 7.60735 28
      vertex -8.45327 7.61136 28
      vertex -7.61136 8.45327 28
    endloop
  endfacet
  facet normal 0 0 -1
    outer loop
      vertex -9.19662 6.6839 28
      vertex -8.45327 7.61136 28
      vertex -8.44882 7.60735 28
    endloop
  endfacet
  facet normal 0 0 -1
    outer loop
      vertex -9.20257 6.68606 28
      vertex -9.19662 6.6839 28
      vertex -9.19772 6.68254 28
    endloop
  endfacet
  facet normal 0 0 -1
    outer loop
      vertex -9.19662 6.6839 28
      vertex -9.20257 6.68606 28
      vertex -8.45327 7.61136 28
    endloop
  endfacet
  facet normal 0 0 -1
    outer loop
      vertex -9.19868 6.68107 28
      vertex -9.20257 6.68606 28
      vertex -9.19772 6.68254 28
    endloop
  endfacet
  facet normal 0 0 -1
    outer loop
      vertex -9.85104 5.6875 28
      vertex -9.19868 6.68107 28
      vertex -9.84585 5.68451 28
    endloop
  endfacet
  facet normal -0 0 -1
    outer loop
      vertex -9.19868 6.68107 28
      vertex -9.85104 5.6875 28
      vertex -9.20257 6.68606 28
    endloop
  endfacet
  facet normal 0 0 -1
    outer loop
      vertex -9.84665 5.68295 28
      vertex -9.85104 5.6875 28
      vertex -9.84585 5.68451 28
    endloop
  endfacet
  facet normal 0 0 -1
    outer loop
      vertex -10.3916 4.62663 28
      vertex -9.84665 5.68295 28
      vertex -10.3861 4.62419 28
    endloop
  endfacet
  facet normal -0 0 -1
    outer loop
      vertex -9.84665 5.68295 28
      vertex -10.3916 4.62663 28
      vertex -9.85104 5.6875 28
    endloop
  endfacet
  facet normal 0 0 -1
    outer loop
      vertex -10.8119 3.51485 28
      vertex -10.3916 4.62663 28
      vertex -10.3861 4.62419 28
    endloop
  endfacet
  facet normal 0 0 -1
    outer loop
      vertex -10.8183 3.51507 28
      vertex -10.8119 3.51485 28
      vertex -10.8126 3.51322 28
    endloop
  endfacet
  facet normal 0 0 -1
    outer loop
      vertex -10.8119 3.51485 28
      vertex -10.8183 3.51507 28
      vertex -10.3916 4.62663 28
    endloop
  endfacet
  facet normal 0 0 -1
    outer loop
      vertex -10.813 3.51153 28
      vertex -10.8183 3.51507 28
      vertex -10.8126 3.51322 28
    endloop
  endfacet
  facet normal 0 0 -1
    outer loop
      vertex -11.1264 2.365 28
      vertex -10.813 3.51153 28
      vertex -11.1206 2.36375 28
    endloop
  endfacet
  facet normal -0 0 -1
    outer loop
      vertex -10.813 3.51153 28
      vertex -11.1264 2.365 28
      vertex -10.8183 3.51507 28
    endloop
  endfacet
  facet normal 0 0 -1
    outer loop
      vertex -11.1208 2.36202 28
      vertex -11.1264 2.365 28
      vertex -11.1206 2.36375 28
    endloop
  endfacet
  facet normal 0 0 -1
    outer loop
      vertex -11.3127 1.18901 28
      vertex -11.1208 2.36202 28
      vertex -11.3067 1.18838 28
    endloop
  endfacet
  facet normal -0 0 -1
    outer loop
      vertex -11.1208 2.36202 28
      vertex -11.3127 1.18901 28
      vertex -11.1264 2.365 28
    endloop
  endfacet
  facet normal 0 0 -1
    outer loop
      vertex -11.3689 0.00174723 28
      vertex -11.3127 1.18901 28
      vertex -11.3067 1.18838 28
    endloop
  endfacet
  facet normal 0 0 -1
    outer loop
      vertex -11.375 0 28
      vertex -11.3689 0.00174723 28
      vertex -11.369 0 28
    endloop
  endfacet
  facet normal -0 0 -1
    outer loop
      vertex -11.3689 0.00174723 28
      vertex -11.375 0 28
      vertex -11.3127 1.18901 28
    endloop
  endfacet
  facet normal -0.777143 -0.629324 0
    outer loop
      vertex -8.45327 -7.61136 28
      vertex -9.20257 -6.68606 52
      vertex -9.20257 -6.68606 28
    endloop
  endfacet
  facet normal -0.777143 -0.629324 0
    outer loop
      vertex -9.20257 -6.68606 52
      vertex -8.45327 -7.61136 28
      vertex -8.45327 -7.61136 52
    endloop
  endfacet
  facet normal -0.838672 -0.544638 0
    outer loop
      vertex -9.20257 -6.68606 28
      vertex -9.85104 -5.6875 52
      vertex -9.85104 -5.6875 28
    endloop
  endfacet
  facet normal -0.838672 -0.544638 0
    outer loop
      vertex -9.85104 -5.6875 52
      vertex -9.20257 -6.68606 28
      vertex -9.20257 -6.68606 52
    endloop
  endfacet
  facet normal -0 0 1
    outer loop
      vertex 9.86476 0.0057971 52
      vertex 11.375 0 52
      vertex 11.3127 1.18901 52
    endloop
  endfacet
  facet normal 0 0 1
    outer loop
      vertex 9.81102 1.03118 52
      vertex 11.3127 1.18901 52
      vertex 11.1264 2.365 52
    endloop
  endfacet
  facet normal 0 0 1
    outer loop
      vertex 11.375 0 52
      vertex 9.86476 0.0057971 52
      vertex 9.86507 0 52
    endloop
  endfacet
  facet normal 0 0 1
    outer loop
      vertex 9.64949 2.05106 52
      vertex 11.1264 2.365 52
      vertex 10.8183 3.51507 52
    endloop
  endfacet
  facet normal 0 0 1
    outer loop
      vertex 9.86476 -0.0057971 52
      vertex 11.375 0 52
      vertex 9.86507 0 52
    endloop
  endfacet
  facet normal 0 0 1
    outer loop
      vertex 9.38016 3.05389 52
      vertex 10.8183 3.51507 52
      vertex 10.3916 4.62663 52
    endloop
  endfacet
  facet normal 0 0 1
    outer loop
      vertex 11.375 0 52
      vertex 9.86476 -0.0057971 52
      vertex 11.3127 -1.18901 52
    endloop
  endfacet
  facet normal 0 0 1
    outer loop
      vertex 11.3127 -1.18901 52
      vertex 9.81102 -1.03118 52
      vertex 11.1264 -2.365 52
    endloop
  endfacet
  facet normal -0 0 1
    outer loop
      vertex 9.81102 -1.03118 52
      vertex 11.3127 -1.18901 52
      vertex 9.86476 -0.0057971 52
    endloop
  endfacet
  facet normal 0 0 1
    outer loop
      vertex 9.00955 4.01766 52
      vertex 10.3916 4.62663 52
      vertex 9.85104 5.6875 52
    endloop
  endfacet
  facet normal 0 0 1
    outer loop
      vertex 11.3127 1.18901 52
      vertex 9.81102 1.03118 52
      vertex 9.86476 0.0057971 52
    endloop
  endfacet
  facet normal 0 0 1
    outer loop
      vertex 11.1264 2.365 52
      vertex 9.6504 2.04533 52
      vertex 9.81102 1.03118 52
    endloop
  endfacet
  facet normal 0 0 1
    outer loop
      vertex 11.1264 2.365 52
      vertex 9.64949 2.05106 52
      vertex 9.6504 2.04533 52
    endloop
  endfacet
  facet normal 0 0 1
    outer loop
      vertex 10.8183 3.51507 52
      vertex 9.38374 3.04287 52
      vertex 9.64949 2.05106 52
    endloop
  endfacet
  facet normal 0 0 1
    outer loop
      vertex 10.8183 3.51507 52
      vertex 9.38224 3.04847 52
      vertex 9.38374 3.04287 52
    endloop
  endfacet
  facet normal 0 0 1
    outer loop
      vertex 10.8183 3.51507 52
      vertex 9.38016 3.05389 52
      vertex 9.38224 3.04847 52
    endloop
  endfacet
  facet normal 0 0 1
    outer loop
      vertex 8.5434 4.93253 52
      vertex 9.85104 5.6875 52
      vertex 9.20257 6.68606 52
    endloop
  endfacet
  facet normal 0 0 1
    outer loop
      vertex 10.3916 4.62663 52
      vertex 9.01219 4.01248 52
      vertex 9.38016 3.05389 52
    endloop
  endfacet
  facet normal 0 0 1
    outer loop
      vertex 10.3916 4.62663 52
      vertex 9.00955 4.01766 52
      vertex 9.01219 4.01248 52
    endloop
  endfacet
  facet normal 0 0 1
    outer loop
      vertex 9.85104 5.6875 52
      vertex 8.5434 4.93253 52
      vertex 9.00955 4.01766 52
    endloop
  endfacet
  facet normal 0 0 1
    outer loop
      vertex 7.97735 5.80305 52
      vertex 9.20257 6.68606 52
      vertex 8.45327 7.61136 52
    endloop
  endfacet
  facet normal 0 0 1
    outer loop
      vertex 9.20257 6.68606 52
      vertex 7.98417 5.79367 52
      vertex 8.5434 4.93253 52
    endloop
  endfacet
  facet normal 0 0 1
    outer loop
      vertex 9.20257 6.68606 52
      vertex 7.98101 5.79854 52
      vertex 7.98417 5.79367 52
    endloop
  endfacet
  facet normal 0 0 1
    outer loop
      vertex 9.20257 6.68606 52
      vertex 7.97735 5.80305 52
      vertex 7.98101 5.79854 52
    endloop
  endfacet
  facet normal 0 0 1
    outer loop
      vertex 7.33117 6.60102 52
      vertex 8.45327 7.61136 52
      vertex 7.61136 8.45327 52
    endloop
  endfacet
  facet normal 0 0 1
    outer loop
      vertex 8.45327 7.61136 52
      vertex 7.33117 6.60102 52
      vertex 7.97735 5.80305 52
    endloop
  endfacet
  facet normal 0 0 1
    outer loop
      vertex 6.60102 7.33117 52
      vertex 7.61136 8.45327 52
      vertex 6.68606 9.20257 52
    endloop
  endfacet
  facet normal 0 0 1
    outer loop
      vertex 7.61136 8.45327 52
      vertex 6.60102 7.33117 52
      vertex 7.33117 6.60102 52
    endloop
  endfacet
  facet normal 0 0 1
    outer loop
      vertex 6.68606 9.20257 52
      vertex 5.80305 7.97735 52
      vertex 6.60102 7.33117 52
    endloop
  endfacet
  facet normal 0 0 1
    outer loop
      vertex 6.68606 9.20257 52
      vertex 5.79854 7.98101 52
      vertex 5.80305 7.97735 52
    endloop
  endfacet
  facet normal 0 0 1
    outer loop
      vertex 6.68606 9.20257 52
      vertex 5.79367 7.98417 52
      vertex 5.79854 7.98101 52
    endloop
  endfacet
  facet normal 0 0 1
    outer loop
      vertex 5.6875 9.85104 52
      vertex 5.79367 7.98417 52
      vertex 6.68606 9.20257 52
    endloop
  endfacet
  facet normal 0 0 1
    outer loop
      vertex 5.6875 9.85104 52
      vertex 4.93253 8.5434 52
      vertex 5.79367 7.98417 52
    endloop
  endfacet
  facet normal 0 0 1
    outer loop
      vertex 4.62663 10.3916 52
      vertex 4.93253 8.5434 52
      vertex 5.6875 9.85104 52
    endloop
  endfacet
  facet normal 0 0 1
    outer loop
      vertex 4.62663 10.3916 52
      vertex 4.01766 9.00955 52
      vertex 4.93253 8.5434 52
    endloop
  endfacet
  facet normal 0 0 1
    outer loop
      vertex 4.62663 10.3916 52
      vertex 4.01248 9.01219 52
      vertex 4.01766 9.00955 52
    endloop
  endfacet
  facet normal 0 0 1
    outer loop
      vertex 3.51507 10.8183 52
      vertex 4.01248 9.01219 52
      vertex 4.62663 10.3916 52
    endloop
  endfacet
  facet normal 0 0 1
    outer loop
      vertex 3.51507 10.8183 52
      vertex 3.05389 9.38016 52
      vertex 4.01248 9.01219 52
    endloop
  endfacet
  facet normal 0 0 1
    outer loop
      vertex 3.51507 10.8183 52
      vertex 3.04847 9.38224 52
      vertex 3.05389 9.38016 52
    endloop
  endfacet
  facet normal 0 0 1
    outer loop
      vertex 3.51507 10.8183 52
      vertex 3.04287 9.38374 52
      vertex 3.04847 9.38224 52
    endloop
  endfacet
  facet normal 0 0 1
    outer loop
      vertex 2.365 11.1264 52
      vertex 3.04287 9.38374 52
      vertex 3.51507 10.8183 52
    endloop
  endfacet
  facet normal 0 0 1
    outer loop
      vertex 2.365 11.1264 52
      vertex 2.05106 9.64949 52
      vertex 3.04287 9.38374 52
    endloop
  endfacet
  facet normal 0 0 1
    outer loop
      vertex 2.365 11.1264 52
      vertex 2.04533 9.6504 52
      vertex 2.05106 9.64949 52
    endloop
  endfacet
  facet normal 0 0 1
    outer loop
      vertex 1.18901 11.3127 52
      vertex 2.04533 9.6504 52
      vertex 2.365 11.1264 52
    endloop
  endfacet
  facet normal 0 0 1
    outer loop
      vertex 1.18901 11.3127 52
      vertex 1.03118 9.81102 52
      vertex 2.04533 9.6504 52
    endloop
  endfacet
  facet normal 0 0 1
    outer loop
      vertex 1.18901 11.3127 52
      vertex 0.0057971 9.86476 52
      vertex 1.03118 9.81102 52
    endloop
  endfacet
  facet normal 0 0 1
    outer loop
      vertex 0 11.375 52
      vertex 0.0057971 9.86476 52
      vertex 1.18901 11.3127 52
    endloop
  endfacet
  facet normal 0 0 1
    outer loop
      vertex 0 11.375 52
      vertex 0 9.86507 52
      vertex 0.0057971 9.86476 52
    endloop
  endfacet
  facet normal 0 0 1
    outer loop
      vertex 0 11.375 52
      vertex -0.0057971 9.86476 52
      vertex 0 9.86507 52
    endloop
  endfacet
  facet normal 0 0 1
    outer loop
      vertex 0 11.375 52
      vertex -1.03118 9.81102 52
      vertex -0.0057971 9.86476 52
    endloop
  endfacet
  facet normal -0 0 1
    outer loop
      vertex -1.18901 11.3127 52
      vertex -1.03118 9.81102 52
      vertex 0 11.375 52
    endloop
  endfacet
  facet normal 0 0 1
    outer loop
      vertex -1.18901 11.3127 52
      vertex -2.04533 9.6504 52
      vertex -1.03118 9.81102 52
    endloop
  endfacet
  facet normal -0 0 1
    outer loop
      vertex -2.365 11.1264 52
      vertex -2.04533 9.6504 52
      vertex -1.18901 11.3127 52
    endloop
  endfacet
  facet normal 0 0 1
    outer loop
      vertex -2.04533 9.6504 52
      vertex -2.365 11.1264 52
      vertex -2.05106 9.64949 52
    endloop
  endfacet
  facet normal 0 0 1
    outer loop
      vertex -2.365 11.1264 52
      vertex -3.04287 9.38374 52
      vertex -2.05106 9.64949 52
    endloop
  endfacet
  facet normal -0 0 1
    outer loop
      vertex -3.51507 10.8183 52
      vertex -3.04287 9.38374 52
      vertex -2.365 11.1264 52
    endloop
  endfacet
  facet normal 0 0 1
    outer loop
      vertex -3.04287 9.38374 52
      vertex -3.51507 10.8183 52
      vertex -3.04847 9.38224 52
    endloop
  endfacet
  facet normal 0 0 1
    outer loop
      vertex -3.04847 9.38224 52
      vertex -3.51507 10.8183 52
      vertex -3.05389 9.38016 52
    endloop
  endfacet
  facet normal 0 0 1
    outer loop
      vertex -3.51507 10.8183 52
      vertex -4.01248 9.01219 52
      vertex -3.05389 9.38016 52
    endloop
  endfacet
  facet normal -0 0 1
    outer loop
      vertex -4.62663 10.3916 52
      vertex -4.01248 9.01219 52
      vertex -3.51507 10.8183 52
    endloop
  endfacet
  facet normal 0 0 1
    outer loop
      vertex -4.01248 9.01219 52
      vertex -4.62663 10.3916 52
      vertex -4.01766 9.00955 52
    endloop
  endfacet
  facet normal 0 0 1
    outer loop
      vertex -4.62663 10.3916 52
      vertex -4.93253 8.5434 52
      vertex -4.01766 9.00955 52
    endloop
  endfacet
  facet normal -0 0 1
    outer loop
      vertex -5.6875 9.85104 52
      vertex -4.93253 8.5434 52
      vertex -4.62663 10.3916 52
    endloop
  endfacet
  facet normal 0 0 1
    outer loop
      vertex -5.6875 9.85104 52
      vertex -5.79367 7.98417 52
      vertex -4.93253 8.5434 52
    endloop
  endfacet
  facet normal -0 0 1
    outer loop
      vertex -6.68606 9.20257 52
      vertex -5.79367 7.98417 52
      vertex -5.6875 9.85104 52
    endloop
  endfacet
  facet normal 0 0 1
    outer loop
      vertex -5.79367 7.98417 52
      vertex -6.68606 9.20257 52
      vertex -5.79854 7.98101 52
    endloop
  endfacet
  facet normal 0 0 1
    outer loop
      vertex -5.79854 7.98101 52
      vertex -6.68606 9.20257 52
      vertex -5.80305 7.97735 52
    endloop
  endfacet
  facet normal 0 0 1
    outer loop
      vertex -5.80305 7.97735 52
      vertex -6.68606 9.20257 52
      vertex -6.60102 7.33117 52
    endloop
  endfacet
  facet normal -0 0 1
    outer loop
      vertex -7.61136 8.45327 52
      vertex -6.60102 7.33117 52
      vertex -6.68606 9.20257 52
    endloop
  endfacet
  facet normal 0 0 1
    outer loop
      vertex -6.60102 7.33117 52
      vertex -7.61136 8.45327 52
      vertex -7.33117 6.60102 52
    endloop
  endfacet
  facet normal -0 0 1
    outer loop
      vertex -8.45327 7.61136 52
      vertex -7.33117 6.60102 52
      vertex -7.61136 8.45327 52
    endloop
  endfacet
  facet normal 0 0 1
    outer loop
      vertex -7.33117 6.60102 52
      vertex -8.45327 7.61136 52
      vertex -7.97735 5.80305 52
    endloop
  endfacet
  facet normal -0 0 1
    outer loop
      vertex -9.20257 6.68606 52
      vertex -7.97735 5.80305 52
      vertex -8.45327 7.61136 52
    endloop
  endfacet
  facet normal 0 0 1
    outer loop
      vertex -7.97735 5.80305 52
      vertex -9.20257 6.68606 52
      vertex -7.98101 5.79854 52
    endloop
  endfacet
  facet normal 0 0 1
    outer loop
      vertex -7.98101 5.79854 52
      vertex -9.20257 6.68606 52
      vertex -7.98417 5.79367 52
    endloop
  endfacet
  facet normal 0 0 1
    outer loop
      vertex -7.98417 5.79367 52
      vertex -9.20257 6.68606 52
      vertex -8.5434 4.93253 52
    endloop
  endfacet
  facet normal -0 0 1
    outer loop
      vertex -9.85104 5.6875 52
      vertex -8.5434 4.93253 52
      vertex -9.20257 6.68606 52
    endloop
  endfacet
  facet normal 0 0 1
    outer loop
      vertex -8.5434 4.93253 52
      vertex -9.85104 5.6875 52
      vertex -9.00955 4.01766 52
    endloop
  endfacet
  facet normal -0 0 1
    outer loop
      vertex -10.3916 4.62663 52
      vertex -9.00955 4.01766 52
      vertex -9.85104 5.6875 52
    endloop
  endfacet
  facet normal 0 0 1
    outer loop
      vertex -9.00955 4.01766 52
      vertex -10.3916 4.62663 52
      vertex -9.01219 4.01248 52
    endloop
  endfacet
  facet normal 0 0 1
    outer loop
      vertex -9.01219 4.01248 52
      vertex -10.3916 4.62663 52
      vertex -9.38016 3.05389 52
    endloop
  endfacet
  facet normal -0 0 1
    outer loop
      vertex -10.8183 3.51507 52
      vertex -9.38016 3.05389 52
      vertex -10.3916 4.62663 52
    endloop
  endfacet
  facet normal 0 0 1
    outer loop
      vertex -9.38016 3.05389 52
      vertex -10.8183 3.51507 52
      vertex -9.38224 3.04847 52
    endloop
  endfacet
  facet normal 0 0 1
    outer loop
      vertex -9.38224 3.04847 52
      vertex -10.8183 3.51507 52
      vertex -9.38374 3.04287 52
    endloop
  endfacet
  facet normal 0 0 1
    outer loop
      vertex -9.38374 3.04287 52
      vertex -10.8183 3.51507 52
      vertex -9.64949 2.05106 52
    endloop
  endfacet
  facet normal -0 0 1
    outer loop
      vertex -11.1264 2.365 52
      vertex -9.64949 2.05106 52
      vertex -10.8183 3.51507 52
    endloop
  endfacet
  facet normal 0 0 1
    outer loop
      vertex -9.64949 2.05106 52
      vertex -11.1264 2.365 52
      vertex -9.6504 2.04533 52
    endloop
  endfacet
  facet normal 0 0 1
    outer loop
      vertex -9.6504 2.04533 52
      vertex -11.1264 2.365 52
      vertex -9.81102 1.03118 52
    endloop
  endfacet
  facet normal -0 0 1
    outer loop
      vertex 9.6504 -2.04533 52
      vertex 11.1264 -2.365 52
      vertex 9.81102 -1.03118 52
    endloop
  endfacet
  facet normal -0 0 1
    outer loop
      vertex 9.64949 -2.05106 52
      vertex 11.1264 -2.365 52
      vertex 9.6504 -2.04533 52
    endloop
  endfacet
  facet normal 0 0 1
    outer loop
      vertex 11.1264 -2.365 52
      vertex 9.64949 -2.05106 52
      vertex 10.8183 -3.51507 52
    endloop
  endfacet
  facet normal -0 0 1
    outer loop
      vertex 9.38374 -3.04287 52
      vertex 10.8183 -3.51507 52
      vertex 9.64949 -2.05106 52
    endloop
  endfacet
  facet normal -0 0 1
    outer loop
      vertex 9.38224 -3.04847 52
      vertex 10.8183 -3.51507 52
      vertex 9.38374 -3.04287 52
    endloop
  endfacet
  facet normal -0 0 1
    outer loop
      vertex 9.38016 -3.05389 52
      vertex 10.8183 -3.51507 52
      vertex 9.38224 -3.04847 52
    endloop
  endfacet
  facet normal 0 0 1
    outer loop
      vertex 10.8183 -3.51507 52
      vertex 9.38016 -3.05389 52
      vertex 10.3916 -4.62663 52
    endloop
  endfacet
  facet normal -0 0 1
    outer loop
      vertex 9.01219 -4.01248 52
      vertex 10.3916 -4.62663 52
      vertex 9.38016 -3.05389 52
    endloop
  endfacet
  facet normal -0 0 1
    outer loop
      vertex 9.00955 -4.01766 52
      vertex 10.3916 -4.62663 52
      vertex 9.01219 -4.01248 52
    endloop
  endfacet
  facet normal 0 0 1
    outer loop
      vertex 10.3916 -4.62663 52
      vertex 9.00955 -4.01766 52
      vertex 9.85104 -5.6875 52
    endloop
  endfacet
  facet normal -0 0 1
    outer loop
      vertex 8.5434 -4.93253 52
      vertex 9.85104 -5.6875 52
      vertex 9.00955 -4.01766 52
    endloop
  endfacet
  facet normal 0 0 1
    outer loop
      vertex 9.85104 -5.6875 52
      vertex 8.5434 -4.93253 52
      vertex 9.20257 -6.68606 52
    endloop
  endfacet
  facet normal -0 0 1
    outer loop
      vertex 7.98417 -5.79367 52
      vertex 9.20257 -6.68606 52
      vertex 8.5434 -4.93253 52
    endloop
  endfacet
  facet normal -0 0 1
    outer loop
      vertex 7.98101 -5.79854 52
      vertex 9.20257 -6.68606 52
      vertex 7.98417 -5.79367 52
    endloop
  endfacet
  facet normal -0 0 1
    outer loop
      vertex 7.97735 -5.80305 52
      vertex 9.20257 -6.68606 52
      vertex 7.98101 -5.79854 52
    endloop
  endfacet
  facet normal 0 0 1
    outer loop
      vertex 9.20257 -6.68606 52
      vertex 7.97735 -5.80305 52
      vertex 8.45327 -7.61136 52
    endloop
  endfacet
  facet normal -0 0 1
    outer loop
      vertex 7.33117 -6.60102 52
      vertex 8.45327 -7.61136 52
      vertex 7.97735 -5.80305 52
    endloop
  endfacet
  facet normal 0 0 1
    outer loop
      vertex 8.45327 -7.61136 52
      vertex 7.33117 -6.60102 52
      vertex 7.61136 -8.45327 52
    endloop
  endfacet
  facet normal -0 0 1
    outer loop
      vertex 6.60102 -7.33117 52
      vertex 7.61136 -8.45327 52
      vertex 7.33117 -6.60102 52
    endloop
  endfacet
  facet normal 0 0 1
    outer loop
      vertex 7.61136 -8.45327 52
      vertex 6.60102 -7.33117 52
      vertex 6.68606 -9.20257 52
    endloop
  endfacet
  facet normal -0 0 1
    outer loop
      vertex 5.80305 -7.97735 52
      vertex 6.68606 -9.20257 52
      vertex 6.60102 -7.33117 52
    endloop
  endfacet
  facet normal -0 0 1
    outer loop
      vertex 5.79854 -7.98101 52
      vertex 6.68606 -9.20257 52
      vertex 5.80305 -7.97735 52
    endloop
  endfacet
  facet normal -0 0 1
    outer loop
      vertex 5.79367 -7.98417 52
      vertex 6.68606 -9.20257 52
      vertex 5.79854 -7.98101 52
    endloop
  endfacet
  facet normal 0 0 1
    outer loop
      vertex 5.79367 -7.98417 52
      vertex 5.6875 -9.85104 52
      vertex 6.68606 -9.20257 52
    endloop
  endfacet
  facet normal -0 0 1
    outer loop
      vertex 4.93253 -8.5434 52
      vertex 5.6875 -9.85104 52
      vertex 5.79367 -7.98417 52
    endloop
  endfacet
  facet normal 0 0 1
    outer loop
      vertex 4.93253 -8.5434 52
      vertex 4.62663 -10.3916 52
      vertex 5.6875 -9.85104 52
    endloop
  endfacet
  facet normal -0 0 1
    outer loop
      vertex 4.01766 -9.00955 52
      vertex 4.62663 -10.3916 52
      vertex 4.93253 -8.5434 52
    endloop
  endfacet
  facet normal -0 0 1
    outer loop
      vertex 4.01248 -9.01219 52
      vertex 4.62663 -10.3916 52
      vertex 4.01766 -9.00955 52
    endloop
  endfacet
  facet normal 0 0 1
    outer loop
      vertex 4.01248 -9.01219 52
      vertex 3.51507 -10.8183 52
      vertex 4.62663 -10.3916 52
    endloop
  endfacet
  facet normal -0 0 1
    outer loop
      vertex 3.05389 -9.38016 52
      vertex 3.51507 -10.8183 52
      vertex 4.01248 -9.01219 52
    endloop
  endfacet
  facet normal -0 0 1
    outer loop
      vertex 3.04847 -9.38224 52
      vertex 3.51507 -10.8183 52
      vertex 3.05389 -9.38016 52
    endloop
  endfacet
  facet normal -0 0 1
    outer loop
      vertex 3.04287 -9.38374 52
      vertex 3.51507 -10.8183 52
      vertex 3.04847 -9.38224 52
    endloop
  endfacet
  facet normal 0 0 1
    outer loop
      vertex 3.04287 -9.38374 52
      vertex 2.365 -11.1264 52
      vertex 3.51507 -10.8183 52
    endloop
  endfacet
  facet normal -0 0 1
    outer loop
      vertex 2.05106 -9.64949 52
      vertex 2.365 -11.1264 52
      vertex 3.04287 -9.38374 52
    endloop
  endfacet
  facet normal -0 0 1
    outer loop
      vertex 2.04533 -9.6504 52
      vertex 2.365 -11.1264 52
      vertex 2.05106 -9.64949 52
    endloop
  endfacet
  facet normal 0 0 1
    outer loop
      vertex 2.04533 -9.6504 52
      vertex 1.18901 -11.3127 52
      vertex 2.365 -11.1264 52
    endloop
  endfacet
  facet normal -0 0 1
    outer loop
      vertex 1.03118 -9.81102 52
      vertex 1.18901 -11.3127 52
      vertex 2.04533 -9.6504 52
    endloop
  endfacet
  facet normal -0 0 1
    outer loop
      vertex 0.0057971 -9.86476 52
      vertex 1.18901 -11.3127 52
      vertex 1.03118 -9.81102 52
    endloop
  endfacet
  facet normal 0 0 1
    outer loop
      vertex 0 -11.375 52
      vertex 0.0057971 -9.86476 52
      vertex 0 -9.86507 52
    endloop
  endfacet
  facet normal 0 0 1
    outer loop
      vertex 0.0057971 -9.86476 52
      vertex 0 -11.375 52
      vertex 1.18901 -11.3127 52
    endloop
  endfacet
  facet normal 0 0 1
    outer loop
      vertex -0.0057971 -9.86476 52
      vertex 0 -11.375 52
      vertex 0 -9.86507 52
    endloop
  endfacet
  facet normal 0 0 1
    outer loop
      vertex -1.03118 -9.81102 52
      vertex 0 -11.375 52
      vertex -0.0057971 -9.86476 52
    endloop
  endfacet
  facet normal 0 0 1
    outer loop
      vertex -1.03118 -9.81102 52
      vertex -1.18901 -11.3127 52
      vertex 0 -11.375 52
    endloop
  endfacet
  facet normal 0 0 1
    outer loop
      vertex -2.04533 -9.6504 52
      vertex -1.18901 -11.3127 52
      vertex -1.03118 -9.81102 52
    endloop
  endfacet
  facet normal 0 0 1
    outer loop
      vertex -2.365 -11.1264 52
      vertex -2.04533 -9.6504 52
      vertex -2.05106 -9.64949 52
    endloop
  endfacet
  facet normal 0 0 1
    outer loop
      vertex -2.04533 -9.6504 52
      vertex -2.365 -11.1264 52
      vertex -1.18901 -11.3127 52
    endloop
  endfacet
  facet normal 0 0 1
    outer loop
      vertex -3.04287 -9.38374 52
      vertex -2.365 -11.1264 52
      vertex -2.05106 -9.64949 52
    endloop
  endfacet
  facet normal 0 0 1
    outer loop
      vertex -3.51507 -10.8183 52
      vertex -3.04287 -9.38374 52
      vertex -3.04847 -9.38224 52
    endloop
  endfacet
  facet normal 0 0 1
    outer loop
      vertex -3.51507 -10.8183 52
      vertex -3.04847 -9.38224 52
      vertex -3.05389 -9.38016 52
    endloop
  endfacet
  facet normal 0 0 1
    outer loop
      vertex -3.04287 -9.38374 52
      vertex -3.51507 -10.8183 52
      vertex -2.365 -11.1264 52
    endloop
  endfacet
  facet normal 0 0 1
    outer loop
      vertex -4.01248 -9.01219 52
      vertex -3.51507 -10.8183 52
      vertex -3.05389 -9.38016 52
    endloop
  endfacet
  facet normal 0 0 1
    outer loop
      vertex -4.62663 -10.3916 52
      vertex -4.01248 -9.01219 52
      vertex -4.01766 -9.00955 52
    endloop
  endfacet
  facet normal 0 0 1
    outer loop
      vertex -4.01248 -9.01219 52
      vertex -4.62663 -10.3916 52
      vertex -3.51507 -10.8183 52
    endloop
  endfacet
  facet normal 0 0 1
    outer loop
      vertex -4.93253 -8.5434 52
      vertex -4.62663 -10.3916 52
      vertex -4.01766 -9.00955 52
    endloop
  endfacet
  facet normal 0 0 1
    outer loop
      vertex -4.93253 -8.5434 52
      vertex -5.6875 -9.85104 52
      vertex -4.62663 -10.3916 52
    endloop
  endfacet
  facet normal 0 0 1
    outer loop
      vertex -5.79367 -7.98417 52
      vertex -5.6875 -9.85104 52
      vertex -4.93253 -8.5434 52
    endloop
  endfacet
  facet normal 0 0 1
    outer loop
      vertex -6.68606 -9.20257 52
      vertex -5.79367 -7.98417 52
      vertex -5.79854 -7.98101 52
    endloop
  endfacet
  facet normal 0 0 1
    outer loop
      vertex -6.68606 -9.20257 52
      vertex -5.79854 -7.98101 52
      vertex -5.80305 -7.97735 52
    endloop
  endfacet
  facet normal 0 0 1
    outer loop
      vertex -6.68606 -9.20257 52
      vertex -5.80305 -7.97735 52
      vertex -6.60102 -7.33117 52
    endloop
  endfacet
  facet normal 0 0 1
    outer loop
      vertex -5.79367 -7.98417 52
      vertex -6.68606 -9.20257 52
      vertex -5.6875 -9.85104 52
    endloop
  endfacet
  facet normal 0 0 1
    outer loop
      vertex -7.61136 -8.45327 52
      vertex -6.60102 -7.33117 52
      vertex -7.33117 -6.60102 52
    endloop
  endfacet
  facet normal 0 0 1
    outer loop
      vertex -6.60102 -7.33117 52
      vertex -7.61136 -8.45327 52
      vertex -6.68606 -9.20257 52
    endloop
  endfacet
  facet normal 0 0 1
    outer loop
      vertex -8.45327 -7.61136 52
      vertex -7.33117 -6.60102 52
      vertex -7.97735 -5.80305 52
    endloop
  endfacet
  facet normal 0 0 1
    outer loop
      vertex -9.20257 -6.68606 52
      vertex -7.97735 -5.80305 52
      vertex -7.98101 -5.79854 52
    endloop
  endfacet
  facet normal 0 0 1
    outer loop
      vertex -9.20257 -6.68606 52
      vertex -7.98101 -5.79854 52
      vertex -7.98417 -5.79367 52
    endloop
  endfacet
  facet normal 0 0 1
    outer loop
      vertex -7.33117 -6.60102 52
      vertex -8.45327 -7.61136 52
      vertex -7.61136 -8.45327 52
    endloop
  endfacet
  facet normal 0 0 1
    outer loop
      vertex -9.20257 -6.68606 52
      vertex -7.98417 -5.79367 52
      vertex -8.5434 -4.93253 52
    endloop
  endfacet
  facet normal 0 0 1
    outer loop
      vertex -9.85104 -5.6875 52
      vertex -8.5434 -4.93253 52
      vertex -9.00955 -4.01766 52
    endloop
  endfacet
  facet normal 0 0 1
    outer loop
      vertex -10.3916 -4.62663 52
      vertex -9.00955 -4.01766 52
      vertex -9.01219 -4.01248 52
    endloop
  endfacet
  facet normal 0 0 1
    outer loop
      vertex -7.97735 -5.80305 52
      vertex -9.20257 -6.68606 52
      vertex -8.45327 -7.61136 52
    endloop
  endfacet
  facet normal 0 0 1
    outer loop
      vertex -10.3916 -4.62663 52
      vertex -9.01219 -4.01248 52
      vertex -9.38016 -3.05389 52
    endloop
  endfacet
  facet normal 0 0 1
    outer loop
      vertex -10.8183 -3.51507 52
      vertex -9.38016 -3.05389 52
      vertex -9.38224 -3.04847 52
    endloop
  endfacet
  facet normal 0 0 1
    outer loop
      vertex -10.8183 -3.51507 52
      vertex -9.38224 -3.04847 52
      vertex -9.38374 -3.04287 52
    endloop
  endfacet
  facet normal 0 0 1
    outer loop
      vertex -10.8183 -3.51507 52
      vertex -9.38374 -3.04287 52
      vertex -9.64949 -2.05106 52
    endloop
  endfacet
  facet normal 0 0 1
    outer loop
      vertex -11.1264 -2.365 52
      vertex -9.64949 -2.05106 52
      vertex -9.6504 -2.04533 52
    endloop
  endfacet
  facet normal 0 0 1
    outer loop
      vertex -11.1264 -2.365 52
      vertex -9.6504 -2.04533 52
      vertex -9.81102 -1.03118 52
    endloop
  endfacet
  facet normal 0 0 1
    outer loop
      vertex -8.5434 -4.93253 52
      vertex -9.85104 -5.6875 52
      vertex -9.20257 -6.68606 52
    endloop
  endfacet
  facet normal 0 0 1
    outer loop
      vertex -11.3127 -1.18901 52
      vertex -9.81102 -1.03118 52
      vertex -9.86476 -0.0057971 52
    endloop
  endfacet
  facet normal -0 0 1
    outer loop
      vertex -11.375 0 52
      vertex -9.86476 -0.0057971 52
      vertex -9.86507 0 52
    endloop
  endfacet
  facet normal -0 0 1
    outer loop
      vertex -11.3127 1.18901 52
      vertex -9.81102 1.03118 52
      vertex -11.1264 2.365 52
    endloop
  endfacet
  facet normal 0 0 1
    outer loop
      vertex -9.00955 -4.01766 52
      vertex -10.3916 -4.62663 52
      vertex -9.85104 -5.6875 52
    endloop
  endfacet
  facet normal 0 0 1
    outer loop
      vertex -9.81102 1.03118 52
      vertex -11.3127 1.18901 52
      vertex -9.86476 0.0057971 52
    endloop
  endfacet
  facet normal 0 0 1
    outer loop
      vertex -9.38016 -3.05389 52
      vertex -10.8183 -3.51507 52
      vertex -10.3916 -4.62663 52
    endloop
  endfacet
  facet normal 0 0 1
    outer loop
      vertex -11.375 0 52
      vertex -9.86476 0.0057971 52
      vertex -11.3127 1.18901 52
    endloop
  endfacet
  facet normal 0 0 1
    outer loop
      vertex -9.64949 -2.05106 52
      vertex -11.1264 -2.365 52
      vertex -10.8183 -3.51507 52
    endloop
  endfacet
  facet normal 0 0 1
    outer loop
      vertex -9.86476 0.0057971 52
      vertex -11.375 0 52
      vertex -9.86507 0 52
    endloop
  endfacet
  facet normal 0 0 1
    outer loop
      vertex -9.81102 -1.03118 52
      vertex -11.3127 -1.18901 52
      vertex -11.1264 -2.365 52
    endloop
  endfacet
  facet normal 0 0 1
    outer loop
      vertex -9.86476 -0.0057971 52
      vertex -11.375 0 52
      vertex -11.3127 -1.18901 52
    endloop
  endfacet
  facet normal -0.838672 0.544638 0
    outer loop
      vertex -9.85104 5.6875 28
      vertex -9.20257 6.68606 52
      vertex -9.20257 6.68606 28
    endloop
  endfacet
  facet normal -0.838672 0.544638 0
    outer loop
      vertex -9.20257 6.68606 52
      vertex -9.85104 5.6875 28
      vertex -9.85104 5.6875 52
    endloop
  endfacet
  facet normal 0.987683 -0.156468 0
    outer loop
      vertex 11.1264 -2.365 52
      vertex 11.3127 -1.18901 28
      vertex 11.3127 -1.18901 52
    endloop
  endfacet
  facet normal 0.987683 -0.156468 0
    outer loop
      vertex 11.3127 -1.18901 28
      vertex 11.1264 -2.365 52
      vertex 11.1264 -2.365 28
    endloop
  endfacet
  facet normal 0.99863 -0.0523248 0
    outer loop
      vertex 11.3127 -1.18901 52
      vertex 11.375 0 28
      vertex 11.375 0 52
    endloop
  endfacet
  facet normal 0.99863 -0.0523248 0
    outer loop
      vertex 11.375 0 28
      vertex 11.3127 -1.18901 52
      vertex 11.3127 -1.18901 28
    endloop
  endfacet
  facet normal 0.358377 -0.933577 0
    outer loop
      vertex 3.51507 -10.8183 28
      vertex 4.62663 -10.3916 52
      vertex 3.51507 -10.8183 52
    endloop
  endfacet
  facet normal 0.358377 -0.933577 0
    outer loop
      vertex 4.62663 -10.3916 52
      vertex 3.51507 -10.8183 28
      vertex 4.62663 -10.3916 28
    endloop
  endfacet
  facet normal 0.544638 -0.838672 0
    outer loop
      vertex 5.6875 -9.85104 28
      vertex 6.68606 -9.20257 52
      vertex 5.6875 -9.85104 52
    endloop
  endfacet
  facet normal 0.544638 -0.838672 0
    outer loop
      vertex 6.68606 -9.20257 52
      vertex 5.6875 -9.85104 28
      vertex 6.68606 -9.20257 28
    endloop
  endfacet
  facet normal 0.838672 -0.544638 0
    outer loop
      vertex 9.20257 -6.68606 52
      vertex 9.85104 -5.6875 28
      vertex 9.85104 -5.6875 52
    endloop
  endfacet
  facet normal 0.838672 -0.544638 0
    outer loop
      vertex 9.85104 -5.6875 28
      vertex 9.20257 -6.68606 52
      vertex 9.20257 -6.68606 28
    endloop
  endfacet
  facet normal -0.258772 -0.965938 0
    outer loop
      vertex -3.51507 -10.8183 28
      vertex -2.365 -11.1264 52
      vertex -3.51507 -10.8183 52
    endloop
  endfacet
  facet normal -0.258772 -0.965938 -0
    outer loop
      vertex -2.365 -11.1264 52
      vertex -3.51507 -10.8183 28
      vertex -2.365 -11.1264 28
    endloop
  endfacet
  facet normal -0.629324 -0.777143 0
    outer loop
      vertex -7.61136 -8.45327 28
      vertex -6.68606 -9.20257 52
      vertex -7.61136 -8.45327 52
    endloop
  endfacet
  facet normal -0.629324 -0.777143 -0
    outer loop
      vertex -6.68606 -9.20257 52
      vertex -7.61136 -8.45327 28
      vertex -6.68606 -9.20257 28
    endloop
  endfacet
  facet normal -0.454004 -0.891 0
    outer loop
      vertex -5.6875 -9.85104 28
      vertex -4.62663 -10.3916 52
      vertex -5.6875 -9.85104 52
    endloop
  endfacet
  facet normal -0.454004 -0.891 -0
    outer loop
      vertex -4.62663 -10.3916 52
      vertex -5.6875 -9.85104 28
      vertex -4.62663 -10.3916 28
    endloop
  endfacet
  facet normal -0.891 -0.454004 0
    outer loop
      vertex -9.85104 -5.6875 28
      vertex -10.3916 -4.62663 52
      vertex -10.3916 -4.62663 28
    endloop
  endfacet
  facet normal -0.891 -0.454004 0
    outer loop
      vertex -10.3916 -4.62663 52
      vertex -9.85104 -5.6875 28
      vertex -9.85104 -5.6875 52
    endloop
  endfacet
  facet normal -0.965925 0.25882 0
    outer loop
      vertex 7.9651 -2.58802 40
      vertex 8.19199 -1.74126 50.5
      vertex 8.19199 -1.74126 40
    endloop
  endfacet
  facet normal -0.965925 0.25882 0
    outer loop
      vertex 8.19199 -1.74126 50.5
      vertex 7.9651 -2.58802 40
      vertex 7.9651 -2.58802 50.5
    endloop
  endfacet
  facet normal -0.544635 -0.838673 0
    outer loop
      vertex 4.1875 7.25296 40
      vertex 4.9227 6.77552 50.5
      vertex 4.1875 7.25296 50.5
    endloop
  endfacet
  facet normal -0.544635 -0.838673 -0
    outer loop
      vertex 4.9227 6.77552 50.5
      vertex 4.1875 7.25296 40
      vertex 4.9227 6.77552 40
    endloop
  endfacet
  facet normal 0.358374 -0.933578 0
    outer loop
      vertex -3.40642 7.65094 40
      vertex -2.58802 7.9651 50.5
      vertex -3.40642 7.65094 50.5
    endloop
  endfacet
  facet normal 0.358374 -0.933578 0
    outer loop
      vertex -2.58802 7.9651 50.5
      vertex -3.40642 7.65094 40
      vertex -2.58802 7.9651 40
    endloop
  endfacet
  facet normal 0.891007 -0.45399 0
    outer loop
      vertex -7.65094 3.40642 50.5
      vertex -7.25296 4.1875 40
      vertex -7.25296 4.1875 50.5
    endloop
  endfacet
  facet normal 0.891007 -0.45399 0
    outer loop
      vertex -7.25296 4.1875 40
      vertex -7.65094 3.40642 50.5
      vertex -7.65094 3.40642 40
    endloop
  endfacet
  facet normal 0.891007 0.45399 0
    outer loop
      vertex -7.25296 -4.1875 50.5
      vertex -7.65094 -3.40642 40
      vertex -7.65094 -3.40642 50.5
    endloop
  endfacet
  facet normal 0.891007 0.45399 0
    outer loop
      vertex -7.65094 -3.40642 40
      vertex -7.25296 -4.1875 50.5
      vertex -7.25296 -4.1875 40
    endloop
  endfacet
  facet normal -0.965925 -0.25882 0
    outer loop
      vertex 8.19199 1.74126 40
      vertex 7.9651 2.58802 50.5
      vertex 7.9651 2.58802 40
    endloop
  endfacet
  facet normal -0.965925 -0.25882 0
    outer loop
      vertex 7.9651 2.58802 50.5
      vertex 8.19199 1.74126 40
      vertex 8.19199 1.74126 50.5
    endloop
  endfacet
  facet normal -0.933578 -0.358374 0
    outer loop
      vertex 7.9651 2.58802 40
      vertex 7.65094 3.40642 50.5
      vertex 7.65094 3.40642 40
    endloop
  endfacet
  facet normal -0.933578 -0.358374 0
    outer loop
      vertex 7.65094 3.40642 50.5
      vertex 7.9651 2.58802 40
      vertex 7.9651 2.58802 50.5
    endloop
  endfacet
  facet normal -0.707107 -0.707107 0
    outer loop
      vertex 6.22384 5.60397 40
      vertex 5.60397 6.22384 50.5
      vertex 5.60397 6.22384 40
    endloop
  endfacet
  facet normal -0.707107 -0.707107 0
    outer loop
      vertex 5.60397 6.22384 50.5
      vertex 6.22384 5.60397 40
      vertex 6.22384 5.60397 50.5
    endloop
  endfacet
  facet normal -0.45399 -0.891007 0
    outer loop
      vertex 3.40642 7.65094 40
      vertex 4.1875 7.25296 50.5
      vertex 3.40642 7.65094 50.5
    endloop
  endfacet
  facet normal -0.45399 -0.891007 -0
    outer loop
      vertex 4.1875 7.25296 50.5
      vertex 3.40642 7.65094 40
      vertex 4.1875 7.25296 40
    endloop
  endfacet
  facet normal 0.45399 -0.891007 0
    outer loop
      vertex -4.1875 7.25296 40
      vertex -3.40642 7.65094 50.5
      vertex -4.1875 7.25296 50.5
    endloop
  endfacet
  facet normal 0.45399 -0.891007 0
    outer loop
      vertex -3.40642 7.65094 50.5
      vertex -4.1875 7.25296 40
      vertex -3.40642 7.65094 40
    endloop
  endfacet
  facet normal 0.544635 -0.838673 0
    outer loop
      vertex -4.9227 6.77552 40
      vertex -4.1875 7.25296 50.5
      vertex -4.9227 6.77552 50.5
    endloop
  endfacet
  facet normal 0.544635 -0.838673 0
    outer loop
      vertex -4.1875 7.25296 50.5
      vertex -4.9227 6.77552 40
      vertex -4.1875 7.25296 40
    endloop
  endfacet
  facet normal -0.777147 0.629319 0
    outer loop
      vertex 6.22384 -5.60397 40
      vertex 6.77552 -4.9227 50.5
      vertex 6.77552 -4.9227 40
    endloop
  endfacet
  facet normal -0.777147 0.629319 0
    outer loop
      vertex 6.77552 -4.9227 50.5
      vertex 6.22384 -5.60397 40
      vertex 6.22384 -5.60397 50.5
    endloop
  endfacet
  facet normal -0.25882 0.965925 0
    outer loop
      vertex 2.58802 -7.9651 40
      vertex 1.74126 -8.19199 50.5
      vertex 2.58802 -7.9651 50.5
    endloop
  endfacet
  facet normal -0.25882 0.965925 0
    outer loop
      vertex 1.74126 -8.19199 50.5
      vertex 2.58802 -7.9651 40
      vertex 1.74126 -8.19199 40
    endloop
  endfacet
  facet normal -0.707107 0.707107 0
    outer loop
      vertex 5.60397 -6.22384 40
      vertex 6.22384 -5.60397 50.5
      vertex 6.22384 -5.60397 40
    endloop
  endfacet
  facet normal -0.707107 0.707107 0
    outer loop
      vertex 6.22384 -5.60397 50.5
      vertex 5.60397 -6.22384 40
      vertex 5.60397 -6.22384 50.5
    endloop
  endfacet
  facet normal 0.052337 0.998629 -0
    outer loop
      vertex 0 -8.375 40
      vertex -0.875425 -8.32912 50.5
      vertex 0 -8.375 50.5
    endloop
  endfacet
  facet normal 0.052337 0.998629 0
    outer loop
      vertex -0.875425 -8.32912 50.5
      vertex 0 -8.375 40
      vertex -0.875425 -8.32912 40
    endloop
  endfacet
  facet normal 0.544635 0.838673 -0
    outer loop
      vertex -4.1875 -7.25296 40
      vertex -4.9227 -6.77552 50.5
      vertex -4.1875 -7.25296 50.5
    endloop
  endfacet
  facet normal 0.544635 0.838673 0
    outer loop
      vertex -4.9227 -6.77552 50.5
      vertex -4.1875 -7.25296 40
      vertex -4.9227 -6.77552 40
    endloop
  endfacet
  facet normal -0.891007 -0.45399 0
    outer loop
      vertex 7.65094 3.40642 40
      vertex 7.25296 4.1875 50.5
      vertex 7.25296 4.1875 40
    endloop
  endfacet
  facet normal -0.891007 -0.45399 0
    outer loop
      vertex 7.25296 4.1875 50.5
      vertex 7.65094 3.40642 40
      vertex 7.65094 3.40642 50.5
    endloop
  endfacet
  facet normal -0.838673 -0.544635 0
    outer loop
      vertex 7.25296 4.1875 40
      vertex 6.77552 4.9227 50.5
      vertex 6.77552 4.9227 40
    endloop
  endfacet
  facet normal -0.838673 -0.544635 0
    outer loop
      vertex 6.77552 4.9227 50.5
      vertex 7.25296 4.1875 40
      vertex 7.25296 4.1875 50.5
    endloop
  endfacet
  facet normal -0.777147 -0.629319 0
    outer loop
      vertex 6.77552 4.9227 40
      vertex 6.22384 5.60397 50.5
      vertex 6.22384 5.60397 40
    endloop
  endfacet
  facet normal -0.777147 -0.629319 0
    outer loop
      vertex 6.22384 5.60397 50.5
      vertex 6.77552 4.9227 40
      vertex 6.77552 4.9227 50.5
    endloop
  endfacet
  facet normal -0.052337 -0.998629 0
    outer loop
      vertex 0 8.375 40
      vertex 0.875425 8.32912 50.5
      vertex 0 8.375 50.5
    endloop
  endfacet
  facet normal -0.052337 -0.998629 -0
    outer loop
      vertex 0.875425 8.32912 50.5
      vertex 0 8.375 40
      vertex 0.875425 8.32912 40
    endloop
  endfacet
  facet normal -0.25882 -0.965925 0
    outer loop
      vertex 1.74126 8.19199 40
      vertex 2.58802 7.9651 50.5
      vertex 1.74126 8.19199 50.5
    endloop
  endfacet
  facet normal -0.25882 -0.965925 -0
    outer loop
      vertex 2.58802 7.9651 50.5
      vertex 1.74126 8.19199 40
      vertex 2.58802 7.9651 40
    endloop
  endfacet
  facet normal 0.998629 -0.052337 0
    outer loop
      vertex -8.375 0 50.5
      vertex -8.32912 0.875425 40
      vertex -8.32912 0.875425 50.5
    endloop
  endfacet
  facet normal 0.998629 -0.052337 0
    outer loop
      vertex -8.32912 0.875425 40
      vertex -8.375 0 50.5
      vertex -8.375 0 40
    endloop
  endfacet
  facet normal 0.965925 -0.25882 0
    outer loop
      vertex -8.19199 1.74126 50.5
      vertex -7.9651 2.58802 40
      vertex -7.9651 2.58802 50.5
    endloop
  endfacet
  facet normal 0.965925 -0.25882 0
    outer loop
      vertex -7.9651 2.58802 40
      vertex -8.19199 1.74126 50.5
      vertex -8.19199 1.74126 40
    endloop
  endfacet
  facet normal 0.707107 -0.707107 0
    outer loop
      vertex -6.22384 5.60397 50.5
      vertex -5.60397 6.22384 40
      vertex -5.60397 6.22384 50.5
    endloop
  endfacet
  facet normal 0.707107 -0.707107 0
    outer loop
      vertex -5.60397 6.22384 40
      vertex -6.22384 5.60397 50.5
      vertex -6.22384 5.60397 40
    endloop
  endfacet
  facet normal 0.838673 -0.544635 0
    outer loop
      vertex -7.25296 4.1875 50.5
      vertex -6.77552 4.9227 40
      vertex -6.77552 4.9227 50.5
    endloop
  endfacet
  facet normal 0.838673 -0.544635 0
    outer loop
      vertex -6.77552 4.9227 40
      vertex -7.25296 4.1875 50.5
      vertex -7.25296 4.1875 40
    endloop
  endfacet
  facet normal 0.777147 -0.629319 0
    outer loop
      vertex -6.77552 4.9227 50.5
      vertex -6.22384 5.60397 40
      vertex -6.22384 5.60397 50.5
    endloop
  endfacet
  facet normal 0.777147 -0.629319 0
    outer loop
      vertex -6.22384 5.60397 40
      vertex -6.77552 4.9227 50.5
      vertex -6.77552 4.9227 40
    endloop
  endfacet
  facet normal 0.052337 -0.998629 0
    outer loop
      vertex -0.875425 8.32912 40
      vertex 0 8.375 50.5
      vertex -0.875425 8.32912 50.5
    endloop
  endfacet
  facet normal 0.052337 -0.998629 0
    outer loop
      vertex 0 8.375 50.5
      vertex -0.875425 8.32912 40
      vertex 0 8.375 40
    endloop
  endfacet
  facet normal 0.25882 -0.965925 0
    outer loop
      vertex -2.58802 7.9651 40
      vertex -1.74126 8.19199 50.5
      vertex -2.58802 7.9651 50.5
    endloop
  endfacet
  facet normal 0.25882 -0.965925 0
    outer loop
      vertex -1.74126 8.19199 50.5
      vertex -2.58802 7.9651 40
      vertex -1.74126 8.19199 40
    endloop
  endfacet
  facet normal 0.156429 -0.987689 0
    outer loop
      vertex -1.74126 8.19199 40
      vertex -0.875425 8.32912 50.5
      vertex -1.74126 8.19199 50.5
    endloop
  endfacet
  facet normal 0.156429 -0.987689 0
    outer loop
      vertex -0.875425 8.32912 50.5
      vertex -1.74126 8.19199 40
      vertex -0.875425 8.32912 40
    endloop
  endfacet
  facet normal 0.629319 -0.777147 0
    outer loop
      vertex -5.60397 6.22384 40
      vertex -4.9227 6.77552 50.5
      vertex -5.60397 6.22384 50.5
    endloop
  endfacet
  facet normal 0.629319 -0.777147 0
    outer loop
      vertex -4.9227 6.77552 50.5
      vertex -5.60397 6.22384 40
      vertex -4.9227 6.77552 40
    endloop
  endfacet
  facet normal -0.998629 -0.052337 0
    outer loop
      vertex 8.375 0 40
      vertex 8.32912 0.875425 50.5
      vertex 8.32912 0.875425 40
    endloop
  endfacet
  facet normal -0.998629 -0.052337 0
    outer loop
      vertex 8.32912 0.875425 50.5
      vertex 8.375 0 40
      vertex 8.375 0 50.5
    endloop
  endfacet
  facet normal -0.052337 0.998629 0
    outer loop
      vertex 0.875425 -8.32912 40
      vertex 0 -8.375 50.5
      vertex 0.875425 -8.32912 50.5
    endloop
  endfacet
  facet normal -0.052337 0.998629 0
    outer loop
      vertex 0 -8.375 50.5
      vertex 0.875425 -8.32912 40
      vertex 0 -8.375 40
    endloop
  endfacet
  facet normal -0.156429 0.987689 0
    outer loop
      vertex 1.74126 -8.19199 40
      vertex 0.875425 -8.32912 50.5
      vertex 1.74126 -8.19199 50.5
    endloop
  endfacet
  facet normal -0.156429 0.987689 0
    outer loop
      vertex 0.875425 -8.32912 50.5
      vertex 1.74126 -8.19199 40
      vertex 0.875425 -8.32912 40
    endloop
  endfacet
  facet normal -0.45399 0.891007 0
    outer loop
      vertex 4.1875 -7.25296 40
      vertex 3.40642 -7.65094 50.5
      vertex 4.1875 -7.25296 50.5
    endloop
  endfacet
  facet normal -0.45399 0.891007 0
    outer loop
      vertex 3.40642 -7.65094 50.5
      vertex 4.1875 -7.25296 40
      vertex 3.40642 -7.65094 40
    endloop
  endfacet
  facet normal -0.629319 0.777147 0
    outer loop
      vertex 5.60397 -6.22384 40
      vertex 4.9227 -6.77552 50.5
      vertex 5.60397 -6.22384 50.5
    endloop
  endfacet
  facet normal -0.629319 0.777147 0
    outer loop
      vertex 4.9227 -6.77552 50.5
      vertex 5.60397 -6.22384 40
      vertex 4.9227 -6.77552 40
    endloop
  endfacet
  facet normal -0.544635 0.838673 0
    outer loop
      vertex 4.9227 -6.77552 40
      vertex 4.1875 -7.25296 50.5
      vertex 4.9227 -6.77552 50.5
    endloop
  endfacet
  facet normal -0.544635 0.838673 0
    outer loop
      vertex 4.1875 -7.25296 50.5
      vertex 4.9227 -6.77552 40
      vertex 4.1875 -7.25296 40
    endloop
  endfacet
  facet normal 0.25882 0.965925 -0
    outer loop
      vertex -1.74126 -8.19199 40
      vertex -2.58802 -7.9651 50.5
      vertex -1.74126 -8.19199 50.5
    endloop
  endfacet
  facet normal 0.25882 0.965925 0
    outer loop
      vertex -2.58802 -7.9651 50.5
      vertex -1.74126 -8.19199 40
      vertex -2.58802 -7.9651 40
    endloop
  endfacet
  facet normal 0.358374 0.933578 -0
    outer loop
      vertex -2.58802 -7.9651 40
      vertex -3.40642 -7.65094 50.5
      vertex -2.58802 -7.9651 50.5
    endloop
  endfacet
  facet normal 0.358374 0.933578 0
    outer loop
      vertex -3.40642 -7.65094 50.5
      vertex -2.58802 -7.9651 40
      vertex -3.40642 -7.65094 40
    endloop
  endfacet
  facet normal 0.156429 0.987689 -0
    outer loop
      vertex -0.875425 -8.32912 40
      vertex -1.74126 -8.19199 50.5
      vertex -0.875425 -8.32912 50.5
    endloop
  endfacet
  facet normal 0.156429 0.987689 0
    outer loop
      vertex -1.74126 -8.19199 50.5
      vertex -0.875425 -8.32912 40
      vertex -1.74126 -8.19199 40
    endloop
  endfacet
  facet normal 0.45399 0.891007 -0
    outer loop
      vertex -3.40642 -7.65094 40
      vertex -4.1875 -7.25296 50.5
      vertex -3.40642 -7.65094 50.5
    endloop
  endfacet
  facet normal 0.45399 0.891007 0
    outer loop
      vertex -4.1875 -7.25296 50.5
      vertex -3.40642 -7.65094 40
      vertex -4.1875 -7.25296 40
    endloop
  endfacet
  facet normal 0.707107 0.707107 0
    outer loop
      vertex -5.60397 -6.22384 50.5
      vertex -6.22384 -5.60397 40
      vertex -6.22384 -5.60397 50.5
    endloop
  endfacet
  facet normal 0.707107 0.707107 0
    outer loop
      vertex -6.22384 -5.60397 40
      vertex -5.60397 -6.22384 50.5
      vertex -5.60397 -6.22384 40
    endloop
  endfacet
  facet normal 0.965925 0.25882 0
    outer loop
      vertex -7.9651 -2.58802 50.5
      vertex -8.19199 -1.74126 40
      vertex -8.19199 -1.74126 50.5
    endloop
  endfacet
  facet normal 0.965925 0.25882 0
    outer loop
      vertex -8.19199 -1.74126 40
      vertex -7.9651 -2.58802 50.5
      vertex -7.9651 -2.58802 40
    endloop
  endfacet
  facet normal 0.998629 0.052337 0
    outer loop
      vertex -8.32912 -0.875425 50.5
      vertex -8.375 0 40
      vertex -8.375 0 50.5
    endloop
  endfacet
  facet normal 0.998629 0.052337 0
    outer loop
      vertex -8.375 0 40
      vertex -8.32912 -0.875425 50.5
      vertex -8.32912 -0.875425 40
    endloop
  endfacet
  facet normal 0 0 1
    outer loop
      vertex 6.75 0 40
      vertex 8.375 0 40
      vertex 8.32912 0.875425 40
    endloop
  endfacet
  facet normal 0 0 1
    outer loop
      vertex 6.71302 0.705566 40
      vertex 8.32912 0.875425 40
      vertex 8.19199 1.74126 40
    endloop
  endfacet
  facet normal 0 0 1
    outer loop
      vertex 8.375 0 40
      vertex 6.75 0 40
      vertex 8.32912 -0.875425 40
    endloop
  endfacet
  facet normal 0 0 1
    outer loop
      vertex 6.6025 1.4034 40
      vertex 8.19199 1.74126 40
      vertex 7.9651 2.58802 40
    endloop
  endfacet
  facet normal -0 0 1
    outer loop
      vertex 6.71302 -0.705566 40
      vertex 8.32912 -0.875425 40
      vertex 6.75 0 40
    endloop
  endfacet
  facet normal 0 0 1
    outer loop
      vertex 6.41963 2.08586 40
      vertex 7.9651 2.58802 40
      vertex 7.65094 3.40642 40
    endloop
  endfacet
  facet normal 0 0 1
    outer loop
      vertex 8.32912 -0.875425 40
      vertex 6.71302 -0.705566 40
      vertex 8.19199 -1.74126 40
    endloop
  endfacet
  facet normal 0 0 1
    outer loop
      vertex 6.16643 2.74547 40
      vertex 7.65094 3.40642 40
      vertex 7.25296 4.1875 40
    endloop
  endfacet
  facet normal -0 0 1
    outer loop
      vertex 6.6025 -1.4034 40
      vertex 8.19199 -1.74126 40
      vertex 6.71302 -0.705566 40
    endloop
  endfacet
  facet normal 0 0 1
    outer loop
      vertex 5.84567 3.375 40
      vertex 7.25296 4.1875 40
      vertex 6.77552 4.9227 40
    endloop
  endfacet
  facet normal 0 0 1
    outer loop
      vertex 8.19199 -1.74126 40
      vertex 6.6025 -1.4034 40
      vertex 7.9651 -2.58802 40
    endloop
  endfacet
  facet normal -0 0 1
    outer loop
      vertex 6.41963 -2.08586 40
      vertex 7.9651 -2.58802 40
      vertex 6.6025 -1.4034 40
    endloop
  endfacet
  facet normal 0 0 1
    outer loop
      vertex 8.32912 0.875425 40
      vertex 6.71302 0.705566 40
      vertex 6.75 0 40
    endloop
  endfacet
  facet normal 0 0 1
    outer loop
      vertex 8.19199 1.74126 40
      vertex 6.6025 1.4034 40
      vertex 6.71302 0.705566 40
    endloop
  endfacet
  facet normal 0 0 1
    outer loop
      vertex 7.9651 2.58802 40
      vertex 6.41963 2.08586 40
      vertex 6.6025 1.4034 40
    endloop
  endfacet
  facet normal 0 0 1
    outer loop
      vertex 5.46086 3.96755 40
      vertex 6.77552 4.9227 40
      vertex 6.22384 5.60397 40
    endloop
  endfacet
  facet normal 0 0 1
    outer loop
      vertex 7.65094 3.40642 40
      vertex 6.16643 2.74547 40
      vertex 6.41963 2.08586 40
    endloop
  endfacet
  facet normal 0 0 1
    outer loop
      vertex 7.25296 4.1875 40
      vertex 5.84567 3.375 40
      vertex 6.16643 2.74547 40
    endloop
  endfacet
  facet normal 0 0 1
    outer loop
      vertex 5.01623 4.51663 40
      vertex 6.22384 5.60397 40
      vertex 5.60397 6.22384 40
    endloop
  endfacet
  facet normal 0 0 1
    outer loop
      vertex 6.77552 4.9227 40
      vertex 5.46086 3.96755 40
      vertex 5.84567 3.375 40
    endloop
  endfacet
  facet normal 0 0 1
    outer loop
      vertex 6.22384 5.60397 40
      vertex 5.01623 4.51663 40
      vertex 5.46086 3.96755 40
    endloop
  endfacet
  facet normal 0 0 1
    outer loop
      vertex 4.51663 5.01623 40
      vertex 5.60397 6.22384 40
      vertex 4.9227 6.77552 40
    endloop
  endfacet
  facet normal 0 0 1
    outer loop
      vertex 5.60397 6.22384 40
      vertex 4.51663 5.01623 40
      vertex 5.01623 4.51663 40
    endloop
  endfacet
  facet normal 0 0 1
    outer loop
      vertex 3.96755 5.46086 40
      vertex 4.9227 6.77552 40
      vertex 4.1875 7.25296 40
    endloop
  endfacet
  facet normal 0 0 1
    outer loop
      vertex 4.9227 6.77552 40
      vertex 3.96755 5.46086 40
      vertex 4.51663 5.01623 40
    endloop
  endfacet
  facet normal 0 0 1
    outer loop
      vertex 3.375 5.84567 40
      vertex 4.1875 7.25296 40
      vertex 3.40642 7.65094 40
    endloop
  endfacet
  facet normal 0 0 1
    outer loop
      vertex 4.1875 7.25296 40
      vertex 3.375 5.84567 40
      vertex 3.96755 5.46086 40
    endloop
  endfacet
  facet normal 0 0 1
    outer loop
      vertex 3.40642 7.65094 40
      vertex 2.74547 6.16643 40
      vertex 3.375 5.84567 40
    endloop
  endfacet
  facet normal 0 0 1
    outer loop
      vertex 2.58802 7.9651 40
      vertex 2.74547 6.16643 40
      vertex 3.40642 7.65094 40
    endloop
  endfacet
  facet normal 0 0 1
    outer loop
      vertex 2.58802 7.9651 40
      vertex 2.08586 6.41963 40
      vertex 2.74547 6.16643 40
    endloop
  endfacet
  facet normal 0 0 1
    outer loop
      vertex 1.74126 8.19199 40
      vertex 2.08586 6.41963 40
      vertex 2.58802 7.9651 40
    endloop
  endfacet
  facet normal 0 0 1
    outer loop
      vertex 1.74126 8.19199 40
      vertex 1.4034 6.6025 40
      vertex 2.08586 6.41963 40
    endloop
  endfacet
  facet normal 0 0 1
    outer loop
      vertex 0.875425 8.32912 40
      vertex 1.4034 6.6025 40
      vertex 1.74126 8.19199 40
    endloop
  endfacet
  facet normal 0 0 1
    outer loop
      vertex 0.875425 8.32912 40
      vertex 0.705566 6.71302 40
      vertex 1.4034 6.6025 40
    endloop
  endfacet
  facet normal 0 0 1
    outer loop
      vertex 0 8.375 40
      vertex 0.705566 6.71302 40
      vertex 0.875425 8.32912 40
    endloop
  endfacet
  facet normal 0 0 1
    outer loop
      vertex 0 8.375 40
      vertex 0 6.75 40
      vertex 0.705566 6.71302 40
    endloop
  endfacet
  facet normal 0 0 1
    outer loop
      vertex 0 8.375 40
      vertex -0.705566 6.71302 40
      vertex 0 6.75 40
    endloop
  endfacet
  facet normal -0 0 1
    outer loop
      vertex -0.875425 8.32912 40
      vertex -0.705566 6.71302 40
      vertex 0 8.375 40
    endloop
  endfacet
  facet normal 0 0 1
    outer loop
      vertex -0.875425 8.32912 40
      vertex -1.4034 6.6025 40
      vertex -0.705566 6.71302 40
    endloop
  endfacet
  facet normal -0 0 1
    outer loop
      vertex -1.74126 8.19199 40
      vertex -1.4034 6.6025 40
      vertex -0.875425 8.32912 40
    endloop
  endfacet
  facet normal 0 0 1
    outer loop
      vertex -1.74126 8.19199 40
      vertex -2.08586 6.41963 40
      vertex -1.4034 6.6025 40
    endloop
  endfacet
  facet normal -0 0 1
    outer loop
      vertex -2.58802 7.9651 40
      vertex -2.08586 6.41963 40
      vertex -1.74126 8.19199 40
    endloop
  endfacet
  facet normal 0 0 1
    outer loop
      vertex -2.58802 7.9651 40
      vertex -2.74547 6.16643 40
      vertex -2.08586 6.41963 40
    endloop
  endfacet
  facet normal -0 0 1
    outer loop
      vertex -3.40642 7.65094 40
      vertex -2.74547 6.16643 40
      vertex -2.58802 7.9651 40
    endloop
  endfacet
  facet normal 0 0 1
    outer loop
      vertex -2.74547 6.16643 40
      vertex -3.40642 7.65094 40
      vertex -3.375 5.84567 40
    endloop
  endfacet
  facet normal -0 0 1
    outer loop
      vertex -4.1875 7.25296 40
      vertex -3.375 5.84567 40
      vertex -3.40642 7.65094 40
    endloop
  endfacet
  facet normal 0 0 1
    outer loop
      vertex -3.375 5.84567 40
      vertex -4.1875 7.25296 40
      vertex -3.96755 5.46086 40
    endloop
  endfacet
  facet normal -0 0 1
    outer loop
      vertex -4.9227 6.77552 40
      vertex -3.96755 5.46086 40
      vertex -4.1875 7.25296 40
    endloop
  endfacet
  facet normal 0 0 1
    outer loop
      vertex -3.96755 5.46086 40
      vertex -4.9227 6.77552 40
      vertex -4.51663 5.01623 40
    endloop
  endfacet
  facet normal -0 0 1
    outer loop
      vertex -5.60397 6.22384 40
      vertex -4.51663 5.01623 40
      vertex -4.9227 6.77552 40
    endloop
  endfacet
  facet normal 0 0 1
    outer loop
      vertex -4.51663 5.01623 40
      vertex -5.60397 6.22384 40
      vertex -5.01623 4.51663 40
    endloop
  endfacet
  facet normal -0 0 1
    outer loop
      vertex -6.22384 5.60397 40
      vertex -5.01623 4.51663 40
      vertex -5.60397 6.22384 40
    endloop
  endfacet
  facet normal 0 0 1
    outer loop
      vertex -5.01623 4.51663 40
      vertex -6.22384 5.60397 40
      vertex -5.46086 3.96755 40
    endloop
  endfacet
  facet normal -0 0 1
    outer loop
      vertex -6.77552 4.9227 40
      vertex -5.46086 3.96755 40
      vertex -6.22384 5.60397 40
    endloop
  endfacet
  facet normal 0 0 1
    outer loop
      vertex -5.46086 3.96755 40
      vertex -6.77552 4.9227 40
      vertex -5.84567 3.375 40
    endloop
  endfacet
  facet normal -0 0 1
    outer loop
      vertex -7.25296 4.1875 40
      vertex -5.84567 3.375 40
      vertex -6.77552 4.9227 40
    endloop
  endfacet
  facet normal 0 0 1
    outer loop
      vertex -5.84567 3.375 40
      vertex -7.25296 4.1875 40
      vertex -6.16643 2.74547 40
    endloop
  endfacet
  facet normal -0 0 1
    outer loop
      vertex -7.65094 3.40642 40
      vertex -6.16643 2.74547 40
      vertex -7.25296 4.1875 40
    endloop
  endfacet
  facet normal -0 0 1
    outer loop
      vertex -7.9651 2.58802 40
      vertex -6.41963 2.08586 40
      vertex -7.65094 3.40642 40
    endloop
  endfacet
  facet normal 0 0 1
    outer loop
      vertex -6.16643 2.74547 40
      vertex -7.65094 3.40642 40
      vertex -6.41963 2.08586 40
    endloop
  endfacet
  facet normal 0 0 1
    outer loop
      vertex 7.9651 -2.58802 40
      vertex 6.41963 -2.08586 40
      vertex 7.65094 -3.40642 40
    endloop
  endfacet
  facet normal -0 0 1
    outer loop
      vertex 6.16643 -2.74547 40
      vertex 7.65094 -3.40642 40
      vertex 6.41963 -2.08586 40
    endloop
  endfacet
  facet normal 0 0 1
    outer loop
      vertex 7.65094 -3.40642 40
      vertex 6.16643 -2.74547 40
      vertex 7.25296 -4.1875 40
    endloop
  endfacet
  facet normal -0 0 1
    outer loop
      vertex 5.84567 -3.375 40
      vertex 7.25296 -4.1875 40
      vertex 6.16643 -2.74547 40
    endloop
  endfacet
  facet normal 0 0 1
    outer loop
      vertex 7.25296 -4.1875 40
      vertex 5.84567 -3.375 40
      vertex 6.77552 -4.9227 40
    endloop
  endfacet
  facet normal -0 0 1
    outer loop
      vertex 5.46086 -3.96755 40
      vertex 6.77552 -4.9227 40
      vertex 5.84567 -3.375 40
    endloop
  endfacet
  facet normal 0 0 1
    outer loop
      vertex 6.77552 -4.9227 40
      vertex 5.46086 -3.96755 40
      vertex 6.22384 -5.60397 40
    endloop
  endfacet
  facet normal -0 0 1
    outer loop
      vertex 5.01623 -4.51663 40
      vertex 6.22384 -5.60397 40
      vertex 5.46086 -3.96755 40
    endloop
  endfacet
  facet normal 0 0 1
    outer loop
      vertex 6.22384 -5.60397 40
      vertex 5.01623 -4.51663 40
      vertex 5.60397 -6.22384 40
    endloop
  endfacet
  facet normal -0 0 1
    outer loop
      vertex 4.51663 -5.01623 40
      vertex 5.60397 -6.22384 40
      vertex 5.01623 -4.51663 40
    endloop
  endfacet
  facet normal 0 0 1
    outer loop
      vertex 5.60397 -6.22384 40
      vertex 4.51663 -5.01623 40
      vertex 4.9227 -6.77552 40
    endloop
  endfacet
  facet normal -0 0 1
    outer loop
      vertex 3.96755 -5.46086 40
      vertex 4.9227 -6.77552 40
      vertex 4.51663 -5.01623 40
    endloop
  endfacet
  facet normal 0 0 1
    outer loop
      vertex 4.9227 -6.77552 40
      vertex 3.96755 -5.46086 40
      vertex 4.1875 -7.25296 40
    endloop
  endfacet
  facet normal -0 0 1
    outer loop
      vertex 3.375 -5.84567 40
      vertex 4.1875 -7.25296 40
      vertex 3.96755 -5.46086 40
    endloop
  endfacet
  facet normal 0 0 1
    outer loop
      vertex 4.1875 -7.25296 40
      vertex 3.375 -5.84567 40
      vertex 3.40642 -7.65094 40
    endloop
  endfacet
  facet normal -0 0 1
    outer loop
      vertex 2.74547 -6.16643 40
      vertex 3.40642 -7.65094 40
      vertex 3.375 -5.84567 40
    endloop
  endfacet
  facet normal 0 0 1
    outer loop
      vertex 2.74547 -6.16643 40
      vertex 2.58802 -7.9651 40
      vertex 3.40642 -7.65094 40
    endloop
  endfacet
  facet normal -0 0 1
    outer loop
      vertex 2.08586 -6.41963 40
      vertex 2.58802 -7.9651 40
      vertex 2.74547 -6.16643 40
    endloop
  endfacet
  facet normal 0 0 1
    outer loop
      vertex 2.08586 -6.41963 40
      vertex 1.74126 -8.19199 40
      vertex 2.58802 -7.9651 40
    endloop
  endfacet
  facet normal -0 0 1
    outer loop
      vertex 1.4034 -6.6025 40
      vertex 1.74126 -8.19199 40
      vertex 2.08586 -6.41963 40
    endloop
  endfacet
  facet normal 0 0 1
    outer loop
      vertex 1.4034 -6.6025 40
      vertex 0.875425 -8.32912 40
      vertex 1.74126 -8.19199 40
    endloop
  endfacet
  facet normal -0 0 1
    outer loop
      vertex 0.705566 -6.71302 40
      vertex 0.875425 -8.32912 40
      vertex 1.4034 -6.6025 40
    endloop
  endfacet
  facet normal -0 0 1
    outer loop
      vertex 0 -6.75 40
      vertex 0.875425 -8.32912 40
      vertex 0.705566 -6.71302 40
    endloop
  endfacet
  facet normal 0 0 1
    outer loop
      vertex 0 -6.75 40
      vertex 0 -8.375 40
      vertex 0.875425 -8.32912 40
    endloop
  endfacet
  facet normal 0 0 1
    outer loop
      vertex -0.705566 -6.71302 40
      vertex 0 -8.375 40
      vertex 0 -6.75 40
    endloop
  endfacet
  facet normal 0 0 1
    outer loop
      vertex -0.705566 -6.71302 40
      vertex -0.875425 -8.32912 40
      vertex 0 -8.375 40
    endloop
  endfacet
  facet normal 0 0 1
    outer loop
      vertex -1.4034 -6.6025 40
      vertex -0.875425 -8.32912 40
      vertex -0.705566 -6.71302 40
    endloop
  endfacet
  facet normal 0 0 1
    outer loop
      vertex -1.4034 -6.6025 40
      vertex -1.74126 -8.19199 40
      vertex -0.875425 -8.32912 40
    endloop
  endfacet
  facet normal 0 0 1
    outer loop
      vertex -2.08586 -6.41963 40
      vertex -1.74126 -8.19199 40
      vertex -1.4034 -6.6025 40
    endloop
  endfacet
  facet normal 0 0 1
    outer loop
      vertex -2.08586 -6.41963 40
      vertex -2.58802 -7.9651 40
      vertex -1.74126 -8.19199 40
    endloop
  endfacet
  facet normal 0 0 1
    outer loop
      vertex -2.74547 -6.16643 40
      vertex -2.58802 -7.9651 40
      vertex -2.08586 -6.41963 40
    endloop
  endfacet
  facet normal 0 0 1
    outer loop
      vertex -3.40642 -7.65094 40
      vertex -2.74547 -6.16643 40
      vertex -3.375 -5.84567 40
    endloop
  endfacet
  facet normal 0 0 1
    outer loop
      vertex -2.74547 -6.16643 40
      vertex -3.40642 -7.65094 40
      vertex -2.58802 -7.9651 40
    endloop
  endfacet
  facet normal 0 0 1
    outer loop
      vertex -4.1875 -7.25296 40
      vertex -3.375 -5.84567 40
      vertex -3.96755 -5.46086 40
    endloop
  endfacet
  facet normal 0 0 1
    outer loop
      vertex -3.375 -5.84567 40
      vertex -4.1875 -7.25296 40
      vertex -3.40642 -7.65094 40
    endloop
  endfacet
  facet normal 0 0 1
    outer loop
      vertex -4.9227 -6.77552 40
      vertex -3.96755 -5.46086 40
      vertex -4.51663 -5.01623 40
    endloop
  endfacet
  facet normal 0 0 1
    outer loop
      vertex -3.96755 -5.46086 40
      vertex -4.9227 -6.77552 40
      vertex -4.1875 -7.25296 40
    endloop
  endfacet
  facet normal 0 0 1
    outer loop
      vertex -5.60397 -6.22384 40
      vertex -4.51663 -5.01623 40
      vertex -5.01623 -4.51663 40
    endloop
  endfacet
  facet normal 0 0 1
    outer loop
      vertex -6.22384 -5.60397 40
      vertex -5.01623 -4.51663 40
      vertex -5.46086 -3.96755 40
    endloop
  endfacet
  facet normal 0 0 1
    outer loop
      vertex -4.51663 -5.01623 40
      vertex -5.60397 -6.22384 40
      vertex -4.9227 -6.77552 40
    endloop
  endfacet
  facet normal 0 0 1
    outer loop
      vertex -6.77552 -4.9227 40
      vertex -5.46086 -3.96755 40
      vertex -5.84567 -3.375 40
    endloop
  endfacet
  facet normal 0 0 1
    outer loop
      vertex -7.25296 -4.1875 40
      vertex -5.84567 -3.375 40
      vertex -6.16643 -2.74547 40
    endloop
  endfacet
  facet normal 0 0 1
    outer loop
      vertex -5.01623 -4.51663 40
      vertex -6.22384 -5.60397 40
      vertex -5.60397 -6.22384 40
    endloop
  endfacet
  facet normal 0 0 1
    outer loop
      vertex -7.65094 -3.40642 40
      vertex -6.16643 -2.74547 40
      vertex -6.41963 -2.08586 40
    endloop
  endfacet
  facet normal 0 0 1
    outer loop
      vertex -7.9651 -2.58802 40
      vertex -6.41963 -2.08586 40
      vertex -6.6025 -1.4034 40
    endloop
  endfacet
  facet normal 0 0 1
    outer loop
      vertex -8.19199 -1.74126 40
      vertex -6.6025 -1.4034 40
      vertex -6.71302 -0.705566 40
    endloop
  endfacet
  facet normal 0 0 1
    outer loop
      vertex -5.46086 -3.96755 40
      vertex -6.77552 -4.9227 40
      vertex -6.22384 -5.60397 40
    endloop
  endfacet
  facet normal 0 0 1
    outer loop
      vertex -8.32912 -0.875425 40
      vertex -6.71302 -0.705566 40
      vertex -6.75 0 40
    endloop
  endfacet
  facet normal 0 0 1
    outer loop
      vertex -6.41963 2.08586 40
      vertex -7.9651 2.58802 40
      vertex -6.6025 1.4034 40
    endloop
  endfacet
  facet normal -0 0 1
    outer loop
      vertex -8.19199 1.74126 40
      vertex -6.6025 1.4034 40
      vertex -7.9651 2.58802 40
    endloop
  endfacet
  facet normal 0 0 1
    outer loop
      vertex -5.84567 -3.375 40
      vertex -7.25296 -4.1875 40
      vertex -6.77552 -4.9227 40
    endloop
  endfacet
  facet normal 0 0 1
    outer loop
      vertex -6.6025 1.4034 40
      vertex -8.19199 1.74126 40
      vertex -6.71302 0.705566 40
    endloop
  endfacet
  facet normal 0 0 1
    outer loop
      vertex -6.16643 -2.74547 40
      vertex -7.65094 -3.40642 40
      vertex -7.25296 -4.1875 40
    endloop
  endfacet
  facet normal -0 0 1
    outer loop
      vertex -8.32912 0.875425 40
      vertex -6.71302 0.705566 40
      vertex -8.19199 1.74126 40
    endloop
  endfacet
  facet normal 0 0 1
    outer loop
      vertex -6.41963 -2.08586 40
      vertex -7.9651 -2.58802 40
      vertex -7.65094 -3.40642 40
    endloop
  endfacet
  facet normal 0 0 1
    outer loop
      vertex -6.71302 0.705566 40
      vertex -8.32912 0.875425 40
      vertex -6.75 0 40
    endloop
  endfacet
  facet normal 0 0 1
    outer loop
      vertex -6.6025 -1.4034 40
      vertex -8.19199 -1.74126 40
      vertex -7.9651 -2.58802 40
    endloop
  endfacet
  facet normal 0 0 1
    outer loop
      vertex -8.375 0 40
      vertex -6.75 0 40
      vertex -8.32912 0.875425 40
    endloop
  endfacet
  facet normal 0 0 1
    outer loop
      vertex -6.71302 -0.705566 40
      vertex -8.32912 -0.875425 40
      vertex -8.19199 -1.74126 40
    endloop
  endfacet
  facet normal 0 0 1
    outer loop
      vertex -6.75 0 40
      vertex -8.375 0 40
      vertex -8.32912 -0.875425 40
    endloop
  endfacet
  facet normal 0.933578 0.358374 0
    outer loop
      vertex -7.65094 -3.40642 50.5
      vertex -7.9651 -2.58802 40
      vertex -7.9651 -2.58802 50.5
    endloop
  endfacet
  facet normal 0.933578 0.358374 0
    outer loop
      vertex -7.9651 -2.58802 40
      vertex -7.65094 -3.40642 50.5
      vertex -7.65094 -3.40642 40
    endloop
  endfacet
  facet normal 0.838673 0.544635 0
    outer loop
      vertex -6.77552 -4.9227 50.5
      vertex -7.25296 -4.1875 40
      vertex -7.25296 -4.1875 50.5
    endloop
  endfacet
  facet normal 0.838673 0.544635 0
    outer loop
      vertex -7.25296 -4.1875 40
      vertex -6.77552 -4.9227 50.5
      vertex -6.77552 -4.9227 40
    endloop
  endfacet
  facet normal 0.777147 0.629319 0
    outer loop
      vertex -6.22384 -5.60397 50.5
      vertex -6.77552 -4.9227 40
      vertex -6.77552 -4.9227 50.5
    endloop
  endfacet
  facet normal 0.777147 0.629319 0
    outer loop
      vertex -6.77552 -4.9227 40
      vertex -6.22384 -5.60397 50.5
      vertex -6.22384 -5.60397 40
    endloop
  endfacet
  facet normal -0.987689 -0.156429 0
    outer loop
      vertex 8.32912 0.875425 40
      vertex 8.19199 1.74126 50.5
      vertex 8.19199 1.74126 40
    endloop
  endfacet
  facet normal -0.987689 -0.156429 0
    outer loop
      vertex 8.19199 1.74126 50.5
      vertex 8.32912 0.875425 40
      vertex 8.32912 0.875425 50.5
    endloop
  endfacet
  facet normal -0.629319 -0.777147 0
    outer loop
      vertex 4.9227 6.77552 40
      vertex 5.60397 6.22384 50.5
      vertex 4.9227 6.77552 50.5
    endloop
  endfacet
  facet normal -0.629319 -0.777147 -0
    outer loop
      vertex 5.60397 6.22384 50.5
      vertex 4.9227 6.77552 40
      vertex 5.60397 6.22384 40
    endloop
  endfacet
  facet normal -0.156429 -0.987689 0
    outer loop
      vertex 0.875425 8.32912 40
      vertex 1.74126 8.19199 50.5
      vertex 0.875425 8.32912 50.5
    endloop
  endfacet
  facet normal -0.156429 -0.987689 -0
    outer loop
      vertex 1.74126 8.19199 50.5
      vertex 0.875425 8.32912 40
      vertex 1.74126 8.19199 40
    endloop
  endfacet
  facet normal -0.358374 -0.933578 0
    outer loop
      vertex 2.58802 7.9651 40
      vertex 3.40642 7.65094 50.5
      vertex 2.58802 7.9651 50.5
    endloop
  endfacet
  facet normal -0.358374 -0.933578 -0
    outer loop
      vertex 3.40642 7.65094 50.5
      vertex 2.58802 7.9651 40
      vertex 3.40642 7.65094 40
    endloop
  endfacet
  facet normal 0.987689 -0.156429 0
    outer loop
      vertex -8.32912 0.875425 50.5
      vertex -8.19199 1.74126 40
      vertex -8.19199 1.74126 50.5
    endloop
  endfacet
  facet normal 0.987689 -0.156429 0
    outer loop
      vertex -8.19199 1.74126 40
      vertex -8.32912 0.875425 50.5
      vertex -8.32912 0.875425 40
    endloop
  endfacet
  facet normal 0.933578 -0.358374 0
    outer loop
      vertex -7.9651 2.58802 50.5
      vertex -7.65094 3.40642 40
      vertex -7.65094 3.40642 50.5
    endloop
  endfacet
  facet normal 0.933578 -0.358374 0
    outer loop
      vertex -7.65094 3.40642 40
      vertex -7.9651 2.58802 50.5
      vertex -7.9651 2.58802 40
    endloop
  endfacet
  facet normal -0.987689 0.156429 0
    outer loop
      vertex 8.19199 -1.74126 40
      vertex 8.32912 -0.875425 50.5
      vertex 8.32912 -0.875425 40
    endloop
  endfacet
  facet normal -0.987689 0.156429 0
    outer loop
      vertex 8.32912 -0.875425 50.5
      vertex 8.19199 -1.74126 40
      vertex 8.19199 -1.74126 50.5
    endloop
  endfacet
  facet normal -0.998629 0.052337 0
    outer loop
      vertex 8.32912 -0.875425 40
      vertex 8.375 0 50.5
      vertex 8.375 0 40
    endloop
  endfacet
  facet normal -0.998629 0.052337 0
    outer loop
      vertex 8.375 0 50.5
      vertex 8.32912 -0.875425 40
      vertex 8.32912 -0.875425 50.5
    endloop
  endfacet
  facet normal -0.933578 0.358374 0
    outer loop
      vertex 7.65094 -3.40642 40
      vertex 7.9651 -2.58802 50.5
      vertex 7.9651 -2.58802 40
    endloop
  endfacet
  facet normal -0.933578 0.358374 0
    outer loop
      vertex 7.9651 -2.58802 50.5
      vertex 7.65094 -3.40642 40
      vertex 7.65094 -3.40642 50.5
    endloop
  endfacet
  facet normal -0.891007 0.45399 0
    outer loop
      vertex 7.25296 -4.1875 40
      vertex 7.65094 -3.40642 50.5
      vertex 7.65094 -3.40642 40
    endloop
  endfacet
  facet normal -0.891007 0.45399 0
    outer loop
      vertex 7.65094 -3.40642 50.5
      vertex 7.25296 -4.1875 40
      vertex 7.25296 -4.1875 50.5
    endloop
  endfacet
  facet normal -0.358374 0.933578 0
    outer loop
      vertex 3.40642 -7.65094 40
      vertex 2.58802 -7.9651 50.5
      vertex 3.40642 -7.65094 50.5
    endloop
  endfacet
  facet normal -0.358374 0.933578 0
    outer loop
      vertex 2.58802 -7.9651 50.5
      vertex 3.40642 -7.65094 40
      vertex 2.58802 -7.9651 40
    endloop
  endfacet
  facet normal 0.629319 0.777147 -0
    outer loop
      vertex -4.9227 -6.77552 40
      vertex -5.60397 -6.22384 50.5
      vertex -4.9227 -6.77552 50.5
    endloop
  endfacet
  facet normal 0.629319 0.777147 0
    outer loop
      vertex -5.60397 -6.22384 50.5
      vertex -4.9227 -6.77552 40
      vertex -5.60397 -6.22384 40
    endloop
  endfacet
  facet normal 0.987689 0.156429 0
    outer loop
      vertex -8.19199 -1.74126 50.5
      vertex -8.32912 -0.875425 40
      vertex -8.32912 -0.875425 50.5
    endloop
  endfacet
  facet normal 0.987689 0.156429 0
    outer loop
      vertex -8.32912 -0.875425 40
      vertex -8.19199 -1.74126 50.5
      vertex -8.19199 -1.74126 40
    endloop
  endfacet
  facet normal -0.838673 0.544635 0
    outer loop
      vertex 6.77552 -4.9227 40
      vertex 7.25296 -4.1875 50.5
      vertex 7.25296 -4.1875 40
    endloop
  endfacet
  facet normal -0.838673 0.544635 0
    outer loop
      vertex 7.25296 -4.1875 50.5
      vertex 6.77552 -4.9227 40
      vertex 6.77552 -4.9227 50.5
    endloop
  endfacet
  facet normal -0.708963 -0.0371559 0.704266
    outer loop
      vertex 8.375 0 50.5
      vertex 9.86476 0.0057971 52
      vertex 8.32912 0.875425 50.5
    endloop
  endfacet
  facet normal -0.708941 -0.0379106 0.704248
    outer loop
      vertex 9.86476 0.0057971 52
      vertex 8.375 0 50.5
      vertex 9.86507 0 52
    endloop
  endfacet
  facet normal 0.446776 -0.551725 0.704266
    outer loop
      vertex -5.60397 6.22384 50.5
      vertex -5.80305 7.97735 52
      vertex -6.60102 7.33117 52
    endloop
  endfacet
  facet normal -0.446776 0.551725 0.704266
    outer loop
      vertex 5.80305 -7.97735 52
      vertex 6.60102 -7.33117 52
      vertex 5.60397 -6.22384 50.5
    endloop
  endfacet
  facet normal -0.701142 -0.111351 0.704274
    outer loop
      vertex 8.19199 1.74126 50.5
      vertex 9.6504 2.04533 52
      vertex 9.64949 2.05106 52
    endloop
  endfacet
  facet normal -0.701196 -0.111055 0.704266
    outer loop
      vertex 9.6504 2.04533 52
      vertex 8.19199 1.74126 50.5
      vertex 8.32912 0.875425 50.5
    endloop
  endfacet
  facet normal 0.254419 0.66278 0.704268
    outer loop
      vertex -3.05389 -9.38016 52
      vertex -3.40642 -7.65094 50.5
      vertex -4.01248 -9.01219 52
    endloop
  endfacet
  facet normal 0.708941 0.0379106 0.704248
    outer loop
      vertex -9.86476 -0.0057971 52
      vertex -8.375 0 50.5
      vertex -9.86507 0 52
    endloop
  endfacet
  facet normal 0.708963 0.0371559 0.704266
    outer loop
      vertex -8.375 0 50.5
      vertex -9.86476 -0.0057971 52
      vertex -8.32912 -0.875425 50.5
    endloop
  endfacet
  facet normal -0.322304 -0.632556 0.704268
    outer loop
      vertex 4.1875 7.25296 50.5
      vertex 4.93253 8.5434 52
      vertex 4.01766 9.00955 52
    endloop
  endfacet
  facet normal -0.701196 0.111055 0.704266
    outer loop
      vertex 8.19199 -1.74126 50.5
      vertex 9.6504 -2.04533 52
      vertex 8.32912 -0.875425 50.5
    endloop
  endfacet
  facet normal -0.701142 0.111351 0.704274
    outer loop
      vertex 9.6504 -2.04533 52
      vertex 8.19199 -1.74126 50.5
      vertex 9.64949 -2.05106 52
    endloop
  endfacet
  facet normal -0.632556 0.322304 0.704268
    outer loop
      vertex 8.5434 -4.93253 52
      vertex 9.00955 -4.01766 52
      vertex 7.25296 -4.1875 50.5
    endloop
  endfacet
  facet normal -0.446777 0.551725 0.704266
    outer loop
      vertex 4.9227 -6.77552 50.5
      vertex 5.80305 -7.97735 52
      vertex 5.60397 -6.22384 50.5
    endloop
  endfacet
  facet normal -0.44737 0.551267 0.704248
    outer loop
      vertex 5.80305 -7.97735 52
      vertex 4.9227 -6.77552 50.5
      vertex 5.79854 -7.98101 52
    endloop
  endfacet
  facet normal -0.66278 0.254419 0.704268
    outer loop
      vertex 9.01219 -4.01248 52
      vertex 9.38016 -3.05389 52
      vertex 7.65094 -3.40642 50.5
    endloop
  endfacet
  facet normal 0.632556 0.322303 0.704268
    outer loop
      vertex -7.65094 -3.40642 50.5
      vertex -9.00955 -4.01766 52
      vertex -7.25296 -4.1875 50.5
    endloop
  endfacet
  facet normal 0.632525 0.322368 0.704266
    outer loop
      vertex -9.00955 -4.01766 52
      vertex -7.65094 -3.40642 50.5
      vertex -9.01219 -4.01248 52
    endloop
  endfacet
  facet normal 0.701142 -0.111351 0.704274
    outer loop
      vertex -9.6504 2.04533 52
      vertex -8.19199 1.74126 50.5
      vertex -9.64949 2.05106 52
    endloop
  endfacet
  facet normal 0.701196 -0.111055 0.704266
    outer loop
      vertex -8.19199 1.74126 50.5
      vertex -9.6504 2.04533 52
      vertex -8.32912 0.875425 50.5
    endloop
  endfacet
  facet normal 0.632556 -0.322304 0.704268
    outer loop
      vertex -7.25296 4.1875 50.5
      vertex -8.5434 4.93253 52
      vertex -9.00955 4.01766 52
    endloop
  endfacet
  facet normal 0.44737 -0.551267 0.704248
    outer loop
      vertex -5.80305 7.97735 52
      vertex -4.9227 6.77552 50.5
      vertex -5.79854 7.98101 52
    endloop
  endfacet
  facet normal 0.446777 -0.551725 0.704266
    outer loop
      vertex -4.9227 6.77552 50.5
      vertex -5.80305 7.97735 52
      vertex -5.60397 6.22384 50.5
    endloop
  endfacet
  facet normal 0.66278 -0.254419 0.704268
    outer loop
      vertex -7.65094 3.40642 50.5
      vertex -9.01219 4.01248 52
      vertex -9.38016 3.05389 52
    endloop
  endfacet
  facet normal -0.595553 -0.386437 0.70426
    outer loop
      vertex 6.77552 4.9227 50.5
      vertex 7.98417 5.79367 52
      vertex 7.98101 5.79854 52
    endloop
  endfacet
  facet normal -0.595404 -0.386656 0.704267
    outer loop
      vertex 7.98417 5.79367 52
      vertex 6.77552 4.9227 50.5
      vertex 7.25296 4.1875 50.5
    endloop
  endfacet
  facet normal -0.708963 -0.0371565 0.704266
    outer loop
      vertex 9.86476 0.0057971 52
      vertex 9.81102 1.03118 52
      vertex 8.32912 0.875425 50.5
    endloop
  endfacet
  facet normal -0.701196 -0.111055 0.704266
    outer loop
      vertex 9.81102 1.03118 52
      vertex 9.6504 2.04533 52
      vertex 8.32912 0.875425 50.5
    endloop
  endfacet
  facet normal -0.708941 0.0379106 0.704248
    outer loop
      vertex 8.375 0 50.5
      vertex 9.86476 -0.0057971 52
      vertex 9.86507 0 52
    endloop
  endfacet
  facet normal -0.708963 0.0371559 0.704266
    outer loop
      vertex 9.86476 -0.0057971 52
      vertex 8.375 0 50.5
      vertex 8.32912 -0.875425 50.5
    endloop
  endfacet
  facet normal -0.502 0.502 0.704266
    outer loop
      vertex 6.22384 -5.60397 50.5
      vertex 6.60102 -7.33117 52
      vertex 7.33117 -6.60102 52
    endloop
  endfacet
  facet normal -0.502 0.502 0.704266
    outer loop
      vertex 6.60102 -7.33117 52
      vertex 6.22384 -5.60397 50.5
      vertex 5.60397 -6.22384 50.5
    endloop
  endfacet
  facet normal -0.322304 0.632556 0.704268
    outer loop
      vertex 4.93253 -8.5434 52
      vertex 4.1875 -7.25296 50.5
      vertex 4.01766 -9.00955 52
    endloop
  endfacet
  facet normal -0.0371559 0.708963 0.704266
    outer loop
      vertex 0 -8.375 50.5
      vertex 0.0057971 -9.86476 52
      vertex 0.875425 -8.32912 50.5
    endloop
  endfacet
  facet normal -0.0379106 0.708941 0.704248
    outer loop
      vertex 0.0057971 -9.86476 52
      vertex 0 -8.375 50.5
      vertex 0 -9.86507 52
    endloop
  endfacet
  facet normal -0.595401 0.386658 0.704268
    outer loop
      vertex 7.98417 -5.79367 52
      vertex 8.5434 -4.93253 52
      vertex 7.25296 -4.1875 50.5
    endloop
  endfacet
  facet normal -0.595404 0.386656 0.704267
    outer loop
      vertex 6.77552 -4.9227 50.5
      vertex 7.98417 -5.79367 52
      vertex 7.25296 -4.1875 50.5
    endloop
  endfacet
  facet normal -0.595553 0.386437 0.70426
    outer loop
      vertex 7.98417 -5.79367 52
      vertex 6.77552 -4.9227 50.5
      vertex 7.98101 -5.79854 52
    endloop
  endfacet
  facet normal 0.701196 0.111055 0.704266
    outer loop
      vertex -9.6504 -2.04533 52
      vertex -8.32912 -0.875425 50.5
      vertex -9.81102 -1.03118 52
    endloop
  endfacet
  facet normal 0.708963 0.0371565 0.704266
    outer loop
      vertex -9.81102 -1.03118 52
      vertex -8.32912 -0.875425 50.5
      vertex -9.86476 -0.0057971 52
    endloop
  endfacet
  facet normal 0.701196 0.111055 0.704266
    outer loop
      vertex -9.6504 -2.04533 52
      vertex -8.19199 -1.74126 50.5
      vertex -8.32912 -0.875425 50.5
    endloop
  endfacet
  facet normal 0.701142 0.111351 0.704274
    outer loop
      vertex -8.19199 -1.74126 50.5
      vertex -9.6504 -2.04533 52
      vertex -9.64949 -2.05106 52
    endloop
  endfacet
  facet normal 0.66278 0.254419 0.704268
    outer loop
      vertex -9.01219 -4.01248 52
      vertex -7.65094 -3.40642 50.5
      vertex -9.38016 -3.05389 52
    endloop
  endfacet
  facet normal 0.322368 0.632525 0.704266
    outer loop
      vertex -3.40642 -7.65094 50.5
      vertex -4.01766 -9.00955 52
      vertex -4.01248 -9.01219 52
    endloop
  endfacet
  facet normal 0.322303 0.632556 0.704268
    outer loop
      vertex -4.01766 -9.00955 52
      vertex -3.40642 -7.65094 50.5
      vertex -4.1875 -7.25296 50.5
    endloop
  endfacet
  facet normal 0.111055 0.701196 0.704266
    outer loop
      vertex -1.74126 -8.19199 50.5
      vertex -2.04533 -9.6504 52
      vertex -0.875425 -8.32912 50.5
    endloop
  endfacet
  facet normal 0.111351 0.701142 0.704274
    outer loop
      vertex -2.04533 -9.6504 52
      vertex -1.74126 -8.19199 50.5
      vertex -2.05106 -9.64949 52
    endloop
  endfacet
  facet normal 0.446776 0.551725 0.704266
    outer loop
      vertex -5.80305 -7.97735 52
      vertex -5.60397 -6.22384 50.5
      vertex -6.60102 -7.33117 52
    endloop
  endfacet
  facet normal 0.708941 -0.0379106 0.704248
    outer loop
      vertex -8.375 0 50.5
      vertex -9.86476 0.0057971 52
      vertex -9.86507 0 52
    endloop
  endfacet
  facet normal 0.708963 -0.0371559 0.704266
    outer loop
      vertex -9.86476 0.0057971 52
      vertex -8.375 0 50.5
      vertex -8.32912 0.875425 50.5
    endloop
  endfacet
  facet normal 0.322304 -0.632556 0.704268
    outer loop
      vertex -4.1875 7.25296 50.5
      vertex -4.01766 9.00955 52
      vertex -4.93253 8.5434 52
    endloop
  endfacet
  facet normal 0.0371559 -0.708963 0.704266
    outer loop
      vertex 0 8.375 50.5
      vertex -0.0057971 9.86476 52
      vertex -0.875425 8.32912 50.5
    endloop
  endfacet
  facet normal 0.0379106 -0.708941 0.704248
    outer loop
      vertex -0.0057971 9.86476 52
      vertex 0 8.375 50.5
      vertex 0 9.86507 52
    endloop
  endfacet
  facet normal 0.254359 -0.662802 0.704269
    outer loop
      vertex -3.05389 9.38016 52
      vertex -2.58802 7.9651 50.5
      vertex -3.04847 9.38224 52
    endloop
  endfacet
  facet normal 0.254422 -0.66278 0.704267
    outer loop
      vertex -2.58802 7.9651 50.5
      vertex -3.05389 9.38016 52
      vertex -3.40642 7.65094 50.5
    endloop
  endfacet
  facet normal 0.595401 -0.386658 0.704268
    outer loop
      vertex -7.25296 4.1875 50.5
      vertex -7.98417 5.79367 52
      vertex -8.5434 4.93253 52
    endloop
  endfacet
  facet normal 0.595553 -0.386437 0.70426
    outer loop
      vertex -7.98417 5.79367 52
      vertex -6.77552 4.9227 50.5
      vertex -7.98101 5.79854 52
    endloop
  endfacet
  facet normal 0.595404 -0.386656 0.704267
    outer loop
      vertex -6.77552 4.9227 50.5
      vertex -7.98417 5.79367 52
      vertex -7.25296 4.1875 50.5
    endloop
  endfacet
  facet normal -0.183742 -0.685747 0.704266
    outer loop
      vertex 3.04287 9.38374 52
      vertex 2.05106 9.64949 52
      vertex 1.74126 8.19199 50.5
    endloop
  endfacet
  facet normal -0.0371565 -0.708963 0.704266
    outer loop
      vertex 0.875425 8.32912 50.5
      vertex 1.03118 9.81102 52
      vertex 0.0057971 9.86476 52
    endloop
  endfacet
  facet normal -0.44737 -0.551267 0.704248
    outer loop
      vertex 4.9227 6.77552 50.5
      vertex 5.80305 7.97735 52
      vertex 5.79854 7.98101 52
    endloop
  endfacet
  facet normal -0.446777 -0.551725 0.704266
    outer loop
      vertex 5.80305 7.97735 52
      vertex 4.9227 6.77552 50.5
      vertex 5.60397 6.22384 50.5
    endloop
  endfacet
  facet normal -0.551725 -0.446776 0.704266
    outer loop
      vertex 7.97735 5.80305 52
      vertex 7.33117 6.60102 52
      vertex 6.22384 5.60397 50.5
    endloop
  endfacet
  facet normal -0.551267 -0.44737 0.704248
    outer loop
      vertex 7.97735 5.80305 52
      vertex 6.77552 4.9227 50.5
      vertex 7.98101 5.79854 52
    endloop
  endfacet
  facet normal -0.551725 -0.446777 0.704266
    outer loop
      vertex 6.77552 4.9227 50.5
      vertex 7.97735 5.80305 52
      vertex 6.22384 5.60397 50.5
    endloop
  endfacet
  facet normal -0.632556 -0.322304 0.704268
    outer loop
      vertex 9.00955 4.01766 52
      vertex 8.5434 4.93253 52
      vertex 7.25296 4.1875 50.5
    endloop
  endfacet
  facet normal -0.595401 -0.386658 0.704268
    outer loop
      vertex 8.5434 4.93253 52
      vertex 7.98417 5.79367 52
      vertex 7.25296 4.1875 50.5
    endloop
  endfacet
  facet normal -0.66278 -0.254419 0.704268
    outer loop
      vertex 9.38016 3.05389 52
      vertex 9.01219 4.01248 52
      vertex 7.65094 3.40642 50.5
    endloop
  endfacet
  facet normal -0.551725 0.446776 0.704266
    outer loop
      vertex 7.33117 -6.60102 52
      vertex 7.97735 -5.80305 52
      vertex 6.22384 -5.60397 50.5
    endloop
  endfacet
  facet normal -0.111055 0.701196 0.704266
    outer loop
      vertex 1.03118 -9.81102 52
      vertex 2.04533 -9.6504 52
      vertex 0.875425 -8.32912 50.5
    endloop
  endfacet
  facet normal -0.0371565 0.708963 0.704266
    outer loop
      vertex 1.03118 -9.81102 52
      vertex 0.875425 -8.32912 50.5
      vertex 0.0057971 -9.86476 52
    endloop
  endfacet
  facet normal -0.322303 0.632556 0.704268
    outer loop
      vertex 3.40642 -7.65094 50.5
      vertex 4.01766 -9.00955 52
      vertex 4.1875 -7.25296 50.5
    endloop
  endfacet
  facet normal -0.322368 0.632525 0.704266
    outer loop
      vertex 4.01766 -9.00955 52
      vertex 3.40642 -7.65094 50.5
      vertex 4.01248 -9.01219 52
    endloop
  endfacet
  facet normal -0.254419 0.66278 0.704268
    outer loop
      vertex 4.01248 -9.01219 52
      vertex 3.40642 -7.65094 50.5
      vertex 3.05389 -9.38016 52
    endloop
  endfacet
  facet normal -0.685747 0.183742 0.704266
    outer loop
      vertex 9.38374 -3.04287 52
      vertex 9.64949 -2.05106 52
      vertex 8.19199 -1.74126 50.5
    endloop
  endfacet
  facet normal -0.708963 0.0371565 0.704266
    outer loop
      vertex 9.81102 -1.03118 52
      vertex 9.86476 -0.0057971 52
      vertex 8.32912 -0.875425 50.5
    endloop
  endfacet
  facet normal -0.701196 0.111055 0.704266
    outer loop
      vertex 9.6504 -2.04533 52
      vertex 9.81102 -1.03118 52
      vertex 8.32912 -0.875425 50.5
    endloop
  endfacet
  facet normal 0.66278 0.254422 0.704267
    outer loop
      vertex -7.9651 -2.58802 50.5
      vertex -9.38016 -3.05389 52
      vertex -7.65094 -3.40642 50.5
    endloop
  endfacet
  facet normal 0.662802 0.254359 0.704269
    outer loop
      vertex -9.38016 -3.05389 52
      vertex -7.9651 -2.58802 50.5
      vertex -9.38224 -3.04847 52
    endloop
  endfacet
  facet normal 0.595404 0.386656 0.704267
    outer loop
      vertex -7.98417 -5.79367 52
      vertex -6.77552 -4.9227 50.5
      vertex -7.25296 -4.1875 50.5
    endloop
  endfacet
  facet normal 0.595553 0.386437 0.70426
    outer loop
      vertex -6.77552 -4.9227 50.5
      vertex -7.98417 -5.79367 52
      vertex -7.98101 -5.79854 52
    endloop
  endfacet
  facet normal 0.551725 0.446776 0.704266
    outer loop
      vertex -7.33117 -6.60102 52
      vertex -6.22384 -5.60397 50.5
      vertex -7.97735 -5.80305 52
    endloop
  endfacet
  facet normal 0.0379106 0.708941 0.704248
    outer loop
      vertex 0 -8.375 50.5
      vertex -0.0057971 -9.86476 52
      vertex 0 -9.86507 52
    endloop
  endfacet
  facet normal 0.0371559 0.708963 0.704266
    outer loop
      vertex -0.0057971 -9.86476 52
      vertex 0 -8.375 50.5
      vertex -0.875425 -8.32912 50.5
    endloop
  endfacet
  facet normal 0.502 0.502 0.704266
    outer loop
      vertex -6.22384 -5.60397 50.5
      vertex -6.60102 -7.33117 52
      vertex -5.60397 -6.22384 50.5
    endloop
  endfacet
  facet normal 0.502 0.502 0.704266
    outer loop
      vertex -6.60102 -7.33117 52
      vertex -6.22384 -5.60397 50.5
      vertex -7.33117 -6.60102 52
    endloop
  endfacet
  facet normal 0.551725 -0.446776 0.704266
    outer loop
      vertex -6.22384 5.60397 50.5
      vertex -7.33117 6.60102 52
      vertex -7.97735 5.80305 52
    endloop
  endfacet
  facet normal 0.502 -0.502 0.704266
    outer loop
      vertex -6.60102 7.33117 52
      vertex -6.22384 5.60397 50.5
      vertex -5.60397 6.22384 50.5
    endloop
  endfacet
  facet normal 0.502 -0.502 0.704266
    outer loop
      vertex -6.22384 5.60397 50.5
      vertex -6.60102 7.33117 52
      vertex -7.33117 6.60102 52
    endloop
  endfacet
  facet normal 0.322368 -0.632525 0.704266
    outer loop
      vertex -4.01766 9.00955 52
      vertex -3.40642 7.65094 50.5
      vertex -4.01248 9.01219 52
    endloop
  endfacet
  facet normal 0.322303 -0.632556 0.704268
    outer loop
      vertex -3.40642 7.65094 50.5
      vertex -4.01766 9.00955 52
      vertex -4.1875 7.25296 50.5
    endloop
  endfacet
  facet normal 0.254419 -0.66278 0.704268
    outer loop
      vertex -3.40642 7.65094 50.5
      vertex -3.05389 9.38016 52
      vertex -4.01248 9.01219 52
    endloop
  endfacet
  facet normal 0.685747 -0.183742 0.704266
    outer loop
      vertex -8.19199 1.74126 50.5
      vertex -9.38374 3.04287 52
      vertex -9.64949 2.05106 52
    endloop
  endfacet
  facet normal 0.708963 -0.0371565 0.704266
    outer loop
      vertex -8.32912 0.875425 50.5
      vertex -9.81102 1.03118 52
      vertex -9.86476 0.0057971 52
    endloop
  endfacet
  facet normal 0.701196 -0.111055 0.704266
    outer loop
      vertex -8.32912 0.875425 50.5
      vertex -9.6504 2.04533 52
      vertex -9.81102 1.03118 52
    endloop
  endfacet
  facet normal -0.183686 -0.685762 0.704266
    outer loop
      vertex 3.04287 9.38374 52
      vertex 2.58802 7.9651 50.5
      vertex 3.04847 9.38224 52
    endloop
  endfacet
  facet normal -0.183746 -0.685744 0.704267
    outer loop
      vertex 2.58802 7.9651 50.5
      vertex 3.04287 9.38374 52
      vertex 1.74126 8.19199 50.5
    endloop
  endfacet
  facet normal -0.254419 -0.66278 0.704268
    outer loop
      vertex 3.40642 7.65094 50.5
      vertex 4.01248 9.01219 52
      vertex 3.05389 9.38016 52
    endloop
  endfacet
  facet normal -0.386658 -0.595401 0.704268
    outer loop
      vertex 5.79367 7.98417 52
      vertex 4.93253 8.5434 52
      vertex 4.1875 7.25296 50.5
    endloop
  endfacet
  facet normal -0.386437 -0.595553 0.70426
    outer loop
      vertex 5.79367 7.98417 52
      vertex 4.9227 6.77552 50.5
      vertex 5.79854 7.98101 52
    endloop
  endfacet
  facet normal -0.386656 -0.595404 0.704267
    outer loop
      vertex 4.9227 6.77552 50.5
      vertex 5.79367 7.98417 52
      vertex 4.1875 7.25296 50.5
    endloop
  endfacet
  facet normal -0.446776 -0.551725 0.704266
    outer loop
      vertex 6.60102 7.33117 52
      vertex 5.80305 7.97735 52
      vertex 5.60397 6.22384 50.5
    endloop
  endfacet
  facet normal -0.632525 -0.322368 0.704266
    outer loop
      vertex 9.00955 4.01766 52
      vertex 7.65094 3.40642 50.5
      vertex 9.01219 4.01248 52
    endloop
  endfacet
  facet normal -0.632556 -0.322303 0.704268
    outer loop
      vertex 7.65094 3.40642 50.5
      vertex 9.00955 4.01766 52
      vertex 7.25296 4.1875 50.5
    endloop
  endfacet
  facet normal -0.662802 -0.254359 0.704269
    outer loop
      vertex 9.38016 3.05389 52
      vertex 7.9651 2.58802 50.5
      vertex 9.38224 3.04847 52
    endloop
  endfacet
  facet normal -0.66278 -0.254422 0.704267
    outer loop
      vertex 7.9651 2.58802 50.5
      vertex 9.38016 3.05389 52
      vertex 7.65094 3.40642 50.5
    endloop
  endfacet
  facet normal -0.685747 -0.183742 0.704266
    outer loop
      vertex 9.64949 2.05106 52
      vertex 9.38374 3.04287 52
      vertex 8.19199 1.74126 50.5
    endloop
  endfacet
  facet normal -0.632525 0.322368 0.704266
    outer loop
      vertex 7.65094 -3.40642 50.5
      vertex 9.00955 -4.01766 52
      vertex 9.01219 -4.01248 52
    endloop
  endfacet
  facet normal -0.632556 0.322303 0.704268
    outer loop
      vertex 9.00955 -4.01766 52
      vertex 7.65094 -3.40642 50.5
      vertex 7.25296 -4.1875 50.5
    endloop
  endfacet
  facet normal -0.254422 0.66278 0.704267
    outer loop
      vertex 2.58802 -7.9651 50.5
      vertex 3.05389 -9.38016 52
      vertex 3.40642 -7.65094 50.5
    endloop
  endfacet
  facet normal -0.254359 0.662802 0.704269
    outer loop
      vertex 3.05389 -9.38016 52
      vertex 2.58802 -7.9651 50.5
      vertex 3.04847 -9.38224 52
    endloop
  endfacet
  facet normal -0.386437 0.595553 0.70426
    outer loop
      vertex 4.9227 -6.77552 50.5
      vertex 5.79367 -7.98417 52
      vertex 5.79854 -7.98101 52
    endloop
  endfacet
  facet normal -0.386656 0.595404 0.704267
    outer loop
      vertex 5.79367 -7.98417 52
      vertex 4.9227 -6.77552 50.5
      vertex 4.1875 -7.25296 50.5
    endloop
  endfacet
  facet normal -0.386658 0.595401 0.704268
    outer loop
      vertex 4.93253 -8.5434 52
      vertex 5.79367 -7.98417 52
      vertex 4.1875 -7.25296 50.5
    endloop
  endfacet
  facet normal -0.183686 0.685762 0.704266
    outer loop
      vertex 2.58802 -7.9651 50.5
      vertex 3.04287 -9.38374 52
      vertex 3.04847 -9.38224 52
    endloop
  endfacet
  facet normal -0.183746 0.685744 0.704267
    outer loop
      vertex 3.04287 -9.38374 52
      vertex 2.58802 -7.9651 50.5
      vertex 1.74126 -8.19199 50.5
    endloop
  endfacet
  facet normal -0.685744 0.183746 0.704267
    outer loop
      vertex 7.9651 -2.58802 50.5
      vertex 9.38374 -3.04287 52
      vertex 8.19199 -1.74126 50.5
    endloop
  endfacet
  facet normal -0.685762 0.183686 0.704266
    outer loop
      vertex 9.38374 -3.04287 52
      vertex 7.9651 -2.58802 50.5
      vertex 9.38224 -3.04847 52
    endloop
  endfacet
  facet normal -0.662802 0.254359 0.704269
    outer loop
      vertex 7.9651 -2.58802 50.5
      vertex 9.38016 -3.05389 52
      vertex 9.38224 -3.04847 52
    endloop
  endfacet
  facet normal -0.66278 0.254422 0.704267
    outer loop
      vertex 9.38016 -3.05389 52
      vertex 7.9651 -2.58802 50.5
      vertex 7.65094 -3.40642 50.5
    endloop
  endfacet
  facet normal 0.685744 0.183746 0.704267
    outer loop
      vertex -9.38374 -3.04287 52
      vertex -7.9651 -2.58802 50.5
      vertex -8.19199 -1.74126 50.5
    endloop
  endfacet
  facet normal 0.685762 0.183686 0.704266
    outer loop
      vertex -7.9651 -2.58802 50.5
      vertex -9.38374 -3.04287 52
      vertex -9.38224 -3.04847 52
    endloop
  endfacet
  facet normal 0.685747 0.183742 0.704266
    outer loop
      vertex -9.38374 -3.04287 52
      vertex -8.19199 -1.74126 50.5
      vertex -9.64949 -2.05106 52
    endloop
  endfacet
  facet normal 0.551725 0.446777 0.704266
    outer loop
      vertex -6.77552 -4.9227 50.5
      vertex -7.97735 -5.80305 52
      vertex -6.22384 -5.60397 50.5
    endloop
  endfacet
  facet normal 0.551267 0.44737 0.704248
    outer loop
      vertex -7.97735 -5.80305 52
      vertex -6.77552 -4.9227 50.5
      vertex -7.98101 -5.79854 52
    endloop
  endfacet
  facet normal 0.632556 0.322304 0.704268
    outer loop
      vertex -8.5434 -4.93253 52
      vertex -7.25296 -4.1875 50.5
      vertex -9.00955 -4.01766 52
    endloop
  endfacet
  facet normal 0.595401 0.386658 0.704268
    outer loop
      vertex -7.98417 -5.79367 52
      vertex -7.25296 -4.1875 50.5
      vertex -8.5434 -4.93253 52
    endloop
  endfacet
  facet normal 0.183742 0.685747 0.704266
    outer loop
      vertex -2.05106 -9.64949 52
      vertex -1.74126 -8.19199 50.5
      vertex -3.04287 -9.38374 52
    endloop
  endfacet
  facet normal 0.183746 0.685744 0.704267
    outer loop
      vertex -2.58802 -7.9651 50.5
      vertex -3.04287 -9.38374 52
      vertex -1.74126 -8.19199 50.5
    endloop
  endfacet
  facet normal 0.183686 0.685762 0.704266
    outer loop
      vertex -3.04287 -9.38374 52
      vertex -2.58802 -7.9651 50.5
      vertex -3.04847 -9.38224 52
    endloop
  endfacet
  facet normal 0.111055 0.701196 0.704266
    outer loop
      vertex -1.03118 -9.81102 52
      vertex -0.875425 -8.32912 50.5
      vertex -2.04533 -9.6504 52
    endloop
  endfacet
  facet normal 0.0371565 0.708963 0.704266
    outer loop
      vertex -0.0057971 -9.86476 52
      vertex -0.875425 -8.32912 50.5
      vertex -1.03118 -9.81102 52
    endloop
  endfacet
  facet normal 0.386658 0.595401 0.704268
    outer loop
      vertex -4.93253 -8.5434 52
      vertex -4.1875 -7.25296 50.5
      vertex -5.79367 -7.98417 52
    endloop
  endfacet
  facet normal 0.322304 0.632556 0.704268
    outer loop
      vertex -4.01766 -9.00955 52
      vertex -4.1875 -7.25296 50.5
      vertex -4.93253 -8.5434 52
    endloop
  endfacet
  facet normal 0.386656 0.595404 0.704267
    outer loop
      vertex -4.9227 -6.77552 50.5
      vertex -5.79367 -7.98417 52
      vertex -4.1875 -7.25296 50.5
    endloop
  endfacet
  facet normal 0.386437 0.595553 0.70426
    outer loop
      vertex -5.79367 -7.98417 52
      vertex -4.9227 -6.77552 50.5
      vertex -5.79854 -7.98101 52
    endloop
  endfacet
  facet normal 0.446777 0.551725 0.704266
    outer loop
      vertex -5.80305 -7.97735 52
      vertex -4.9227 -6.77552 50.5
      vertex -5.60397 -6.22384 50.5
    endloop
  endfacet
  facet normal 0.44737 0.551267 0.704248
    outer loop
      vertex -4.9227 -6.77552 50.5
      vertex -5.80305 -7.97735 52
      vertex -5.79854 -7.98101 52
    endloop
  endfacet
  facet normal 0.632556 -0.322303 0.704268
    outer loop
      vertex -9.00955 4.01766 52
      vertex -7.65094 3.40642 50.5
      vertex -7.25296 4.1875 50.5
    endloop
  endfacet
  facet normal 0.632525 -0.322368 0.704266
    outer loop
      vertex -7.65094 3.40642 50.5
      vertex -9.00955 4.01766 52
      vertex -9.01219 4.01248 52
    endloop
  endfacet
  facet normal 0.111055 -0.701196 0.704266
    outer loop
      vertex -0.875425 8.32912 50.5
      vertex -1.03118 9.81102 52
      vertex -2.04533 9.6504 52
    endloop
  endfacet
  facet normal 0.0371565 -0.708963 0.704266
    outer loop
      vertex -0.875425 8.32912 50.5
      vertex -0.0057971 9.86476 52
      vertex -1.03118 9.81102 52
    endloop
  endfacet
  facet normal 0.386656 -0.595404 0.704267
    outer loop
      vertex -5.79367 7.98417 52
      vertex -4.9227 6.77552 50.5
      vertex -4.1875 7.25296 50.5
    endloop
  endfacet
  facet normal 0.386437 -0.595553 0.70426
    outer loop
      vertex -4.9227 6.77552 50.5
      vertex -5.79367 7.98417 52
      vertex -5.79854 7.98101 52
    endloop
  endfacet
  facet normal 0.386658 -0.595401 0.704268
    outer loop
      vertex -4.1875 7.25296 50.5
      vertex -4.93253 8.5434 52
      vertex -5.79367 7.98417 52
    endloop
  endfacet
  facet normal 0.183746 -0.685744 0.704267
    outer loop
      vertex -3.04287 9.38374 52
      vertex -2.58802 7.9651 50.5
      vertex -1.74126 8.19199 50.5
    endloop
  endfacet
  facet normal 0.183686 -0.685762 0.704266
    outer loop
      vertex -2.58802 7.9651 50.5
      vertex -3.04287 9.38374 52
      vertex -3.04847 9.38224 52
    endloop
  endfacet
  facet normal 0.685762 -0.183686 0.704266
    outer loop
      vertex -9.38374 3.04287 52
      vertex -7.9651 2.58802 50.5
      vertex -9.38224 3.04847 52
    endloop
  endfacet
  facet normal 0.685744 -0.183746 0.704267
    outer loop
      vertex -7.9651 2.58802 50.5
      vertex -9.38374 3.04287 52
      vertex -8.19199 1.74126 50.5
    endloop
  endfacet
  facet normal 0.66278 -0.254422 0.704267
    outer loop
      vertex -9.38016 3.05389 52
      vertex -7.9651 2.58802 50.5
      vertex -7.65094 3.40642 50.5
    endloop
  endfacet
  facet normal 0.662802 -0.254359 0.704269
    outer loop
      vertex -7.9651 2.58802 50.5
      vertex -9.38016 3.05389 52
      vertex -9.38224 3.04847 52
    endloop
  endfacet
  facet normal -0.0379106 -0.708941 0.704248
    outer loop
      vertex 0 8.375 50.5
      vertex 0.0057971 9.86476 52
      vertex 0 9.86507 52
    endloop
  endfacet
  facet normal -0.0371559 -0.708963 0.704266
    outer loop
      vertex 0.0057971 9.86476 52
      vertex 0 8.375 50.5
      vertex 0.875425 8.32912 50.5
    endloop
  endfacet
  facet normal -0.322368 -0.632525 0.704266
    outer loop
      vertex 3.40642 7.65094 50.5
      vertex 4.01766 9.00955 52
      vertex 4.01248 9.01219 52
    endloop
  endfacet
  facet normal -0.322303 -0.632556 0.704268
    outer loop
      vertex 4.01766 9.00955 52
      vertex 3.40642 7.65094 50.5
      vertex 4.1875 7.25296 50.5
    endloop
  endfacet
  facet normal -0.502 -0.502 0.704266
    outer loop
      vertex 6.60102 7.33117 52
      vertex 6.22384 5.60397 50.5
      vertex 7.33117 6.60102 52
    endloop
  endfacet
  facet normal -0.502 -0.502 0.704266
    outer loop
      vertex 6.22384 5.60397 50.5
      vertex 6.60102 7.33117 52
      vertex 5.60397 6.22384 50.5
    endloop
  endfacet
  facet normal -0.685762 -0.183686 0.704266
    outer loop
      vertex 7.9651 2.58802 50.5
      vertex 9.38374 3.04287 52
      vertex 9.38224 3.04847 52
    endloop
  endfacet
  facet normal -0.685744 -0.183746 0.704267
    outer loop
      vertex 9.38374 3.04287 52
      vertex 7.9651 2.58802 50.5
      vertex 8.19199 1.74126 50.5
    endloop
  endfacet
  facet normal -0.551267 0.44737 0.704248
    outer loop
      vertex 6.77552 -4.9227 50.5
      vertex 7.97735 -5.80305 52
      vertex 7.98101 -5.79854 52
    endloop
  endfacet
  facet normal -0.551725 0.446777 0.704266
    outer loop
      vertex 7.97735 -5.80305 52
      vertex 6.77552 -4.9227 50.5
      vertex 6.22384 -5.60397 50.5
    endloop
  endfacet
  facet normal -0.183742 0.685747 0.704266
    outer loop
      vertex 2.05106 -9.64949 52
      vertex 3.04287 -9.38374 52
      vertex 1.74126 -8.19199 50.5
    endloop
  endfacet
  facet normal -0.111351 0.701142 0.704274
    outer loop
      vertex 1.74126 -8.19199 50.5
      vertex 2.04533 -9.6504 52
      vertex 2.05106 -9.64949 52
    endloop
  endfacet
  facet normal -0.111055 0.701196 0.704266
    outer loop
      vertex 2.04533 -9.6504 52
      vertex 1.74126 -8.19199 50.5
      vertex 0.875425 -8.32912 50.5
    endloop
  endfacet
  facet normal 0.254359 0.662802 0.704269
    outer loop
      vertex -2.58802 -7.9651 50.5
      vertex -3.05389 -9.38016 52
      vertex -3.04847 -9.38224 52
    endloop
  endfacet
  facet normal 0.254422 0.66278 0.704267
    outer loop
      vertex -3.05389 -9.38016 52
      vertex -2.58802 -7.9651 50.5
      vertex -3.40642 -7.65094 50.5
    endloop
  endfacet
  facet normal 0.551725 -0.446777 0.704266
    outer loop
      vertex -7.97735 5.80305 52
      vertex -6.77552 4.9227 50.5
      vertex -6.22384 5.60397 50.5
    endloop
  endfacet
  facet normal 0.551267 -0.44737 0.704248
    outer loop
      vertex -6.77552 4.9227 50.5
      vertex -7.97735 5.80305 52
      vertex -7.98101 5.79854 52
    endloop
  endfacet
  facet normal 0.183742 -0.685747 0.704266
    outer loop
      vertex -1.74126 8.19199 50.5
      vertex -2.05106 9.64949 52
      vertex -3.04287 9.38374 52
    endloop
  endfacet
  facet normal 0.111055 -0.701196 0.704266
    outer loop
      vertex -2.04533 9.6504 52
      vertex -1.74126 8.19199 50.5
      vertex -0.875425 8.32912 50.5
    endloop
  endfacet
  facet normal 0.111351 -0.701142 0.704274
    outer loop
      vertex -1.74126 8.19199 50.5
      vertex -2.04533 9.6504 52
      vertex -2.05106 9.64949 52
    endloop
  endfacet
  facet normal -0.254359 -0.662802 0.704269
    outer loop
      vertex 2.58802 7.9651 50.5
      vertex 3.05389 9.38016 52
      vertex 3.04847 9.38224 52
    endloop
  endfacet
  facet normal -0.254422 -0.66278 0.704267
    outer loop
      vertex 3.05389 9.38016 52
      vertex 2.58802 7.9651 50.5
      vertex 3.40642 7.65094 50.5
    endloop
  endfacet
  facet normal -0.111055 -0.701196 0.704266
    outer loop
      vertex 2.04533 9.6504 52
      vertex 1.03118 9.81102 52
      vertex 0.875425 8.32912 50.5
    endloop
  endfacet
  facet normal -0.111351 -0.701142 0.704274
    outer loop
      vertex 2.04533 9.6504 52
      vertex 1.74126 8.19199 50.5
      vertex 2.05106 9.64949 52
    endloop
  endfacet
  facet normal -0.111055 -0.701196 0.704266
    outer loop
      vertex 1.74126 8.19199 50.5
      vertex 2.04533 9.6504 52
      vertex 0.875425 8.32912 50.5
    endloop
  endfacet
endsolid OpenSCAD_Model
